Domain Code,Domain,Area Code (M49),country,Element Code,element,Item Code (CPC),item,Year Code,year,Months Code,month,unit,value,flag,flag_description,iso3,is_imputed,is_outlier
PP,Producer Prices,36,Australia,5530,Producer Price (LCU/tonne),01371,"Almonds, in shell",1991,1991,7021,Annual value,LCU,4838.0,A,Official figure,AUS,False,False
PP,Producer Prices,36,Australia,5530,Producer Price (LCU/tonne),01371,"Almonds, in shell",1992,1992,7021,Annual value,LCU,4952.0,A,Official figure,AUS,False,False
PP,Producer Prices,36,Australia,5530,Producer Price (LCU/tonne),01371,"Almonds, in shell",1993,1993,7021,Annual value,LCU,5157.0,A,Official figure,AUS,False,False
PP,Producer Prices,36,Australia,5530,Producer Price (LCU/tonne),01371,"Almonds, in shell",1994,1994,7021,Annual value,LCU,6470.0,A,Official figure,AUS,False,False
PP,Producer Prices,36,Australia,5530,Producer Price (LCU/tonne),01371,"Almonds, in shell",1995,1995,7021,Annual value,LCU,5670.0,A,Official figure,AUS,False,False
PP,Producer Prices,36,Australia,5530,Producer Price (LCU/tonne),01371,"Almonds, in shell",1996,1996,7021,Annual value,LCU,7960.0,A,Official figure,AUS,False,False
PP,Producer Prices,36,Australia,5530,Producer Price (LCU/tonne),01371,"Almonds, in shell",1997,1997,7021,Annual value,LCU,6640.0,A,Official figure,AUS,False,False
PP,Producer Prices,36,Australia,5530,Producer Price (LCU/tonne),01371,"Almonds, in shell",1998,1998,7021,Annual value,LCU,6290.0,A,Official figure,AUS,False,False
PP,Producer Prices,36,Australia,5530,Producer Price (LCU/tonne),01371,"Almonds, in shell",1999,1999,7021,Annual value,LCU,5170.0,A,Official figure,AUS,False,False
PP,Producer Prices,36,Australia,5530,Producer Price (LCU/tonne),01371,"Almonds, in shell",2000,2000,7021,Annual value,LCU,4540.0,A,Official figure,AUS,False,False
PP,Producer Prices,36,Australia,5530,Producer Price (LCU/tonne),01371,"Almonds, in shell",2001,2001,7021,Annual value,LCU,4330.0,A,Official figure,AUS,False,False
PP,Producer Prices,36,Australia,5530,Producer Price (LCU/tonne),01371,"Almonds, in shell",2002,2002,7021,Annual value,LCU,4410.0,A,Official figure,AUS,False,False
PP,Producer Prices,36,Australia,5530,Producer Price (LCU/tonne),01371,"Almonds, in shell",2003,2003,7021,Annual value,LCU,5550.0,A,Official figure,AUS,False,False
PP,Producer Prices,36,Australia,5530,Producer Price (LCU/tonne),01371,"Almonds, in shell",2004,2004,7021,Annual value,LCU,6140.0,A,Official figure,AUS,False,False
PP,Producer Prices,36,Australia,5530,Producer Price (LCU/tonne),01371,"Almonds, in shell",2005,2005,7021,Annual value,LCU,6520.0,A,Official figure,AUS,False,False
PP,Producer Prices,36,Australia,5530,Producer Price (LCU/tonne),01371,"Almonds, in shell",2006,2006,7021,Annual value,LCU,8410.0,A,Official figure,AUS,False,False
PP,Producer Prices,36,Australia,5530,Producer Price (LCU/tonne),01371,"Almonds, in shell",2007,2007,7021,Annual value,LCU,7160.0,A,Official figure,AUS,False,False
PP,Producer Prices,36,Australia,5530,Producer Price (LCU/tonne),01371,"Almonds, in shell",2009,2009,7021,Annual value,LCU,4940.0,A,Official figure,AUS,False,False
PP,Producer Prices,36,Australia,5530,Producer Price (LCU/tonne),01371,"Almonds, in shell",2011,2011,7021,Annual value,LCU,4959.0,A,Official figure,AUS,False,False
PP,Producer Prices,36,Australia,5530,Producer Price (LCU/tonne),01371,"Almonds, in shell",2012,2012,7021,Annual value,LCU,4180.0,A,Official figure,AUS,False,False
PP,Producer Prices,36,Australia,5530,Producer Price (LCU/tonne),01371,"Almonds, in shell",2013,2013,7021,Annual value,LCU,5548.0,A,Official figure,AUS,False,False
PP,Producer Prices,36,Australia,5530,Producer Price (LCU/tonne),01371,"Almonds, in shell",2014,2014,7021,Annual value,LCU,6181.0,A,Official figure,AUS,False,False
PP,Producer Prices,36,Australia,5530,Producer Price (LCU/tonne),01371,"Almonds, in shell",2015,2015,7021,Annual value,LCU,8134.0,A,Official figure,AUS,False,False
PP,Producer Prices,36,Australia,5530,Producer Price (LCU/tonne),01371,"Almonds, in shell",2016,2016,7021,Annual value,LCU,9609.0,A,Official figure,AUS,False,False
PP,Producer Prices,36,Australia,5530,Producer Price (LCU/tonne),01371,"Almonds, in shell",2017,2017,7021,Annual value,LCU,6843.0,A,Official figure,AUS,False,False
PP,Producer Prices,36,Australia,5530,Producer Price (LCU/tonne),01371,"Almonds, in shell",2018,2018,7021,Annual value,LCU,6362.0,A,Official figure,AUS,False,False
PP,Producer Prices,36,Australia,5530,Producer Price (LCU/tonne),01371,"Almonds, in shell",2019,2019,7021,Annual value,LCU,7470.0,A,Official figure,AUS,False,False
PP,Producer Prices,36,Australia,5530,Producer Price (LCU/tonne),01371,"Almonds, in shell",2020,2020,7021,Annual value,LCU,7119.0,A,Official figure,AUS,False,False
PP,Producer Prices,36,Australia,5530,Producer Price (LCU/tonne),01371,"Almonds, in shell",2021,2021,7021,Annual value,LCU,4893.3,A,Official figure,AUS,False,False
PP,Producer Prices,36,Australia,5530,Producer Price (LCU/tonne),01371,"Almonds, in shell",2022,2022,7021,Annual value,LCU,5796.2,A,Official figure,AUS,False,False
PP,Producer Prices,36,Australia,5530,Producer Price (LCU/tonne),01371,"Almonds, in shell",2023,2023,7021,Annual value,LCU,5062.8,A,Official figure,AUS,False,False
PP,Producer Prices,36,Australia,5530,Producer Price (LCU/tonne),01371,"Almonds, in shell",2024,2024,7021,Annual value,LCU,5669.7,A,Official figure,AUS,False,False
PP,Producer Prices,36,Australia,5530,Producer Price (LCU/tonne),01654,"Anise, badian, coriander, cumin, caraway, fennel and juniper berries, raw",2006,2006,7021,Annual value,LCU,2020.0,A,Official figure,AUS,False,False
PP,Producer Prices,36,Australia,5530,Producer Price (LCU/tonne),01654,"Anise, badian, coriander, cumin, caraway, fennel and juniper berries, raw",2007,2007,7021,Annual value,LCU,1700.0,A,Official figure,AUS,False,False
PP,Producer Prices,36,Australia,5530,Producer Price (LCU/tonne),01654,"Anise, badian, coriander, cumin, caraway, fennel and juniper berries, raw",2008,2008,7021,Annual value,LCU,1830.0,A,Official figure,AUS,False,False
PP,Producer Prices,36,Australia,5530,Producer Price (LCU/tonne),01654,"Anise, badian, coriander, cumin, caraway, fennel and juniper berries, raw",2009,2009,7021,Annual value,LCU,1810.0,A,Official figure,AUS,False,False
PP,Producer Prices,36,Australia,5530,Producer Price (LCU/tonne),01654,"Anise, badian, coriander, cumin, caraway, fennel and juniper berries, raw",2011,2011,7021,Annual value,LCU,2400.0,A,Official figure,AUS,False,False
PP,Producer Prices,36,Australia,5530,Producer Price (LCU/tonne),01654,"Anise, badian, coriander, cumin, caraway, fennel and juniper berries, raw",2023,2023,7021,Annual value,LCU,2875.6,A,Official figure,AUS,False,False
PP,Producer Prices,36,Australia,5530,Producer Price (LCU/tonne),01341,Apples,1991,1991,7021,Annual value,LCU,632.0,A,Official figure,AUS,False,False
PP,Producer Prices,36,Australia,5530,Producer Price (LCU/tonne),01341,Apples,1992,1992,7021,Annual value,LCU,852.0,A,Official figure,AUS,False,False
PP,Producer Prices,36,Australia,5530,Producer Price (LCU/tonne),01341,Apples,1993,1993,7021,Annual value,LCU,804.0,A,Official figure,AUS,False,False
PP,Producer Prices,36,Australia,5530,Producer Price (LCU/tonne),01341,Apples,1994,1994,7021,Annual value,LCU,774.0,A,Official figure,AUS,False,False
PP,Producer Prices,36,Australia,5530,Producer Price (LCU/tonne),01341,Apples,1995,1995,7021,Annual value,LCU,852.0,A,Official figure,AUS,False,False
PP,Producer Prices,36,Australia,5530,Producer Price (LCU/tonne),01341,Apples,1996,1996,7021,Annual value,LCU,1090.0,A,Official figure,AUS,False,False
PP,Producer Prices,36,Australia,5530,Producer Price (LCU/tonne),01341,Apples,1997,1997,7021,Annual value,LCU,1070.0,A,Official figure,AUS,False,False
PP,Producer Prices,36,Australia,5530,Producer Price (LCU/tonne),01341,Apples,1998,1998,7021,Annual value,LCU,880.0,A,Official figure,AUS,False,False
PP,Producer Prices,36,Australia,5530,Producer Price (LCU/tonne),01341,Apples,1999,1999,7021,Annual value,LCU,960.0,A,Official figure,AUS,False,False
PP,Producer Prices,36,Australia,5530,Producer Price (LCU/tonne),01341,Apples,2000,2000,7021,Annual value,LCU,856.0,A,Official figure,AUS,False,False
PP,Producer Prices,36,Australia,5530,Producer Price (LCU/tonne),01341,Apples,2001,2001,7021,Annual value,LCU,870.0,A,Official figure,AUS,False,False
PP,Producer Prices,36,Australia,5530,Producer Price (LCU/tonne),01341,Apples,2002,2002,7021,Annual value,LCU,1090.0,A,Official figure,AUS,False,False
PP,Producer Prices,36,Australia,5530,Producer Price (LCU/tonne),01341,Apples,2003,2003,7021,Annual value,LCU,1170.0,A,Official figure,AUS,False,False
PP,Producer Prices,36,Australia,5530,Producer Price (LCU/tonne),01341,Apples,2004,2004,7021,Annual value,LCU,1440.0,A,Official figure,AUS,False,False
PP,Producer Prices,36,Australia,5530,Producer Price (LCU/tonne),01341,Apples,2005,2005,7021,Annual value,LCU,1620.0,A,Official figure,AUS,False,False
PP,Producer Prices,36,Australia,5530,Producer Price (LCU/tonne),01341,Apples,2006,2006,7021,Annual value,LCU,1300.0,A,Official figure,AUS,False,False
PP,Producer Prices,36,Australia,5530,Producer Price (LCU/tonne),01341,Apples,2007,2007,7021,Annual value,LCU,1790.0,A,Official figure,AUS,False,False
PP,Producer Prices,36,Australia,5530,Producer Price (LCU/tonne),01341,Apples,2008,2008,7021,Annual value,LCU,1840.0,A,Official figure,AUS,False,False
PP,Producer Prices,36,Australia,5530,Producer Price (LCU/tonne),01341,Apples,2009,2009,7021,Annual value,LCU,1840.0,A,Official figure,AUS,False,False
PP,Producer Prices,36,Australia,5530,Producer Price (LCU/tonne),01341,Apples,2010,2010,7021,Annual value,LCU,1520.0,A,Official figure,AUS,False,False
PP,Producer Prices,36,Australia,5530,Producer Price (LCU/tonne),01341,Apples,2011,2011,7021,Annual value,LCU,1990.0,A,Official figure,AUS,False,False
PP,Producer Prices,36,Australia,5530,Producer Price (LCU/tonne),01341,Apples,2012,2012,7021,Annual value,LCU,1610.0,A,Official figure,AUS,False,False
PP,Producer Prices,36,Australia,5530,Producer Price (LCU/tonne),01341,Apples,2013,2013,7021,Annual value,LCU,1528.0,A,Official figure,AUS,False,False
PP,Producer Prices,36,Australia,5530,Producer Price (LCU/tonne),01341,Apples,2014,2014,7021,Annual value,LCU,1626.0,A,Official figure,AUS,False,False
PP,Producer Prices,36,Australia,5530,Producer Price (LCU/tonne),01341,Apples,2015,2015,7021,Annual value,LCU,1883.0,A,Official figure,AUS,False,False
PP,Producer Prices,36,Australia,5530,Producer Price (LCU/tonne),01341,Apples,2016,2016,7021,Annual value,LCU,1753.0,A,Official figure,AUS,False,False
PP,Producer Prices,36,Australia,5530,Producer Price (LCU/tonne),01341,Apples,2017,2017,7021,Annual value,LCU,1631.0,A,Official figure,AUS,False,False
PP,Producer Prices,36,Australia,5530,Producer Price (LCU/tonne),01341,Apples,2018,2018,7021,Annual value,LCU,1829.0,A,Official figure,AUS,False,False
PP,Producer Prices,36,Australia,5530,Producer Price (LCU/tonne),01341,Apples,2019,2019,7021,Annual value,LCU,1934.0,A,Official figure,AUS,False,False
PP,Producer Prices,36,Australia,5530,Producer Price (LCU/tonne),01341,Apples,2020,2020,7021,Annual value,LCU,2063.3,A,Official figure,AUS,False,False
PP,Producer Prices,36,Australia,5530,Producer Price (LCU/tonne),01341,Apples,2021,2021,7021,Annual value,LCU,2547.4,A,Official figure,AUS,False,False
PP,Producer Prices,36,Australia,5530,Producer Price (LCU/tonne),01341,Apples,2022,2022,7021,Annual value,LCU,2148.8,A,Official figure,AUS,False,False
PP,Producer Prices,36,Australia,5530,Producer Price (LCU/tonne),01341,Apples,2023,2023,7021,Annual value,LCU,2268.8,A,Official figure,AUS,False,False
PP,Producer Prices,36,Australia,5530,Producer Price (LCU/tonne),01341,Apples,2024,2024,7021,Annual value,LCU,2315.7,A,Official figure,AUS,False,False
PP,Producer Prices,36,Australia,5530,Producer Price (LCU/tonne),01343,Apricots,1991,1991,7021,Annual value,LCU,934.0,A,Official figure,AUS,False,False
PP,Producer Prices,36,Australia,5530,Producer Price (LCU/tonne),01343,Apricots,1992,1992,7021,Annual value,LCU,1055.0,A,Official figure,AUS,False,False
PP,Producer Prices,36,Australia,5530,Producer Price (LCU/tonne),01343,Apricots,1993,1993,7021,Annual value,LCU,1038.0,A,Official figure,AUS,False,False
PP,Producer Prices,36,Australia,5530,Producer Price (LCU/tonne),01343,Apricots,1994,1994,7021,Annual value,LCU,1278.0,A,Official figure,AUS,False,False
PP,Producer Prices,36,Australia,5530,Producer Price (LCU/tonne),01343,Apricots,1995,1995,7021,Annual value,LCU,966.0,A,Official figure,AUS,False,False
PP,Producer Prices,36,Australia,5530,Producer Price (LCU/tonne),01343,Apricots,1996,1996,7021,Annual value,LCU,1421.0,A,Official figure,AUS,False,False
PP,Producer Prices,36,Australia,5530,Producer Price (LCU/tonne),01343,Apricots,1997,1997,7021,Annual value,LCU,1510.0,A,Official figure,AUS,False,False
PP,Producer Prices,36,Australia,5530,Producer Price (LCU/tonne),01343,Apricots,1998,1998,7021,Annual value,LCU,1560.0,A,Official figure,AUS,False,False
PP,Producer Prices,36,Australia,5530,Producer Price (LCU/tonne),01343,Apricots,1999,1999,7021,Annual value,LCU,1300.0,A,Official figure,AUS,False,False
PP,Producer Prices,36,Australia,5530,Producer Price (LCU/tonne),01343,Apricots,2000,2000,7021,Annual value,LCU,1601.0,A,Official figure,AUS,False,False
PP,Producer Prices,36,Australia,5530,Producer Price (LCU/tonne),01343,Apricots,2001,2001,7021,Annual value,LCU,1430.0,A,Official figure,AUS,False,False
PP,Producer Prices,36,Australia,5530,Producer Price (LCU/tonne),01343,Apricots,2002,2002,7021,Annual value,LCU,1460.0,A,Official figure,AUS,False,False
PP,Producer Prices,36,Australia,5530,Producer Price (LCU/tonne),01343,Apricots,2003,2003,7021,Annual value,LCU,1250.0,A,Official figure,AUS,False,False
PP,Producer Prices,36,Australia,5530,Producer Price (LCU/tonne),01343,Apricots,2004,2004,7021,Annual value,LCU,2260.0,A,Official figure,AUS,False,False
PP,Producer Prices,36,Australia,5530,Producer Price (LCU/tonne),01343,Apricots,2005,2005,7021,Annual value,LCU,1470.0,A,Official figure,AUS,False,False
PP,Producer Prices,36,Australia,5530,Producer Price (LCU/tonne),01343,Apricots,2006,2006,7021,Annual value,LCU,1410.0,A,Official figure,AUS,False,False
PP,Producer Prices,36,Australia,5530,Producer Price (LCU/tonne),01343,Apricots,2007,2007,7021,Annual value,LCU,2760.0,A,Official figure,AUS,False,False
PP,Producer Prices,36,Australia,5530,Producer Price (LCU/tonne),01343,Apricots,2009,2009,7021,Annual value,LCU,2330.0,A,Official figure,AUS,False,False
PP,Producer Prices,36,Australia,5530,Producer Price (LCU/tonne),01343,Apricots,2011,2011,7021,Annual value,LCU,1550.0,A,Official figure,AUS,False,False
PP,Producer Prices,36,Australia,5530,Producer Price (LCU/tonne),01343,Apricots,2016,2016,7021,Annual value,LCU,2752.0,A,Official figure,AUS,False,False
PP,Producer Prices,36,Australia,5530,Producer Price (LCU/tonne),01343,Apricots,2017,2017,7021,Annual value,LCU,1308.0,A,Official figure,AUS,False,False
PP,Producer Prices,36,Australia,5530,Producer Price (LCU/tonne),01343,Apricots,2018,2018,7021,Annual value,LCU,1620.0,A,Official figure,AUS,False,False
PP,Producer Prices,36,Australia,5530,Producer Price (LCU/tonne),01343,Apricots,2019,2019,7021,Annual value,LCU,2168.0,A,Official figure,AUS,False,False
PP,Producer Prices,36,Australia,5530,Producer Price (LCU/tonne),01343,Apricots,2023,2023,7021,Annual value,LCU,3807.6,A,Official figure,AUS,False,False
PP,Producer Prices,36,Australia,5530,Producer Price (LCU/tonne),01343,Apricots,2024,2024,7021,Annual value,LCU,3559.8,A,Official figure,AUS,False,False
PP,Producer Prices,36,Australia,5530,Producer Price (LCU/tonne),01211,Asparagus,1991,1991,7021,Annual value,LCU,3374.0,A,Official figure,AUS,False,False
PP,Producer Prices,36,Australia,5530,Producer Price (LCU/tonne),01211,Asparagus,1992,1992,7021,Annual value,LCU,4924.0,A,Official figure,AUS,False,False
PP,Producer Prices,36,Australia,5530,Producer Price (LCU/tonne),01211,Asparagus,1993,1993,7021,Annual value,LCU,4967.0,A,Official figure,AUS,False,False
PP,Producer Prices,36,Australia,5530,Producer Price (LCU/tonne),01211,Asparagus,1994,1994,7021,Annual value,LCU,5744.0,A,Official figure,AUS,False,False
PP,Producer Prices,36,Australia,5530,Producer Price (LCU/tonne),01211,Asparagus,1995,1995,7021,Annual value,LCU,5855.0,A,Official figure,AUS,False,False
PP,Producer Prices,36,Australia,5530,Producer Price (LCU/tonne),01211,Asparagus,1996,1996,7021,Annual value,LCU,5094.0,A,Official figure,AUS,False,False
PP,Producer Prices,36,Australia,5530,Producer Price (LCU/tonne),01211,Asparagus,1997,1997,7021,Annual value,LCU,4762.0,A,Official figure,AUS,False,False
PP,Producer Prices,36,Australia,5530,Producer Price (LCU/tonne),01211,Asparagus,1998,1998,7021,Annual value,LCU,5131.0,A,Official figure,AUS,False,False
PP,Producer Prices,36,Australia,5530,Producer Price (LCU/tonne),01211,Asparagus,1999,1999,7021,Annual value,LCU,5957.0,A,Official figure,AUS,False,False
PP,Producer Prices,36,Australia,5530,Producer Price (LCU/tonne),01211,Asparagus,2000,2000,7021,Annual value,LCU,5842.0,A,Official figure,AUS,False,False
PP,Producer Prices,36,Australia,5530,Producer Price (LCU/tonne),01211,Asparagus,2001,2001,7021,Annual value,LCU,4638.0,A,Official figure,AUS,False,False
PP,Producer Prices,36,Australia,5530,Producer Price (LCU/tonne),01211,Asparagus,2002,2002,7021,Annual value,LCU,4721.0,A,Official figure,AUS,False,False
PP,Producer Prices,36,Australia,5530,Producer Price (LCU/tonne),01211,Asparagus,2003,2003,7021,Annual value,LCU,4779.0,A,Official figure,AUS,False,False
PP,Producer Prices,36,Australia,5530,Producer Price (LCU/tonne),01211,Asparagus,2004,2004,7021,Annual value,LCU,4486.0,A,Official figure,AUS,False,False
PP,Producer Prices,36,Australia,5530,Producer Price (LCU/tonne),01211,Asparagus,2005,2005,7021,Annual value,LCU,4289.0,A,Official figure,AUS,False,False
PP,Producer Prices,36,Australia,5530,Producer Price (LCU/tonne),01211,Asparagus,2006,2006,7021,Annual value,LCU,4787.0,A,Official figure,AUS,False,False
PP,Producer Prices,36,Australia,5530,Producer Price (LCU/tonne),01211,Asparagus,2007,2007,7021,Annual value,LCU,4664.0,A,Official figure,AUS,False,False
PP,Producer Prices,36,Australia,5530,Producer Price (LCU/tonne),01211,Asparagus,2008,2008,7021,Annual value,LCU,4636.0,A,Official figure,AUS,False,False
PP,Producer Prices,36,Australia,5530,Producer Price (LCU/tonne),01211,Asparagus,2009,2009,7021,Annual value,LCU,6441.0,A,Official figure,AUS,False,False
PP,Producer Prices,36,Australia,5530,Producer Price (LCU/tonne),01211,Asparagus,2011,2011,7021,Annual value,LCU,6687.0,A,Official figure,AUS,False,False
PP,Producer Prices,36,Australia,5530,Producer Price (LCU/tonne),01211,Asparagus,2023,2023,7021,Annual value,LCU,11197.1,A,Official figure,AUS,False,True
PP,Producer Prices,36,Australia,5530,Producer Price (LCU/tonne),01211,Asparagus,2024,2024,7021,Annual value,LCU,11493.3,A,Official figure,AUS,False,True
PP,Producer Prices,36,Australia,5530,Producer Price (LCU/tonne),01311,Avocados,1997,1997,7021,Annual value,LCU,2100.0,A,Official figure,AUS,False,False
PP,Producer Prices,36,Australia,5530,Producer Price (LCU/tonne),01311,Avocados,1998,1998,7021,Annual value,LCU,2270.0,A,Official figure,AUS,False,False
PP,Producer Prices,36,Australia,5530,Producer Price (LCU/tonne),01311,Avocados,1999,1999,7021,Annual value,LCU,2130.0,A,Official figure,AUS,False,False
PP,Producer Prices,36,Australia,5530,Producer Price (LCU/tonne),01311,Avocados,2000,2000,7021,Annual value,LCU,2300.0,A,Official figure,AUS,False,False
PP,Producer Prices,36,Australia,5530,Producer Price (LCU/tonne),01311,Avocados,2001,2001,7021,Annual value,LCU,1940.0,A,Official figure,AUS,False,False
PP,Producer Prices,36,Australia,5530,Producer Price (LCU/tonne),01311,Avocados,2002,2002,7021,Annual value,LCU,2420.0,A,Official figure,AUS,False,False
PP,Producer Prices,36,Australia,5530,Producer Price (LCU/tonne),01311,Avocados,2003,2003,7021,Annual value,LCU,2270.0,A,Official figure,AUS,False,False
PP,Producer Prices,36,Australia,5530,Producer Price (LCU/tonne),01311,Avocados,2004,2004,7021,Annual value,LCU,2470.0,A,Official figure,AUS,False,False
PP,Producer Prices,36,Australia,5530,Producer Price (LCU/tonne),01311,Avocados,2005,2005,7021,Annual value,LCU,2770.0,A,Official figure,AUS,False,False
PP,Producer Prices,36,Australia,5530,Producer Price (LCU/tonne),01311,Avocados,2006,2006,7021,Annual value,LCU,2370.0,A,Official figure,AUS,False,False
PP,Producer Prices,36,Australia,5530,Producer Price (LCU/tonne),01311,Avocados,2007,2007,7021,Annual value,LCU,2610.0,A,Official figure,AUS,False,False
PP,Producer Prices,36,Australia,5530,Producer Price (LCU/tonne),01311,Avocados,2009,2009,7021,Annual value,LCU,2850.0,A,Official figure,AUS,False,False
PP,Producer Prices,36,Australia,5530,Producer Price (LCU/tonne),01311,Avocados,2011,2011,7021,Annual value,LCU,2900.0,A,Official figure,AUS,False,False
PP,Producer Prices,36,Australia,5530,Producer Price (LCU/tonne),01311,Avocados,2012,2012,7021,Annual value,LCU,2580.0,A,Official figure,AUS,False,False
PP,Producer Prices,36,Australia,5530,Producer Price (LCU/tonne),01311,Avocados,2013,2013,7021,Annual value,LCU,4157.0,A,Official figure,AUS,False,False
PP,Producer Prices,36,Australia,5530,Producer Price (LCU/tonne),01311,Avocados,2014,2014,7021,Annual value,LCU,4903.0,A,Official figure,AUS,False,False
PP,Producer Prices,36,Australia,5530,Producer Price (LCU/tonne),01311,Avocados,2015,2015,7021,Annual value,LCU,4476.0,A,Official figure,AUS,False,False
PP,Producer Prices,36,Australia,5530,Producer Price (LCU/tonne),01311,Avocados,2016,2016,7021,Annual value,LCU,4886.0,A,Official figure,AUS,False,False
PP,Producer Prices,36,Australia,5530,Producer Price (LCU/tonne),01311,Avocados,2017,2017,7021,Annual value,LCU,5296.0,A,Official figure,AUS,False,False
PP,Producer Prices,36,Australia,5530,Producer Price (LCU/tonne),01311,Avocados,2018,2018,7021,Annual value,LCU,6374.0,A,Official figure,AUS,False,False
PP,Producer Prices,36,Australia,5530,Producer Price (LCU/tonne),01311,Avocados,2019,2019,7021,Annual value,LCU,4372.0,A,Official figure,AUS,False,False
PP,Producer Prices,36,Australia,5530,Producer Price (LCU/tonne),01311,Avocados,2020,2020,7021,Annual value,LCU,4238.0,A,Official figure,AUS,False,False
PP,Producer Prices,36,Australia,5530,Producer Price (LCU/tonne),01311,Avocados,2021,2021,7021,Annual value,LCU,3908.7,A,Official figure,AUS,False,False
PP,Producer Prices,36,Australia,5530,Producer Price (LCU/tonne),01311,Avocados,2023,2023,7021,Annual value,LCU,4859.4,A,Official figure,AUS,False,False
PP,Producer Prices,36,Australia,5530,Producer Price (LCU/tonne),01311,Avocados,2024,2024,7021,Annual value,LCU,3902.9,A,Official figure,AUS,False,False
PP,Producer Prices,36,Australia,5530,Producer Price (LCU/tonne),01312,Bananas,1991,1991,7021,Annual value,LCU,1425.0,A,Official figure,AUS,False,False
PP,Producer Prices,36,Australia,5530,Producer Price (LCU/tonne),01312,Bananas,1992,1992,7021,Annual value,LCU,1526.0,A,Official figure,AUS,False,False
PP,Producer Prices,36,Australia,5530,Producer Price (LCU/tonne),01312,Bananas,1993,1993,7021,Annual value,LCU,1401.0,A,Official figure,AUS,False,False
PP,Producer Prices,36,Australia,5530,Producer Price (LCU/tonne),01312,Bananas,1994,1994,7021,Annual value,LCU,927.0,A,Official figure,AUS,False,False
PP,Producer Prices,36,Australia,5530,Producer Price (LCU/tonne),01312,Bananas,1995,1995,7021,Annual value,LCU,1224.0,A,Official figure,AUS,False,False
PP,Producer Prices,36,Australia,5530,Producer Price (LCU/tonne),01312,Bananas,1996,1996,7021,Annual value,LCU,1022.0,A,Official figure,AUS,False,False
PP,Producer Prices,36,Australia,5530,Producer Price (LCU/tonne),01312,Bananas,1997,1997,7021,Annual value,LCU,1085.0,A,Official figure,AUS,False,False
PP,Producer Prices,36,Australia,5530,Producer Price (LCU/tonne),01312,Bananas,1998,1998,7021,Annual value,LCU,1033.0,A,Official figure,AUS,False,False
PP,Producer Prices,36,Australia,5530,Producer Price (LCU/tonne),01312,Bananas,1999,1999,7021,Annual value,LCU,1183.0,A,Official figure,AUS,False,False
PP,Producer Prices,36,Australia,5530,Producer Price (LCU/tonne),01312,Bananas,2000,2000,7021,Annual value,LCU,1105.0,A,Official figure,AUS,False,False
PP,Producer Prices,36,Australia,5530,Producer Price (LCU/tonne),01312,Bananas,2001,2001,7021,Annual value,LCU,1140.0,A,Official figure,AUS,False,False
PP,Producer Prices,36,Australia,5530,Producer Price (LCU/tonne),01312,Bananas,2002,2002,7021,Annual value,LCU,1326.0,A,Official figure,AUS,False,False
PP,Producer Prices,36,Australia,5530,Producer Price (LCU/tonne),01312,Bananas,2003,2003,7021,Annual value,LCU,1215.0,A,Official figure,AUS,False,False
PP,Producer Prices,36,Australia,5530,Producer Price (LCU/tonne),01312,Bananas,2004,2004,7021,Annual value,LCU,1110.0,A,Official figure,AUS,False,False
PP,Producer Prices,36,Australia,5530,Producer Price (LCU/tonne),01312,Bananas,2005,2005,7021,Annual value,LCU,1231.0,A,Official figure,AUS,False,False
PP,Producer Prices,36,Australia,5530,Producer Price (LCU/tonne),01312,Bananas,2006,2006,7021,Annual value,LCU,2298.0,A,Official figure,AUS,False,False
PP,Producer Prices,36,Australia,5530,Producer Price (LCU/tonne),01312,Bananas,2007,2007,7021,Annual value,LCU,4034.0,A,Official figure,AUS,False,True
PP,Producer Prices,36,Australia,5530,Producer Price (LCU/tonne),01312,Bananas,2008,2008,7021,Annual value,LCU,1874.0,A,Official figure,AUS,False,False
PP,Producer Prices,36,Australia,5530,Producer Price (LCU/tonne),01312,Bananas,2009,2009,7021,Annual value,LCU,1582.0,A,Official figure,AUS,False,False
PP,Producer Prices,36,Australia,5530,Producer Price (LCU/tonne),01312,Bananas,2010,2010,7021,Annual value,LCU,1615.0,A,Official figure,AUS,False,False
PP,Producer Prices,36,Australia,5530,Producer Price (LCU/tonne),01312,Bananas,2011,2011,7021,Annual value,LCU,1559.0,A,Official figure,AUS,False,False
PP,Producer Prices,36,Australia,5530,Producer Price (LCU/tonne),01312,Bananas,2012,2012,7021,Annual value,LCU,1635.0,A,Official figure,AUS,False,False
PP,Producer Prices,36,Australia,5530,Producer Price (LCU/tonne),01312,Bananas,2013,2013,7021,Annual value,LCU,1485.0,A,Official figure,AUS,False,False
PP,Producer Prices,36,Australia,5530,Producer Price (LCU/tonne),01312,Bananas,2014,2014,7021,Annual value,LCU,1341.0,A,Official figure,AUS,False,False
PP,Producer Prices,36,Australia,5530,Producer Price (LCU/tonne),01312,Bananas,2015,2015,7021,Annual value,LCU,1805.0,A,Official figure,AUS,False,False
PP,Producer Prices,36,Australia,5530,Producer Price (LCU/tonne),01312,Bananas,2016,2016,7021,Annual value,LCU,1155.0,A,Official figure,AUS,False,False
PP,Producer Prices,36,Australia,5530,Producer Price (LCU/tonne),01312,Bananas,2017,2017,7021,Annual value,LCU,1304.0,A,Official figure,AUS,False,False
PP,Producer Prices,36,Australia,5530,Producer Price (LCU/tonne),01312,Bananas,2018,2018,7021,Annual value,LCU,1304.0,A,Official figure,AUS,False,False
PP,Producer Prices,36,Australia,5530,Producer Price (LCU/tonne),01312,Bananas,2019,2019,7021,Annual value,LCU,1583.0,A,Official figure,AUS,False,False
PP,Producer Prices,36,Australia,5530,Producer Price (LCU/tonne),01312,Bananas,2020,2020,7021,Annual value,LCU,1737.6,A,Official figure,AUS,False,False
PP,Producer Prices,36,Australia,5530,Producer Price (LCU/tonne),01312,Bananas,2021,2021,7021,Annual value,LCU,1900.0,A,Official figure,AUS,False,False
PP,Producer Prices,36,Australia,5530,Producer Price (LCU/tonne),01312,Bananas,2022,2022,7021,Annual value,LCU,1909.2,A,Official figure,AUS,False,False
PP,Producer Prices,36,Australia,5530,Producer Price (LCU/tonne),01312.01,Bananas cavendish,2021,2021,7021,Annual value,LCU,1900.0,A,Official figure,AUS,False,False
PP,Producer Prices,36,Australia,5530,Producer Price (LCU/tonne),01312.01,Bananas cavendish,2022,2022,7021,Annual value,LCU,1909.0,A,Official figure,AUS,False,False
PP,Producer Prices,36,Australia,5530,Producer Price (LCU/tonne),01312.01,Bananas cavendish,2023,2023,7021,Annual value,LCU,1559.0,A,Official figure,AUS,False,False
PP,Producer Prices,36,Australia,5530,Producer Price (LCU/tonne),01312.01,Bananas cavendish,2024,2024,7021,Annual value,LCU,1892.0,A,Official figure,AUS,False,False
PP,Producer Prices,36,Australia,5530,Producer Price (LCU/tonne),0115,Barley,1991,1991,7021,Annual value,LCU,138.0,A,Official figure,AUS,False,False
PP,Producer Prices,36,Australia,5530,Producer Price (LCU/tonne),0115,Barley,1992,1992,7021,Annual value,LCU,150.0,A,Official figure,AUS,False,False
PP,Producer Prices,36,Australia,5530,Producer Price (LCU/tonne),0115,Barley,1993,1993,7021,Annual value,LCU,147.0,A,Official figure,AUS,False,False
PP,Producer Prices,36,Australia,5530,Producer Price (LCU/tonne),0115,Barley,1994,1994,7021,Annual value,LCU,127.0,A,Official figure,AUS,False,False
PP,Producer Prices,36,Australia,5530,Producer Price (LCU/tonne),0115,Barley,1995,1995,7021,Annual value,LCU,213.0,A,Official figure,AUS,False,False
PP,Producer Prices,36,Australia,5530,Producer Price (LCU/tonne),0115,Barley,1996,1996,7021,Annual value,LCU,219.0,A,Official figure,AUS,False,False
PP,Producer Prices,36,Australia,5530,Producer Price (LCU/tonne),0115,Barley,1997,1997,7021,Annual value,LCU,195.0,A,Official figure,AUS,False,False
PP,Producer Prices,36,Australia,5530,Producer Price (LCU/tonne),0115,Barley,1998,1998,7021,Annual value,LCU,159.0,A,Official figure,AUS,False,False
PP,Producer Prices,36,Australia,5530,Producer Price (LCU/tonne),0115,Barley,1999,1999,7021,Annual value,LCU,140.0,A,Official figure,AUS,False,False
PP,Producer Prices,36,Australia,5530,Producer Price (LCU/tonne),0115,Barley,2000,2000,7021,Annual value,LCU,172.0,A,Official figure,AUS,False,False
PP,Producer Prices,36,Australia,5530,Producer Price (LCU/tonne),0115,Barley,2001,2001,7021,Annual value,LCU,199.0,A,Official figure,AUS,False,False
PP,Producer Prices,36,Australia,5530,Producer Price (LCU/tonne),0115,Barley,2002,2002,7021,Annual value,LCU,208.0,A,Official figure,AUS,False,False
PP,Producer Prices,36,Australia,5530,Producer Price (LCU/tonne),0115,Barley,2003,2003,7021,Annual value,LCU,255.0,A,Official figure,AUS,False,False
PP,Producer Prices,36,Australia,5530,Producer Price (LCU/tonne),0115,Barley,2004,2004,7021,Annual value,LCU,169.0,A,Official figure,AUS,False,False
PP,Producer Prices,36,Australia,5530,Producer Price (LCU/tonne),0115,Barley,2005,2005,7021,Annual value,LCU,159.0,A,Official figure,AUS,False,False
PP,Producer Prices,36,Australia,5530,Producer Price (LCU/tonne),0115,Barley,2006,2006,7021,Annual value,LCU,149.0,A,Official figure,AUS,False,False
PP,Producer Prices,36,Australia,5530,Producer Price (LCU/tonne),0115,Barley,2007,2007,7021,Annual value,LCU,244.0,A,Official figure,AUS,False,False
PP,Producer Prices,36,Australia,5530,Producer Price (LCU/tonne),0115,Barley,2008,2008,7021,Annual value,LCU,313.0,A,Official figure,AUS,False,False
PP,Producer Prices,36,Australia,5530,Producer Price (LCU/tonne),0115,Barley,2009,2009,7021,Annual value,LCU,231.0,A,Official figure,AUS,False,False
PP,Producer Prices,36,Australia,5530,Producer Price (LCU/tonne),0115,Barley,2010,2010,7021,Annual value,LCU,172.0,A,Official figure,AUS,False,False
PP,Producer Prices,36,Australia,5530,Producer Price (LCU/tonne),0115,Barley,2011,2011,7021,Annual value,LCU,216.0,A,Official figure,AUS,False,False
PP,Producer Prices,36,Australia,5530,Producer Price (LCU/tonne),0115,Barley,2012,2012,7021,Annual value,LCU,210.0,A,Official figure,AUS,False,False
PP,Producer Prices,36,Australia,5530,Producer Price (LCU/tonne),0115,Barley,2013,2013,7021,Annual value,LCU,276.0,A,Official figure,AUS,False,False
PP,Producer Prices,36,Australia,5530,Producer Price (LCU/tonne),0115,Barley,2014,2014,7021,Annual value,LCU,267.0,A,Official figure,AUS,False,False
PP,Producer Prices,36,Australia,5530,Producer Price (LCU/tonne),0115,Barley,2015,2015,7021,Annual value,LCU,280.0,A,Official figure,AUS,False,False
PP,Producer Prices,36,Australia,5530,Producer Price (LCU/tonne),0115,Barley,2016,2016,7021,Annual value,LCU,253.0,A,Official figure,AUS,False,False
PP,Producer Prices,36,Australia,5530,Producer Price (LCU/tonne),0115,Barley,2017,2017,7021,Annual value,LCU,197.0,A,Official figure,AUS,False,False
PP,Producer Prices,36,Australia,5530,Producer Price (LCU/tonne),0115,Barley,2018,2018,7021,Annual value,LCU,246.0,A,Official figure,AUS,False,False
PP,Producer Prices,36,Australia,5530,Producer Price (LCU/tonne),0115,Barley,2019,2019,7021,Annual value,LCU,342.0,A,Official figure,AUS,False,False
PP,Producer Prices,36,Australia,5530,Producer Price (LCU/tonne),0115,Barley,2020,2020,7021,Annual value,LCU,296.9,A,Official figure,AUS,False,False
PP,Producer Prices,36,Australia,5530,Producer Price (LCU/tonne),0115,Barley,2021,2021,7021,Annual value,LCU,254.5,A,Official figure,AUS,False,False
PP,Producer Prices,36,Australia,5530,Producer Price (LCU/tonne),0115,Barley,2022,2022,7021,Annual value,LCU,303.1,A,Official figure,AUS,False,False
PP,Producer Prices,36,Australia,5530,Producer Price (LCU/tonne),0115,Barley,2023,2023,7021,Annual value,LCU,277.7,A,Official figure,AUS,False,False
PP,Producer Prices,36,Australia,5530,Producer Price (LCU/tonne),0115,Barley,2024,2024,7021,Annual value,LCU,289.0,A,Official figure,AUS,False,False
PP,Producer Prices,36,Australia,5530,Producer Price (LCU/tonne),01701,"Beans, dry",1993,1993,7021,Annual value,LCU,452.0,A,Official figure,AUS,False,False
PP,Producer Prices,36,Australia,5530,Producer Price (LCU/tonne),01701,"Beans, dry",1994,1994,7021,Annual value,LCU,543.0,A,Official figure,AUS,False,False
PP,Producer Prices,36,Australia,5530,Producer Price (LCU/tonne),01701,"Beans, dry",1995,1995,7021,Annual value,LCU,254.0,A,Official figure,AUS,False,False
PP,Producer Prices,36,Australia,5530,Producer Price (LCU/tonne),01701,"Beans, dry",1996,1996,7021,Annual value,LCU,562.0,A,Official figure,AUS,False,False
PP,Producer Prices,36,Australia,5530,Producer Price (LCU/tonne),01701,"Beans, dry",1997,1997,7021,Annual value,LCU,564.0,A,Official figure,AUS,False,False
PP,Producer Prices,36,Australia,5530,Producer Price (LCU/tonne),01701,"Beans, dry",1998,1998,7021,Annual value,LCU,555.0,A,Official figure,AUS,False,False
PP,Producer Prices,36,Australia,5530,Producer Price (LCU/tonne),01701,"Beans, dry",1999,1999,7021,Annual value,LCU,424.0,A,Official figure,AUS,False,False
PP,Producer Prices,36,Australia,5530,Producer Price (LCU/tonne),01701,"Beans, dry",2000,2000,7021,Annual value,LCU,488.0,A,Official figure,AUS,False,False
PP,Producer Prices,36,Australia,5530,Producer Price (LCU/tonne),01701,"Beans, dry",2001,2001,7021,Annual value,LCU,525.0,A,Official figure,AUS,False,False
PP,Producer Prices,36,Australia,5530,Producer Price (LCU/tonne),01701,"Beans, dry",2002,2002,7021,Annual value,LCU,599.0,A,Official figure,AUS,False,False
PP,Producer Prices,36,Australia,5530,Producer Price (LCU/tonne),01701,"Beans, dry",2003,2003,7021,Annual value,LCU,538.0,A,Official figure,AUS,False,False
PP,Producer Prices,36,Australia,5530,Producer Price (LCU/tonne),01701,"Beans, dry",2004,2004,7021,Annual value,LCU,459.0,A,Official figure,AUS,False,False
PP,Producer Prices,36,Australia,5530,Producer Price (LCU/tonne),01701,"Beans, dry",2005,2005,7021,Annual value,LCU,489.0,A,Official figure,AUS,False,False
PP,Producer Prices,36,Australia,5530,Producer Price (LCU/tonne),01701,"Beans, dry",2006,2006,7021,Annual value,LCU,234.0,A,Official figure,AUS,False,False
PP,Producer Prices,36,Australia,5530,Producer Price (LCU/tonne),01701,"Beans, dry",2007,2007,7021,Annual value,LCU,424.0,A,Official figure,AUS,False,False
PP,Producer Prices,36,Australia,5530,Producer Price (LCU/tonne),01701,"Beans, dry",2009,2009,7021,Annual value,LCU,407.0,A,Official figure,AUS,False,False
PP,Producer Prices,36,Australia,5530,Producer Price (LCU/tonne),01701,"Beans, dry",2011,2011,7021,Annual value,LCU,399.0,A,Official figure,AUS,False,False
PP,Producer Prices,36,Australia,5530,Producer Price (LCU/tonne),02960.01,Beeswax,1997,1997,7021,Annual value,LCU,5480.0,A,Official figure,AUS,False,False
PP,Producer Prices,36,Australia,5530,Producer Price (LCU/tonne),02960.01,Beeswax,1998,1998,7021,Annual value,LCU,5260.0,A,Official figure,AUS,False,False
PP,Producer Prices,36,Australia,5530,Producer Price (LCU/tonne),02960.01,Beeswax,1999,1999,7021,Annual value,LCU,5370.0,A,Official figure,AUS,False,False
PP,Producer Prices,36,Australia,5530,Producer Price (LCU/tonne),02960.01,Beeswax,2000,2000,7021,Annual value,LCU,4760.0,A,Official figure,AUS,False,False
PP,Producer Prices,36,Australia,5530,Producer Price (LCU/tonne),02960.01,Beeswax,2001,2001,7021,Annual value,LCU,4720.0,A,Official figure,AUS,False,False
PP,Producer Prices,36,Australia,5530,Producer Price (LCU/tonne),01702,"Broad beans and horse beans, dry",1993,1993,7021,Annual value,LCU,241.0,A,Official figure,AUS,False,False
PP,Producer Prices,36,Australia,5530,Producer Price (LCU/tonne),01702,"Broad beans and horse beans, dry",1994,1994,7021,Annual value,LCU,228.0,A,Official figure,AUS,False,False
PP,Producer Prices,36,Australia,5530,Producer Price (LCU/tonne),01702,"Broad beans and horse beans, dry",1995,1995,7021,Annual value,LCU,282.0,A,Official figure,AUS,False,False
PP,Producer Prices,36,Australia,5530,Producer Price (LCU/tonne),01702,"Broad beans and horse beans, dry",1996,1996,7021,Annual value,LCU,284.0,A,Official figure,AUS,False,False
PP,Producer Prices,36,Australia,5530,Producer Price (LCU/tonne),01702,"Broad beans and horse beans, dry",1997,1997,7021,Annual value,LCU,257.0,A,Official figure,AUS,False,False
PP,Producer Prices,36,Australia,5530,Producer Price (LCU/tonne),01702,"Broad beans and horse beans, dry",1998,1998,7021,Annual value,LCU,260.0,A,Official figure,AUS,False,False
PP,Producer Prices,36,Australia,5530,Producer Price (LCU/tonne),01702,"Broad beans and horse beans, dry",1999,1999,7021,Annual value,LCU,241.0,A,Official figure,AUS,False,False
PP,Producer Prices,36,Australia,5530,Producer Price (LCU/tonne),01702,"Broad beans and horse beans, dry",2000,2000,7021,Annual value,LCU,257.0,A,Official figure,AUS,False,False
PP,Producer Prices,36,Australia,5530,Producer Price (LCU/tonne),01702,"Broad beans and horse beans, dry",2001,2001,7021,Annual value,LCU,291.0,A,Official figure,AUS,False,False
PP,Producer Prices,36,Australia,5530,Producer Price (LCU/tonne),01702,"Broad beans and horse beans, dry",2002,2002,7021,Annual value,LCU,280.0,A,Official figure,AUS,False,False
PP,Producer Prices,36,Australia,5530,Producer Price (LCU/tonne),01702,"Broad beans and horse beans, dry",2003,2003,7021,Annual value,LCU,327.0,A,Official figure,AUS,False,False
PP,Producer Prices,36,Australia,5530,Producer Price (LCU/tonne),01702,"Broad beans and horse beans, dry",2004,2004,7021,Annual value,LCU,244.0,A,Official figure,AUS,False,False
PP,Producer Prices,36,Australia,5530,Producer Price (LCU/tonne),01702,"Broad beans and horse beans, dry",2005,2005,7021,Annual value,LCU,286.0,A,Official figure,AUS,False,False
PP,Producer Prices,36,Australia,5530,Producer Price (LCU/tonne),01702,"Broad beans and horse beans, dry",2007,2007,7021,Annual value,LCU,295.0,A,Official figure,AUS,False,False
PP,Producer Prices,36,Australia,5530,Producer Price (LCU/tonne),01702,"Broad beans and horse beans, dry",2011,2011,7021,Annual value,LCU,309.0,A,Official figure,AUS,False,False
PP,Producer Prices,36,Australia,5530,Producer Price (LCU/tonne),01212,Cabbages,1991,1991,7021,Annual value,LCU,380.0,A,Official figure,AUS,False,False
PP,Producer Prices,36,Australia,5530,Producer Price (LCU/tonne),01212,Cabbages,1992,1992,7021,Annual value,LCU,261.0,A,Official figure,AUS,False,False
PP,Producer Prices,36,Australia,5530,Producer Price (LCU/tonne),01212,Cabbages,1993,1993,7021,Annual value,LCU,290.0,A,Official figure,AUS,False,False
PP,Producer Prices,36,Australia,5530,Producer Price (LCU/tonne),01212,Cabbages,1994,1994,7021,Annual value,LCU,302.0,A,Official figure,AUS,False,False
PP,Producer Prices,36,Australia,5530,Producer Price (LCU/tonne),01212,Cabbages,1995,1995,7021,Annual value,LCU,384.0,A,Official figure,AUS,False,False
PP,Producer Prices,36,Australia,5530,Producer Price (LCU/tonne),01212,Cabbages,1996,1996,7021,Annual value,LCU,351.0,A,Official figure,AUS,False,False
PP,Producer Prices,36,Australia,5530,Producer Price (LCU/tonne),01212,Cabbages,1997,1997,7021,Annual value,LCU,400.0,A,Official figure,AUS,False,False
PP,Producer Prices,36,Australia,5530,Producer Price (LCU/tonne),01212,Cabbages,1998,1998,7021,Annual value,LCU,414.0,A,Official figure,AUS,False,False
PP,Producer Prices,36,Australia,5530,Producer Price (LCU/tonne),01212,Cabbages,1999,1999,7021,Annual value,LCU,407.0,A,Official figure,AUS,False,False
PP,Producer Prices,36,Australia,5530,Producer Price (LCU/tonne),01212,Cabbages,2000,2000,7021,Annual value,LCU,353.0,A,Official figure,AUS,False,False
PP,Producer Prices,36,Australia,5530,Producer Price (LCU/tonne),01212,Cabbages,2001,2001,7021,Annual value,LCU,478.0,A,Official figure,AUS,False,False
PP,Producer Prices,36,Australia,5530,Producer Price (LCU/tonne),01212,Cabbages,2002,2002,7021,Annual value,LCU,361.0,A,Official figure,AUS,False,False
PP,Producer Prices,36,Australia,5530,Producer Price (LCU/tonne),01212,Cabbages,2006,2006,7021,Annual value,LCU,792.0,A,Official figure,AUS,False,False
PP,Producer Prices,36,Australia,5530,Producer Price (LCU/tonne),01212,Cabbages,2007,2007,7021,Annual value,LCU,715.0,A,Official figure,AUS,False,False
PP,Producer Prices,36,Australia,5530,Producer Price (LCU/tonne),01212,Cabbages,2008,2008,7021,Annual value,LCU,809.0,A,Official figure,AUS,False,False
PP,Producer Prices,36,Australia,5530,Producer Price (LCU/tonne),01212,Cabbages,2009,2009,7021,Annual value,LCU,566.0,A,Official figure,AUS,False,False
PP,Producer Prices,36,Australia,5530,Producer Price (LCU/tonne),01212,Cabbages,2014,2014,7021,Annual value,LCU,754.0,A,Official figure,AUS,False,False
PP,Producer Prices,36,Australia,5530,Producer Price (LCU/tonne),01212,Cabbages,2016,2016,7021,Annual value,LCU,818.0,A,Official figure,AUS,False,False
PP,Producer Prices,36,Australia,5530,Producer Price (LCU/tonne),01212,Cabbages,2017,2017,7021,Annual value,LCU,870.0,A,Official figure,AUS,False,False
PP,Producer Prices,36,Australia,5530,Producer Price (LCU/tonne),01212,Cabbages,2018,2018,7021,Annual value,LCU,759.0,A,Official figure,AUS,False,False
PP,Producer Prices,36,Australia,5530,Producer Price (LCU/tonne),01212,Cabbages,2019,2019,7021,Annual value,LCU,801.0,A,Official figure,AUS,False,False
PP,Producer Prices,36,Australia,5530,Producer Price (LCU/tonne),01212,Cabbages,2020,2020,7021,Annual value,LCU,873.0,A,Official figure,AUS,False,False
PP,Producer Prices,36,Australia,5530,Producer Price (LCU/tonne),01212,Cabbages,2021,2021,7021,Annual value,LCU,793.5,A,Official figure,AUS,False,False
PP,Producer Prices,36,Australia,5530,Producer Price (LCU/tonne),01212,Cabbages,2023,2023,7021,Annual value,LCU,949.9,A,Official figure,AUS,False,False
PP,Producer Prices,36,Australia,5530,Producer Price (LCU/tonne),01212,Cabbages,2024,2024,7021,Annual value,LCU,878.4,A,Official figure,AUS,False,False
PP,Producer Prices,36,Australia,5530,Producer Price (LCU/tonne),01195,Canary seed,1991,1991,7021,Annual value,LCU,125.0,A,Official figure,AUS,False,False
PP,Producer Prices,36,Australia,5530,Producer Price (LCU/tonne),01195,Canary seed,1992,1992,7021,Annual value,LCU,138.0,A,Official figure,AUS,False,False
PP,Producer Prices,36,Australia,5530,Producer Price (LCU/tonne),01195,Canary seed,1993,1993,7021,Annual value,LCU,130.0,A,Official figure,AUS,False,False
PP,Producer Prices,36,Australia,5530,Producer Price (LCU/tonne),01195,Canary seed,1994,1994,7021,Annual value,LCU,132.0,A,Official figure,AUS,False,False
PP,Producer Prices,36,Australia,5530,Producer Price (LCU/tonne),01195,Canary seed,1995,1995,7021,Annual value,LCU,194.0,A,Official figure,AUS,False,False
PP,Producer Prices,36,Australia,5530,Producer Price (LCU/tonne),01195,Canary seed,1996,1996,7021,Annual value,LCU,202.0,A,Official figure,AUS,False,False
PP,Producer Prices,36,Australia,5530,Producer Price (LCU/tonne),01195,Canary seed,1997,1997,7021,Annual value,LCU,158.0,A,Official figure,AUS,False,False
PP,Producer Prices,36,Australia,5530,Producer Price (LCU/tonne),01195,Canary seed,1998,1998,7021,Annual value,LCU,171.0,A,Official figure,AUS,False,False
PP,Producer Prices,36,Australia,5530,Producer Price (LCU/tonne),01195,Canary seed,1999,1999,7021,Annual value,LCU,120.0,A,Official figure,AUS,False,False
PP,Producer Prices,36,Australia,5530,Producer Price (LCU/tonne),01195,Canary seed,2000,2000,7021,Annual value,LCU,126.0,A,Official figure,AUS,False,False
PP,Producer Prices,36,Australia,5530,Producer Price (LCU/tonne),01195,Canary seed,2001,2001,7021,Annual value,LCU,150.0,A,Official figure,AUS,False,False
PP,Producer Prices,36,Australia,5530,Producer Price (LCU/tonne),01195,Canary seed,2002,2002,7021,Annual value,LCU,195.0,A,Official figure,AUS,False,False
PP,Producer Prices,36,Australia,5530,Producer Price (LCU/tonne),01195,Canary seed,2003,2003,7021,Annual value,LCU,258.0,A,Official figure,AUS,False,False
PP,Producer Prices,36,Australia,5530,Producer Price (LCU/tonne),01195,Canary seed,2004,2004,7021,Annual value,LCU,153.0,A,Official figure,AUS,False,False
PP,Producer Prices,36,Australia,5530,Producer Price (LCU/tonne),01195,Canary seed,2005,2005,7021,Annual value,LCU,152.0,A,Official figure,AUS,False,False
PP,Producer Prices,36,Australia,5530,Producer Price (LCU/tonne),01195,Canary seed,2006,2006,7021,Annual value,LCU,143.0,A,Official figure,AUS,False,False
PP,Producer Prices,36,Australia,5530,Producer Price (LCU/tonne),01195,Canary seed,2007,2007,7021,Annual value,LCU,223.0,A,Official figure,AUS,False,False
PP,Producer Prices,36,Australia,5530,Producer Price (LCU/tonne),01229,Cantaloupes and other melons,1991,1991,7021,Annual value,LCU,746.0,A,Official figure,AUS,False,False
PP,Producer Prices,36,Australia,5530,Producer Price (LCU/tonne),01229,Cantaloupes and other melons,1992,1992,7021,Annual value,LCU,610.0,A,Official figure,AUS,False,False
PP,Producer Prices,36,Australia,5530,Producer Price (LCU/tonne),01229,Cantaloupes and other melons,1993,1993,7021,Annual value,LCU,648.0,A,Official figure,AUS,False,False
PP,Producer Prices,36,Australia,5530,Producer Price (LCU/tonne),01229,Cantaloupes and other melons,1994,1994,7021,Annual value,LCU,728.0,A,Official figure,AUS,False,False
PP,Producer Prices,36,Australia,5530,Producer Price (LCU/tonne),01229,Cantaloupes and other melons,1995,1995,7021,Annual value,LCU,699.0,A,Official figure,AUS,False,False
PP,Producer Prices,36,Australia,5530,Producer Price (LCU/tonne),01229,Cantaloupes and other melons,1996,1996,7021,Annual value,LCU,749.0,A,Official figure,AUS,False,False
PP,Producer Prices,36,Australia,5530,Producer Price (LCU/tonne),01229,Cantaloupes and other melons,1997,1997,7021,Annual value,LCU,745.0,A,Official figure,AUS,False,False
PP,Producer Prices,36,Australia,5530,Producer Price (LCU/tonne),01229,Cantaloupes and other melons,1998,1998,7021,Annual value,LCU,744.0,A,Official figure,AUS,False,False
PP,Producer Prices,36,Australia,5530,Producer Price (LCU/tonne),01229,Cantaloupes and other melons,1999,1999,7021,Annual value,LCU,840.0,A,Official figure,AUS,False,False
PP,Producer Prices,36,Australia,5530,Producer Price (LCU/tonne),01229,Cantaloupes and other melons,2000,2000,7021,Annual value,LCU,782.0,A,Official figure,AUS,False,False
PP,Producer Prices,36,Australia,5530,Producer Price (LCU/tonne),01229,Cantaloupes and other melons,2001,2001,7021,Annual value,LCU,840.0,A,Official figure,AUS,False,False
PP,Producer Prices,36,Australia,5530,Producer Price (LCU/tonne),01229,Cantaloupes and other melons,2002,2002,7021,Annual value,LCU,911.0,A,Official figure,AUS,False,False
PP,Producer Prices,36,Australia,5530,Producer Price (LCU/tonne),01229,Cantaloupes and other melons,2003,2003,7021,Annual value,LCU,879.0,A,Official figure,AUS,False,False
PP,Producer Prices,36,Australia,5530,Producer Price (LCU/tonne),01229,Cantaloupes and other melons,2004,2004,7021,Annual value,LCU,923.0,A,Official figure,AUS,False,False
PP,Producer Prices,36,Australia,5530,Producer Price (LCU/tonne),01229,Cantaloupes and other melons,2005,2005,7021,Annual value,LCU,916.0,A,Official figure,AUS,False,False
PP,Producer Prices,36,Australia,5530,Producer Price (LCU/tonne),01229,Cantaloupes and other melons,2006,2006,7021,Annual value,LCU,1091.0,A,Official figure,AUS,False,False
PP,Producer Prices,36,Australia,5530,Producer Price (LCU/tonne),01229,Cantaloupes and other melons,2007,2007,7021,Annual value,LCU,1070.0,A,Official figure,AUS,False,False
PP,Producer Prices,36,Australia,5530,Producer Price (LCU/tonne),01229,Cantaloupes and other melons,2008,2008,7021,Annual value,LCU,1134.0,A,Official figure,AUS,False,False
PP,Producer Prices,36,Australia,5530,Producer Price (LCU/tonne),01229,Cantaloupes and other melons,2009,2009,7021,Annual value,LCU,1077.0,A,Official figure,AUS,False,False
PP,Producer Prices,36,Australia,5530,Producer Price (LCU/tonne),01229,Cantaloupes and other melons,2015,2015,7021,Annual value,LCU,260.0,A,Official figure,AUS,False,False
PP,Producer Prices,36,Australia,5530,Producer Price (LCU/tonne),01229,Cantaloupes and other melons,2016,2016,7021,Annual value,LCU,857.0,A,Official figure,AUS,False,False
PP,Producer Prices,36,Australia,5530,Producer Price (LCU/tonne),01229,Cantaloupes and other melons,2017,2017,7021,Annual value,LCU,838.0,A,Official figure,AUS,False,False
PP,Producer Prices,36,Australia,5530,Producer Price (LCU/tonne),01229,Cantaloupes and other melons,2018,2018,7021,Annual value,LCU,751.0,A,Official figure,AUS,False,False
PP,Producer Prices,36,Australia,5530,Producer Price (LCU/tonne),01229,Cantaloupes and other melons,2019,2019,7021,Annual value,LCU,841.0,A,Official figure,AUS,False,False
PP,Producer Prices,36,Australia,5530,Producer Price (LCU/tonne),01229,Cantaloupes and other melons,2020,2020,7021,Annual value,LCU,863.7,A,Official figure,AUS,False,False
PP,Producer Prices,36,Australia,5530,Producer Price (LCU/tonne),01229,Cantaloupes and other melons,2021,2021,7021,Annual value,LCU,850.9,A,Official figure,AUS,False,False
PP,Producer Prices,36,Australia,5530,Producer Price (LCU/tonne),01229,Cantaloupes and other melons,2023,2023,7021,Annual value,LCU,1490.9,A,Official figure,AUS,False,True
PP,Producer Prices,36,Australia,5530,Producer Price (LCU/tonne),01229,Cantaloupes and other melons,2024,2024,7021,Annual value,LCU,1605.7,A,Official figure,AUS,False,True
PP,Producer Prices,36,Australia,5530,Producer Price (LCU/tonne),01251,Carrots and turnips,1991,1991,7021,Annual value,LCU,440.0,A,Official figure,AUS,False,False
PP,Producer Prices,36,Australia,5530,Producer Price (LCU/tonne),01251,Carrots and turnips,1992,1992,7021,Annual value,LCU,440.0,A,Official figure,AUS,False,False
PP,Producer Prices,36,Australia,5530,Producer Price (LCU/tonne),01251,Carrots and turnips,1993,1993,7021,Annual value,LCU,479.0,A,Official figure,AUS,False,False
PP,Producer Prices,36,Australia,5530,Producer Price (LCU/tonne),01251,Carrots and turnips,1994,1994,7021,Annual value,LCU,465.0,A,Official figure,AUS,False,False
PP,Producer Prices,36,Australia,5530,Producer Price (LCU/tonne),01251,Carrots and turnips,1995,1995,7021,Annual value,LCU,556.0,A,Official figure,AUS,False,False
PP,Producer Prices,36,Australia,5530,Producer Price (LCU/tonne),01251,Carrots and turnips,1996,1996,7021,Annual value,LCU,546.0,A,Official figure,AUS,False,False
PP,Producer Prices,36,Australia,5530,Producer Price (LCU/tonne),01251,Carrots and turnips,1997,1997,7021,Annual value,LCU,552.0,A,Official figure,AUS,False,False
PP,Producer Prices,36,Australia,5530,Producer Price (LCU/tonne),01251,Carrots and turnips,1998,1998,7021,Annual value,LCU,565.0,A,Official figure,AUS,False,False
PP,Producer Prices,36,Australia,5530,Producer Price (LCU/tonne),01251,Carrots and turnips,1999,1999,7021,Annual value,LCU,651.0,A,Official figure,AUS,False,False
PP,Producer Prices,36,Australia,5530,Producer Price (LCU/tonne),01251,Carrots and turnips,2000,2000,7021,Annual value,LCU,545.0,A,Official figure,AUS,False,False
PP,Producer Prices,36,Australia,5530,Producer Price (LCU/tonne),01251,Carrots and turnips,2001,2001,7021,Annual value,LCU,588.0,A,Official figure,AUS,False,False
PP,Producer Prices,36,Australia,5530,Producer Price (LCU/tonne),01251,Carrots and turnips,2002,2002,7021,Annual value,LCU,599.0,A,Official figure,AUS,False,False
PP,Producer Prices,36,Australia,5530,Producer Price (LCU/tonne),01251,Carrots and turnips,2003,2003,7021,Annual value,LCU,529.0,A,Official figure,AUS,False,False
PP,Producer Prices,36,Australia,5530,Producer Price (LCU/tonne),01251,Carrots and turnips,2004,2004,7021,Annual value,LCU,495.0,A,Official figure,AUS,False,False
PP,Producer Prices,36,Australia,5530,Producer Price (LCU/tonne),01251,Carrots and turnips,2005,2005,7021,Annual value,LCU,525.0,A,Official figure,AUS,False,False
PP,Producer Prices,36,Australia,5530,Producer Price (LCU/tonne),01251,Carrots and turnips,2006,2006,7021,Annual value,LCU,590.0,A,Official figure,AUS,False,False
PP,Producer Prices,36,Australia,5530,Producer Price (LCU/tonne),01251,Carrots and turnips,2007,2007,7021,Annual value,LCU,584.0,A,Official figure,AUS,False,False
PP,Producer Prices,36,Australia,5530,Producer Price (LCU/tonne),01251,Carrots and turnips,2008,2008,7021,Annual value,LCU,691.0,A,Official figure,AUS,False,False
PP,Producer Prices,36,Australia,5530,Producer Price (LCU/tonne),01251,Carrots and turnips,2009,2009,7021,Annual value,LCU,691.0,A,Official figure,AUS,False,False
PP,Producer Prices,36,Australia,5530,Producer Price (LCU/tonne),01251,Carrots and turnips,2010,2010,7021,Annual value,LCU,657.0,A,Official figure,AUS,False,False
PP,Producer Prices,36,Australia,5530,Producer Price (LCU/tonne),01251,Carrots and turnips,2011,2011,7021,Annual value,LCU,582.0,A,Official figure,AUS,False,False
PP,Producer Prices,36,Australia,5530,Producer Price (LCU/tonne),01251,Carrots and turnips,2012,2012,7021,Annual value,LCU,674.0,A,Official figure,AUS,False,False
PP,Producer Prices,36,Australia,5530,Producer Price (LCU/tonne),01251,Carrots and turnips,2013,2013,7021,Annual value,LCU,714.0,A,Official figure,AUS,False,False
PP,Producer Prices,36,Australia,5530,Producer Price (LCU/tonne),01251,Carrots and turnips,2014,2014,7021,Annual value,LCU,542.0,A,Official figure,AUS,False,False
PP,Producer Prices,36,Australia,5530,Producer Price (LCU/tonne),01251,Carrots and turnips,2015,2015,7021,Annual value,LCU,554.0,A,Official figure,AUS,False,False
PP,Producer Prices,36,Australia,5530,Producer Price (LCU/tonne),01251,Carrots and turnips,2016,2016,7021,Annual value,LCU,663.0,A,Official figure,AUS,False,False
PP,Producer Prices,36,Australia,5530,Producer Price (LCU/tonne),01251,Carrots and turnips,2017,2017,7021,Annual value,LCU,810.0,A,Official figure,AUS,False,False
PP,Producer Prices,36,Australia,5530,Producer Price (LCU/tonne),01251,Carrots and turnips,2018,2018,7021,Annual value,LCU,849.0,A,Official figure,AUS,False,False
PP,Producer Prices,36,Australia,5530,Producer Price (LCU/tonne),01251,Carrots and turnips,2019,2019,7021,Annual value,LCU,898.0,A,Official figure,AUS,False,False
PP,Producer Prices,36,Australia,5530,Producer Price (LCU/tonne),01251,Carrots and turnips,2020,2020,7021,Annual value,LCU,921.9,A,Official figure,AUS,False,False
PP,Producer Prices,36,Australia,5530,Producer Price (LCU/tonne),01251,Carrots and turnips,2021,2021,7021,Annual value,LCU,921.0,A,Official figure,AUS,False,False
PP,Producer Prices,36,Australia,5530,Producer Price (LCU/tonne),01251,Carrots and turnips,2023,2023,7021,Annual value,LCU,870.3,A,Official figure,AUS,False,False
PP,Producer Prices,36,Australia,5530,Producer Price (LCU/tonne),01251,Carrots and turnips,2024,2024,7021,Annual value,LCU,802.2,A,Official figure,AUS,False,False
PP,Producer Prices,36,Australia,5530,Producer Price (LCU/tonne),01213,Cauliflowers and broccoli,1991,1991,7021,Annual value,LCU,446.0,A,Official figure,AUS,False,False
PP,Producer Prices,36,Australia,5530,Producer Price (LCU/tonne),01213,Cauliflowers and broccoli,1992,1992,7021,Annual value,LCU,538.0,A,Official figure,AUS,False,False
PP,Producer Prices,36,Australia,5530,Producer Price (LCU/tonne),01213,Cauliflowers and broccoli,1993,1993,7021,Annual value,LCU,509.0,A,Official figure,AUS,False,False
PP,Producer Prices,36,Australia,5530,Producer Price (LCU/tonne),01213,Cauliflowers and broccoli,1994,1994,7021,Annual value,LCU,552.0,A,Official figure,AUS,False,False
PP,Producer Prices,36,Australia,5530,Producer Price (LCU/tonne),01213,Cauliflowers and broccoli,1995,1995,7021,Annual value,LCU,673.0,A,Official figure,AUS,False,False
PP,Producer Prices,36,Australia,5530,Producer Price (LCU/tonne),01213,Cauliflowers and broccoli,1996,1996,7021,Annual value,LCU,680.0,A,Official figure,AUS,False,False
PP,Producer Prices,36,Australia,5530,Producer Price (LCU/tonne),01213,Cauliflowers and broccoli,1997,1997,7021,Annual value,LCU,747.0,A,Official figure,AUS,False,False
PP,Producer Prices,36,Australia,5530,Producer Price (LCU/tonne),01213,Cauliflowers and broccoli,1998,1998,7021,Annual value,LCU,736.0,A,Official figure,AUS,False,False
PP,Producer Prices,36,Australia,5530,Producer Price (LCU/tonne),01213,Cauliflowers and broccoli,1999,1999,7021,Annual value,LCU,757.0,A,Official figure,AUS,False,False
PP,Producer Prices,36,Australia,5530,Producer Price (LCU/tonne),01213,Cauliflowers and broccoli,2000,2000,7021,Annual value,LCU,733.0,A,Official figure,AUS,False,False
PP,Producer Prices,36,Australia,5530,Producer Price (LCU/tonne),01213,Cauliflowers and broccoli,2001,2001,7021,Annual value,LCU,704.0,A,Official figure,AUS,False,False
PP,Producer Prices,36,Australia,5530,Producer Price (LCU/tonne),01213,Cauliflowers and broccoli,2002,2002,7021,Annual value,LCU,642.0,A,Official figure,AUS,False,False
PP,Producer Prices,36,Australia,5530,Producer Price (LCU/tonne),01213,Cauliflowers and broccoli,2003,2003,7021,Annual value,LCU,805.0,A,Official figure,AUS,False,False
PP,Producer Prices,36,Australia,5530,Producer Price (LCU/tonne),01213,Cauliflowers and broccoli,2004,2004,7021,Annual value,LCU,731.0,A,Official figure,AUS,False,False
PP,Producer Prices,36,Australia,5530,Producer Price (LCU/tonne),01213,Cauliflowers and broccoli,2005,2005,7021,Annual value,LCU,638.0,A,Official figure,AUS,False,False
PP,Producer Prices,36,Australia,5530,Producer Price (LCU/tonne),01213,Cauliflowers and broccoli,2006,2006,7021,Annual value,LCU,692.0,A,Official figure,AUS,False,False
PP,Producer Prices,36,Australia,5530,Producer Price (LCU/tonne),01213,Cauliflowers and broccoli,2007,2007,7021,Annual value,LCU,755.0,A,Official figure,AUS,False,False
PP,Producer Prices,36,Australia,5530,Producer Price (LCU/tonne),01213,Cauliflowers and broccoli,2008,2008,7021,Annual value,LCU,728.0,A,Official figure,AUS,False,False
PP,Producer Prices,36,Australia,5530,Producer Price (LCU/tonne),01213,Cauliflowers and broccoli,2009,2009,7021,Annual value,LCU,708.0,A,Official figure,AUS,False,False
PP,Producer Prices,36,Australia,5530,Producer Price (LCU/tonne),01213,Cauliflowers and broccoli,2011,2011,7021,Annual value,LCU,641.0,A,Official figure,AUS,False,False
PP,Producer Prices,36,Australia,5530,Producer Price (LCU/tonne),01213,Cauliflowers and broccoli,2014,2014,7021,Annual value,LCU,764.0,A,Official figure,AUS,False,False
PP,Producer Prices,36,Australia,5530,Producer Price (LCU/tonne),01213,Cauliflowers and broccoli,2016,2016,7021,Annual value,LCU,799.0,A,Official figure,AUS,False,False
PP,Producer Prices,36,Australia,5530,Producer Price (LCU/tonne),01213,Cauliflowers and broccoli,2017,2017,7021,Annual value,LCU,990.0,A,Official figure,AUS,False,False
PP,Producer Prices,36,Australia,5530,Producer Price (LCU/tonne),01213,Cauliflowers and broccoli,2018,2018,7021,Annual value,LCU,943.0,A,Official figure,AUS,False,False
PP,Producer Prices,36,Australia,5530,Producer Price (LCU/tonne),01213,Cauliflowers and broccoli,2019,2019,7021,Annual value,LCU,1061.0,A,Official figure,AUS,False,False
PP,Producer Prices,36,Australia,5530,Producer Price (LCU/tonne),01213,Cauliflowers and broccoli,2020,2020,7021,Annual value,LCU,1197.3,A,Official figure,AUS,False,True
PP,Producer Prices,36,Australia,5530,Producer Price (LCU/tonne),01213,Cauliflowers and broccoli,2021,2021,7021,Annual value,LCU,1091.4,A,Official figure,AUS,False,False
PP,Producer Prices,36,Australia,5530,Producer Price (LCU/tonne),01213,Cauliflowers and broccoli,2023,2023,7021,Annual value,LCU,868.2,A,Official figure,AUS,False,False
PP,Producer Prices,36,Australia,5530,Producer Price (LCU/tonne),01213,Cauliflowers and broccoli,2024,2024,7021,Annual value,LCU,774.5,A,Official figure,AUS,False,False
PP,Producer Prices,36,Australia,5530,Producer Price (LCU/tonne),01344.02,Cherries,1991,1991,7021,Annual value,LCU,3647.0,A,Official figure,AUS,False,False
PP,Producer Prices,36,Australia,5530,Producer Price (LCU/tonne),01344.02,Cherries,1992,1992,7021,Annual value,LCU,4241.0,A,Official figure,AUS,False,False
PP,Producer Prices,36,Australia,5530,Producer Price (LCU/tonne),01344.02,Cherries,1993,1993,7021,Annual value,LCU,3810.0,A,Official figure,AUS,False,False
PP,Producer Prices,36,Australia,5530,Producer Price (LCU/tonne),01344.02,Cherries,1994,1994,7021,Annual value,LCU,4250.0,A,Official figure,AUS,False,False
PP,Producer Prices,36,Australia,5530,Producer Price (LCU/tonne),01344.02,Cherries,1995,1995,7021,Annual value,LCU,4698.0,A,Official figure,AUS,False,False
PP,Producer Prices,36,Australia,5530,Producer Price (LCU/tonne),01344.02,Cherries,1996,1996,7021,Annual value,LCU,4751.0,A,Official figure,AUS,False,False
PP,Producer Prices,36,Australia,5530,Producer Price (LCU/tonne),01344.02,Cherries,1997,1997,7021,Annual value,LCU,4350.0,A,Official figure,AUS,False,False
PP,Producer Prices,36,Australia,5530,Producer Price (LCU/tonne),01344.02,Cherries,1998,1998,7021,Annual value,LCU,4060.0,A,Official figure,AUS,False,False
PP,Producer Prices,36,Australia,5530,Producer Price (LCU/tonne),01344.02,Cherries,1999,1999,7021,Annual value,LCU,5820.0,A,Official figure,AUS,False,False
PP,Producer Prices,36,Australia,5530,Producer Price (LCU/tonne),01344.02,Cherries,2000,2000,7021,Annual value,LCU,6818.0,A,Official figure,AUS,False,False
PP,Producer Prices,36,Australia,5530,Producer Price (LCU/tonne),01344.02,Cherries,2001,2001,7021,Annual value,LCU,7070.0,A,Official figure,AUS,False,False
PP,Producer Prices,36,Australia,5530,Producer Price (LCU/tonne),01344.02,Cherries,2002,2002,7021,Annual value,LCU,8130.0,A,Official figure,AUS,False,False
PP,Producer Prices,36,Australia,5530,Producer Price (LCU/tonne),01344.02,Cherries,2003,2003,7021,Annual value,LCU,7450.0,A,Official figure,AUS,False,False
PP,Producer Prices,36,Australia,5530,Producer Price (LCU/tonne),01344.02,Cherries,2004,2004,7021,Annual value,LCU,7920.0,A,Official figure,AUS,False,False
PP,Producer Prices,36,Australia,5530,Producer Price (LCU/tonne),01344.02,Cherries,2005,2005,7021,Annual value,LCU,8230.0,A,Official figure,AUS,False,False
PP,Producer Prices,36,Australia,5530,Producer Price (LCU/tonne),01344.02,Cherries,2006,2006,7021,Annual value,LCU,10010.0,A,Official figure,AUS,False,False
PP,Producer Prices,36,Australia,5530,Producer Price (LCU/tonne),01344.02,Cherries,2007,2007,7021,Annual value,LCU,8370.0,A,Official figure,AUS,False,False
PP,Producer Prices,36,Australia,5530,Producer Price (LCU/tonne),01344.02,Cherries,2009,2009,7021,Annual value,LCU,9170.0,A,Official figure,AUS,False,False
PP,Producer Prices,36,Australia,5530,Producer Price (LCU/tonne),01344.02,Cherries,2011,2011,7021,Annual value,LCU,9030.0,A,Official figure,AUS,False,False
PP,Producer Prices,36,Australia,5530,Producer Price (LCU/tonne),01344.02,Cherries,2012,2012,7021,Annual value,LCU,8200.0,A,Official figure,AUS,False,False
PP,Producer Prices,36,Australia,5530,Producer Price (LCU/tonne),01344.02,Cherries,2013,2013,7021,Annual value,LCU,7436.0,A,Official figure,AUS,False,False
PP,Producer Prices,36,Australia,5530,Producer Price (LCU/tonne),01344.02,Cherries,2014,2014,7021,Annual value,LCU,11029.0,A,Official figure,AUS,False,False
PP,Producer Prices,36,Australia,5530,Producer Price (LCU/tonne),01344.02,Cherries,2015,2015,7021,Annual value,LCU,9496.0,A,Official figure,AUS,False,False
PP,Producer Prices,36,Australia,5530,Producer Price (LCU/tonne),01344.02,Cherries,2016,2016,7021,Annual value,LCU,9394.0,A,Official figure,AUS,False,False
PP,Producer Prices,36,Australia,5530,Producer Price (LCU/tonne),01344.02,Cherries,2017,2017,7021,Annual value,LCU,12739.0,A,Official figure,AUS,False,False
PP,Producer Prices,36,Australia,5530,Producer Price (LCU/tonne),01344.02,Cherries,2018,2018,7021,Annual value,LCU,10901.0,A,Official figure,AUS,False,False
PP,Producer Prices,36,Australia,5530,Producer Price (LCU/tonne),01344.02,Cherries,2019,2019,7021,Annual value,LCU,10658.0,A,Official figure,AUS,False,False
PP,Producer Prices,36,Australia,5530,Producer Price (LCU/tonne),01344.02,Cherries,2020,2020,7021,Annual value,LCU,14064.9,A,Official figure,AUS,False,False
PP,Producer Prices,36,Australia,5530,Producer Price (LCU/tonne),01344.02,Cherries,2021,2021,7021,Annual value,LCU,12296.5,A,Official figure,AUS,False,False
PP,Producer Prices,36,Australia,5530,Producer Price (LCU/tonne),01344.02,Cherries,2023,2023,7021,Annual value,LCU,17374.6,A,Official figure,AUS,False,False
PP,Producer Prices,36,Australia,5530,Producer Price (LCU/tonne),01344.02,Cherries,2024,2024,7021,Annual value,LCU,15743.6,A,Official figure,AUS,False,False
PP,Producer Prices,36,Australia,5530,Producer Price (LCU/tonne),01703,"Chick peas, dry",1991,1991,7021,Annual value,LCU,301.0,A,Official figure,AUS,False,False
PP,Producer Prices,36,Australia,5530,Producer Price (LCU/tonne),01703,"Chick peas, dry",1992,1992,7021,Annual value,LCU,251.0,A,Official figure,AUS,False,False
PP,Producer Prices,36,Australia,5530,Producer Price (LCU/tonne),01703,"Chick peas, dry",1993,1993,7021,Annual value,LCU,295.0,A,Official figure,AUS,False,False
PP,Producer Prices,36,Australia,5530,Producer Price (LCU/tonne),01703,"Chick peas, dry",1994,1994,7021,Annual value,LCU,375.0,A,Official figure,AUS,False,False
PP,Producer Prices,36,Australia,5530,Producer Price (LCU/tonne),01703,"Chick peas, dry",1995,1995,7021,Annual value,LCU,496.0,A,Official figure,AUS,False,False
PP,Producer Prices,36,Australia,5530,Producer Price (LCU/tonne),01703,"Chick peas, dry",1996,1996,7021,Annual value,LCU,365.0,A,Official figure,AUS,False,False
PP,Producer Prices,36,Australia,5530,Producer Price (LCU/tonne),01703,"Chick peas, dry",1997,1997,7021,Annual value,LCU,277.0,A,Official figure,AUS,False,False
PP,Producer Prices,36,Australia,5530,Producer Price (LCU/tonne),01703,"Chick peas, dry",1998,1998,7021,Annual value,LCU,375.0,A,Official figure,AUS,False,False
PP,Producer Prices,36,Australia,5530,Producer Price (LCU/tonne),01703,"Chick peas, dry",1999,1999,7021,Annual value,LCU,383.0,A,Official figure,AUS,False,False
PP,Producer Prices,36,Australia,5530,Producer Price (LCU/tonne),01703,"Chick peas, dry",2000,2000,7021,Annual value,LCU,339.0,A,Official figure,AUS,False,False
PP,Producer Prices,36,Australia,5530,Producer Price (LCU/tonne),01703,"Chick peas, dry",2001,2001,7021,Annual value,LCU,463.0,A,Official figure,AUS,False,False
PP,Producer Prices,36,Australia,5530,Producer Price (LCU/tonne),01703,"Chick peas, dry",2002,2002,7021,Annual value,LCU,476.0,A,Official figure,AUS,False,False
PP,Producer Prices,36,Australia,5530,Producer Price (LCU/tonne),01703,"Chick peas, dry",2003,2003,7021,Annual value,LCU,486.0,A,Official figure,AUS,False,False
PP,Producer Prices,36,Australia,5530,Producer Price (LCU/tonne),01703,"Chick peas, dry",2004,2004,7021,Annual value,LCU,309.0,A,Official figure,AUS,False,False
PP,Producer Prices,36,Australia,5530,Producer Price (LCU/tonne),01703,"Chick peas, dry",2005,2005,7021,Annual value,LCU,267.0,A,Official figure,AUS,False,False
PP,Producer Prices,36,Australia,5530,Producer Price (LCU/tonne),01703,"Chick peas, dry",2006,2006,7021,Annual value,LCU,374.0,A,Official figure,AUS,False,False
PP,Producer Prices,36,Australia,5530,Producer Price (LCU/tonne),01703,"Chick peas, dry",2007,2007,7021,Annual value,LCU,598.0,A,Official figure,AUS,False,False
PP,Producer Prices,36,Australia,5530,Producer Price (LCU/tonne),01703,"Chick peas, dry",2009,2009,7021,Annual value,LCU,450.0,A,Official figure,AUS,False,False
PP,Producer Prices,36,Australia,5530,Producer Price (LCU/tonne),01703,"Chick peas, dry",2010,2010,7021,Annual value,LCU,432.0,A,Official figure,AUS,False,False
PP,Producer Prices,36,Australia,5530,Producer Price (LCU/tonne),01703,"Chick peas, dry",2011,2011,7021,Annual value,LCU,404.0,A,Official figure,AUS,False,False
PP,Producer Prices,36,Australia,5530,Producer Price (LCU/tonne),01703,"Chick peas, dry",2012,2012,7021,Annual value,LCU,457.0,A,Official figure,AUS,False,False
PP,Producer Prices,36,Australia,5530,Producer Price (LCU/tonne),01703,"Chick peas, dry",2016,2016,7021,Annual value,LCU,784.0,A,Official figure,AUS,False,False
PP,Producer Prices,36,Australia,5530,Producer Price (LCU/tonne),01703,"Chick peas, dry",2017,2017,7021,Annual value,LCU,557.0,A,Official figure,AUS,False,False
PP,Producer Prices,36,Australia,5530,Producer Price (LCU/tonne),01703,"Chick peas, dry",2018,2018,7021,Annual value,LCU,464.0,A,Official figure,AUS,False,False
PP,Producer Prices,36,Australia,5530,Producer Price (LCU/tonne),01703,"Chick peas, dry",2019,2019,7021,Annual value,LCU,522.0,A,Official figure,AUS,False,False
PP,Producer Prices,36,Australia,5530,Producer Price (LCU/tonne),01703,"Chick peas, dry",2020,2020,7021,Annual value,LCU,760.8,A,Official figure,AUS,False,False
PP,Producer Prices,36,Australia,5530,Producer Price (LCU/tonne),01703,"Chick peas, dry",2021,2021,7021,Annual value,LCU,593.0,A,Official figure,AUS,False,False
PP,Producer Prices,36,Australia,5530,Producer Price (LCU/tonne),01703,"Chick peas, dry",2023,2023,7021,Annual value,LCU,507.3,A,Official figure,AUS,False,False
PP,Producer Prices,36,Australia,5530,Producer Price (LCU/tonne),01703,"Chick peas, dry",2024,2024,7021,Annual value,LCU,733.4,A,Official figure,AUS,False,False
PP,Producer Prices,36,Australia,5530,Producer Price (LCU/tonne),01231,"Chillies and peppers, green (Capsicum spp. and Pimenta spp.)",2001,2001,7021,Annual value,LCU,1650.0,A,Official figure,AUS,False,False
PP,Producer Prices,36,Australia,5530,Producer Price (LCU/tonne),01231,"Chillies and peppers, green (Capsicum spp. and Pimenta spp.)",2002,2002,7021,Annual value,LCU,1490.0,A,Official figure,AUS,False,False
PP,Producer Prices,36,Australia,5530,Producer Price (LCU/tonne),01231,"Chillies and peppers, green (Capsicum spp. and Pimenta spp.)",2003,2003,7021,Annual value,LCU,1770.0,A,Official figure,AUS,False,False
PP,Producer Prices,36,Australia,5530,Producer Price (LCU/tonne),01231,"Chillies and peppers, green (Capsicum spp. and Pimenta spp.)",2004,2004,7021,Annual value,LCU,2058.0,A,Official figure,AUS,False,False
PP,Producer Prices,36,Australia,5530,Producer Price (LCU/tonne),01231,"Chillies and peppers, green (Capsicum spp. and Pimenta spp.)",2005,2005,7021,Annual value,LCU,1690.0,A,Official figure,AUS,False,False
PP,Producer Prices,36,Australia,5530,Producer Price (LCU/tonne),01231,"Chillies and peppers, green (Capsicum spp. and Pimenta spp.)",2006,2006,7021,Annual value,LCU,2080.0,A,Official figure,AUS,False,False
PP,Producer Prices,36,Australia,5530,Producer Price (LCU/tonne),01231,"Chillies and peppers, green (Capsicum spp. and Pimenta spp.)",2007,2007,7021,Annual value,LCU,2270.0,A,Official figure,AUS,False,False
PP,Producer Prices,36,Australia,5530,Producer Price (LCU/tonne),01231,"Chillies and peppers, green (Capsicum spp. and Pimenta spp.)",2008,2008,7021,Annual value,LCU,3250.0,A,Official figure,AUS,False,False
PP,Producer Prices,36,Australia,5530,Producer Price (LCU/tonne),01231,"Chillies and peppers, green (Capsicum spp. and Pimenta spp.)",2009,2009,7021,Annual value,LCU,2400.0,A,Official figure,AUS,False,False
PP,Producer Prices,36,Australia,5530,Producer Price (LCU/tonne),01231,"Chillies and peppers, green (Capsicum spp. and Pimenta spp.)",2011,2011,7021,Annual value,LCU,2230.0,A,Official figure,AUS,False,False
PP,Producer Prices,36,Australia,5530,Producer Price (LCU/tonne),01231,"Chillies and peppers, green (Capsicum spp. and Pimenta spp.)",2012,2012,7021,Annual value,LCU,2310.0,A,Official figure,AUS,False,False
PP,Producer Prices,36,Australia,5530,Producer Price (LCU/tonne),01231,"Chillies and peppers, green (Capsicum spp. and Pimenta spp.)",2020,2020,7021,Annual value,LCU,2852.4,A,Official figure,AUS,False,False
PP,Producer Prices,36,Australia,5530,Producer Price (LCU/tonne),01231,"Chillies and peppers, green (Capsicum spp. and Pimenta spp.)",2021,2021,7021,Annual value,LCU,2575.3,A,Official figure,AUS,False,False
PP,Producer Prices,36,Australia,5530,Producer Price (LCU/tonne),01231,"Chillies and peppers, green (Capsicum spp. and Pimenta spp.)",2023,2023,7021,Annual value,LCU,3019.1,A,Official figure,AUS,False,False
PP,Producer Prices,36,Australia,5530,Producer Price (LCU/tonne),01231,"Chillies and peppers, green (Capsicum spp. and Pimenta spp.)",2024,2024,7021,Annual value,LCU,2972.5,A,Official figure,AUS,False,False
PP,Producer Prices,36,Australia,5530,Producer Price (LCU/tonne),01921.02,"Cotton lint, ginned",2015,2015,7021,Annual value,LCU,2273.0,A,Official figure,AUS,False,False
PP,Producer Prices,36,Australia,5530,Producer Price (LCU/tonne),01921.02,"Cotton lint, ginned",2016,2016,7021,Annual value,LCU,2171.0,A,Official figure,AUS,False,False
PP,Producer Prices,36,Australia,5530,Producer Price (LCU/tonne),01921.02,"Cotton lint, ginned",2017,2017,7021,Annual value,LCU,2432.0,A,Official figure,AUS,False,False
PP,Producer Prices,36,Australia,5530,Producer Price (LCU/tonne),01921.02,"Cotton lint, ginned",2018,2018,7021,Annual value,LCU,2644.0,A,Official figure,AUS,False,False
PP,Producer Prices,36,Australia,5530,Producer Price (LCU/tonne),01921.02,"Cotton lint, ginned",2019,2019,7021,Annual value,LCU,2728.0,A,Official figure,AUS,False,False
PP,Producer Prices,36,Australia,5530,Producer Price (LCU/tonne),01921.02,"Cotton lint, ginned",2020,2020,7021,Annual value,LCU,2197.8,A,Official figure,AUS,False,False
PP,Producer Prices,36,Australia,5530,Producer Price (LCU/tonne),01921.02,"Cotton lint, ginned",2021,2021,7021,Annual value,LCU,2588.9,A,Official figure,AUS,False,False
PP,Producer Prices,36,Australia,5530,Producer Price (LCU/tonne),01921.02,"Cotton lint, ginned",2022,2022,7021,Annual value,LCU,3292.9,A,Official figure,AUS,False,False
PP,Producer Prices,36,Australia,5530,Producer Price (LCU/tonne),01706,"Cow peas, dry",1992,1992,7021,Annual value,LCU,669.0,A,Official figure,AUS,False,False
PP,Producer Prices,36,Australia,5530,Producer Price (LCU/tonne),01706,"Cow peas, dry",1993,1993,7021,Annual value,LCU,906.0,A,Official figure,AUS,False,True
PP,Producer Prices,36,Australia,5530,Producer Price (LCU/tonne),01706,"Cow peas, dry",1994,1994,7021,Annual value,LCU,450.0,A,Official figure,AUS,False,False
PP,Producer Prices,36,Australia,5530,Producer Price (LCU/tonne),01706,"Cow peas, dry",1995,1995,7021,Annual value,LCU,440.0,A,Official figure,AUS,False,False
PP,Producer Prices,36,Australia,5530,Producer Price (LCU/tonne),01706,"Cow peas, dry",1996,1996,7021,Annual value,LCU,450.0,A,Official figure,AUS,False,False
PP,Producer Prices,36,Australia,5530,Producer Price (LCU/tonne),01706,"Cow peas, dry",1997,1997,7021,Annual value,LCU,290.0,A,Official figure,AUS,False,False
PP,Producer Prices,36,Australia,5530,Producer Price (LCU/tonne),01706,"Cow peas, dry",1998,1998,7021,Annual value,LCU,340.0,A,Official figure,AUS,False,False
PP,Producer Prices,36,Australia,5530,Producer Price (LCU/tonne),01706,"Cow peas, dry",1999,1999,7021,Annual value,LCU,260.0,A,Official figure,AUS,False,False
PP,Producer Prices,36,Australia,5530,Producer Price (LCU/tonne),01706,"Cow peas, dry",2000,2000,7021,Annual value,LCU,250.0,A,Official figure,AUS,False,False
PP,Producer Prices,36,Australia,5530,Producer Price (LCU/tonne),01706,"Cow peas, dry",2001,2001,7021,Annual value,LCU,370.0,A,Official figure,AUS,False,False
PP,Producer Prices,36,Australia,5530,Producer Price (LCU/tonne),01706,"Cow peas, dry",2002,2002,7021,Annual value,LCU,300.0,A,Official figure,AUS,False,False
PP,Producer Prices,36,Australia,5530,Producer Price (LCU/tonne),01706,"Cow peas, dry",2003,2003,7021,Annual value,LCU,400.0,A,Official figure,AUS,False,False
PP,Producer Prices,36,Australia,5530,Producer Price (LCU/tonne),01706,"Cow peas, dry",2004,2004,7021,Annual value,LCU,342.0,A,Official figure,AUS,False,False
PP,Producer Prices,36,Australia,5530,Producer Price (LCU/tonne),01706,"Cow peas, dry",2005,2005,7021,Annual value,LCU,383.0,A,Official figure,AUS,False,False
PP,Producer Prices,36,Australia,5530,Producer Price (LCU/tonne),01706,"Cow peas, dry",2006,2006,7021,Annual value,LCU,230.0,A,Official figure,AUS,False,False
PP,Producer Prices,36,Australia,5530,Producer Price (LCU/tonne),01706,"Cow peas, dry",2007,2007,7021,Annual value,LCU,410.0,A,Official figure,AUS,False,False
PP,Producer Prices,36,Australia,5530,Producer Price (LCU/tonne),01232,Cucumbers and gherkins,1991,1991,7021,Annual value,LCU,744.0,A,Official figure,AUS,False,False
PP,Producer Prices,36,Australia,5530,Producer Price (LCU/tonne),01232,Cucumbers and gherkins,1992,1992,7021,Annual value,LCU,793.0,A,Official figure,AUS,False,False
PP,Producer Prices,36,Australia,5530,Producer Price (LCU/tonne),01232,Cucumbers and gherkins,1993,1993,7021,Annual value,LCU,831.0,A,Official figure,AUS,False,False
PP,Producer Prices,36,Australia,5530,Producer Price (LCU/tonne),01232,Cucumbers and gherkins,1994,1994,7021,Annual value,LCU,954.0,A,Official figure,AUS,False,False
PP,Producer Prices,36,Australia,5530,Producer Price (LCU/tonne),01232,Cucumbers and gherkins,1995,1995,7021,Annual value,LCU,1100.0,A,Official figure,AUS,False,False
PP,Producer Prices,36,Australia,5530,Producer Price (LCU/tonne),01232,Cucumbers and gherkins,1996,1996,7021,Annual value,LCU,1080.0,A,Official figure,AUS,False,False
PP,Producer Prices,36,Australia,5530,Producer Price (LCU/tonne),01232,Cucumbers and gherkins,1997,1997,7021,Annual value,LCU,1030.0,A,Official figure,AUS,False,False
PP,Producer Prices,36,Australia,5530,Producer Price (LCU/tonne),01232,Cucumbers and gherkins,1998,1998,7021,Annual value,LCU,1030.0,A,Official figure,AUS,False,False
PP,Producer Prices,36,Australia,5530,Producer Price (LCU/tonne),01232,Cucumbers and gherkins,1999,1999,7021,Annual value,LCU,1100.0,A,Official figure,AUS,False,False
PP,Producer Prices,36,Australia,5530,Producer Price (LCU/tonne),01232,Cucumbers and gherkins,2000,2000,7021,Annual value,LCU,990.0,A,Official figure,AUS,False,False
PP,Producer Prices,36,Australia,5530,Producer Price (LCU/tonne),01232,Cucumbers and gherkins,2001,2001,7021,Annual value,LCU,1400.0,A,Official figure,AUS,False,False
PP,Producer Prices,36,Australia,5530,Producer Price (LCU/tonne),01232,Cucumbers and gherkins,2002,2002,7021,Annual value,LCU,1290.0,A,Official figure,AUS,False,False
PP,Producer Prices,36,Australia,5530,Producer Price (LCU/tonne),01232,Cucumbers and gherkins,2006,2006,7021,Annual value,LCU,2570.0,A,Official figure,AUS,False,False
PP,Producer Prices,36,Australia,5530,Producer Price (LCU/tonne),01232,Cucumbers and gherkins,2007,2007,7021,Annual value,LCU,2180.0,A,Official figure,AUS,False,False
PP,Producer Prices,36,Australia,5530,Producer Price (LCU/tonne),01232,Cucumbers and gherkins,2008,2008,7021,Annual value,LCU,2410.0,A,Official figure,AUS,False,False
PP,Producer Prices,36,Australia,5530,Producer Price (LCU/tonne),01232,Cucumbers and gherkins,2009,2009,7021,Annual value,LCU,2360.0,A,Official figure,AUS,False,False
PP,Producer Prices,36,Australia,5530,Producer Price (LCU/tonne),01232,Cucumbers and gherkins,2014,2014,7021,Annual value,LCU,2111.0,A,Official figure,AUS,False,False
PP,Producer Prices,36,Australia,5530,Producer Price (LCU/tonne),01232,Cucumbers and gherkins,2023,2023,7021,Annual value,LCU,2285.2,A,Official figure,AUS,False,False
PP,Producer Prices,36,Australia,5530,Producer Price (LCU/tonne),01232,Cucumbers and gherkins,2024,2024,7021,Annual value,LCU,1814.3,A,Official figure,AUS,False,False
PP,Producer Prices,36,Australia,5530,Producer Price (LCU/tonne),01351.01,Currants,1991,1991,7021,Annual value,LCU,1150.0,A,Official figure,AUS,False,False
PP,Producer Prices,36,Australia,5530,Producer Price (LCU/tonne),01351.01,Currants,1992,1992,7021,Annual value,LCU,1150.0,A,Official figure,AUS,False,False
PP,Producer Prices,36,Australia,5530,Producer Price (LCU/tonne),01351.01,Currants,1993,1993,7021,Annual value,LCU,1150.0,A,Official figure,AUS,False,False
PP,Producer Prices,36,Australia,5530,Producer Price (LCU/tonne),01351.01,Currants,1994,1994,7021,Annual value,LCU,1180.0,A,Official figure,AUS,False,False
PP,Producer Prices,36,Australia,5530,Producer Price (LCU/tonne),01351.01,Currants,1995,1995,7021,Annual value,LCU,1200.0,A,Official figure,AUS,False,False
PP,Producer Prices,36,Australia,5530,Producer Price (LCU/tonne),01351.01,Currants,1996,1996,7021,Annual value,LCU,1210.0,A,Official figure,AUS,False,False
PP,Producer Prices,36,Australia,5530,Producer Price (LCU/tonne),01351.01,Currants,1997,1997,7021,Annual value,LCU,1160.0,A,Official figure,AUS,False,False
PP,Producer Prices,36,Australia,5530,Producer Price (LCU/tonne),01351.01,Currants,1998,1998,7021,Annual value,LCU,1160.0,A,Official figure,AUS,False,False
PP,Producer Prices,36,Australia,5530,Producer Price (LCU/tonne),01351.01,Currants,1999,1999,7021,Annual value,LCU,1200.0,A,Official figure,AUS,False,False
PP,Producer Prices,36,Australia,5530,Producer Price (LCU/tonne),01351.01,Currants,2000,2000,7021,Annual value,LCU,1300.0,A,Official figure,AUS,False,False
PP,Producer Prices,36,Australia,5530,Producer Price (LCU/tonne),01351.01,Currants,2001,2001,7021,Annual value,LCU,1320.0,A,Official figure,AUS,False,False
PP,Producer Prices,36,Australia,5530,Producer Price (LCU/tonne),01351.01,Currants,2002,2002,7021,Annual value,LCU,1370.0,A,Official figure,AUS,False,False
PP,Producer Prices,36,Australia,5530,Producer Price (LCU/tonne),01351.01,Currants,2003,2003,7021,Annual value,LCU,1300.0,A,Official figure,AUS,False,False
PP,Producer Prices,36,Australia,5530,Producer Price (LCU/tonne),01351.01,Currants,2004,2004,7021,Annual value,LCU,1310.0,A,Official figure,AUS,False,False
PP,Producer Prices,36,Australia,5530,Producer Price (LCU/tonne),01351.01,Currants,2005,2005,7021,Annual value,LCU,1380.0,A,Official figure,AUS,False,False
PP,Producer Prices,36,Australia,5530,Producer Price (LCU/tonne),01351.01,Currants,2006,2006,7021,Annual value,LCU,1470.0,A,Official figure,AUS,False,False
PP,Producer Prices,36,Australia,5530,Producer Price (LCU/tonne),01351.01,Currants,2007,2007,7021,Annual value,LCU,1470.0,A,Official figure,AUS,False,False
PP,Producer Prices,36,Australia,5530,Producer Price (LCU/tonne),01351.01,Currants,2009,2009,7021,Annual value,LCU,1520.0,A,Official figure,AUS,False,False
PP,Producer Prices,36,Australia,5530,Producer Price (LCU/tonne),01351.01,Currants,2011,2011,7021,Annual value,LCU,1840.0,A,Official figure,AUS,False,False
PP,Producer Prices,36,Australia,5530,Producer Price (LCU/tonne),01314,Dates,2004,2004,7021,Annual value,LCU,1100.0,A,Official figure,AUS,False,False
PP,Producer Prices,36,Australia,5530,Producer Price (LCU/tonne),01314,Dates,2005,2005,7021,Annual value,LCU,1100.0,A,Official figure,AUS,False,False
PP,Producer Prices,36,Australia,5530,Producer Price (LCU/tonne),01314,Dates,2007,2007,7021,Annual value,LCU,5000.0,A,Official figure,AUS,False,False
PP,Producer Prices,36,Australia,5530,Producer Price (LCU/tonne),01314,Dates,2009,2009,7021,Annual value,LCU,4250.0,A,Official figure,AUS,False,False
PP,Producer Prices,36,Australia,5530,Producer Price (LCU/tonne),01314,Dates,2011,2011,7021,Annual value,LCU,2910.0,A,Official figure,AUS,False,False
PP,Producer Prices,36,Australia,5530,Producer Price (LCU/tonne),01330,Grapes,1991,1991,7021,Annual value,LCU,352.0,A,Official figure,AUS,False,False
PP,Producer Prices,36,Australia,5530,Producer Price (LCU/tonne),01330,Grapes,1992,1992,7021,Annual value,LCU,405.0,A,Official figure,AUS,False,False
PP,Producer Prices,36,Australia,5530,Producer Price (LCU/tonne),01330,Grapes,1993,1993,7021,Annual value,LCU,396.0,A,Official figure,AUS,False,False
PP,Producer Prices,36,Australia,5530,Producer Price (LCU/tonne),01330,Grapes,1994,1994,7021,Annual value,LCU,437.0,A,Official figure,AUS,False,False
PP,Producer Prices,36,Australia,5530,Producer Price (LCU/tonne),01330,Grapes,1995,1995,7021,Annual value,LCU,621.0,A,Official figure,AUS,False,False
PP,Producer Prices,36,Australia,5530,Producer Price (LCU/tonne),01330,Grapes,1996,1996,7021,Annual value,LCU,642.0,A,Official figure,AUS,False,False
PP,Producer Prices,36,Australia,5530,Producer Price (LCU/tonne),01330,Grapes,1997,1997,7021,Annual value,LCU,715.0,A,Official figure,AUS,False,False
PP,Producer Prices,36,Australia,5530,Producer Price (LCU/tonne),01330,Grapes,1998,1998,7021,Annual value,LCU,879.0,A,Official figure,AUS,False,False
PP,Producer Prices,36,Australia,5530,Producer Price (LCU/tonne),01330,Grapes,1999,1999,7021,Annual value,LCU,905.0,A,Official figure,AUS,False,False
PP,Producer Prices,36,Australia,5530,Producer Price (LCU/tonne),01330,Grapes,2000,2000,7021,Annual value,LCU,813.0,A,Official figure,AUS,False,False
PP,Producer Prices,36,Australia,5530,Producer Price (LCU/tonne),01330,Grapes,2001,2001,7021,Annual value,LCU,939.0,A,Official figure,AUS,False,False
PP,Producer Prices,36,Australia,5530,Producer Price (LCU/tonne),01330,Grapes,2002,2002,7021,Annual value,LCU,849.0,A,Official figure,AUS,False,False
PP,Producer Prices,36,Australia,5530,Producer Price (LCU/tonne),01330,Grapes,2003,2003,7021,Annual value,LCU,862.0,A,Official figure,AUS,False,False
PP,Producer Prices,36,Australia,5530,Producer Price (LCU/tonne),01330,Grapes,2004,2004,7021,Annual value,LCU,821.0,A,Official figure,AUS,False,False
PP,Producer Prices,36,Australia,5530,Producer Price (LCU/tonne),01330,Grapes,2005,2005,7021,Annual value,LCU,709.0,A,Official figure,AUS,False,False
PP,Producer Prices,36,Australia,5530,Producer Price (LCU/tonne),01330,Grapes,2006,2006,7021,Annual value,LCU,729.0,A,Official figure,AUS,False,False
PP,Producer Prices,36,Australia,5530,Producer Price (LCU/tonne),01330,Grapes,2007,2007,7021,Annual value,LCU,776.0,A,Official figure,AUS,False,False
PP,Producer Prices,36,Australia,5530,Producer Price (LCU/tonne),01330,Grapes,2008,2008,7021,Annual value,LCU,885.0,A,Official figure,AUS,False,False
PP,Producer Prices,36,Australia,5530,Producer Price (LCU/tonne),01330,Grapes,2009,2009,7021,Annual value,LCU,675.0,A,Official figure,AUS,False,False
PP,Producer Prices,36,Australia,5530,Producer Price (LCU/tonne),01330,Grapes,2010,2010,7021,Annual value,LCU,659.0,A,Official figure,AUS,False,False
PP,Producer Prices,36,Australia,5530,Producer Price (LCU/tonne),01330,Grapes,2011,2011,7021,Annual value,LCU,591.0,A,Official figure,AUS,False,False
PP,Producer Prices,36,Australia,5530,Producer Price (LCU/tonne),01330,Grapes,2012,2012,7021,Annual value,LCU,628.0,A,Official figure,AUS,False,False
PP,Producer Prices,36,Australia,5530,Producer Price (LCU/tonne),01330,Grapes,2013,2013,7021,Annual value,LCU,659.0,A,Official figure,AUS,False,False
PP,Producer Prices,36,Australia,5530,Producer Price (LCU/tonne),01330,Grapes,2014,2014,7021,Annual value,LCU,644.0,A,Official figure,AUS,False,False
PP,Producer Prices,36,Australia,5530,Producer Price (LCU/tonne),01330,Grapes,2015,2015,7021,Annual value,LCU,641.0,A,Official figure,AUS,False,False
PP,Producer Prices,36,Australia,5530,Producer Price (LCU/tonne),01330,Grapes,2016,2016,7021,Annual value,LCU,752.0,A,Official figure,AUS,False,False
PP,Producer Prices,36,Australia,5530,Producer Price (LCU/tonne),01330,Grapes,2017,2017,7021,Annual value,LCU,808.0,A,Official figure,AUS,False,False
PP,Producer Prices,36,Australia,5530,Producer Price (LCU/tonne),01330,Grapes,2018,2018,7021,Annual value,LCU,840.0,A,Official figure,AUS,False,False
PP,Producer Prices,36,Australia,5530,Producer Price (LCU/tonne),01330,Grapes,2019,2019,7021,Annual value,LCU,938.0,A,Official figure,AUS,False,False
PP,Producer Prices,36,Australia,5530,Producer Price (LCU/tonne),01330,Grapes,2020,2020,7021,Annual value,LCU,1023.7,A,Official figure,AUS,False,False
PP,Producer Prices,36,Australia,5530,Producer Price (LCU/tonne),01330,Grapes,2021,2021,7021,Annual value,LCU,955.8,A,Official figure,AUS,False,False
PP,Producer Prices,36,Australia,5530,Producer Price (LCU/tonne),01330,Grapes,2022,2022,7021,Annual value,LCU,693.8,A,Official figure,AUS,False,False
PP,Producer Prices,36,Australia,5530,Producer Price (LCU/tonne),01330,Grapes,2023,2023,7021,Annual value,LCU,3943.1,A,Official figure,AUS,False,True
PP,Producer Prices,36,Australia,5530,Producer Price (LCU/tonne),01330,Grapes,2024,2024,7021,Annual value,LCU,4027.2,A,Official figure,AUS,False,True
PP,Producer Prices,36,Australia,5530,Producer Price (LCU/tonne),01290.01,Green corn (maize),2017,2017,7021,Annual value,LCU,1501.0,A,Official figure,AUS,False,False
PP,Producer Prices,36,Australia,5530,Producer Price (LCU/tonne),01290.01,Green corn (maize),2018,2018,7021,Annual value,LCU,1342.0,A,Official figure,AUS,False,False
PP,Producer Prices,36,Australia,5530,Producer Price (LCU/tonne),01290.01,Green corn (maize),2019,2019,7021,Annual value,LCU,1440.0,A,Official figure,AUS,False,False
PP,Producer Prices,36,Australia,5530,Producer Price (LCU/tonne),01290.01,Green corn (maize),2020,2020,7021,Annual value,LCU,1999.0,A,Official figure,AUS,False,False
PP,Producer Prices,36,Australia,5530,Producer Price (LCU/tonne),01290.01,Green corn (maize),2021,2021,7021,Annual value,LCU,1753.1,A,Official figure,AUS,False,False
PP,Producer Prices,36,Australia,5530,Producer Price (LCU/tonne),0142,"Groundnuts, excluding shelled",1991,1991,7021,Annual value,LCU,1096.0,A,Official figure,AUS,False,False
PP,Producer Prices,36,Australia,5530,Producer Price (LCU/tonne),0142,"Groundnuts, excluding shelled",1992,1992,7021,Annual value,LCU,1060.0,A,Official figure,AUS,False,False
PP,Producer Prices,36,Australia,5530,Producer Price (LCU/tonne),0142,"Groundnuts, excluding shelled",1993,1993,7021,Annual value,LCU,1016.0,A,Official figure,AUS,False,False
PP,Producer Prices,36,Australia,5530,Producer Price (LCU/tonne),0142,"Groundnuts, excluding shelled",1994,1994,7021,Annual value,LCU,754.0,A,Official figure,AUS,False,False
PP,Producer Prices,36,Australia,5530,Producer Price (LCU/tonne),0142,"Groundnuts, excluding shelled",1995,1995,7021,Annual value,LCU,744.0,A,Official figure,AUS,False,False
PP,Producer Prices,36,Australia,5530,Producer Price (LCU/tonne),0142,"Groundnuts, excluding shelled",1996,1996,7021,Annual value,LCU,730.0,A,Official figure,AUS,False,False
PP,Producer Prices,36,Australia,5530,Producer Price (LCU/tonne),0142,"Groundnuts, excluding shelled",1997,1997,7021,Annual value,LCU,740.0,A,Official figure,AUS,False,False
PP,Producer Prices,36,Australia,5530,Producer Price (LCU/tonne),0142,"Groundnuts, excluding shelled",1998,1998,7021,Annual value,LCU,670.0,A,Official figure,AUS,False,False
PP,Producer Prices,36,Australia,5530,Producer Price (LCU/tonne),0142,"Groundnuts, excluding shelled",1999,1999,7021,Annual value,LCU,660.0,A,Official figure,AUS,False,False
PP,Producer Prices,36,Australia,5530,Producer Price (LCU/tonne),0142,"Groundnuts, excluding shelled",2000,2000,7021,Annual value,LCU,670.0,A,Official figure,AUS,False,False
PP,Producer Prices,36,Australia,5530,Producer Price (LCU/tonne),0142,"Groundnuts, excluding shelled",2001,2001,7021,Annual value,LCU,710.0,A,Official figure,AUS,False,False
PP,Producer Prices,36,Australia,5530,Producer Price (LCU/tonne),0142,"Groundnuts, excluding shelled",2002,2002,7021,Annual value,LCU,700.0,A,Official figure,AUS,False,False
PP,Producer Prices,36,Australia,5530,Producer Price (LCU/tonne),0142,"Groundnuts, excluding shelled",2003,2003,7021,Annual value,LCU,790.0,A,Official figure,AUS,False,False
PP,Producer Prices,36,Australia,5530,Producer Price (LCU/tonne),0142,"Groundnuts, excluding shelled",2004,2004,7021,Annual value,LCU,680.0,A,Official figure,AUS,False,False
PP,Producer Prices,36,Australia,5530,Producer Price (LCU/tonne),0142,"Groundnuts, excluding shelled",2005,2005,7021,Annual value,LCU,660.0,A,Official figure,AUS,False,False
PP,Producer Prices,36,Australia,5530,Producer Price (LCU/tonne),0142,"Groundnuts, excluding shelled",2006,2006,7021,Annual value,LCU,700.0,A,Official figure,AUS,False,False
PP,Producer Prices,36,Australia,5530,Producer Price (LCU/tonne),0142,"Groundnuts, excluding shelled",2007,2007,7021,Annual value,LCU,800.0,A,Official figure,AUS,False,False
PP,Producer Prices,36,Australia,5530,Producer Price (LCU/tonne),0142,"Groundnuts, excluding shelled",2009,2009,7021,Annual value,LCU,910.0,A,Official figure,AUS,False,False
PP,Producer Prices,36,Australia,5530,Producer Price (LCU/tonne),0142,"Groundnuts, excluding shelled",2011,2011,7021,Annual value,LCU,830.0,A,Official figure,AUS,False,False
PP,Producer Prices,36,Australia,5530,Producer Price (LCU/tonne),0142,"Groundnuts, excluding shelled",2012,2012,7021,Annual value,LCU,910.0,A,Official figure,AUS,False,False
PP,Producer Prices,36,Australia,5530,Producer Price (LCU/tonne),0142,"Groundnuts, excluding shelled",2013,2013,7021,Annual value,LCU,870.0,A,Official figure,AUS,False,False
PP,Producer Prices,36,Australia,5530,Producer Price (LCU/tonne),0142,"Groundnuts, excluding shelled",2014,2014,7021,Annual value,LCU,1009.0,A,Official figure,AUS,False,False
PP,Producer Prices,36,Australia,5530,Producer Price (LCU/tonne),0142,"Groundnuts, excluding shelled",2015,2015,7021,Annual value,LCU,991.0,A,Official figure,AUS,False,False
PP,Producer Prices,36,Australia,5530,Producer Price (LCU/tonne),0142,"Groundnuts, excluding shelled",2016,2016,7021,Annual value,LCU,1095.0,A,Official figure,AUS,False,False
PP,Producer Prices,36,Australia,5530,Producer Price (LCU/tonne),0142,"Groundnuts, excluding shelled",2017,2017,7021,Annual value,LCU,1252.0,A,Official figure,AUS,False,False
PP,Producer Prices,36,Australia,5530,Producer Price (LCU/tonne),0142,"Groundnuts, excluding shelled",2018,2018,7021,Annual value,LCU,1329.0,A,Official figure,AUS,False,False
PP,Producer Prices,36,Australia,5530,Producer Price (LCU/tonne),0231,"Hen eggs in shell, fresh",1991,1991,7021,Annual value,LCU,3247.0,A,Official figure,AUS,False,False
PP,Producer Prices,36,Australia,5530,Producer Price (LCU/tonne),0231,"Hen eggs in shell, fresh",1992,1992,7021,Annual value,LCU,3136.0,A,Official figure,AUS,False,False
PP,Producer Prices,36,Australia,5530,Producer Price (LCU/tonne),0231,"Hen eggs in shell, fresh",1993,1993,7021,Annual value,LCU,3145.0,A,Official figure,AUS,False,False
PP,Producer Prices,36,Australia,5530,Producer Price (LCU/tonne),0231,"Hen eggs in shell, fresh",1994,1994,7021,Annual value,LCU,2973.0,A,Official figure,AUS,False,False
PP,Producer Prices,36,Australia,5530,Producer Price (LCU/tonne),0231,"Hen eggs in shell, fresh",1995,1995,7021,Annual value,LCU,1985.0,A,Official figure,AUS,False,False
PP,Producer Prices,36,Australia,5530,Producer Price (LCU/tonne),0231,"Hen eggs in shell, fresh",1996,1996,7021,Annual value,LCU,2262.0,A,Official figure,AUS,False,False
PP,Producer Prices,36,Australia,5530,Producer Price (LCU/tonne),0231,"Hen eggs in shell, fresh",1997,1997,7021,Annual value,LCU,2379.0,A,Official figure,AUS,False,False
PP,Producer Prices,36,Australia,5530,Producer Price (LCU/tonne),0231,"Hen eggs in shell, fresh",1998,1998,7021,Annual value,LCU,2773.0,A,Official figure,AUS,False,False
PP,Producer Prices,36,Australia,5530,Producer Price (LCU/tonne),0231,"Hen eggs in shell, fresh",1999,1999,7021,Annual value,LCU,2697.0,A,Official figure,AUS,False,False
PP,Producer Prices,36,Australia,5530,Producer Price (LCU/tonne),0231,"Hen eggs in shell, fresh",2000,2000,7021,Annual value,LCU,2606.0,A,Official figure,AUS,False,False
PP,Producer Prices,36,Australia,5530,Producer Price (LCU/tonne),0231,"Hen eggs in shell, fresh",2001,2001,7021,Annual value,LCU,2485.0,A,Official figure,AUS,False,False
PP,Producer Prices,36,Australia,5530,Producer Price (LCU/tonne),0231,"Hen eggs in shell, fresh",2002,2002,7021,Annual value,LCU,2591.0,A,Official figure,AUS,False,False
PP,Producer Prices,36,Australia,5530,Producer Price (LCU/tonne),0231,"Hen eggs in shell, fresh",2003,2003,7021,Annual value,LCU,2364.0,A,Official figure,AUS,False,False
PP,Producer Prices,36,Australia,5530,Producer Price (LCU/tonne),0231,"Hen eggs in shell, fresh",2004,2004,7021,Annual value,LCU,2636.0,A,Official figure,AUS,False,False
PP,Producer Prices,36,Australia,5530,Producer Price (LCU/tonne),0231,"Hen eggs in shell, fresh",2005,2005,7021,Annual value,LCU,2455.0,A,Official figure,AUS,False,False
PP,Producer Prices,36,Australia,5530,Producer Price (LCU/tonne),0231,"Hen eggs in shell, fresh",2006,2006,7021,Annual value,LCU,2273.0,A,Official figure,AUS,False,False
PP,Producer Prices,36,Australia,5530,Producer Price (LCU/tonne),0231,"Hen eggs in shell, fresh",2007,2007,7021,Annual value,LCU,2455.0,A,Official figure,AUS,False,False
PP,Producer Prices,36,Australia,5530,Producer Price (LCU/tonne),0231,"Hen eggs in shell, fresh",2008,2008,7021,Annual value,LCU,2879.0,A,Official figure,AUS,False,False
PP,Producer Prices,36,Australia,5530,Producer Price (LCU/tonne),0231,"Hen eggs in shell, fresh",2009,2009,7021,Annual value,LCU,2909.0,A,Official figure,AUS,False,False
PP,Producer Prices,36,Australia,5530,Producer Price (LCU/tonne),0231,"Hen eggs in shell, fresh",2010,2010,7021,Annual value,LCU,2545.0,A,Official figure,AUS,False,False
PP,Producer Prices,36,Australia,5530,Producer Price (LCU/tonne),0231,"Hen eggs in shell, fresh",2011,2011,7021,Annual value,LCU,3045.0,A,Official figure,AUS,False,False
PP,Producer Prices,36,Australia,5530,Producer Price (LCU/tonne),0231,"Hen eggs in shell, fresh",2012,2012,7021,Annual value,LCU,2970.0,A,Official figure,AUS,False,False
PP,Producer Prices,36,Australia,5530,Producer Price (LCU/tonne),0231,"Hen eggs in shell, fresh",2013,2013,7021,Annual value,LCU,2956.0,A,Official figure,AUS,False,False
PP,Producer Prices,36,Australia,5530,Producer Price (LCU/tonne),0231,"Hen eggs in shell, fresh",2014,2014,7021,Annual value,LCU,2967.0,A,Official figure,AUS,False,False
PP,Producer Prices,36,Australia,5530,Producer Price (LCU/tonne),0231,"Hen eggs in shell, fresh",2015,2015,7021,Annual value,LCU,3012.0,A,Official figure,AUS,False,False
PP,Producer Prices,36,Australia,5530,Producer Price (LCU/tonne),0231,"Hen eggs in shell, fresh",2016,2016,7021,Annual value,LCU,3944.0,A,Official figure,AUS,False,False
PP,Producer Prices,36,Australia,5530,Producer Price (LCU/tonne),0231,"Hen eggs in shell, fresh",2017,2017,7021,Annual value,LCU,3310.0,A,Official figure,AUS,False,False
PP,Producer Prices,36,Australia,5530,Producer Price (LCU/tonne),0231,"Hen eggs in shell, fresh",2018,2018,7021,Annual value,LCU,3199.0,A,Official figure,AUS,False,False
PP,Producer Prices,36,Australia,5530,Producer Price (LCU/tonne),0231,"Hen eggs in shell, fresh",2019,2019,7021,Annual value,LCU,3259.0,A,Official figure,AUS,False,False
PP,Producer Prices,36,Australia,5530,Producer Price (LCU/tonne),0231,"Hen eggs in shell, fresh",2020,2020,7021,Annual value,LCU,3718.8,A,Official figure,AUS,False,False
PP,Producer Prices,36,Australia,5530,Producer Price (LCU/tonne),0231,"Hen eggs in shell, fresh",2021,2021,7021,Annual value,LCU,3509.3,A,Official figure,AUS,False,False
PP,Producer Prices,36,Australia,5530,Producer Price (LCU/tonne),0231,"Hen eggs in shell, fresh",2022,2022,7021,Annual value,LCU,3595.6,A,Official figure,AUS,False,False
PP,Producer Prices,36,Australia,5530,Producer Price (LCU/tonne),01659,Hop cones,1991,1991,7021,Annual value,LCU,6033.0,A,Official figure,AUS,False,False
PP,Producer Prices,36,Australia,5530,Producer Price (LCU/tonne),01659,Hop cones,1992,1992,7021,Annual value,LCU,5037.0,A,Official figure,AUS,False,False
PP,Producer Prices,36,Australia,5530,Producer Price (LCU/tonne),01659,Hop cones,1993,1993,7021,Annual value,LCU,5015.0,A,Official figure,AUS,False,False
PP,Producer Prices,36,Australia,5530,Producer Price (LCU/tonne),01659,Hop cones,1994,1994,7021,Annual value,LCU,5081.0,A,Official figure,AUS,False,False
PP,Producer Prices,36,Australia,5530,Producer Price (LCU/tonne),01659,Hop cones,1995,1995,7021,Annual value,LCU,4400.0,A,Official figure,AUS,False,False
PP,Producer Prices,36,Australia,5530,Producer Price (LCU/tonne),01659,Hop cones,1996,1996,7021,Annual value,LCU,5330.0,A,Official figure,AUS,False,False
PP,Producer Prices,36,Australia,5530,Producer Price (LCU/tonne),01659,Hop cones,1997,1997,7021,Annual value,LCU,4670.0,A,Official figure,AUS,False,False
PP,Producer Prices,36,Australia,5530,Producer Price (LCU/tonne),01659,Hop cones,1998,1998,7021,Annual value,LCU,3783.0,A,Official figure,AUS,False,False
PP,Producer Prices,36,Australia,5530,Producer Price (LCU/tonne),01659,Hop cones,1999,1999,7021,Annual value,LCU,4759.0,A,Official figure,AUS,False,False
PP,Producer Prices,36,Australia,5530,Producer Price (LCU/tonne),01659,Hop cones,2000,2000,7021,Annual value,LCU,4671.0,A,Official figure,AUS,False,False
PP,Producer Prices,36,Australia,5530,Producer Price (LCU/tonne),01659,Hop cones,2001,2001,7021,Annual value,LCU,5238.0,A,Official figure,AUS,False,False
PP,Producer Prices,36,Australia,5530,Producer Price (LCU/tonne),01659,Hop cones,2002,2002,7021,Annual value,LCU,5020.0,A,Official figure,AUS,False,False
PP,Producer Prices,36,Australia,5530,Producer Price (LCU/tonne),01659,Hop cones,2003,2003,7021,Annual value,LCU,5120.0,A,Official figure,AUS,False,False
PP,Producer Prices,36,Australia,5530,Producer Price (LCU/tonne),01659,Hop cones,2004,2004,7021,Annual value,LCU,7920.0,A,Official figure,AUS,False,False
PP,Producer Prices,36,Australia,5530,Producer Price (LCU/tonne),01659,Hop cones,2005,2005,7021,Annual value,LCU,6970.0,A,Official figure,AUS,False,False
PP,Producer Prices,36,Australia,5530,Producer Price (LCU/tonne),01659,Hop cones,2006,2006,7021,Annual value,LCU,4980.0,A,Official figure,AUS,False,False
PP,Producer Prices,36,Australia,5530,Producer Price (LCU/tonne),01659,Hop cones,2007,2007,7021,Annual value,LCU,5450.0,A,Official figure,AUS,False,False
PP,Producer Prices,36,Australia,5530,Producer Price (LCU/tonne),01659,Hop cones,2009,2009,7021,Annual value,LCU,18850.0,A,Official figure,AUS,False,True
PP,Producer Prices,36,Australia,5530,Producer Price (LCU/tonne),01659,Hop cones,2011,2011,7021,Annual value,LCU,10260.0,A,Official figure,AUS,False,True
PP,Producer Prices,36,Australia,5530,Producer Price (LCU/tonne),01352,Kiwi fruit,1997,1997,7021,Annual value,LCU,1750.0,A,Official figure,AUS,False,False
PP,Producer Prices,36,Australia,5530,Producer Price (LCU/tonne),01352,Kiwi fruit,1998,1998,7021,Annual value,LCU,1610.0,A,Official figure,AUS,False,False
PP,Producer Prices,36,Australia,5530,Producer Price (LCU/tonne),01352,Kiwi fruit,1999,1999,7021,Annual value,LCU,1930.0,A,Official figure,AUS,False,False
PP,Producer Prices,36,Australia,5530,Producer Price (LCU/tonne),01352,Kiwi fruit,2000,2000,7021,Annual value,LCU,2260.0,A,Official figure,AUS,False,False
PP,Producer Prices,36,Australia,5530,Producer Price (LCU/tonne),01352,Kiwi fruit,2001,2001,7021,Annual value,LCU,1800.0,A,Official figure,AUS,False,False
PP,Producer Prices,36,Australia,5530,Producer Price (LCU/tonne),01352,Kiwi fruit,2002,2002,7021,Annual value,LCU,2300.0,A,Official figure,AUS,False,False
PP,Producer Prices,36,Australia,5530,Producer Price (LCU/tonne),01352,Kiwi fruit,2003,2003,7021,Annual value,LCU,2160.0,A,Official figure,AUS,False,False
PP,Producer Prices,36,Australia,5530,Producer Price (LCU/tonne),01352,Kiwi fruit,2004,2004,7021,Annual value,LCU,1910.0,A,Official figure,AUS,False,False
PP,Producer Prices,36,Australia,5530,Producer Price (LCU/tonne),01352,Kiwi fruit,2005,2005,7021,Annual value,LCU,1950.0,A,Official figure,AUS,False,False
PP,Producer Prices,36,Australia,5530,Producer Price (LCU/tonne),01352,Kiwi fruit,2006,2006,7021,Annual value,LCU,2000.0,A,Official figure,AUS,False,False
PP,Producer Prices,36,Australia,5530,Producer Price (LCU/tonne),01352,Kiwi fruit,2007,2007,7021,Annual value,LCU,2560.0,A,Official figure,AUS,False,False
PP,Producer Prices,36,Australia,5530,Producer Price (LCU/tonne),01352,Kiwi fruit,2009,2009,7021,Annual value,LCU,2280.0,A,Official figure,AUS,False,False
PP,Producer Prices,36,Australia,5530,Producer Price (LCU/tonne),01352,Kiwi fruit,2011,2011,7021,Annual value,LCU,2290.0,A,Official figure,AUS,False,False
PP,Producer Prices,36,Australia,5530,Producer Price (LCU/tonne),01352,Kiwi fruit,2016,2016,7021,Annual value,LCU,2673.0,A,Official figure,AUS,False,False
PP,Producer Prices,36,Australia,5530,Producer Price (LCU/tonne),01352,Kiwi fruit,2023,2023,7021,Annual value,LCU,5394.3,A,Official figure,AUS,False,True
PP,Producer Prices,36,Australia,5530,Producer Price (LCU/tonne),01352,Kiwi fruit,2024,2024,7021,Annual value,LCU,4269.1,A,Official figure,AUS,False,True
PP,Producer Prices,36,Australia,5530,Producer Price (LCU/tonne),01322,Lemons and limes,1991,1991,7021,Annual value,LCU,400.0,A,Official figure,AUS,False,False
PP,Producer Prices,36,Australia,5530,Producer Price (LCU/tonne),01322,Lemons and limes,1992,1992,7021,Annual value,LCU,556.0,A,Official figure,AUS,False,False
PP,Producer Prices,36,Australia,5530,Producer Price (LCU/tonne),01322,Lemons and limes,1993,1993,7021,Annual value,LCU,568.0,A,Official figure,AUS,False,False
PP,Producer Prices,36,Australia,5530,Producer Price (LCU/tonne),01322,Lemons and limes,1994,1994,7021,Annual value,LCU,618.0,A,Official figure,AUS,False,False
PP,Producer Prices,36,Australia,5530,Producer Price (LCU/tonne),01322,Lemons and limes,1995,1995,7021,Annual value,LCU,558.0,A,Official figure,AUS,False,False
PP,Producer Prices,36,Australia,5530,Producer Price (LCU/tonne),01322,Lemons and limes,1996,1996,7021,Annual value,LCU,880.0,A,Official figure,AUS,False,False
PP,Producer Prices,36,Australia,5530,Producer Price (LCU/tonne),01322,Lemons and limes,1997,1997,7021,Annual value,LCU,890.0,A,Official figure,AUS,False,False
PP,Producer Prices,36,Australia,5530,Producer Price (LCU/tonne),01322,Lemons and limes,1998,1998,7021,Annual value,LCU,790.0,A,Official figure,AUS,False,False
PP,Producer Prices,36,Australia,5530,Producer Price (LCU/tonne),01322,Lemons and limes,1999,1999,7021,Annual value,LCU,770.0,A,Official figure,AUS,False,False
PP,Producer Prices,36,Australia,5530,Producer Price (LCU/tonne),01322,Lemons and limes,2000,2000,7021,Annual value,LCU,713.0,A,Official figure,AUS,False,False
PP,Producer Prices,36,Australia,5530,Producer Price (LCU/tonne),01322,Lemons and limes,2001,2001,7021,Annual value,LCU,690.0,A,Official figure,AUS,False,False
PP,Producer Prices,36,Australia,5530,Producer Price (LCU/tonne),01322,Lemons and limes,2002,2002,7021,Annual value,LCU,870.0,A,Official figure,AUS,False,False
PP,Producer Prices,36,Australia,5530,Producer Price (LCU/tonne),01322,Lemons and limes,2003,2003,7021,Annual value,LCU,820.0,A,Official figure,AUS,False,False
PP,Producer Prices,36,Australia,5530,Producer Price (LCU/tonne),01322,Lemons and limes,2004,2004,7021,Annual value,LCU,1090.0,A,Official figure,AUS,False,False
PP,Producer Prices,36,Australia,5530,Producer Price (LCU/tonne),01322,Lemons and limes,2005,2005,7021,Annual value,LCU,860.0,A,Official figure,AUS,False,False
PP,Producer Prices,36,Australia,5530,Producer Price (LCU/tonne),01322,Lemons and limes,2006,2006,7021,Annual value,LCU,982.0,A,Official figure,AUS,False,False
PP,Producer Prices,36,Australia,5530,Producer Price (LCU/tonne),01322,Lemons and limes,2007,2007,7021,Annual value,LCU,1200.0,A,Official figure,AUS,False,False
PP,Producer Prices,36,Australia,5530,Producer Price (LCU/tonne),01322,Lemons and limes,2009,2009,7021,Annual value,LCU,1759.0,A,Official figure,AUS,False,False
PP,Producer Prices,36,Australia,5530,Producer Price (LCU/tonne),01322,Lemons and limes,2011,2011,7021,Annual value,LCU,1961.0,A,Official figure,AUS,False,False
PP,Producer Prices,36,Australia,5530,Producer Price (LCU/tonne),01322,Lemons and limes,2016,2016,7021,Annual value,LCU,2391.0,A,Official figure,AUS,False,False
PP,Producer Prices,36,Australia,5530,Producer Price (LCU/tonne),01322,Lemons and limes,2023,2023,7021,Annual value,LCU,2102.0,A,Official figure,AUS,False,False
PP,Producer Prices,36,Australia,5530,Producer Price (LCU/tonne),01322,Lemons and limes,2024,2024,7021,Annual value,LCU,2160.0,A,Official figure,AUS,False,False
PP,Producer Prices,36,Australia,5530,Producer Price (LCU/tonne),01704,"Lentils, dry",1997,1997,7021,Annual value,LCU,438.0,A,Official figure,AUS,False,False
PP,Producer Prices,36,Australia,5530,Producer Price (LCU/tonne),01704,"Lentils, dry",1998,1998,7021,Annual value,LCU,499.0,A,Official figure,AUS,False,False
PP,Producer Prices,36,Australia,5530,Producer Price (LCU/tonne),01704,"Lentils, dry",1999,1999,7021,Annual value,LCU,467.0,A,Official figure,AUS,False,False
PP,Producer Prices,36,Australia,5530,Producer Price (LCU/tonne),01704,"Lentils, dry",2000,2000,7021,Annual value,LCU,467.0,A,Official figure,AUS,False,False
PP,Producer Prices,36,Australia,5530,Producer Price (LCU/tonne),01704,"Lentils, dry",2001,2001,7021,Annual value,LCU,455.0,A,Official figure,AUS,False,False
PP,Producer Prices,36,Australia,5530,Producer Price (LCU/tonne),01704,"Lentils, dry",2002,2002,7021,Annual value,LCU,446.0,A,Official figure,AUS,False,False
PP,Producer Prices,36,Australia,5530,Producer Price (LCU/tonne),01704,"Lentils, dry",2003,2003,7021,Annual value,LCU,510.0,A,Official figure,AUS,False,False
PP,Producer Prices,36,Australia,5530,Producer Price (LCU/tonne),01704,"Lentils, dry",2004,2004,7021,Annual value,LCU,365.0,A,Official figure,AUS,False,False
PP,Producer Prices,36,Australia,5530,Producer Price (LCU/tonne),01704,"Lentils, dry",2005,2005,7021,Annual value,LCU,495.0,A,Official figure,AUS,False,False
PP,Producer Prices,36,Australia,5530,Producer Price (LCU/tonne),01704,"Lentils, dry",2006,2006,7021,Annual value,LCU,433.0,A,Official figure,AUS,False,False
PP,Producer Prices,36,Australia,5530,Producer Price (LCU/tonne),01704,"Lentils, dry",2007,2007,7021,Annual value,LCU,520.0,A,Official figure,AUS,False,False
PP,Producer Prices,36,Australia,5530,Producer Price (LCU/tonne),01704,"Lentils, dry",2009,2009,7021,Annual value,LCU,1038.0,A,Official figure,AUS,False,False
PP,Producer Prices,36,Australia,5530,Producer Price (LCU/tonne),01704,"Lentils, dry",2011,2011,7021,Annual value,LCU,672.0,A,Official figure,AUS,False,False
PP,Producer Prices,36,Australia,5530,Producer Price (LCU/tonne),01704,"Lentils, dry",2016,2016,7021,Annual value,LCU,1169.0,A,Official figure,AUS,False,False
PP,Producer Prices,36,Australia,5530,Producer Price (LCU/tonne),01704,"Lentils, dry",2021,2021,7021,Annual value,LCU,707.6,A,Official figure,AUS,False,False
PP,Producer Prices,36,Australia,5530,Producer Price (LCU/tonne),01704,"Lentils, dry",2023,2023,7021,Annual value,LCU,738.1,A,Official figure,AUS,False,False
PP,Producer Prices,36,Australia,5530,Producer Price (LCU/tonne),01704,"Lentils, dry",2024,2024,7021,Annual value,LCU,845.3,A,Official figure,AUS,False,False
PP,Producer Prices,36,Australia,5530,Producer Price (LCU/tonne),01214,Lettuce and chicory,1991,1991,7021,Annual value,LCU,609.0,A,Official figure,AUS,False,False
PP,Producer Prices,36,Australia,5530,Producer Price (LCU/tonne),01214,Lettuce and chicory,1992,1992,7021,Annual value,LCU,645.0,A,Official figure,AUS,False,False
PP,Producer Prices,36,Australia,5530,Producer Price (LCU/tonne),01214,Lettuce and chicory,1993,1993,7021,Annual value,LCU,592.0,A,Official figure,AUS,False,False
PP,Producer Prices,36,Australia,5530,Producer Price (LCU/tonne),01214,Lettuce and chicory,1994,1994,7021,Annual value,LCU,637.0,A,Official figure,AUS,False,False
PP,Producer Prices,36,Australia,5530,Producer Price (LCU/tonne),01214,Lettuce and chicory,1995,1995,7021,Annual value,LCU,753.0,A,Official figure,AUS,False,False
PP,Producer Prices,36,Australia,5530,Producer Price (LCU/tonne),01214,Lettuce and chicory,1996,1996,7021,Annual value,LCU,716.0,A,Official figure,AUS,False,False
PP,Producer Prices,36,Australia,5530,Producer Price (LCU/tonne),01214,Lettuce and chicory,1997,1997,7021,Annual value,LCU,684.0,A,Official figure,AUS,False,False
PP,Producer Prices,36,Australia,5530,Producer Price (LCU/tonne),01214,Lettuce and chicory,1998,1998,7021,Annual value,LCU,721.0,A,Official figure,AUS,False,False
PP,Producer Prices,36,Australia,5530,Producer Price (LCU/tonne),01214,Lettuce and chicory,1999,1999,7021,Annual value,LCU,672.0,A,Official figure,AUS,False,False
PP,Producer Prices,36,Australia,5530,Producer Price (LCU/tonne),01214,Lettuce and chicory,2000,2000,7021,Annual value,LCU,687.0,A,Official figure,AUS,False,False
PP,Producer Prices,36,Australia,5530,Producer Price (LCU/tonne),01214,Lettuce and chicory,2001,2001,7021,Annual value,LCU,802.0,A,Official figure,AUS,False,False
PP,Producer Prices,36,Australia,5530,Producer Price (LCU/tonne),01214,Lettuce and chicory,2002,2002,7021,Annual value,LCU,840.0,A,Official figure,AUS,False,False
PP,Producer Prices,36,Australia,5530,Producer Price (LCU/tonne),01214,Lettuce and chicory,2003,2003,7021,Annual value,LCU,869.0,A,Official figure,AUS,False,False
PP,Producer Prices,36,Australia,5530,Producer Price (LCU/tonne),01214,Lettuce and chicory,2004,2004,7021,Annual value,LCU,905.0,A,Official figure,AUS,False,False
PP,Producer Prices,36,Australia,5530,Producer Price (LCU/tonne),01214,Lettuce and chicory,2005,2005,7021,Annual value,LCU,847.0,A,Official figure,AUS,False,False
PP,Producer Prices,36,Australia,5530,Producer Price (LCU/tonne),01214,Lettuce and chicory,2006,2006,7021,Annual value,LCU,977.0,A,Official figure,AUS,False,False
PP,Producer Prices,36,Australia,5530,Producer Price (LCU/tonne),01214,Lettuce and chicory,2007,2007,7021,Annual value,LCU,1042.0,A,Official figure,AUS,False,False
PP,Producer Prices,36,Australia,5530,Producer Price (LCU/tonne),01214,Lettuce and chicory,2008,2008,7021,Annual value,LCU,996.0,A,Official figure,AUS,False,False
PP,Producer Prices,36,Australia,5530,Producer Price (LCU/tonne),01214,Lettuce and chicory,2009,2009,7021,Annual value,LCU,1136.0,A,Official figure,AUS,False,False
PP,Producer Prices,36,Australia,5530,Producer Price (LCU/tonne),01214,Lettuce and chicory,2011,2011,7021,Annual value,LCU,1130.0,A,Official figure,AUS,False,False
PP,Producer Prices,36,Australia,5530,Producer Price (LCU/tonne),01214,Lettuce and chicory,2012,2012,7021,Annual value,LCU,1127.0,A,Official figure,AUS,False,False
PP,Producer Prices,36,Australia,5530,Producer Price (LCU/tonne),01214,Lettuce and chicory,2013,2013,7021,Annual value,LCU,1177.0,A,Official figure,AUS,False,False
PP,Producer Prices,36,Australia,5530,Producer Price (LCU/tonne),01214,Lettuce and chicory,2014,2014,7021,Annual value,LCU,1153.0,A,Official figure,AUS,False,False
PP,Producer Prices,36,Australia,5530,Producer Price (LCU/tonne),01214,Lettuce and chicory,2015,2015,7021,Annual value,LCU,1204.0,A,Official figure,AUS,False,False
PP,Producer Prices,36,Australia,5530,Producer Price (LCU/tonne),01214,Lettuce and chicory,2016,2016,7021,Annual value,LCU,1338.0,A,Official figure,AUS,False,False
PP,Producer Prices,36,Australia,5530,Producer Price (LCU/tonne),01214,Lettuce and chicory,2017,2017,7021,Annual value,LCU,1602.0,A,Official figure,AUS,False,False
PP,Producer Prices,36,Australia,5530,Producer Price (LCU/tonne),01214,Lettuce and chicory,2018,2018,7021,Annual value,LCU,1360.0,A,Official figure,AUS,False,False
PP,Producer Prices,36,Australia,5530,Producer Price (LCU/tonne),01214,Lettuce and chicory,2019,2019,7021,Annual value,LCU,1503.0,A,Official figure,AUS,False,False
PP,Producer Prices,36,Australia,5530,Producer Price (LCU/tonne),01214,Lettuce and chicory,2020,2020,7021,Annual value,LCU,1825.3,A,Official figure,AUS,False,False
PP,Producer Prices,36,Australia,5530,Producer Price (LCU/tonne),01214,Lettuce and chicory,2021,2021,7021,Annual value,LCU,1500.7,A,Official figure,AUS,False,False
PP,Producer Prices,36,Australia,5530,Producer Price (LCU/tonne),01214,Lettuce and chicory,2023,2023,7021,Annual value,LCU,1676.8,A,Official figure,AUS,False,False
PP,Producer Prices,36,Australia,5530,Producer Price (LCU/tonne),01214,Lettuce and chicory,2024,2024,7021,Annual value,LCU,1501.1,A,Official figure,AUS,False,False
PP,Producer Prices,36,Australia,5530,Producer Price (LCU/tonne),01709.02,Lupins,1991,1991,7021,Annual value,LCU,165.0,A,Official figure,AUS,False,False
PP,Producer Prices,36,Australia,5530,Producer Price (LCU/tonne),01709.02,Lupins,1992,1992,7021,Annual value,LCU,176.0,A,Official figure,AUS,False,False
PP,Producer Prices,36,Australia,5530,Producer Price (LCU/tonne),01709.02,Lupins,1993,1993,7021,Annual value,LCU,196.0,A,Official figure,AUS,False,False
PP,Producer Prices,36,Australia,5530,Producer Price (LCU/tonne),01709.02,Lupins,1994,1994,7021,Annual value,LCU,182.0,A,Official figure,AUS,False,False
PP,Producer Prices,36,Australia,5530,Producer Price (LCU/tonne),01709.02,Lupins,1995,1995,7021,Annual value,LCU,185.0,A,Official figure,AUS,False,False
PP,Producer Prices,36,Australia,5530,Producer Price (LCU/tonne),01709.02,Lupins,1996,1996,7021,Annual value,LCU,179.0,A,Official figure,AUS,False,False
PP,Producer Prices,36,Australia,5530,Producer Price (LCU/tonne),01709.02,Lupins,1997,1997,7021,Annual value,LCU,206.0,A,Official figure,AUS,False,False
PP,Producer Prices,36,Australia,5530,Producer Price (LCU/tonne),01709.02,Lupins,1998,1998,7021,Annual value,LCU,196.0,A,Official figure,AUS,False,False
PP,Producer Prices,36,Australia,5530,Producer Price (LCU/tonne),01709.02,Lupins,1999,1999,7021,Annual value,LCU,143.0,A,Official figure,AUS,False,False
PP,Producer Prices,36,Australia,5530,Producer Price (LCU/tonne),01709.02,Lupins,2000,2000,7021,Annual value,LCU,145.0,A,Official figure,AUS,False,False
PP,Producer Prices,36,Australia,5530,Producer Price (LCU/tonne),01709.02,Lupins,2001,2001,7021,Annual value,LCU,205.0,A,Official figure,AUS,False,False
PP,Producer Prices,36,Australia,5530,Producer Price (LCU/tonne),01709.02,Lupins,2002,2002,7021,Annual value,LCU,250.0,A,Official figure,AUS,False,False
PP,Producer Prices,36,Australia,5530,Producer Price (LCU/tonne),01709.02,Lupins,2003,2003,7021,Annual value,LCU,291.0,A,Official figure,AUS,False,False
PP,Producer Prices,36,Australia,5530,Producer Price (LCU/tonne),01709.02,Lupins,2004,2004,7021,Annual value,LCU,236.0,A,Official figure,AUS,False,False
PP,Producer Prices,36,Australia,5530,Producer Price (LCU/tonne),01709.02,Lupins,2005,2005,7021,Annual value,LCU,206.0,A,Official figure,AUS,False,False
PP,Producer Prices,36,Australia,5530,Producer Price (LCU/tonne),01709.02,Lupins,2006,2006,7021,Annual value,LCU,195.0,A,Official figure,AUS,False,False
PP,Producer Prices,36,Australia,5530,Producer Price (LCU/tonne),01709.02,Lupins,2007,2007,7021,Annual value,LCU,265.0,A,Official figure,AUS,False,False
PP,Producer Prices,36,Australia,5530,Producer Price (LCU/tonne),01709.02,Lupins,2008,2008,7021,Annual value,LCU,335.0,A,Official figure,AUS,False,False
PP,Producer Prices,36,Australia,5530,Producer Price (LCU/tonne),01709.02,Lupins,2009,2009,7021,Annual value,LCU,280.0,A,Official figure,AUS,False,False
PP,Producer Prices,36,Australia,5530,Producer Price (LCU/tonne),01709.02,Lupins,2010,2010,7021,Annual value,LCU,249.0,A,Official figure,AUS,False,False
PP,Producer Prices,36,Australia,5530,Producer Price (LCU/tonne),01709.02,Lupins,2011,2011,7021,Annual value,LCU,268.0,A,Official figure,AUS,False,False
PP,Producer Prices,36,Australia,5530,Producer Price (LCU/tonne),01709.02,Lupins,2012,2012,7021,Annual value,LCU,232.0,A,Official figure,AUS,False,False
PP,Producer Prices,36,Australia,5530,Producer Price (LCU/tonne),01709.02,Lupins,2016,2016,7021,Annual value,LCU,362.0,A,Official figure,AUS,False,False
PP,Producer Prices,36,Australia,5530,Producer Price (LCU/tonne),01709.02,Lupins,2021,2021,7021,Annual value,LCU,402.1,A,Official figure,AUS,False,False
PP,Producer Prices,36,Australia,5530,Producer Price (LCU/tonne),01709.02,Lupins,2023,2023,7021,Annual value,LCU,282.6,A,Official figure,AUS,False,False
PP,Producer Prices,36,Australia,5530,Producer Price (LCU/tonne),01709.02,Lupins,2024,2024,7021,Annual value,LCU,368.8,A,Official figure,AUS,False,False
PP,Producer Prices,36,Australia,5530,Producer Price (LCU/tonne),0112,Maize (corn),1991,1991,7021,Annual value,LCU,166.0,A,Official figure,AUS,False,False
PP,Producer Prices,36,Australia,5530,Producer Price (LCU/tonne),0112,Maize (corn),1992,1992,7021,Annual value,LCU,171.0,A,Official figure,AUS,False,False
PP,Producer Prices,36,Australia,5530,Producer Price (LCU/tonne),0112,Maize (corn),1993,1993,7021,Annual value,LCU,204.0,A,Official figure,AUS,False,False
PP,Producer Prices,36,Australia,5530,Producer Price (LCU/tonne),0112,Maize (corn),1994,1994,7021,Annual value,LCU,199.0,A,Official figure,AUS,False,False
PP,Producer Prices,36,Australia,5530,Producer Price (LCU/tonne),0112,Maize (corn),1995,1995,7021,Annual value,LCU,245.0,A,Official figure,AUS,False,False
PP,Producer Prices,36,Australia,5530,Producer Price (LCU/tonne),0112,Maize (corn),1996,1996,7021,Annual value,LCU,223.0,A,Official figure,AUS,False,False
PP,Producer Prices,36,Australia,5530,Producer Price (LCU/tonne),0112,Maize (corn),1997,1997,7021,Annual value,LCU,200.0,A,Official figure,AUS,False,False
PP,Producer Prices,36,Australia,5530,Producer Price (LCU/tonne),0112,Maize (corn),1998,1998,7021,Annual value,LCU,203.0,A,Official figure,AUS,False,False
PP,Producer Prices,36,Australia,5530,Producer Price (LCU/tonne),0112,Maize (corn),1999,1999,7021,Annual value,LCU,179.0,A,Official figure,AUS,False,False
PP,Producer Prices,36,Australia,5530,Producer Price (LCU/tonne),0112,Maize (corn),2000,2000,7021,Annual value,LCU,153.0,A,Official figure,AUS,False,False
PP,Producer Prices,36,Australia,5530,Producer Price (LCU/tonne),0112,Maize (corn),2001,2001,7021,Annual value,LCU,188.0,A,Official figure,AUS,False,False
PP,Producer Prices,36,Australia,5530,Producer Price (LCU/tonne),0112,Maize (corn),2002,2002,7021,Annual value,LCU,198.0,A,Official figure,AUS,False,False
PP,Producer Prices,36,Australia,5530,Producer Price (LCU/tonne),0112,Maize (corn),2003,2003,7021,Annual value,LCU,233.0,A,Official figure,AUS,False,False
PP,Producer Prices,36,Australia,5530,Producer Price (LCU/tonne),0112,Maize (corn),2004,2004,7021,Annual value,LCU,223.0,A,Official figure,AUS,False,False
PP,Producer Prices,36,Australia,5530,Producer Price (LCU/tonne),0112,Maize (corn),2005,2005,7021,Annual value,LCU,193.0,A,Official figure,AUS,False,False
PP,Producer Prices,36,Australia,5530,Producer Price (LCU/tonne),0112,Maize (corn),2006,2006,7021,Annual value,LCU,195.0,A,Official figure,AUS,False,False
PP,Producer Prices,36,Australia,5530,Producer Price (LCU/tonne),0112,Maize (corn),2007,2007,7021,Annual value,LCU,248.0,A,Official figure,AUS,False,False
PP,Producer Prices,36,Australia,5530,Producer Price (LCU/tonne),0112,Maize (corn),2009,2009,7021,Annual value,LCU,283.0,A,Official figure,AUS,False,False
PP,Producer Prices,36,Australia,5530,Producer Price (LCU/tonne),0112,Maize (corn),2011,2011,7021,Annual value,LCU,259.0,A,Official figure,AUS,False,False
PP,Producer Prices,36,Australia,5530,Producer Price (LCU/tonne),0112,Maize (corn),2012,2012,7021,Annual value,LCU,251.0,A,Official figure,AUS,False,False
PP,Producer Prices,36,Australia,5530,Producer Price (LCU/tonne),0112,Maize (corn),2013,2013,7021,Annual value,LCU,238.0,A,Official figure,AUS,False,False
PP,Producer Prices,36,Australia,5530,Producer Price (LCU/tonne),0112,Maize (corn),2014,2014,7021,Annual value,LCU,297.0,A,Official figure,AUS,False,False
PP,Producer Prices,36,Australia,5530,Producer Price (LCU/tonne),0112,Maize (corn),2015,2015,7021,Annual value,LCU,330.0,A,Official figure,AUS,False,False
PP,Producer Prices,36,Australia,5530,Producer Price (LCU/tonne),0112,Maize (corn),2016,2016,7021,Annual value,LCU,326.0,A,Official figure,AUS,False,False
PP,Producer Prices,36,Australia,5530,Producer Price (LCU/tonne),0112,Maize (corn),2017,2017,7021,Annual value,LCU,320.0,A,Official figure,AUS,False,False
PP,Producer Prices,36,Australia,5530,Producer Price (LCU/tonne),0112,Maize (corn),2018,2018,7021,Annual value,LCU,337.0,A,Official figure,AUS,False,False
PP,Producer Prices,36,Australia,5530,Producer Price (LCU/tonne),0112,Maize (corn),2019,2019,7021,Annual value,LCU,436.0,A,Official figure,AUS,False,False
PP,Producer Prices,36,Australia,5530,Producer Price (LCU/tonne),0112,Maize (corn),2020,2020,7021,Annual value,LCU,479.2,A,Official figure,AUS,False,False
PP,Producer Prices,36,Australia,5530,Producer Price (LCU/tonne),0112,Maize (corn),2021,2021,7021,Annual value,LCU,371.3,A,Official figure,AUS,False,False
PP,Producer Prices,36,Australia,5530,Producer Price (LCU/tonne),0112,Maize (corn),2023,2023,7021,Annual value,LCU,416.2,A,Official figure,AUS,False,False
PP,Producer Prices,36,Australia,5530,Producer Price (LCU/tonne),0112,Maize (corn),2024,2024,7021,Annual value,LCU,377.3,A,Official figure,AUS,False,False
PP,Producer Prices,36,Australia,5530,Producer Price (LCU/tonne),01316,"Mangoes, guavas and mangosteens",1991,1991,7021,Annual value,LCU,2054.0,A,Official figure,AUS,False,False
PP,Producer Prices,36,Australia,5530,Producer Price (LCU/tonne),01316,"Mangoes, guavas and mangosteens",1992,1992,7021,Annual value,LCU,1904.0,A,Official figure,AUS,False,False
PP,Producer Prices,36,Australia,5530,Producer Price (LCU/tonne),01316,"Mangoes, guavas and mangosteens",1993,1993,7021,Annual value,LCU,1862.0,A,Official figure,AUS,False,False
PP,Producer Prices,36,Australia,5530,Producer Price (LCU/tonne),01316,"Mangoes, guavas and mangosteens",1994,1994,7021,Annual value,LCU,2436.0,A,Official figure,AUS,False,False
PP,Producer Prices,36,Australia,5530,Producer Price (LCU/tonne),01316,"Mangoes, guavas and mangosteens",1995,1995,7021,Annual value,LCU,2470.0,A,Official figure,AUS,False,False
PP,Producer Prices,36,Australia,5530,Producer Price (LCU/tonne),01316,"Mangoes, guavas and mangosteens",1996,1996,7021,Annual value,LCU,2690.0,A,Official figure,AUS,False,False
PP,Producer Prices,36,Australia,5530,Producer Price (LCU/tonne),01316,"Mangoes, guavas and mangosteens",1997,1997,7021,Annual value,LCU,2150.0,A,Official figure,AUS,False,False
PP,Producer Prices,36,Australia,5530,Producer Price (LCU/tonne),01316,"Mangoes, guavas and mangosteens",1998,1998,7021,Annual value,LCU,2210.0,A,Official figure,AUS,False,False
PP,Producer Prices,36,Australia,5530,Producer Price (LCU/tonne),01316,"Mangoes, guavas and mangosteens",1999,1999,7021,Annual value,LCU,2520.0,A,Official figure,AUS,False,False
PP,Producer Prices,36,Australia,5530,Producer Price (LCU/tonne),01316,"Mangoes, guavas and mangosteens",2000,2000,7021,Annual value,LCU,2101.0,A,Official figure,AUS,False,False
PP,Producer Prices,36,Australia,5530,Producer Price (LCU/tonne),01316,"Mangoes, guavas and mangosteens",2001,2001,7021,Annual value,LCU,2450.0,A,Official figure,AUS,False,False
PP,Producer Prices,36,Australia,5530,Producer Price (LCU/tonne),01316,"Mangoes, guavas and mangosteens",2002,2002,7021,Annual value,LCU,2390.0,A,Official figure,AUS,False,False
PP,Producer Prices,36,Australia,5530,Producer Price (LCU/tonne),01316,"Mangoes, guavas and mangosteens",2003,2003,7021,Annual value,LCU,2120.0,A,Official figure,AUS,False,False
PP,Producer Prices,36,Australia,5530,Producer Price (LCU/tonne),01316,"Mangoes, guavas and mangosteens",2004,2004,7021,Annual value,LCU,2300.0,A,Official figure,AUS,False,False
PP,Producer Prices,36,Australia,5530,Producer Price (LCU/tonne),01316,"Mangoes, guavas and mangosteens",2005,2005,7021,Annual value,LCU,2890.0,A,Official figure,AUS,False,False
PP,Producer Prices,36,Australia,5530,Producer Price (LCU/tonne),01316,"Mangoes, guavas and mangosteens",2006,2006,7021,Annual value,LCU,2690.0,A,Official figure,AUS,False,False
PP,Producer Prices,36,Australia,5530,Producer Price (LCU/tonne),01316,"Mangoes, guavas and mangosteens",2007,2007,7021,Annual value,LCU,2310.0,A,Official figure,AUS,False,False
PP,Producer Prices,36,Australia,5530,Producer Price (LCU/tonne),01316,"Mangoes, guavas and mangosteens",2008,2008,7021,Annual value,LCU,2490.0,A,Official figure,AUS,False,False
PP,Producer Prices,36,Australia,5530,Producer Price (LCU/tonne),01316,"Mangoes, guavas and mangosteens",2009,2009,7021,Annual value,LCU,3000.0,A,Official figure,AUS,False,False
PP,Producer Prices,36,Australia,5530,Producer Price (LCU/tonne),01316,"Mangoes, guavas and mangosteens",2010,2010,7021,Annual value,LCU,2550.0,A,Official figure,AUS,False,False
PP,Producer Prices,36,Australia,5530,Producer Price (LCU/tonne),01316,"Mangoes, guavas and mangosteens",2011,2011,7021,Annual value,LCU,2730.0,A,Official figure,AUS,False,False
PP,Producer Prices,36,Australia,5530,Producer Price (LCU/tonne),01316,"Mangoes, guavas and mangosteens",2012,2012,7021,Annual value,LCU,2160.0,A,Official figure,AUS,False,False
PP,Producer Prices,36,Australia,5530,Producer Price (LCU/tonne),01316,"Mangoes, guavas and mangosteens",2013,2013,7021,Annual value,LCU,2687.0,A,Official figure,AUS,False,False
PP,Producer Prices,36,Australia,5530,Producer Price (LCU/tonne),01316,"Mangoes, guavas and mangosteens",2014,2014,7021,Annual value,LCU,2225.0,A,Official figure,AUS,False,False
PP,Producer Prices,36,Australia,5530,Producer Price (LCU/tonne),01316,"Mangoes, guavas and mangosteens",2015,2015,7021,Annual value,LCU,2053.0,A,Official figure,AUS,False,False
PP,Producer Prices,36,Australia,5530,Producer Price (LCU/tonne),01316,"Mangoes, guavas and mangosteens",2016,2016,7021,Annual value,LCU,2908.0,A,Official figure,AUS,False,False
PP,Producer Prices,36,Australia,5530,Producer Price (LCU/tonne),01316,"Mangoes, guavas and mangosteens",2017,2017,7021,Annual value,LCU,3058.0,A,Official figure,AUS,False,False
PP,Producer Prices,36,Australia,5530,Producer Price (LCU/tonne),01316,"Mangoes, guavas and mangosteens",2018,2018,7021,Annual value,LCU,2629.0,A,Official figure,AUS,False,False
PP,Producer Prices,36,Australia,5530,Producer Price (LCU/tonne),01316,"Mangoes, guavas and mangosteens",2019,2019,7021,Annual value,LCU,2590.0,A,Official figure,AUS,False,False
PP,Producer Prices,36,Australia,5530,Producer Price (LCU/tonne),01316,"Mangoes, guavas and mangosteens",2020,2020,7021,Annual value,LCU,2740.1,A,Official figure,AUS,False,False
PP,Producer Prices,36,Australia,5530,Producer Price (LCU/tonne),01316,"Mangoes, guavas and mangosteens",2021,2021,7021,Annual value,LCU,3289.8,A,Official figure,AUS,False,False
PP,Producer Prices,36,Australia,5530,Producer Price (LCU/tonne),01316,"Mangoes, guavas and mangosteens",2023,2023,7021,Annual value,LCU,2775.7,A,Official figure,AUS,False,False
PP,Producer Prices,36,Australia,5530,Producer Price (LCU/tonne),01316,"Mangoes, guavas and mangosteens",2024,2024,7021,Annual value,LCU,3461.7,A,Official figure,AUS,False,False
PP,Producer Prices,36,Australia,5530,Producer Price (LCU/tonne),21111.01,"Meat of cattle with the bone, fresh or chilled",1991,1991,7021,Annual value,LCU,2199.0,A,Official figure,AUS,False,False
PP,Producer Prices,36,Australia,5530,Producer Price (LCU/tonne),21111.01,"Meat of cattle with the bone, fresh or chilled",1992,1992,7021,Annual value,LCU,2123.0,A,Official figure,AUS,False,False
PP,Producer Prices,36,Australia,5530,Producer Price (LCU/tonne),21111.01,"Meat of cattle with the bone, fresh or chilled",1993,1993,7021,Annual value,LCU,2059.0,A,Official figure,AUS,False,False
PP,Producer Prices,36,Australia,5530,Producer Price (LCU/tonne),21111.01,"Meat of cattle with the bone, fresh or chilled",1994,1994,7021,Annual value,LCU,2352.0,A,Official figure,AUS,False,False
PP,Producer Prices,36,Australia,5530,Producer Price (LCU/tonne),21111.01,"Meat of cattle with the bone, fresh or chilled",1995,1995,7021,Annual value,LCU,2210.0,A,Official figure,AUS,False,False
PP,Producer Prices,36,Australia,5530,Producer Price (LCU/tonne),21111.01,"Meat of cattle with the bone, fresh or chilled",1996,1996,7021,Annual value,LCU,1830.0,A,Official figure,AUS,False,False
PP,Producer Prices,36,Australia,5530,Producer Price (LCU/tonne),21111.01,"Meat of cattle with the bone, fresh or chilled",1997,1997,7021,Annual value,LCU,1737.0,A,Official figure,AUS,False,False
PP,Producer Prices,36,Australia,5530,Producer Price (LCU/tonne),21111.01,"Meat of cattle with the bone, fresh or chilled",1998,1998,7021,Annual value,LCU,1938.0,A,Official figure,AUS,False,False
PP,Producer Prices,36,Australia,5530,Producer Price (LCU/tonne),21111.01,"Meat of cattle with the bone, fresh or chilled",1999,1999,7021,Annual value,LCU,2051.0,A,Official figure,AUS,False,False
PP,Producer Prices,36,Australia,5530,Producer Price (LCU/tonne),21111.01,"Meat of cattle with the bone, fresh or chilled",2000,2000,7021,Annual value,LCU,2318.0,A,Official figure,AUS,False,False
PP,Producer Prices,36,Australia,5530,Producer Price (LCU/tonne),21111.01,"Meat of cattle with the bone, fresh or chilled",2001,2001,7021,Annual value,LCU,2795.0,A,Official figure,AUS,False,False
PP,Producer Prices,36,Australia,5530,Producer Price (LCU/tonne),21111.01,"Meat of cattle with the bone, fresh or chilled",2002,2002,7021,Annual value,LCU,3241.0,A,Official figure,AUS,False,False
PP,Producer Prices,36,Australia,5530,Producer Price (LCU/tonne),21111.01,"Meat of cattle with the bone, fresh or chilled",2003,2003,7021,Annual value,LCU,2817.0,A,Official figure,AUS,False,False
PP,Producer Prices,36,Australia,5530,Producer Price (LCU/tonne),21111.01,"Meat of cattle with the bone, fresh or chilled",2004,2004,7021,Annual value,LCU,3071.0,A,Official figure,AUS,False,False
PP,Producer Prices,36,Australia,5530,Producer Price (LCU/tonne),21111.01,"Meat of cattle with the bone, fresh or chilled",2005,2005,7021,Annual value,LCU,3430.0,A,Official figure,AUS,False,False
PP,Producer Prices,36,Australia,5530,Producer Price (LCU/tonne),21111.01,"Meat of cattle with the bone, fresh or chilled",2006,2006,7021,Annual value,LCU,3478.0,A,Official figure,AUS,False,False
PP,Producer Prices,36,Australia,5530,Producer Price (LCU/tonne),21111.01,"Meat of cattle with the bone, fresh or chilled",2007,2007,7021,Annual value,LCU,3361.0,A,Official figure,AUS,False,False
PP,Producer Prices,36,Australia,5530,Producer Price (LCU/tonne),21111.01,"Meat of cattle with the bone, fresh or chilled",2008,2008,7021,Annual value,LCU,3155.0,A,Official figure,AUS,False,False
PP,Producer Prices,36,Australia,5530,Producer Price (LCU/tonne),21111.01,"Meat of cattle with the bone, fresh or chilled",2009,2009,7021,Annual value,LCU,3206.0,A,Official figure,AUS,False,False
PP,Producer Prices,36,Australia,5530,Producer Price (LCU/tonne),21111.01,"Meat of cattle with the bone, fresh or chilled",2010,2010,7021,Annual value,LCU,3129.0,A,Official figure,AUS,False,False
PP,Producer Prices,36,Australia,5530,Producer Price (LCU/tonne),21111.01,"Meat of cattle with the bone, fresh or chilled",2011,2011,7021,Annual value,LCU,3429.0,A,Official figure,AUS,False,False
PP,Producer Prices,36,Australia,5530,Producer Price (LCU/tonne),21111.01,"Meat of cattle with the bone, fresh or chilled",2012,2012,7021,Annual value,LCU,3440.0,A,Official figure,AUS,False,False
PP,Producer Prices,36,Australia,5530,Producer Price (LCU/tonne),21111.01,"Meat of cattle with the bone, fresh or chilled",2013,2013,7021,Annual value,LCU,3234.0,A,Official figure,AUS,False,False
PP,Producer Prices,36,Australia,5530,Producer Price (LCU/tonne),21111.01,"Meat of cattle with the bone, fresh or chilled",2014,2014,7021,Annual value,LCU,3076.0,A,Official figure,AUS,False,False
PP,Producer Prices,36,Australia,5530,Producer Price (LCU/tonne),21111.01,"Meat of cattle with the bone, fresh or chilled",2015,2015,7021,Annual value,LCU,2975.0,A,Official figure,AUS,False,False
PP,Producer Prices,36,Australia,5530,Producer Price (LCU/tonne),21111.01,"Meat of cattle with the bone, fresh or chilled",2020,2020,7021,Annual value,LCU,6143.8,A,Official figure,AUS,False,False
PP,Producer Prices,36,Australia,5530,Producer Price (LCU/tonne),21111.01,"Meat of cattle with the bone, fresh or chilled",2021,2021,7021,Annual value,LCU,6967.5,A,Official figure,AUS,False,False
PP,Producer Prices,36,Australia,5530,Producer Price (LCU/tonne),21111.01,"Meat of cattle with the bone, fresh or chilled",2022,2022,7021,Annual value,LCU,7711.3,A,Official figure,AUS,False,True
PP,Producer Prices,36,Australia,5530,Producer Price (LCU/tonne),21111.01,"Meat of cattle with the bone, fresh or chilled",2023,2023,7021,Annual value,LCU,6041.0,A,Official figure,AUS,False,False
PP,Producer Prices,36,Australia,5530,Producer Price (LCU/tonne),21111.01,"Meat of cattle with the bone, fresh or chilled",2024,2024,7021,Annual value,LCU,5337.0,A,Official figure,AUS,False,False
PP,Producer Prices,36,Australia,5530,Producer Price (LCU/tonne),21111.01b,"Meat of cattle with the bone, fresh or chilled (biological)",1991,1991,7021,Annual value,LCU,1100.0,A,Official figure,AUS,False,False
PP,Producer Prices,36,Australia,5530,Producer Price (LCU/tonne),21111.01b,"Meat of cattle with the bone, fresh or chilled (biological)",1992,1992,7021,Annual value,LCU,1062.0,A,Official figure,AUS,False,False
PP,Producer Prices,36,Australia,5530,Producer Price (LCU/tonne),21111.01b,"Meat of cattle with the bone, fresh or chilled (biological)",1993,1993,7021,Annual value,LCU,1029.0,A,Official figure,AUS,False,False
PP,Producer Prices,36,Australia,5530,Producer Price (LCU/tonne),21111.01b,"Meat of cattle with the bone, fresh or chilled (biological)",1994,1994,7021,Annual value,LCU,1176.0,A,Official figure,AUS,False,False
PP,Producer Prices,36,Australia,5530,Producer Price (LCU/tonne),21111.01b,"Meat of cattle with the bone, fresh or chilled (biological)",1995,1995,7021,Annual value,LCU,1105.0,A,Official figure,AUS,False,False
PP,Producer Prices,36,Australia,5530,Producer Price (LCU/tonne),21111.01b,"Meat of cattle with the bone, fresh or chilled (biological)",1996,1996,7021,Annual value,LCU,915.0,A,Official figure,AUS,False,False
PP,Producer Prices,36,Australia,5530,Producer Price (LCU/tonne),21111.01b,"Meat of cattle with the bone, fresh or chilled (biological)",1997,1997,7021,Annual value,LCU,868.0,A,Official figure,AUS,False,False
PP,Producer Prices,36,Australia,5530,Producer Price (LCU/tonne),21111.01b,"Meat of cattle with the bone, fresh or chilled (biological)",1998,1998,7021,Annual value,LCU,969.0,A,Official figure,AUS,False,False
PP,Producer Prices,36,Australia,5530,Producer Price (LCU/tonne),21111.01b,"Meat of cattle with the bone, fresh or chilled (biological)",1999,1999,7021,Annual value,LCU,1026.0,A,Official figure,AUS,False,False
PP,Producer Prices,36,Australia,5530,Producer Price (LCU/tonne),21111.01b,"Meat of cattle with the bone, fresh or chilled (biological)",2000,2000,7021,Annual value,LCU,1159.0,A,Official figure,AUS,False,False
PP,Producer Prices,36,Australia,5530,Producer Price (LCU/tonne),21111.01b,"Meat of cattle with the bone, fresh or chilled (biological)",2001,2001,7021,Annual value,LCU,1397.0,A,Official figure,AUS,False,False
PP,Producer Prices,36,Australia,5530,Producer Price (LCU/tonne),21111.01b,"Meat of cattle with the bone, fresh or chilled (biological)",2002,2002,7021,Annual value,LCU,1620.0,A,Official figure,AUS,False,False
PP,Producer Prices,36,Australia,5530,Producer Price (LCU/tonne),21111.01b,"Meat of cattle with the bone, fresh or chilled (biological)",2003,2003,7021,Annual value,LCU,1408.0,A,Official figure,AUS,False,False
PP,Producer Prices,36,Australia,5530,Producer Price (LCU/tonne),21111.01b,"Meat of cattle with the bone, fresh or chilled (biological)",2004,2004,7021,Annual value,LCU,1536.0,A,Official figure,AUS,False,False
PP,Producer Prices,36,Australia,5530,Producer Price (LCU/tonne),21111.01b,"Meat of cattle with the bone, fresh or chilled (biological)",2005,2005,7021,Annual value,LCU,1715.0,A,Official figure,AUS,False,False
PP,Producer Prices,36,Australia,5530,Producer Price (LCU/tonne),21111.01b,"Meat of cattle with the bone, fresh or chilled (biological)",2006,2006,7021,Annual value,LCU,1739.0,A,Official figure,AUS,False,False
PP,Producer Prices,36,Australia,5530,Producer Price (LCU/tonne),21111.01b,"Meat of cattle with the bone, fresh or chilled (biological)",2007,2007,7021,Annual value,LCU,1681.0,A,Official figure,AUS,False,False
PP,Producer Prices,36,Australia,5530,Producer Price (LCU/tonne),21111.01b,"Meat of cattle with the bone, fresh or chilled (biological)",2008,2008,7021,Annual value,LCU,1578.0,A,Official figure,AUS,False,False
PP,Producer Prices,36,Australia,5530,Producer Price (LCU/tonne),21111.01b,"Meat of cattle with the bone, fresh or chilled (biological)",2009,2009,7021,Annual value,LCU,1603.0,A,Official figure,AUS,False,False
PP,Producer Prices,36,Australia,5530,Producer Price (LCU/tonne),21111.01b,"Meat of cattle with the bone, fresh or chilled (biological)",2010,2010,7021,Annual value,LCU,1565.0,A,Official figure,AUS,False,False
PP,Producer Prices,36,Australia,5530,Producer Price (LCU/tonne),21111.01b,"Meat of cattle with the bone, fresh or chilled (biological)",2011,2011,7021,Annual value,LCU,1714.0,A,Official figure,AUS,False,False
PP,Producer Prices,36,Australia,5530,Producer Price (LCU/tonne),21111.01b,"Meat of cattle with the bone, fresh or chilled (biological)",2012,2012,7021,Annual value,LCU,1720.0,A,Official figure,AUS,False,False
PP,Producer Prices,36,Australia,5530,Producer Price (LCU/tonne),21111.01b,"Meat of cattle with the bone, fresh or chilled (biological)",2013,2013,7021,Annual value,LCU,1617.0,A,Official figure,AUS,False,False
PP,Producer Prices,36,Australia,5530,Producer Price (LCU/tonne),21111.01b,"Meat of cattle with the bone, fresh or chilled (biological)",2014,2014,7021,Annual value,LCU,1596.0,A,Official figure,AUS,False,False
PP,Producer Prices,36,Australia,5530,Producer Price (LCU/tonne),21111.01b,"Meat of cattle with the bone, fresh or chilled (biological)",2015,2015,7021,Annual value,LCU,1578.0,A,Official figure,AUS,False,False
PP,Producer Prices,36,Australia,5530,Producer Price (LCU/tonne),21121,"Meat of chickens, fresh or chilled",1991,1991,7021,Annual value,LCU,2030.0,A,Official figure,AUS,False,False
PP,Producer Prices,36,Australia,5530,Producer Price (LCU/tonne),21121,"Meat of chickens, fresh or chilled",1992,1992,7021,Annual value,LCU,1872.0,A,Official figure,AUS,False,False
PP,Producer Prices,36,Australia,5530,Producer Price (LCU/tonne),21121,"Meat of chickens, fresh or chilled",1993,1993,7021,Annual value,LCU,1947.0,A,Official figure,AUS,False,False
PP,Producer Prices,36,Australia,5530,Producer Price (LCU/tonne),21121,"Meat of chickens, fresh or chilled",1994,1994,7021,Annual value,LCU,2006.0,A,Official figure,AUS,False,False
PP,Producer Prices,36,Australia,5530,Producer Price (LCU/tonne),21121,"Meat of chickens, fresh or chilled",1995,1995,7021,Annual value,LCU,1959.0,A,Official figure,AUS,False,False
PP,Producer Prices,36,Australia,5530,Producer Price (LCU/tonne),21121,"Meat of chickens, fresh or chilled",1996,1996,7021,Annual value,LCU,1859.0,A,Official figure,AUS,False,False
PP,Producer Prices,36,Australia,5530,Producer Price (LCU/tonne),21121,"Meat of chickens, fresh or chilled",1997,1997,7021,Annual value,LCU,1783.0,A,Official figure,AUS,False,False
PP,Producer Prices,36,Australia,5530,Producer Price (LCU/tonne),21121,"Meat of chickens, fresh or chilled",1998,1998,7021,Annual value,LCU,1794.0,A,Official figure,AUS,False,False
PP,Producer Prices,36,Australia,5530,Producer Price (LCU/tonne),21121,"Meat of chickens, fresh or chilled",1999,1999,7021,Annual value,LCU,1706.0,A,Official figure,AUS,False,False
PP,Producer Prices,36,Australia,5530,Producer Price (LCU/tonne),21121,"Meat of chickens, fresh or chilled",2000,2000,7021,Annual value,LCU,1604.0,A,Official figure,AUS,False,False
PP,Producer Prices,36,Australia,5530,Producer Price (LCU/tonne),21121,"Meat of chickens, fresh or chilled",2001,2001,7021,Annual value,LCU,1600.0,A,Official figure,AUS,False,False
PP,Producer Prices,36,Australia,5530,Producer Price (LCU/tonne),21121,"Meat of chickens, fresh or chilled",2002,2002,7021,Annual value,LCU,1651.0,A,Official figure,AUS,False,False
PP,Producer Prices,36,Australia,5530,Producer Price (LCU/tonne),21121,"Meat of chickens, fresh or chilled",2003,2003,7021,Annual value,LCU,1727.0,A,Official figure,AUS,False,False
PP,Producer Prices,36,Australia,5530,Producer Price (LCU/tonne),21121,"Meat of chickens, fresh or chilled",2004,2004,7021,Annual value,LCU,1845.0,A,Official figure,AUS,False,False
PP,Producer Prices,36,Australia,5530,Producer Price (LCU/tonne),21121,"Meat of chickens, fresh or chilled",2005,2005,7021,Annual value,LCU,1715.0,A,Official figure,AUS,False,False
PP,Producer Prices,36,Australia,5530,Producer Price (LCU/tonne),21121,"Meat of chickens, fresh or chilled",2006,2006,7021,Annual value,LCU,1580.0,A,Official figure,AUS,False,False
PP,Producer Prices,36,Australia,5530,Producer Price (LCU/tonne),21121,"Meat of chickens, fresh or chilled",2007,2007,7021,Annual value,LCU,1594.0,A,Official figure,AUS,False,False
PP,Producer Prices,36,Australia,5530,Producer Price (LCU/tonne),21121,"Meat of chickens, fresh or chilled",2008,2008,7021,Annual value,LCU,2038.0,A,Official figure,AUS,False,False
PP,Producer Prices,36,Australia,5530,Producer Price (LCU/tonne),21121,"Meat of chickens, fresh or chilled",2009,2009,7021,Annual value,LCU,2239.0,A,Official figure,AUS,False,False
PP,Producer Prices,36,Australia,5530,Producer Price (LCU/tonne),21121,"Meat of chickens, fresh or chilled",2010,2010,7021,Annual value,LCU,2129.0,A,Official figure,AUS,False,False
PP,Producer Prices,36,Australia,5530,Producer Price (LCU/tonne),21121,"Meat of chickens, fresh or chilled",2011,2011,7021,Annual value,LCU,2043.0,A,Official figure,AUS,False,False
PP,Producer Prices,36,Australia,5530,Producer Price (LCU/tonne),21121,"Meat of chickens, fresh or chilled",2012,2012,7021,Annual value,LCU,2013.0,A,Official figure,AUS,False,False
PP,Producer Prices,36,Australia,5530,Producer Price (LCU/tonne),21121,"Meat of chickens, fresh or chilled",2013,2013,7021,Annual value,LCU,1945.0,A,Official figure,AUS,False,False
PP,Producer Prices,36,Australia,5530,Producer Price (LCU/tonne),21121,"Meat of chickens, fresh or chilled",2014,2014,7021,Annual value,LCU,1927.0,A,Official figure,AUS,False,False
PP,Producer Prices,36,Australia,5530,Producer Price (LCU/tonne),21121,"Meat of chickens, fresh or chilled",2015,2015,7021,Annual value,LCU,1934.0,A,Official figure,AUS,False,False
PP,Producer Prices,36,Australia,5530,Producer Price (LCU/tonne),21121,"Meat of chickens, fresh or chilled",2020,2020,7021,Annual value,LCU,2267.5,A,Official figure,AUS,False,False
PP,Producer Prices,36,Australia,5530,Producer Price (LCU/tonne),21121,"Meat of chickens, fresh or chilled",2021,2021,7021,Annual value,LCU,2264.7,A,Official figure,AUS,False,False
PP,Producer Prices,36,Australia,5530,Producer Price (LCU/tonne),21121,"Meat of chickens, fresh or chilled",2022,2022,7021,Annual value,LCU,2329.6,A,Official figure,AUS,False,False
PP,Producer Prices,36,Australia,5530,Producer Price (LCU/tonne),21121,"Meat of chickens, fresh or chilled",2023,2023,7021,Annual value,LCU,2531.9,A,Official figure,AUS,False,False
PP,Producer Prices,36,Australia,5530,Producer Price (LCU/tonne),21121,"Meat of chickens, fresh or chilled",2024,2024,7021,Annual value,LCU,2772.1,A,Official figure,AUS,False,False
PP,Producer Prices,36,Australia,5530,Producer Price (LCU/tonne),21121b,"Meat of chickens, fresh or chilled (biological)",2003,2003,7021,Annual value,LCU,1209.0,A,Official figure,AUS,False,False
PP,Producer Prices,36,Australia,5530,Producer Price (LCU/tonne),21121b,"Meat of chickens, fresh or chilled (biological)",2004,2004,7021,Annual value,LCU,1292.0,A,Official figure,AUS,False,False
PP,Producer Prices,36,Australia,5530,Producer Price (LCU/tonne),21121b,"Meat of chickens, fresh or chilled (biological)",2005,2005,7021,Annual value,LCU,1200.0,A,Official figure,AUS,False,False
PP,Producer Prices,36,Australia,5530,Producer Price (LCU/tonne),21121b,"Meat of chickens, fresh or chilled (biological)",2006,2006,7021,Annual value,LCU,1058.0,A,Official figure,AUS,False,False
PP,Producer Prices,36,Australia,5530,Producer Price (LCU/tonne),21121b,"Meat of chickens, fresh or chilled (biological)",2007,2007,7021,Annual value,LCU,1068.0,A,Official figure,AUS,False,False
PP,Producer Prices,36,Australia,5530,Producer Price (LCU/tonne),21121b,"Meat of chickens, fresh or chilled (biological)",2008,2008,7021,Annual value,LCU,1365.0,A,Official figure,AUS,False,False
PP,Producer Prices,36,Australia,5530,Producer Price (LCU/tonne),21121b,"Meat of chickens, fresh or chilled (biological)",2009,2009,7021,Annual value,LCU,1493.0,A,Official figure,AUS,False,False
PP,Producer Prices,36,Australia,5530,Producer Price (LCU/tonne),21121b,"Meat of chickens, fresh or chilled (biological)",2010,2010,7021,Annual value,LCU,1426.0,A,Official figure,AUS,False,False
PP,Producer Prices,36,Australia,5530,Producer Price (LCU/tonne),21121b,"Meat of chickens, fresh or chilled (biological)",2011,2011,7021,Annual value,LCU,1369.0,A,Official figure,AUS,False,False
PP,Producer Prices,36,Australia,5530,Producer Price (LCU/tonne),21121b,"Meat of chickens, fresh or chilled (biological)",2012,2012,7021,Annual value,LCU,1349.0,A,Official figure,AUS,False,False
PP,Producer Prices,36,Australia,5530,Producer Price (LCU/tonne),21121b,"Meat of chickens, fresh or chilled (biological)",2013,2013,7021,Annual value,LCU,1303.0,A,Official figure,AUS,False,False
PP,Producer Prices,36,Australia,5530,Producer Price (LCU/tonne),21121b,"Meat of chickens, fresh or chilled (biological)",2014,2014,7021,Annual value,LCU,1296.0,A,Official figure,AUS,False,False
PP,Producer Prices,36,Australia,5530,Producer Price (LCU/tonne),21121b,"Meat of chickens, fresh or chilled (biological)",2015,2015,7021,Annual value,LCU,1197.0,A,Official figure,AUS,False,False
PP,Producer Prices,36,Australia,5530,Producer Price (LCU/tonne),21116,"Meat of goat, fresh or chilled",1997,1997,7021,Annual value,LCU,1010.0,A,Official figure,AUS,False,False
PP,Producer Prices,36,Australia,5530,Producer Price (LCU/tonne),21116,"Meat of goat, fresh or chilled",1998,1998,7021,Annual value,LCU,1644.0,A,Official figure,AUS,False,False
PP,Producer Prices,36,Australia,5530,Producer Price (LCU/tonne),21116,"Meat of goat, fresh or chilled",1999,1999,7021,Annual value,LCU,1534.0,A,Official figure,AUS,False,False
PP,Producer Prices,36,Australia,5530,Producer Price (LCU/tonne),21116,"Meat of goat, fresh or chilled",2000,2000,7021,Annual value,LCU,1523.0,A,Official figure,AUS,False,False
PP,Producer Prices,36,Australia,5530,Producer Price (LCU/tonne),21116,"Meat of goat, fresh or chilled",2001,2001,7021,Annual value,LCU,1623.0,A,Official figure,AUS,False,False
PP,Producer Prices,36,Australia,5530,Producer Price (LCU/tonne),21116,"Meat of goat, fresh or chilled",2002,2002,7021,Annual value,LCU,1812.0,A,Official figure,AUS,False,False
PP,Producer Prices,36,Australia,5530,Producer Price (LCU/tonne),21116,"Meat of goat, fresh or chilled",2003,2003,7021,Annual value,LCU,1677.0,A,Official figure,AUS,False,False
PP,Producer Prices,36,Australia,5530,Producer Price (LCU/tonne),21116,"Meat of goat, fresh or chilled",2004,2004,7021,Annual value,LCU,1789.0,A,Official figure,AUS,False,False
PP,Producer Prices,36,Australia,5530,Producer Price (LCU/tonne),21116,"Meat of goat, fresh or chilled",2005,2005,7021,Annual value,LCU,1943.0,A,Official figure,AUS,False,False
PP,Producer Prices,36,Australia,5530,Producer Price (LCU/tonne),21116,"Meat of goat, fresh or chilled",2006,2006,7021,Annual value,LCU,2387.0,A,Official figure,AUS,False,False
PP,Producer Prices,36,Australia,5530,Producer Price (LCU/tonne),21116,"Meat of goat, fresh or chilled",2007,2007,7021,Annual value,LCU,2244.0,A,Official figure,AUS,False,False
PP,Producer Prices,36,Australia,5530,Producer Price (LCU/tonne),21116,"Meat of goat, fresh or chilled",2008,2008,7021,Annual value,LCU,1961.0,A,Official figure,AUS,False,False
PP,Producer Prices,36,Australia,5530,Producer Price (LCU/tonne),21116,"Meat of goat, fresh or chilled",2009,2009,7021,Annual value,LCU,1799.0,A,Official figure,AUS,False,False
PP,Producer Prices,36,Australia,5530,Producer Price (LCU/tonne),21116,"Meat of goat, fresh or chilled",2010,2010,7021,Annual value,LCU,2259.0,A,Official figure,AUS,False,False
PP,Producer Prices,36,Australia,5530,Producer Price (LCU/tonne),21116,"Meat of goat, fresh or chilled",2011,2011,7021,Annual value,LCU,3316.0,A,Official figure,AUS,False,False
PP,Producer Prices,36,Australia,5530,Producer Price (LCU/tonne),21116,"Meat of goat, fresh or chilled",2012,2012,7021,Annual value,LCU,2652.0,A,Official figure,AUS,False,False
PP,Producer Prices,36,Australia,5530,Producer Price (LCU/tonne),21116b,"Meat of goat, fresh or chilled (biological)",1997,1997,7021,Annual value,LCU,505.0,A,Official figure,AUS,False,False
PP,Producer Prices,36,Australia,5530,Producer Price (LCU/tonne),21116b,"Meat of goat, fresh or chilled (biological)",1998,1998,7021,Annual value,LCU,822.0,A,Official figure,AUS,False,False
PP,Producer Prices,36,Australia,5530,Producer Price (LCU/tonne),21116b,"Meat of goat, fresh or chilled (biological)",1999,1999,7021,Annual value,LCU,767.0,A,Official figure,AUS,False,False
PP,Producer Prices,36,Australia,5530,Producer Price (LCU/tonne),21116b,"Meat of goat, fresh or chilled (biological)",2000,2000,7021,Annual value,LCU,762.0,A,Official figure,AUS,False,False
PP,Producer Prices,36,Australia,5530,Producer Price (LCU/tonne),21116b,"Meat of goat, fresh or chilled (biological)",2001,2001,7021,Annual value,LCU,812.0,A,Official figure,AUS,False,False
PP,Producer Prices,36,Australia,5530,Producer Price (LCU/tonne),21116b,"Meat of goat, fresh or chilled (biological)",2002,2002,7021,Annual value,LCU,906.0,A,Official figure,AUS,False,False
PP,Producer Prices,36,Australia,5530,Producer Price (LCU/tonne),21116b,"Meat of goat, fresh or chilled (biological)",2003,2003,7021,Annual value,LCU,838.0,A,Official figure,AUS,False,False
PP,Producer Prices,36,Australia,5530,Producer Price (LCU/tonne),21116b,"Meat of goat, fresh or chilled (biological)",2004,2004,7021,Annual value,LCU,894.0,A,Official figure,AUS,False,False
PP,Producer Prices,36,Australia,5530,Producer Price (LCU/tonne),21116b,"Meat of goat, fresh or chilled (biological)",2005,2005,7021,Annual value,LCU,971.0,A,Official figure,AUS,False,False
PP,Producer Prices,36,Australia,5530,Producer Price (LCU/tonne),21116b,"Meat of goat, fresh or chilled (biological)",2006,2006,7021,Annual value,LCU,1194.0,A,Official figure,AUS,False,False
PP,Producer Prices,36,Australia,5530,Producer Price (LCU/tonne),21116b,"Meat of goat, fresh or chilled (biological)",2007,2007,7021,Annual value,LCU,1122.0,A,Official figure,AUS,False,False
PP,Producer Prices,36,Australia,5530,Producer Price (LCU/tonne),21116b,"Meat of goat, fresh or chilled (biological)",2008,2008,7021,Annual value,LCU,981.0,A,Official figure,AUS,False,False
PP,Producer Prices,36,Australia,5530,Producer Price (LCU/tonne),21116b,"Meat of goat, fresh or chilled (biological)",2009,2009,7021,Annual value,LCU,894.0,A,Official figure,AUS,False,False
PP,Producer Prices,36,Australia,5530,Producer Price (LCU/tonne),21116b,"Meat of goat, fresh or chilled (biological)",2010,2010,7021,Annual value,LCU,1130.0,A,Official figure,AUS,False,False
PP,Producer Prices,36,Australia,5530,Producer Price (LCU/tonne),21116b,"Meat of goat, fresh or chilled (biological)",2011,2011,7021,Annual value,LCU,1658.0,A,Official figure,AUS,False,False
PP,Producer Prices,36,Australia,5530,Producer Price (LCU/tonne),21116b,"Meat of goat, fresh or chilled (biological)",2012,2012,7021,Annual value,LCU,1326.0,A,Official figure,AUS,False,False
PP,Producer Prices,36,Australia,5530,Producer Price (LCU/tonne),21113.01,"Meat of pig with the bone, fresh or chilled",1991,1991,7021,Annual value,LCU,2214.0,A,Official figure,AUS,False,False
PP,Producer Prices,36,Australia,5530,Producer Price (LCU/tonne),21113.01,"Meat of pig with the bone, fresh or chilled",1992,1992,7021,Annual value,LCU,1961.0,A,Official figure,AUS,False,False
PP,Producer Prices,36,Australia,5530,Producer Price (LCU/tonne),21113.01,"Meat of pig with the bone, fresh or chilled",1993,1993,7021,Annual value,LCU,1912.0,A,Official figure,AUS,False,False
PP,Producer Prices,36,Australia,5530,Producer Price (LCU/tonne),21113.01,"Meat of pig with the bone, fresh or chilled",1994,1994,7021,Annual value,LCU,1855.0,A,Official figure,AUS,False,False
PP,Producer Prices,36,Australia,5530,Producer Price (LCU/tonne),21113.01,"Meat of pig with the bone, fresh or chilled",1995,1995,7021,Annual value,LCU,1725.0,A,Official figure,AUS,False,False
PP,Producer Prices,36,Australia,5530,Producer Price (LCU/tonne),21113.01,"Meat of pig with the bone, fresh or chilled",1996,1996,7021,Annual value,LCU,1694.0,A,Official figure,AUS,False,False
PP,Producer Prices,36,Australia,5530,Producer Price (LCU/tonne),21113.01,"Meat of pig with the bone, fresh or chilled",1997,1997,7021,Annual value,LCU,2287.0,A,Official figure,AUS,False,False
PP,Producer Prices,36,Australia,5530,Producer Price (LCU/tonne),21113.01,"Meat of pig with the bone, fresh or chilled",1998,1998,7021,Annual value,LCU,1977.0,A,Official figure,AUS,False,False
PP,Producer Prices,36,Australia,5530,Producer Price (LCU/tonne),21113.01,"Meat of pig with the bone, fresh or chilled",1999,1999,7021,Annual value,LCU,1863.0,A,Official figure,AUS,False,False
PP,Producer Prices,36,Australia,5530,Producer Price (LCU/tonne),21113.01,"Meat of pig with the bone, fresh or chilled",2000,2000,7021,Annual value,LCU,2179.0,A,Official figure,AUS,False,False
PP,Producer Prices,36,Australia,5530,Producer Price (LCU/tonne),21113.01,"Meat of pig with the bone, fresh or chilled",2001,2001,7021,Annual value,LCU,2249.0,A,Official figure,AUS,False,False
PP,Producer Prices,36,Australia,5530,Producer Price (LCU/tonne),21113.01,"Meat of pig with the bone, fresh or chilled",2002,2002,7021,Annual value,LCU,2443.0,A,Official figure,AUS,False,False
PP,Producer Prices,36,Australia,5530,Producer Price (LCU/tonne),21113.01,"Meat of pig with the bone, fresh or chilled",2003,2003,7021,Annual value,LCU,2169.0,A,Official figure,AUS,False,False
PP,Producer Prices,36,Australia,5530,Producer Price (LCU/tonne),21113.01,"Meat of pig with the bone, fresh or chilled",2004,2004,7021,Annual value,LCU,2164.0,A,Official figure,AUS,False,False
PP,Producer Prices,36,Australia,5530,Producer Price (LCU/tonne),21113.01,"Meat of pig with the bone, fresh or chilled",2005,2005,7021,Annual value,LCU,2328.0,A,Official figure,AUS,False,False
PP,Producer Prices,36,Australia,5530,Producer Price (LCU/tonne),21113.01,"Meat of pig with the bone, fresh or chilled",2006,2006,7021,Annual value,LCU,2288.0,A,Official figure,AUS,False,False
PP,Producer Prices,36,Australia,5530,Producer Price (LCU/tonne),21113.01,"Meat of pig with the bone, fresh or chilled",2007,2007,7021,Annual value,LCU,2471.0,A,Official figure,AUS,False,False
PP,Producer Prices,36,Australia,5530,Producer Price (LCU/tonne),21113.01,"Meat of pig with the bone, fresh or chilled",2008,2008,7021,Annual value,LCU,2387.0,A,Official figure,AUS,False,False
PP,Producer Prices,36,Australia,5530,Producer Price (LCU/tonne),21113.01,"Meat of pig with the bone, fresh or chilled",2009,2009,7021,Annual value,LCU,2981.0,A,Official figure,AUS,False,False
PP,Producer Prices,36,Australia,5530,Producer Price (LCU/tonne),21113.01,"Meat of pig with the bone, fresh or chilled",2010,2010,7021,Annual value,LCU,2887.0,A,Official figure,AUS,False,False
PP,Producer Prices,36,Australia,5530,Producer Price (LCU/tonne),21113.01,"Meat of pig with the bone, fresh or chilled",2011,2011,7021,Annual value,LCU,2687.0,A,Official figure,AUS,False,False
PP,Producer Prices,36,Australia,5530,Producer Price (LCU/tonne),21113.01,"Meat of pig with the bone, fresh or chilled",2012,2012,7021,Annual value,LCU,2664.0,A,Official figure,AUS,False,False
PP,Producer Prices,36,Australia,5530,Producer Price (LCU/tonne),21113.01,"Meat of pig with the bone, fresh or chilled",2013,2013,7021,Annual value,LCU,2624.0,A,Official figure,AUS,False,False
PP,Producer Prices,36,Australia,5530,Producer Price (LCU/tonne),21113.01,"Meat of pig with the bone, fresh or chilled",2014,2014,7021,Annual value,LCU,2630.0,A,Official figure,AUS,False,False
PP,Producer Prices,36,Australia,5530,Producer Price (LCU/tonne),21113.01,"Meat of pig with the bone, fresh or chilled",2015,2015,7021,Annual value,LCU,2603.0,A,Official figure,AUS,False,False
PP,Producer Prices,36,Australia,5530,Producer Price (LCU/tonne),21113.01,"Meat of pig with the bone, fresh or chilled",2020,2020,7021,Annual value,LCU,3772.2,A,Official figure,AUS,False,False
PP,Producer Prices,36,Australia,5530,Producer Price (LCU/tonne),21113.01,"Meat of pig with the bone, fresh or chilled",2021,2021,7021,Annual value,LCU,3601.1,A,Official figure,AUS,False,False
PP,Producer Prices,36,Australia,5530,Producer Price (LCU/tonne),21113.01,"Meat of pig with the bone, fresh or chilled",2022,2022,7021,Annual value,LCU,3568.4,A,Official figure,AUS,False,False
PP,Producer Prices,36,Australia,5530,Producer Price (LCU/tonne),21113.01,"Meat of pig with the bone, fresh or chilled",2023,2023,7021,Annual value,LCU,3272.0,A,Official figure,AUS,False,False
PP,Producer Prices,36,Australia,5530,Producer Price (LCU/tonne),21113.01,"Meat of pig with the bone, fresh or chilled",2024,2024,7021,Annual value,LCU,3574.3,A,Official figure,AUS,False,False
PP,Producer Prices,36,Australia,5530,Producer Price (LCU/tonne),21113.01b,"Meat of pig with the bone, fresh or chilled (biological)",2003,2003,7021,Annual value,LCU,1453.0,A,Official figure,AUS,False,False
PP,Producer Prices,36,Australia,5530,Producer Price (LCU/tonne),21113.01b,"Meat of pig with the bone, fresh or chilled (biological)",2004,2004,7021,Annual value,LCU,1450.0,A,Official figure,AUS,False,False
PP,Producer Prices,36,Australia,5530,Producer Price (LCU/tonne),21113.01b,"Meat of pig with the bone, fresh or chilled (biological)",2005,2005,7021,Annual value,LCU,1560.0,A,Official figure,AUS,False,False
PP,Producer Prices,36,Australia,5530,Producer Price (LCU/tonne),21113.01b,"Meat of pig with the bone, fresh or chilled (biological)",2006,2006,7021,Annual value,LCU,1533.0,A,Official figure,AUS,False,False
PP,Producer Prices,36,Australia,5530,Producer Price (LCU/tonne),21113.01b,"Meat of pig with the bone, fresh or chilled (biological)",2007,2007,7021,Annual value,LCU,1655.0,A,Official figure,AUS,False,False
PP,Producer Prices,36,Australia,5530,Producer Price (LCU/tonne),21113.01b,"Meat of pig with the bone, fresh or chilled (biological)",2008,2008,7021,Annual value,LCU,1600.0,A,Official figure,AUS,False,False
PP,Producer Prices,36,Australia,5530,Producer Price (LCU/tonne),21113.01b,"Meat of pig with the bone, fresh or chilled (biological)",2009,2009,7021,Annual value,LCU,1997.0,A,Official figure,AUS,False,False
PP,Producer Prices,36,Australia,5530,Producer Price (LCU/tonne),21113.01b,"Meat of pig with the bone, fresh or chilled (biological)",2010,2010,7021,Annual value,LCU,1934.0,A,Official figure,AUS,False,False
PP,Producer Prices,36,Australia,5530,Producer Price (LCU/tonne),21113.01b,"Meat of pig with the bone, fresh or chilled (biological)",2011,2011,7021,Annual value,LCU,1800.0,A,Official figure,AUS,False,False
PP,Producer Prices,36,Australia,5530,Producer Price (LCU/tonne),21113.01b,"Meat of pig with the bone, fresh or chilled (biological)",2012,2012,7021,Annual value,LCU,1785.0,A,Official figure,AUS,False,False
PP,Producer Prices,36,Australia,5530,Producer Price (LCU/tonne),21113.01b,"Meat of pig with the bone, fresh or chilled (biological)",2013,2013,7021,Annual value,LCU,1758.0,A,Official figure,AUS,False,False
PP,Producer Prices,36,Australia,5530,Producer Price (LCU/tonne),21113.01b,"Meat of pig with the bone, fresh or chilled (biological)",2014,2014,7021,Annual value,LCU,1728.0,A,Official figure,AUS,False,False
PP,Producer Prices,36,Australia,5530,Producer Price (LCU/tonne),21113.01b,"Meat of pig with the bone, fresh or chilled (biological)",2015,2015,7021,Annual value,LCU,1714.0,A,Official figure,AUS,False,False
PP,Producer Prices,36,Australia,5530,Producer Price (LCU/tonne),21115,"Meat of sheep, fresh or chilled",1991,1991,7021,Annual value,LCU,1090.0,A,Official figure,AUS,False,False
PP,Producer Prices,36,Australia,5530,Producer Price (LCU/tonne),21115,"Meat of sheep, fresh or chilled",1992,1992,7021,Annual value,LCU,1382.0,A,Official figure,AUS,False,False
PP,Producer Prices,36,Australia,5530,Producer Price (LCU/tonne),21115,"Meat of sheep, fresh or chilled",1993,1993,7021,Annual value,LCU,857.0,A,Official figure,AUS,False,False
PP,Producer Prices,36,Australia,5530,Producer Price (LCU/tonne),21115,"Meat of sheep, fresh or chilled",1994,1994,7021,Annual value,LCU,974.0,A,Official figure,AUS,False,False
PP,Producer Prices,36,Australia,5530,Producer Price (LCU/tonne),21115,"Meat of sheep, fresh or chilled",1995,1995,7021,Annual value,LCU,1023.0,A,Official figure,AUS,False,False
PP,Producer Prices,36,Australia,5530,Producer Price (LCU/tonne),21115,"Meat of sheep, fresh or chilled",1996,1996,7021,Annual value,LCU,1385.0,A,Official figure,AUS,False,False
PP,Producer Prices,36,Australia,5530,Producer Price (LCU/tonne),21115,"Meat of sheep, fresh or chilled",1997,1997,7021,Annual value,LCU,1477.0,A,Official figure,AUS,False,False
PP,Producer Prices,36,Australia,5530,Producer Price (LCU/tonne),21115,"Meat of sheep, fresh or chilled",1998,1998,7021,Annual value,LCU,1407.0,A,Official figure,AUS,False,False
PP,Producer Prices,36,Australia,5530,Producer Price (LCU/tonne),21115,"Meat of sheep, fresh or chilled",1999,1999,7021,Annual value,LCU,1377.0,A,Official figure,AUS,False,False
PP,Producer Prices,36,Australia,5530,Producer Price (LCU/tonne),21115,"Meat of sheep, fresh or chilled",2000,2000,7021,Annual value,LCU,1275.0,A,Official figure,AUS,False,False
PP,Producer Prices,36,Australia,5530,Producer Price (LCU/tonne),21115,"Meat of sheep, fresh or chilled",2001,2001,7021,Annual value,LCU,1589.0,A,Official figure,AUS,False,False
PP,Producer Prices,36,Australia,5530,Producer Price (LCU/tonne),21115,"Meat of sheep, fresh or chilled",2002,2002,7021,Annual value,LCU,2666.0,A,Official figure,AUS,False,False
PP,Producer Prices,36,Australia,5530,Producer Price (LCU/tonne),21115,"Meat of sheep, fresh or chilled",2003,2003,7021,Annual value,LCU,2713.0,A,Official figure,AUS,False,False
PP,Producer Prices,36,Australia,5530,Producer Price (LCU/tonne),21115,"Meat of sheep, fresh or chilled",2004,2004,7021,Annual value,LCU,3153.0,A,Official figure,AUS,False,False
PP,Producer Prices,36,Australia,5530,Producer Price (LCU/tonne),21115,"Meat of sheep, fresh or chilled",2005,2005,7021,Annual value,LCU,2940.0,A,Official figure,AUS,False,False
PP,Producer Prices,36,Australia,5530,Producer Price (LCU/tonne),21115,"Meat of sheep, fresh or chilled",2006,2006,7021,Annual value,LCU,2901.0,A,Official figure,AUS,False,False
PP,Producer Prices,36,Australia,5530,Producer Price (LCU/tonne),21115,"Meat of sheep, fresh or chilled",2007,2007,7021,Annual value,LCU,2584.0,A,Official figure,AUS,False,False
PP,Producer Prices,36,Australia,5530,Producer Price (LCU/tonne),21115,"Meat of sheep, fresh or chilled",2008,2008,7021,Annual value,LCU,2710.0,A,Official figure,AUS,False,False
PP,Producer Prices,36,Australia,5530,Producer Price (LCU/tonne),21115,"Meat of sheep, fresh or chilled",2009,2009,7021,Annual value,LCU,3265.0,A,Official figure,AUS,False,False
PP,Producer Prices,36,Australia,5530,Producer Price (LCU/tonne),21115,"Meat of sheep, fresh or chilled",2010,2010,7021,Annual value,LCU,3903.0,A,Official figure,AUS,False,False
PP,Producer Prices,36,Australia,5530,Producer Price (LCU/tonne),21115,"Meat of sheep, fresh or chilled",2011,2011,7021,Annual value,LCU,4885.0,A,Official figure,AUS,False,False
PP,Producer Prices,36,Australia,5530,Producer Price (LCU/tonne),21115,"Meat of sheep, fresh or chilled",2012,2012,7021,Annual value,LCU,4740.0,A,Official figure,AUS,False,False
PP,Producer Prices,36,Australia,5530,Producer Price (LCU/tonne),21115,"Meat of sheep, fresh or chilled",2013,2013,7021,Annual value,LCU,3153.0,A,Official figure,AUS,False,False
PP,Producer Prices,36,Australia,5530,Producer Price (LCU/tonne),21115,"Meat of sheep, fresh or chilled",2014,2014,7021,Annual value,LCU,3094.0,A,Official figure,AUS,False,False
PP,Producer Prices,36,Australia,5530,Producer Price (LCU/tonne),21115,"Meat of sheep, fresh or chilled",2015,2015,7021,Annual value,LCU,2998.0,A,Official figure,AUS,False,False
PP,Producer Prices,36,Australia,5530,Producer Price (LCU/tonne),21115,"Meat of sheep, fresh or chilled",2020,2020,7021,Annual value,LCU,7012.6,A,Official figure,AUS,False,False
PP,Producer Prices,36,Australia,5530,Producer Price (LCU/tonne),21115,"Meat of sheep, fresh or chilled",2021,2021,7021,Annual value,LCU,6596.6,A,Official figure,AUS,False,False
PP,Producer Prices,36,Australia,5530,Producer Price (LCU/tonne),21115,"Meat of sheep, fresh or chilled",2022,2022,7021,Annual value,LCU,7573.7,A,Official figure,AUS,False,False
PP,Producer Prices,36,Australia,5530,Producer Price (LCU/tonne),21115,"Meat of sheep, fresh or chilled",2023,2023,7021,Annual value,LCU,4632.5,A,Official figure,AUS,False,False
PP,Producer Prices,36,Australia,5530,Producer Price (LCU/tonne),21115,"Meat of sheep, fresh or chilled",2024,2024,7021,Annual value,LCU,4065.3,A,Official figure,AUS,False,False
PP,Producer Prices,36,Australia,5530,Producer Price (LCU/tonne),21115b,"Meat of sheep, fresh or chilled (biological)",2003,2003,7021,Annual value,LCU,1356.0,A,Official figure,AUS,False,False
PP,Producer Prices,36,Australia,5530,Producer Price (LCU/tonne),21115b,"Meat of sheep, fresh or chilled (biological)",2004,2004,7021,Annual value,LCU,1577.0,A,Official figure,AUS,False,False
PP,Producer Prices,36,Australia,5530,Producer Price (LCU/tonne),21115b,"Meat of sheep, fresh or chilled (biological)",2005,2005,7021,Annual value,LCU,1470.0,A,Official figure,AUS,False,False
PP,Producer Prices,36,Australia,5530,Producer Price (LCU/tonne),21115b,"Meat of sheep, fresh or chilled (biological)",2006,2006,7021,Annual value,LCU,1450.0,A,Official figure,AUS,False,False
PP,Producer Prices,36,Australia,5530,Producer Price (LCU/tonne),21115b,"Meat of sheep, fresh or chilled (biological)",2007,2007,7021,Annual value,LCU,1292.0,A,Official figure,AUS,False,False
PP,Producer Prices,36,Australia,5530,Producer Price (LCU/tonne),21115b,"Meat of sheep, fresh or chilled (biological)",2008,2008,7021,Annual value,LCU,1355.0,A,Official figure,AUS,False,False
PP,Producer Prices,36,Australia,5530,Producer Price (LCU/tonne),21115b,"Meat of sheep, fresh or chilled (biological)",2009,2009,7021,Annual value,LCU,1633.0,A,Official figure,AUS,False,False
PP,Producer Prices,36,Australia,5530,Producer Price (LCU/tonne),21115b,"Meat of sheep, fresh or chilled (biological)",2010,2010,7021,Annual value,LCU,1951.0,A,Official figure,AUS,False,False
PP,Producer Prices,36,Australia,5530,Producer Price (LCU/tonne),21115b,"Meat of sheep, fresh or chilled (biological)",2011,2011,7021,Annual value,LCU,2443.0,A,Official figure,AUS,False,False
PP,Producer Prices,36,Australia,5530,Producer Price (LCU/tonne),21115b,"Meat of sheep, fresh or chilled (biological)",2012,2012,7021,Annual value,LCU,2370.0,A,Official figure,AUS,False,False
PP,Producer Prices,36,Australia,5530,Producer Price (LCU/tonne),21115b,"Meat of sheep, fresh or chilled (biological)",2013,2013,7021,Annual value,LCU,1576.0,A,Official figure,AUS,False,False
PP,Producer Prices,36,Australia,5530,Producer Price (LCU/tonne),21115b,"Meat of sheep, fresh or chilled (biological)",2014,2014,7021,Annual value,LCU,1256.0,A,Official figure,AUS,False,False
PP,Producer Prices,36,Australia,5530,Producer Price (LCU/tonne),21115b,"Meat of sheep, fresh or chilled (biological)",2015,2015,7021,Annual value,LCU,1033.0,A,Official figure,AUS,False,False
PP,Producer Prices,36,Australia,5530,Producer Price (LCU/tonne),0118,Millet,1991,1991,7021,Annual value,LCU,238.0,A,Official figure,AUS,False,False
PP,Producer Prices,36,Australia,5530,Producer Price (LCU/tonne),0118,Millet,1992,1992,7021,Annual value,LCU,216.0,A,Official figure,AUS,False,False
PP,Producer Prices,36,Australia,5530,Producer Price (LCU/tonne),0118,Millet,1993,1993,7021,Annual value,LCU,193.0,A,Official figure,AUS,False,False
PP,Producer Prices,36,Australia,5530,Producer Price (LCU/tonne),0118,Millet,1994,1994,7021,Annual value,LCU,404.0,A,Official figure,AUS,False,False
PP,Producer Prices,36,Australia,5530,Producer Price (LCU/tonne),0118,Millet,1995,1995,7021,Annual value,LCU,363.0,A,Official figure,AUS,False,False
PP,Producer Prices,36,Australia,5530,Producer Price (LCU/tonne),0118,Millet,1996,1996,7021,Annual value,LCU,327.0,A,Official figure,AUS,False,False
PP,Producer Prices,36,Australia,5530,Producer Price (LCU/tonne),0118,Millet,1997,1997,7021,Annual value,LCU,358.0,A,Official figure,AUS,False,False
PP,Producer Prices,36,Australia,5530,Producer Price (LCU/tonne),0118,Millet,1998,1998,7021,Annual value,LCU,399.0,A,Official figure,AUS,False,False
PP,Producer Prices,36,Australia,5530,Producer Price (LCU/tonne),0118,Millet,1999,1999,7021,Annual value,LCU,359.0,A,Official figure,AUS,False,False
PP,Producer Prices,36,Australia,5530,Producer Price (LCU/tonne),0118,Millet,2000,2000,7021,Annual value,LCU,265.0,A,Official figure,AUS,False,False
PP,Producer Prices,36,Australia,5530,Producer Price (LCU/tonne),0118,Millet,2001,2001,7021,Annual value,LCU,418.0,A,Official figure,AUS,False,False
PP,Producer Prices,36,Australia,5530,Producer Price (LCU/tonne),0118,Millet,2002,2002,7021,Annual value,LCU,385.0,A,Official figure,AUS,False,False
PP,Producer Prices,36,Australia,5530,Producer Price (LCU/tonne),0118,Millet,2003,2003,7021,Annual value,LCU,575.0,A,Official figure,AUS,False,False
PP,Producer Prices,36,Australia,5530,Producer Price (LCU/tonne),0118,Millet,2004,2004,7021,Annual value,LCU,417.0,A,Official figure,AUS,False,False
PP,Producer Prices,36,Australia,5530,Producer Price (LCU/tonne),0118,Millet,2005,2005,7021,Annual value,LCU,351.0,A,Official figure,AUS,False,False
PP,Producer Prices,36,Australia,5530,Producer Price (LCU/tonne),01270,Mushrooms and truffles,1991,1991,7021,Annual value,LCU,3909.0,A,Official figure,AUS,False,False
PP,Producer Prices,36,Australia,5530,Producer Price (LCU/tonne),01270,Mushrooms and truffles,1992,1992,7021,Annual value,LCU,3824.0,A,Official figure,AUS,False,False
PP,Producer Prices,36,Australia,5530,Producer Price (LCU/tonne),01270,Mushrooms and truffles,1993,1993,7021,Annual value,LCU,3853.0,A,Official figure,AUS,False,False
PP,Producer Prices,36,Australia,5530,Producer Price (LCU/tonne),01270,Mushrooms and truffles,1994,1994,7021,Annual value,LCU,3977.0,A,Official figure,AUS,False,False
PP,Producer Prices,36,Australia,5530,Producer Price (LCU/tonne),01270,Mushrooms and truffles,1995,1995,7021,Annual value,LCU,3823.0,A,Official figure,AUS,False,False
PP,Producer Prices,36,Australia,5530,Producer Price (LCU/tonne),01270,Mushrooms and truffles,1996,1996,7021,Annual value,LCU,3727.0,A,Official figure,AUS,False,False
PP,Producer Prices,36,Australia,5530,Producer Price (LCU/tonne),01270,Mushrooms and truffles,1997,1997,7021,Annual value,LCU,3810.0,A,Official figure,AUS,False,False
PP,Producer Prices,36,Australia,5530,Producer Price (LCU/tonne),01270,Mushrooms and truffles,1998,1998,7021,Annual value,LCU,4030.0,A,Official figure,AUS,False,False
PP,Producer Prices,36,Australia,5530,Producer Price (LCU/tonne),01270,Mushrooms and truffles,1999,1999,7021,Annual value,LCU,4010.0,A,Official figure,AUS,False,False
PP,Producer Prices,36,Australia,5530,Producer Price (LCU/tonne),01270,Mushrooms and truffles,2000,2000,7021,Annual value,LCU,4110.0,A,Official figure,AUS,False,False
PP,Producer Prices,36,Australia,5530,Producer Price (LCU/tonne),01270,Mushrooms and truffles,2001,2001,7021,Annual value,LCU,4550.0,A,Official figure,AUS,False,False
PP,Producer Prices,36,Australia,5530,Producer Price (LCU/tonne),01270,Mushrooms and truffles,2002,2002,7021,Annual value,LCU,4640.0,A,Official figure,AUS,False,False
PP,Producer Prices,36,Australia,5530,Producer Price (LCU/tonne),01270,Mushrooms and truffles,2003,2003,7021,Annual value,LCU,4900.0,A,Official figure,AUS,False,False
PP,Producer Prices,36,Australia,5530,Producer Price (LCU/tonne),01270,Mushrooms and truffles,2004,2004,7021,Annual value,LCU,4740.0,A,Official figure,AUS,False,False
PP,Producer Prices,36,Australia,5530,Producer Price (LCU/tonne),01270,Mushrooms and truffles,2005,2005,7021,Annual value,LCU,5050.0,A,Official figure,AUS,False,False
PP,Producer Prices,36,Australia,5530,Producer Price (LCU/tonne),01270,Mushrooms and truffles,2006,2006,7021,Annual value,LCU,5590.0,A,Official figure,AUS,False,False
PP,Producer Prices,36,Australia,5530,Producer Price (LCU/tonne),01270,Mushrooms and truffles,2007,2007,7021,Annual value,LCU,6070.0,A,Official figure,AUS,False,False
PP,Producer Prices,36,Australia,5530,Producer Price (LCU/tonne),01270,Mushrooms and truffles,2008,2008,7021,Annual value,LCU,5980.0,A,Official figure,AUS,False,False
PP,Producer Prices,36,Australia,5530,Producer Price (LCU/tonne),01270,Mushrooms and truffles,2009,2009,7021,Annual value,LCU,5750.0,A,Official figure,AUS,False,False
PP,Producer Prices,36,Australia,5530,Producer Price (LCU/tonne),01270,Mushrooms and truffles,2010,2010,7021,Annual value,LCU,5710.0,A,Official figure,AUS,False,False
PP,Producer Prices,36,Australia,5530,Producer Price (LCU/tonne),01270,Mushrooms and truffles,2011,2011,7021,Annual value,LCU,5900.0,A,Official figure,AUS,False,False
PP,Producer Prices,36,Australia,5530,Producer Price (LCU/tonne),01270,Mushrooms and truffles,2012,2012,7021,Annual value,LCU,5740.0,A,Official figure,AUS,False,False
PP,Producer Prices,36,Australia,5530,Producer Price (LCU/tonne),01270,Mushrooms and truffles,2013,2013,7021,Annual value,LCU,4427.0,A,Official figure,AUS,False,False
PP,Producer Prices,36,Australia,5530,Producer Price (LCU/tonne),01270,Mushrooms and truffles,2014,2014,7021,Annual value,LCU,5292.0,A,Official figure,AUS,False,False
PP,Producer Prices,36,Australia,5530,Producer Price (LCU/tonne),01270,Mushrooms and truffles,2015,2015,7021,Annual value,LCU,6396.0,A,Official figure,AUS,False,False
PP,Producer Prices,36,Australia,5530,Producer Price (LCU/tonne),01270,Mushrooms and truffles,2016,2016,7021,Annual value,LCU,6419.0,A,Official figure,AUS,False,False
PP,Producer Prices,36,Australia,5530,Producer Price (LCU/tonne),01270,Mushrooms and truffles,2017,2017,7021,Annual value,LCU,7142.0,A,Official figure,AUS,False,False
PP,Producer Prices,36,Australia,5530,Producer Price (LCU/tonne),01270,Mushrooms and truffles,2018,2018,7021,Annual value,LCU,7388.0,A,Official figure,AUS,False,False
PP,Producer Prices,36,Australia,5530,Producer Price (LCU/tonne),01270,Mushrooms and truffles,2019,2019,7021,Annual value,LCU,7427.0,A,Official figure,AUS,False,False
PP,Producer Prices,36,Australia,5530,Producer Price (LCU/tonne),01270,Mushrooms and truffles,2020,2020,7021,Annual value,LCU,6994.8,A,Official figure,AUS,False,False
PP,Producer Prices,36,Australia,5530,Producer Price (LCU/tonne),01270,Mushrooms and truffles,2021,2021,7021,Annual value,LCU,7654.2,A,Official figure,AUS,False,False
PP,Producer Prices,36,Australia,5530,Producer Price (LCU/tonne),01270,Mushrooms and truffles,2023,2023,7021,Annual value,LCU,6615.0,A,Official figure,AUS,False,False
PP,Producer Prices,36,Australia,5530,Producer Price (LCU/tonne),01270,Mushrooms and truffles,2024,2024,7021,Annual value,LCU,6722.7,A,Official figure,AUS,False,False
PP,Producer Prices,36,Australia,5530,Producer Price (LCU/tonne),02910,Natural honey,1991,1991,7021,Annual value,LCU,1250.0,A,Official figure,AUS,False,False
PP,Producer Prices,36,Australia,5530,Producer Price (LCU/tonne),02910,Natural honey,1992,1992,7021,Annual value,LCU,1320.0,A,Official figure,AUS,False,False
PP,Producer Prices,36,Australia,5530,Producer Price (LCU/tonne),02910,Natural honey,1993,1993,7021,Annual value,LCU,1396.0,A,Official figure,AUS,False,False
PP,Producer Prices,36,Australia,5530,Producer Price (LCU/tonne),02910,Natural honey,1994,1994,7021,Annual value,LCU,1267.0,A,Official figure,AUS,False,False
PP,Producer Prices,36,Australia,5530,Producer Price (LCU/tonne),02910,Natural honey,1995,1995,7021,Annual value,LCU,1310.0,A,Official figure,AUS,False,False
PP,Producer Prices,36,Australia,5530,Producer Price (LCU/tonne),02910,Natural honey,1996,1996,7021,Annual value,LCU,1520.0,A,Official figure,AUS,False,False
PP,Producer Prices,36,Australia,5530,Producer Price (LCU/tonne),02910,Natural honey,1997,1997,7021,Annual value,LCU,1700.0,A,Official figure,AUS,False,False
PP,Producer Prices,36,Australia,5530,Producer Price (LCU/tonne),02910,Natural honey,1998,1998,7021,Annual value,LCU,1680.0,A,Official figure,AUS,False,False
PP,Producer Prices,36,Australia,5530,Producer Price (LCU/tonne),02910,Natural honey,1999,1999,7021,Annual value,LCU,1780.0,A,Official figure,AUS,False,False
PP,Producer Prices,36,Australia,5530,Producer Price (LCU/tonne),02910,Natural honey,2000,2000,7021,Annual value,LCU,1680.0,A,Official figure,AUS,False,False
PP,Producer Prices,36,Australia,5530,Producer Price (LCU/tonne),02910,Natural honey,2001,2001,7021,Annual value,LCU,1760.0,A,Official figure,AUS,False,False
PP,Producer Prices,36,Australia,5530,Producer Price (LCU/tonne),0117,Oats,1991,1991,7021,Annual value,LCU,96.0,A,Official figure,AUS,False,False
PP,Producer Prices,36,Australia,5530,Producer Price (LCU/tonne),0117,Oats,1992,1992,7021,Annual value,LCU,106.0,A,Official figure,AUS,False,False
PP,Producer Prices,36,Australia,5530,Producer Price (LCU/tonne),0117,Oats,1993,1993,7021,Annual value,LCU,106.0,A,Official figure,AUS,False,False
PP,Producer Prices,36,Australia,5530,Producer Price (LCU/tonne),0117,Oats,1994,1994,7021,Annual value,LCU,90.0,A,Official figure,AUS,False,False
PP,Producer Prices,36,Australia,5530,Producer Price (LCU/tonne),0117,Oats,1995,1995,7021,Annual value,LCU,179.0,A,Official figure,AUS,False,False
PP,Producer Prices,36,Australia,5530,Producer Price (LCU/tonne),0117,Oats,1996,1996,7021,Annual value,LCU,154.0,A,Official figure,AUS,False,False
PP,Producer Prices,36,Australia,5530,Producer Price (LCU/tonne),0117,Oats,1997,1997,7021,Annual value,LCU,137.0,A,Official figure,AUS,False,False
PP,Producer Prices,36,Australia,5530,Producer Price (LCU/tonne),0117,Oats,1998,1998,7021,Annual value,LCU,137.0,A,Official figure,AUS,False,False
PP,Producer Prices,36,Australia,5530,Producer Price (LCU/tonne),0117,Oats,1999,1999,7021,Annual value,LCU,87.0,A,Official figure,AUS,False,False
PP,Producer Prices,36,Australia,5530,Producer Price (LCU/tonne),0117,Oats,2000,2000,7021,Annual value,LCU,106.0,A,Official figure,AUS,False,False
PP,Producer Prices,36,Australia,5530,Producer Price (LCU/tonne),0117,Oats,2001,2001,7021,Annual value,LCU,132.0,A,Official figure,AUS,False,False
PP,Producer Prices,36,Australia,5530,Producer Price (LCU/tonne),0117,Oats,2002,2002,7021,Annual value,LCU,175.0,A,Official figure,AUS,False,False
PP,Producer Prices,36,Australia,5530,Producer Price (LCU/tonne),0117,Oats,2003,2003,7021,Annual value,LCU,219.0,A,Official figure,AUS,False,False
PP,Producer Prices,36,Australia,5530,Producer Price (LCU/tonne),0117,Oats,2004,2004,7021,Annual value,LCU,138.0,A,Official figure,AUS,False,False
PP,Producer Prices,36,Australia,5530,Producer Price (LCU/tonne),0117,Oats,2005,2005,7021,Annual value,LCU,134.0,A,Official figure,AUS,False,False
PP,Producer Prices,36,Australia,5530,Producer Price (LCU/tonne),0117,Oats,2006,2006,7021,Annual value,LCU,147.0,A,Official figure,AUS,False,False
PP,Producer Prices,36,Australia,5530,Producer Price (LCU/tonne),0117,Oats,2007,2007,7021,Annual value,LCU,241.0,A,Official figure,AUS,False,False
PP,Producer Prices,36,Australia,5530,Producer Price (LCU/tonne),0117,Oats,2008,2008,7021,Annual value,LCU,281.0,A,Official figure,AUS,False,False
PP,Producer Prices,36,Australia,5530,Producer Price (LCU/tonne),0117,Oats,2009,2009,7021,Annual value,LCU,216.0,A,Official figure,AUS,False,False
PP,Producer Prices,36,Australia,5530,Producer Price (LCU/tonne),0117,Oats,2010,2010,7021,Annual value,LCU,160.0,A,Official figure,AUS,False,False
PP,Producer Prices,36,Australia,5530,Producer Price (LCU/tonne),0117,Oats,2011,2011,7021,Annual value,LCU,196.0,A,Official figure,AUS,False,False
PP,Producer Prices,36,Australia,5530,Producer Price (LCU/tonne),0117,Oats,2012,2012,7021,Annual value,LCU,202.0,A,Official figure,AUS,False,False
PP,Producer Prices,36,Australia,5530,Producer Price (LCU/tonne),0117,Oats,2013,2013,7021,Annual value,LCU,236.0,A,Official figure,AUS,False,False
PP,Producer Prices,36,Australia,5530,Producer Price (LCU/tonne),0117,Oats,2014,2014,7021,Annual value,LCU,213.0,A,Official figure,AUS,False,False
PP,Producer Prices,36,Australia,5530,Producer Price (LCU/tonne),0117,Oats,2015,2015,7021,Annual value,LCU,250.0,A,Official figure,AUS,False,False
PP,Producer Prices,36,Australia,5530,Producer Price (LCU/tonne),0117,Oats,2016,2016,7021,Annual value,LCU,306.0,A,Official figure,AUS,False,False
PP,Producer Prices,36,Australia,5530,Producer Price (LCU/tonne),0117,Oats,2017,2017,7021,Annual value,LCU,242.0,A,Official figure,AUS,False,False
PP,Producer Prices,36,Australia,5530,Producer Price (LCU/tonne),0117,Oats,2018,2018,7021,Annual value,LCU,222.0,A,Official figure,AUS,False,False
PP,Producer Prices,36,Australia,5530,Producer Price (LCU/tonne),0117,Oats,2019,2019,7021,Annual value,LCU,367.0,A,Official figure,AUS,False,False
PP,Producer Prices,36,Australia,5530,Producer Price (LCU/tonne),0117,Oats,2020,2020,7021,Annual value,LCU,371.7,A,Official figure,AUS,False,False
PP,Producer Prices,36,Australia,5530,Producer Price (LCU/tonne),0117,Oats,2021,2021,7021,Annual value,LCU,285.3,A,Official figure,AUS,False,False
PP,Producer Prices,36,Australia,5530,Producer Price (LCU/tonne),0117,Oats,2022,2022,7021,Annual value,LCU,299.1,A,Official figure,AUS,False,False
PP,Producer Prices,36,Australia,5530,Producer Price (LCU/tonne),0117,Oats,2023,2023,7021,Annual value,LCU,261.9,A,Official figure,AUS,False,False
PP,Producer Prices,36,Australia,5530,Producer Price (LCU/tonne),0117,Oats,2024,2024,7021,Annual value,LCU,363.2,A,Official figure,AUS,False,False
PP,Producer Prices,36,Australia,5530,Producer Price (LCU/tonne),01450,Olives,1991,1991,7021,Annual value,LCU,877.0,A,Official figure,AUS,False,False
PP,Producer Prices,36,Australia,5530,Producer Price (LCU/tonne),01450,Olives,1992,1992,7021,Annual value,LCU,907.0,A,Official figure,AUS,False,False
PP,Producer Prices,36,Australia,5530,Producer Price (LCU/tonne),01450,Olives,1993,1993,7021,Annual value,LCU,947.0,A,Official figure,AUS,False,False
PP,Producer Prices,36,Australia,5530,Producer Price (LCU/tonne),01450,Olives,1994,1994,7021,Annual value,LCU,879.0,A,Official figure,AUS,False,False
PP,Producer Prices,36,Australia,5530,Producer Price (LCU/tonne),01450,Olives,1995,1995,7021,Annual value,LCU,930.0,A,Official figure,AUS,False,False
PP,Producer Prices,36,Australia,5530,Producer Price (LCU/tonne),01450,Olives,1997,1997,7021,Annual value,LCU,3410.0,A,Official figure,AUS,False,False
PP,Producer Prices,36,Australia,5530,Producer Price (LCU/tonne),01450,Olives,1998,1998,7021,Annual value,LCU,2730.0,A,Official figure,AUS,False,False
PP,Producer Prices,36,Australia,5530,Producer Price (LCU/tonne),01450,Olives,1999,1999,7021,Annual value,LCU,2560.0,A,Official figure,AUS,False,False
PP,Producer Prices,36,Australia,5530,Producer Price (LCU/tonne),01450,Olives,2000,2000,7021,Annual value,LCU,2500.0,A,Official figure,AUS,False,False
PP,Producer Prices,36,Australia,5530,Producer Price (LCU/tonne),01450,Olives,2001,2001,7021,Annual value,LCU,2500.0,A,Official figure,AUS,False,False
PP,Producer Prices,36,Australia,5530,Producer Price (LCU/tonne),01450,Olives,2002,2002,7021,Annual value,LCU,1950.0,A,Official figure,AUS,False,False
PP,Producer Prices,36,Australia,5530,Producer Price (LCU/tonne),01450,Olives,2003,2003,7021,Annual value,LCU,2180.0,A,Official figure,AUS,False,False
PP,Producer Prices,36,Australia,5530,Producer Price (LCU/tonne),01450,Olives,2004,2004,7021,Annual value,LCU,2180.0,A,Official figure,AUS,False,False
PP,Producer Prices,36,Australia,5530,Producer Price (LCU/tonne),01450,Olives,2005,2005,7021,Annual value,LCU,1860.0,A,Official figure,AUS,False,False
PP,Producer Prices,36,Australia,5530,Producer Price (LCU/tonne),01450,Olives,2006,2006,7021,Annual value,LCU,1040.0,A,Official figure,AUS,False,False
PP,Producer Prices,36,Australia,5530,Producer Price (LCU/tonne),01450,Olives,2007,2007,7021,Annual value,LCU,1070.0,A,Official figure,AUS,False,False
PP,Producer Prices,36,Australia,5530,Producer Price (LCU/tonne),01450,Olives,2009,2009,7021,Annual value,LCU,910.0,A,Official figure,AUS,False,False
PP,Producer Prices,36,Australia,5530,Producer Price (LCU/tonne),01450,Olives,2011,2011,7021,Annual value,LCU,1860.0,A,Official figure,AUS,False,False
PP,Producer Prices,36,Australia,5530,Producer Price (LCU/tonne),01450,Olives,2013,2013,7021,Annual value,LCU,2333.0,A,Official figure,AUS,False,False
PP,Producer Prices,36,Australia,5530,Producer Price (LCU/tonne),01450,Olives,2018,2018,7021,Annual value,LCU,1034.0,A,Official figure,AUS,False,False
PP,Producer Prices,36,Australia,5530,Producer Price (LCU/tonne),01450,Olives,2019,2019,7021,Annual value,LCU,1323.0,A,Official figure,AUS,False,False
PP,Producer Prices,36,Australia,5530,Producer Price (LCU/tonne),01450,Olives,2020,2020,7021,Annual value,LCU,1274.9,A,Official figure,AUS,False,False
PP,Producer Prices,36,Australia,5530,Producer Price (LCU/tonne),01450,Olives,2021,2021,7021,Annual value,LCU,1038.0,A,Official figure,AUS,False,False
PP,Producer Prices,36,Australia,5530,Producer Price (LCU/tonne),01450,Olives,2023,2023,7021,Annual value,LCU,1240.4,A,Official figure,AUS,False,False
PP,Producer Prices,36,Australia,5530,Producer Price (LCU/tonne),01450,Olives,2024,2024,7021,Annual value,LCU,1239.5,A,Official figure,AUS,False,False
PP,Producer Prices,36,Australia,5530,Producer Price (LCU/tonne),01253.02,"Onions and shallots, dry (excluding dehydrated)",1991,1991,7021,Annual value,LCU,343.0,A,Official figure,AUS,False,False
PP,Producer Prices,36,Australia,5530,Producer Price (LCU/tonne),01253.02,"Onions and shallots, dry (excluding dehydrated)",1992,1992,7021,Annual value,LCU,290.0,A,Official figure,AUS,False,False
PP,Producer Prices,36,Australia,5530,Producer Price (LCU/tonne),01253.02,"Onions and shallots, dry (excluding dehydrated)",1993,1993,7021,Annual value,LCU,400.0,A,Official figure,AUS,False,False
PP,Producer Prices,36,Australia,5530,Producer Price (LCU/tonne),01253.02,"Onions and shallots, dry (excluding dehydrated)",1994,1994,7021,Annual value,LCU,496.0,A,Official figure,AUS,False,False
PP,Producer Prices,36,Australia,5530,Producer Price (LCU/tonne),01253.02,"Onions and shallots, dry (excluding dehydrated)",1995,1995,7021,Annual value,LCU,394.0,A,Official figure,AUS,False,False
PP,Producer Prices,36,Australia,5530,Producer Price (LCU/tonne),01253.02,"Onions and shallots, dry (excluding dehydrated)",1996,1996,7021,Annual value,LCU,463.0,A,Official figure,AUS,False,False
PP,Producer Prices,36,Australia,5530,Producer Price (LCU/tonne),01253.02,"Onions and shallots, dry (excluding dehydrated)",1997,1997,7021,Annual value,LCU,466.0,A,Official figure,AUS,False,False
PP,Producer Prices,36,Australia,5530,Producer Price (LCU/tonne),01253.02,"Onions and shallots, dry (excluding dehydrated)",1998,1998,7021,Annual value,LCU,570.0,A,Official figure,AUS,False,False
PP,Producer Prices,36,Australia,5530,Producer Price (LCU/tonne),01253.02,"Onions and shallots, dry (excluding dehydrated)",1999,1999,7021,Annual value,LCU,529.0,A,Official figure,AUS,False,False
PP,Producer Prices,36,Australia,5530,Producer Price (LCU/tonne),01253.02,"Onions and shallots, dry (excluding dehydrated)",2000,2000,7021,Annual value,LCU,462.0,A,Official figure,AUS,False,False
PP,Producer Prices,36,Australia,5530,Producer Price (LCU/tonne),01253.02,"Onions and shallots, dry (excluding dehydrated)",2001,2001,7021,Annual value,LCU,539.0,A,Official figure,AUS,False,False
PP,Producer Prices,36,Australia,5530,Producer Price (LCU/tonne),01253.02,"Onions and shallots, dry (excluding dehydrated)",2002,2002,7021,Annual value,LCU,577.0,A,Official figure,AUS,False,False
PP,Producer Prices,36,Australia,5530,Producer Price (LCU/tonne),01253.02,"Onions and shallots, dry (excluding dehydrated)",2003,2003,7021,Annual value,LCU,552.0,A,Official figure,AUS,False,False
PP,Producer Prices,36,Australia,5530,Producer Price (LCU/tonne),01253.02,"Onions and shallots, dry (excluding dehydrated)",2004,2004,7021,Annual value,LCU,656.0,A,Official figure,AUS,False,False
PP,Producer Prices,36,Australia,5530,Producer Price (LCU/tonne),01253.02,"Onions and shallots, dry (excluding dehydrated)",2005,2005,7021,Annual value,LCU,561.0,A,Official figure,AUS,False,False
PP,Producer Prices,36,Australia,5530,Producer Price (LCU/tonne),01253.02,"Onions and shallots, dry (excluding dehydrated)",2006,2006,7021,Annual value,LCU,655.0,A,Official figure,AUS,False,False
PP,Producer Prices,36,Australia,5530,Producer Price (LCU/tonne),01253.02,"Onions and shallots, dry (excluding dehydrated)",2007,2007,7021,Annual value,LCU,770.0,A,Official figure,AUS,False,False
PP,Producer Prices,36,Australia,5530,Producer Price (LCU/tonne),01253.02,"Onions and shallots, dry (excluding dehydrated)",2008,2008,7021,Annual value,LCU,813.0,A,Official figure,AUS,False,False
PP,Producer Prices,36,Australia,5530,Producer Price (LCU/tonne),01253.02,"Onions and shallots, dry (excluding dehydrated)",2009,2009,7021,Annual value,LCU,789.0,A,Official figure,AUS,False,False
PP,Producer Prices,36,Australia,5530,Producer Price (LCU/tonne),01253.02,"Onions and shallots, dry (excluding dehydrated)",2010,2010,7021,Annual value,LCU,692.0,A,Official figure,AUS,False,False
PP,Producer Prices,36,Australia,5530,Producer Price (LCU/tonne),01253.02,"Onions and shallots, dry (excluding dehydrated)",2011,2011,7021,Annual value,LCU,828.0,A,Official figure,AUS,False,False
PP,Producer Prices,36,Australia,5530,Producer Price (LCU/tonne),01253.02,"Onions and shallots, dry (excluding dehydrated)",2012,2012,7021,Annual value,LCU,613.0,A,Official figure,AUS,False,False
PP,Producer Prices,36,Australia,5530,Producer Price (LCU/tonne),01253.02,"Onions and shallots, dry (excluding dehydrated)",2013,2013,7021,Annual value,LCU,662.0,A,Official figure,AUS,False,False
PP,Producer Prices,36,Australia,5530,Producer Price (LCU/tonne),01253.02,"Onions and shallots, dry (excluding dehydrated)",2014,2014,7021,Annual value,LCU,724.0,A,Official figure,AUS,False,False
PP,Producer Prices,36,Australia,5530,Producer Price (LCU/tonne),01253.02,"Onions and shallots, dry (excluding dehydrated)",2015,2015,7021,Annual value,LCU,763.0,A,Official figure,AUS,False,False
PP,Producer Prices,36,Australia,5530,Producer Price (LCU/tonne),01253.02,"Onions and shallots, dry (excluding dehydrated)",2016,2016,7021,Annual value,LCU,796.0,A,Official figure,AUS,False,False
PP,Producer Prices,36,Australia,5530,Producer Price (LCU/tonne),01253.02,"Onions and shallots, dry (excluding dehydrated)",2017,2017,7021,Annual value,LCU,972.0,A,Official figure,AUS,False,False
PP,Producer Prices,36,Australia,5530,Producer Price (LCU/tonne),01253.02,"Onions and shallots, dry (excluding dehydrated)",2018,2018,7021,Annual value,LCU,786.0,A,Official figure,AUS,False,False
PP,Producer Prices,36,Australia,5530,Producer Price (LCU/tonne),01253.02,"Onions and shallots, dry (excluding dehydrated)",2019,2019,7021,Annual value,LCU,841.0,A,Official figure,AUS,False,False
PP,Producer Prices,36,Australia,5530,Producer Price (LCU/tonne),01253.02,"Onions and shallots, dry (excluding dehydrated)",2020,2020,7021,Annual value,LCU,628.1,A,Official figure,AUS,False,False
PP,Producer Prices,36,Australia,5530,Producer Price (LCU/tonne),01253.02,"Onions and shallots, dry (excluding dehydrated)",2021,2021,7021,Annual value,LCU,526.8,A,Official figure,AUS,False,False
PP,Producer Prices,36,Australia,5530,Producer Price (LCU/tonne),01253.02,"Onions and shallots, dry (excluding dehydrated)",2023,2023,7021,Annual value,LCU,1303.9,A,Official figure,AUS,False,False
PP,Producer Prices,36,Australia,5530,Producer Price (LCU/tonne),01253.02,"Onions and shallots, dry (excluding dehydrated)",2024,2024,7021,Annual value,LCU,1067.9,A,Official figure,AUS,False,False
PP,Producer Prices,36,Australia,5530,Producer Price (LCU/tonne),01323,Oranges,1991,1991,7021,Annual value,LCU,363.0,A,Official figure,AUS,False,False
PP,Producer Prices,36,Australia,5530,Producer Price (LCU/tonne),01323,Oranges,1992,1992,7021,Annual value,LCU,432.0,A,Official figure,AUS,False,False
PP,Producer Prices,36,Australia,5530,Producer Price (LCU/tonne),01323,Oranges,1993,1993,7021,Annual value,LCU,344.0,A,Official figure,AUS,False,False
PP,Producer Prices,36,Australia,5530,Producer Price (LCU/tonne),01323,Oranges,1994,1994,7021,Annual value,LCU,395.0,A,Official figure,AUS,False,False
PP,Producer Prices,36,Australia,5530,Producer Price (LCU/tonne),01323,Oranges,1995,1995,7021,Annual value,LCU,415.0,A,Official figure,AUS,False,False
PP,Producer Prices,36,Australia,5530,Producer Price (LCU/tonne),01323,Oranges,1996,1996,7021,Annual value,LCU,496.0,A,Official figure,AUS,False,False
PP,Producer Prices,36,Australia,5530,Producer Price (LCU/tonne),01323,Oranges,1997,1997,7021,Annual value,LCU,490.0,A,Official figure,AUS,False,False
PP,Producer Prices,36,Australia,5530,Producer Price (LCU/tonne),01323,Oranges,1998,1998,7021,Annual value,LCU,520.0,A,Official figure,AUS,False,False
PP,Producer Prices,36,Australia,5530,Producer Price (LCU/tonne),01323,Oranges,1999,1999,7021,Annual value,LCU,660.0,A,Official figure,AUS,False,False
PP,Producer Prices,36,Australia,5530,Producer Price (LCU/tonne),01323,Oranges,2000,2000,7021,Annual value,LCU,542.0,A,Official figure,AUS,False,False
PP,Producer Prices,36,Australia,5530,Producer Price (LCU/tonne),01323,Oranges,2001,2001,7021,Annual value,LCU,500.0,A,Official figure,AUS,False,False
PP,Producer Prices,36,Australia,5530,Producer Price (LCU/tonne),01323,Oranges,2002,2002,7021,Annual value,LCU,620.0,A,Official figure,AUS,False,False
PP,Producer Prices,36,Australia,5530,Producer Price (LCU/tonne),01323,Oranges,2003,2003,7021,Annual value,LCU,560.0,A,Official figure,AUS,False,False
PP,Producer Prices,36,Australia,5530,Producer Price (LCU/tonne),01323,Oranges,2004,2004,7021,Annual value,LCU,600.0,A,Official figure,AUS,False,False
PP,Producer Prices,36,Australia,5530,Producer Price (LCU/tonne),01323,Oranges,2005,2005,7021,Annual value,LCU,620.0,A,Official figure,AUS,False,False
PP,Producer Prices,36,Australia,5530,Producer Price (LCU/tonne),01323,Oranges,2006,2006,7021,Annual value,LCU,540.0,A,Official figure,AUS,False,False
PP,Producer Prices,36,Australia,5530,Producer Price (LCU/tonne),01323,Oranges,2007,2007,7021,Annual value,LCU,660.0,A,Official figure,AUS,False,False
PP,Producer Prices,36,Australia,5530,Producer Price (LCU/tonne),01323,Oranges,2008,2008,7021,Annual value,LCU,620.0,A,Official figure,AUS,False,False
PP,Producer Prices,36,Australia,5530,Producer Price (LCU/tonne),01323,Oranges,2009,2009,7021,Annual value,LCU,730.0,A,Official figure,AUS,False,False
PP,Producer Prices,36,Australia,5530,Producer Price (LCU/tonne),01323,Oranges,2010,2010,7021,Annual value,LCU,780.0,A,Official figure,AUS,False,False
PP,Producer Prices,36,Australia,5530,Producer Price (LCU/tonne),01323,Oranges,2011,2011,7021,Annual value,LCU,680.0,A,Official figure,AUS,False,False
PP,Producer Prices,36,Australia,5530,Producer Price (LCU/tonne),01323,Oranges,2012,2012,7021,Annual value,LCU,770.0,A,Official figure,AUS,False,False
PP,Producer Prices,36,Australia,5530,Producer Price (LCU/tonne),01323,Oranges,2013,2013,7021,Annual value,LCU,864.0,A,Official figure,AUS,False,False
PP,Producer Prices,36,Australia,5530,Producer Price (LCU/tonne),01323,Oranges,2014,2014,7021,Annual value,LCU,936.0,A,Official figure,AUS,False,False
PP,Producer Prices,36,Australia,5530,Producer Price (LCU/tonne),01323,Oranges,2015,2015,7021,Annual value,LCU,854.0,A,Official figure,AUS,False,False
PP,Producer Prices,36,Australia,5530,Producer Price (LCU/tonne),01323,Oranges,2016,2016,7021,Annual value,LCU,947.0,A,Official figure,AUS,False,False
PP,Producer Prices,36,Australia,5530,Producer Price (LCU/tonne),01323,Oranges,2017,2017,7021,Annual value,LCU,1300.0,A,Official figure,AUS,False,False
PP,Producer Prices,36,Australia,5530,Producer Price (LCU/tonne),01323,Oranges,2018,2018,7021,Annual value,LCU,1258.0,A,Official figure,AUS,False,False
PP,Producer Prices,36,Australia,5530,Producer Price (LCU/tonne),01323,Oranges,2019,2019,7021,Annual value,LCU,1342.0,A,Official figure,AUS,False,False
PP,Producer Prices,36,Australia,5530,Producer Price (LCU/tonne),01323,Oranges,2020,2020,7021,Annual value,LCU,1351.1,A,Official figure,AUS,False,False
PP,Producer Prices,36,Australia,5530,Producer Price (LCU/tonne),01323,Oranges,2021,2021,7021,Annual value,LCU,1477.2,A,Official figure,AUS,False,False
PP,Producer Prices,36,Australia,5530,Producer Price (LCU/tonne),01323,Oranges,2022,2022,7021,Annual value,LCU,1492.8,A,Official figure,AUS,False,False
PP,Producer Prices,36,Australia,5530,Producer Price (LCU/tonne),01323,Oranges,2023,2023,7021,Annual value,LCU,820.5,A,Official figure,AUS,False,False
PP,Producer Prices,36,Australia,5530,Producer Price (LCU/tonne),01323,Oranges,2024,2024,7021,Annual value,LCU,859.2,A,Official figure,AUS,False,False
PP,Producer Prices,36,Australia,5530,Producer Price (LCU/tonne),01241.90,"Other beans, green",1991,1991,7021,Annual value,LCU,837.0,A,Official figure,AUS,False,False
PP,Producer Prices,36,Australia,5530,Producer Price (LCU/tonne),01241.90,"Other beans, green",1992,1992,7021,Annual value,LCU,1078.0,A,Official figure,AUS,False,False
PP,Producer Prices,36,Australia,5530,Producer Price (LCU/tonne),01241.90,"Other beans, green",1993,1993,7021,Annual value,LCU,897.0,A,Official figure,AUS,False,False
PP,Producer Prices,36,Australia,5530,Producer Price (LCU/tonne),01241.90,"Other beans, green",1994,1994,7021,Annual value,LCU,1163.0,A,Official figure,AUS,False,False
PP,Producer Prices,36,Australia,5530,Producer Price (LCU/tonne),01241.90,"Other beans, green",1995,1995,7021,Annual value,LCU,1310.0,A,Official figure,AUS,False,False
PP,Producer Prices,36,Australia,5530,Producer Price (LCU/tonne),01241.90,"Other beans, green",1996,1996,7021,Annual value,LCU,1330.0,A,Official figure,AUS,False,False
PP,Producer Prices,36,Australia,5530,Producer Price (LCU/tonne),01241.90,"Other beans, green",1997,1997,7021,Annual value,LCU,1102.0,A,Official figure,AUS,False,False
PP,Producer Prices,36,Australia,5530,Producer Price (LCU/tonne),01241.90,"Other beans, green",1998,1998,7021,Annual value,LCU,1320.0,A,Official figure,AUS,False,False
PP,Producer Prices,36,Australia,5530,Producer Price (LCU/tonne),01241.90,"Other beans, green",1999,1999,7021,Annual value,LCU,1410.0,A,Official figure,AUS,False,False
PP,Producer Prices,36,Australia,5530,Producer Price (LCU/tonne),01241.90,"Other beans, green",2000,2000,7021,Annual value,LCU,1280.0,A,Official figure,AUS,False,False
PP,Producer Prices,36,Australia,5530,Producer Price (LCU/tonne),01241.90,"Other beans, green",2001,2001,7021,Annual value,LCU,1440.0,A,Official figure,AUS,False,False
PP,Producer Prices,36,Australia,5530,Producer Price (LCU/tonne),01241.90,"Other beans, green",2002,2002,7021,Annual value,LCU,1580.0,A,Official figure,AUS,False,False
PP,Producer Prices,36,Australia,5530,Producer Price (LCU/tonne),01241.90,"Other beans, green",2003,2003,7021,Annual value,LCU,1750.0,A,Official figure,AUS,False,False
PP,Producer Prices,36,Australia,5530,Producer Price (LCU/tonne),01241.90,"Other beans, green",2004,2004,7021,Annual value,LCU,2000.0,A,Official figure,AUS,False,False
PP,Producer Prices,36,Australia,5530,Producer Price (LCU/tonne),01241.90,"Other beans, green",2005,2005,7021,Annual value,LCU,1880.0,A,Official figure,AUS,False,False
PP,Producer Prices,36,Australia,5530,Producer Price (LCU/tonne),01241.90,"Other beans, green",2006,2006,7021,Annual value,LCU,2360.0,A,Official figure,AUS,False,False
PP,Producer Prices,36,Australia,5530,Producer Price (LCU/tonne),01241.90,"Other beans, green",2007,2007,7021,Annual value,LCU,2520.0,A,Official figure,AUS,False,False
PP,Producer Prices,36,Australia,5530,Producer Price (LCU/tonne),01241.90,"Other beans, green",2008,2008,7021,Annual value,LCU,2780.0,A,Official figure,AUS,False,False
PP,Producer Prices,36,Australia,5530,Producer Price (LCU/tonne),01241.90,"Other beans, green",2009,2009,7021,Annual value,LCU,2620.0,A,Official figure,AUS,False,False
PP,Producer Prices,36,Australia,5530,Producer Price (LCU/tonne),01241.90,"Other beans, green",2011,2011,7021,Annual value,LCU,3939.0,A,Official figure,AUS,False,False
PP,Producer Prices,36,Australia,5530,Producer Price (LCU/tonne),01241.90,"Other beans, green",2013,2013,7021,Annual value,LCU,4156.0,A,Official figure,AUS,False,False
PP,Producer Prices,36,Australia,5530,Producer Price (LCU/tonne),01241.90,"Other beans, green",2014,2014,7021,Annual value,LCU,3844.0,A,Official figure,AUS,False,False
PP,Producer Prices,36,Australia,5530,Producer Price (LCU/tonne),01241.90,"Other beans, green",2015,2015,7021,Annual value,LCU,3654.0,A,Official figure,AUS,False,False
PP,Producer Prices,36,Australia,5530,Producer Price (LCU/tonne),01241.90,"Other beans, green",2016,2016,7021,Annual value,LCU,3923.0,A,Official figure,AUS,False,False
PP,Producer Prices,36,Australia,5530,Producer Price (LCU/tonne),01241.90,"Other beans, green",2017,2017,7021,Annual value,LCU,4585.0,A,Official figure,AUS,False,False
PP,Producer Prices,36,Australia,5530,Producer Price (LCU/tonne),01241.90,"Other beans, green",2018,2018,7021,Annual value,LCU,4217.0,A,Official figure,AUS,False,False
PP,Producer Prices,36,Australia,5530,Producer Price (LCU/tonne),01241.90,"Other beans, green",2019,2019,7021,Annual value,LCU,4261.0,A,Official figure,AUS,False,False
PP,Producer Prices,36,Australia,5530,Producer Price (LCU/tonne),01241.90,"Other beans, green",2020,2020,7021,Annual value,LCU,4548.7,A,Official figure,AUS,False,False
PP,Producer Prices,36,Australia,5530,Producer Price (LCU/tonne),01241.90,"Other beans, green",2021,2021,7021,Annual value,LCU,4007.0,A,Official figure,AUS,False,False
PP,Producer Prices,36,Australia,5530,Producer Price (LCU/tonne),01241.90,"Other beans, green",2023,2023,7021,Annual value,LCU,3925.4,A,Official figure,AUS,False,False
PP,Producer Prices,36,Australia,5530,Producer Price (LCU/tonne),01241.90,"Other beans, green",2024,2024,7021,Annual value,LCU,3583.9,A,Official figure,AUS,False,False
PP,Producer Prices,36,Australia,5530,Producer Price (LCU/tonne),01355.90,Other berries and fruits of the genus vaccinium n.e.c.,2020,2020,7021,Annual value,LCU,11358.5,A,Official figure,AUS,False,False
PP,Producer Prices,36,Australia,5530,Producer Price (LCU/tonne),01379.90,"Other nuts (excluding wild edible nuts and groundnuts), in shell, n.e.c.",1993,1993,7021,Annual value,LCU,2144.0,A,Official figure,AUS,False,False
PP,Producer Prices,36,Australia,5530,Producer Price (LCU/tonne),01379.90,"Other nuts (excluding wild edible nuts and groundnuts), in shell, n.e.c.",1994,1994,7021,Annual value,LCU,2469.0,A,Official figure,AUS,False,False
PP,Producer Prices,36,Australia,5530,Producer Price (LCU/tonne),01379.90,"Other nuts (excluding wild edible nuts and groundnuts), in shell, n.e.c.",1995,1995,7021,Annual value,LCU,3540.0,A,Official figure,AUS,False,False
PP,Producer Prices,36,Australia,5530,Producer Price (LCU/tonne),01379.90,"Other nuts (excluding wild edible nuts and groundnuts), in shell, n.e.c.",1996,1996,7021,Annual value,LCU,4533.0,A,Official figure,AUS,False,False
PP,Producer Prices,36,Australia,5530,Producer Price (LCU/tonne),01379.90,"Other nuts (excluding wild edible nuts and groundnuts), in shell, n.e.c.",1997,1997,7021,Annual value,LCU,3410.0,A,Official figure,AUS,False,False
PP,Producer Prices,36,Australia,5530,Producer Price (LCU/tonne),01379.90,"Other nuts (excluding wild edible nuts and groundnuts), in shell, n.e.c.",1998,1998,7021,Annual value,LCU,2580.0,A,Official figure,AUS,False,False
PP,Producer Prices,36,Australia,5530,Producer Price (LCU/tonne),01379.90,"Other nuts (excluding wild edible nuts and groundnuts), in shell, n.e.c.",1999,1999,7021,Annual value,LCU,2340.0,A,Official figure,AUS,False,False
PP,Producer Prices,36,Australia,5530,Producer Price (LCU/tonne),01379.90,"Other nuts (excluding wild edible nuts and groundnuts), in shell, n.e.c.",2000,2000,7021,Annual value,LCU,2100.0,A,Official figure,AUS,False,False
PP,Producer Prices,36,Australia,5530,Producer Price (LCU/tonne),01379.90,"Other nuts (excluding wild edible nuts and groundnuts), in shell, n.e.c.",2001,2001,7021,Annual value,LCU,2310.0,A,Official figure,AUS,False,False
PP,Producer Prices,36,Australia,5530,Producer Price (LCU/tonne),01379.90,"Other nuts (excluding wild edible nuts and groundnuts), in shell, n.e.c.",2002,2002,7021,Annual value,LCU,2690.0,A,Official figure,AUS,False,False
PP,Producer Prices,36,Australia,5530,Producer Price (LCU/tonne),01379.90,"Other nuts (excluding wild edible nuts and groundnuts), in shell, n.e.c.",2003,2003,7021,Annual value,LCU,3080.0,A,Official figure,AUS,False,False
PP,Producer Prices,36,Australia,5530,Producer Price (LCU/tonne),01379.90,"Other nuts (excluding wild edible nuts and groundnuts), in shell, n.e.c.",2004,2004,7021,Annual value,LCU,3480.0,A,Official figure,AUS,False,False
PP,Producer Prices,36,Australia,5530,Producer Price (LCU/tonne),01379.90,"Other nuts (excluding wild edible nuts and groundnuts), in shell, n.e.c.",2005,2005,7021,Annual value,LCU,3760.0,A,Official figure,AUS,False,False
PP,Producer Prices,36,Australia,5530,Producer Price (LCU/tonne),01379.90,"Other nuts (excluding wild edible nuts and groundnuts), in shell, n.e.c.",2006,2006,7021,Annual value,LCU,3320.0,A,Official figure,AUS,False,False
PP,Producer Prices,36,Australia,5530,Producer Price (LCU/tonne),01379.90,"Other nuts (excluding wild edible nuts and groundnuts), in shell, n.e.c.",2007,2007,7021,Annual value,LCU,2380.0,A,Official figure,AUS,False,False
PP,Producer Prices,36,Australia,5530,Producer Price (LCU/tonne),01379.90,"Other nuts (excluding wild edible nuts and groundnuts), in shell, n.e.c.",2008,2008,7021,Annual value,LCU,1660.0,A,Official figure,AUS,False,False
PP,Producer Prices,36,Australia,5530,Producer Price (LCU/tonne),01379.90,"Other nuts (excluding wild edible nuts and groundnuts), in shell, n.e.c.",2009,2009,7021,Annual value,LCU,1745.0,A,Official figure,AUS,False,False
PP,Producer Prices,36,Australia,5530,Producer Price (LCU/tonne),01379.90,"Other nuts (excluding wild edible nuts and groundnuts), in shell, n.e.c.",2010,2010,7021,Annual value,LCU,2100.0,A,Official figure,AUS,False,False
PP,Producer Prices,36,Australia,5530,Producer Price (LCU/tonne),01379.90,"Other nuts (excluding wild edible nuts and groundnuts), in shell, n.e.c.",2011,2011,7021,Annual value,LCU,2820.0,A,Official figure,AUS,False,False
PP,Producer Prices,36,Australia,5530,Producer Price (LCU/tonne),01379.90,"Other nuts (excluding wild edible nuts and groundnuts), in shell, n.e.c.",2012,2012,7021,Annual value,LCU,3360.0,A,Official figure,AUS,False,False
PP,Producer Prices,36,Australia,5530,Producer Price (LCU/tonne),01379.90,"Other nuts (excluding wild edible nuts and groundnuts), in shell, n.e.c.",2013,2013,7021,Annual value,LCU,3260.0,A,Official figure,AUS,False,False
PP,Producer Prices,36,Australia,5530,Producer Price (LCU/tonne),01379.90,"Other nuts (excluding wild edible nuts and groundnuts), in shell, n.e.c.",2014,2014,7021,Annual value,LCU,3485.0,A,Official figure,AUS,False,False
PP,Producer Prices,36,Australia,5530,Producer Price (LCU/tonne),01379.90,"Other nuts (excluding wild edible nuts and groundnuts), in shell, n.e.c.",2015,2015,7021,Annual value,LCU,4017.0,A,Official figure,AUS,False,False
PP,Producer Prices,36,Australia,5530,Producer Price (LCU/tonne),01379.90,"Other nuts (excluding wild edible nuts and groundnuts), in shell, n.e.c.",2016,2016,7021,Annual value,LCU,5212.0,A,Official figure,AUS,False,False
PP,Producer Prices,36,Australia,5530,Producer Price (LCU/tonne),01379.90,"Other nuts (excluding wild edible nuts and groundnuts), in shell, n.e.c.",2017,2017,7021,Annual value,LCU,5317.0,A,Official figure,AUS,False,False
PP,Producer Prices,36,Australia,5530,Producer Price (LCU/tonne),01379.90,"Other nuts (excluding wild edible nuts and groundnuts), in shell, n.e.c.",2018,2018,7021,Annual value,LCU,5599.0,A,Official figure,AUS,False,False
PP,Producer Prices,36,Australia,5530,Producer Price (LCU/tonne),01379.90,"Other nuts (excluding wild edible nuts and groundnuts), in shell, n.e.c.",2019,2019,7021,Annual value,LCU,5896.0,A,Official figure,AUS,False,False
PP,Producer Prices,36,Australia,5530,Producer Price (LCU/tonne),01379.90,"Other nuts (excluding wild edible nuts and groundnuts), in shell, n.e.c.",2020,2020,7021,Annual value,LCU,6172.9,A,Official figure,AUS,False,False
PP,Producer Prices,36,Australia,5530,Producer Price (LCU/tonne),01379.90,"Other nuts (excluding wild edible nuts and groundnuts), in shell, n.e.c.",2021,2021,7021,Annual value,LCU,5883.1,A,Official figure,AUS,False,False
PP,Producer Prices,36,Australia,5530,Producer Price (LCU/tonne),01379.90,"Other nuts (excluding wild edible nuts and groundnuts), in shell, n.e.c.",2023,2023,7021,Annual value,LCU,2478.2,A,Official figure,AUS,False,False
PP,Producer Prices,36,Australia,5530,Producer Price (LCU/tonne),01379.90,"Other nuts (excluding wild edible nuts and groundnuts), in shell, n.e.c.",2024,2024,7021,Annual value,LCU,3879.7,A,Official figure,AUS,False,False
PP,Producer Prices,36,Australia,5530,Producer Price (LCU/tonne),01317,Papayas,1991,1991,7021,Annual value,LCU,1236.0,A,Official figure,AUS,False,False
PP,Producer Prices,36,Australia,5530,Producer Price (LCU/tonne),01317,Papayas,1992,1992,7021,Annual value,LCU,1111.0,A,Official figure,AUS,False,False
PP,Producer Prices,36,Australia,5530,Producer Price (LCU/tonne),01317,Papayas,1993,1993,7021,Annual value,LCU,717.0,A,Official figure,AUS,False,False
PP,Producer Prices,36,Australia,5530,Producer Price (LCU/tonne),01317,Papayas,1994,1994,7021,Annual value,LCU,693.0,A,Official figure,AUS,False,False
PP,Producer Prices,36,Australia,5530,Producer Price (LCU/tonne),01317,Papayas,1995,1995,7021,Annual value,LCU,1110.0,A,Official figure,AUS,False,False
PP,Producer Prices,36,Australia,5530,Producer Price (LCU/tonne),01317,Papayas,1996,1996,7021,Annual value,LCU,1200.0,A,Official figure,AUS,False,False
PP,Producer Prices,36,Australia,5530,Producer Price (LCU/tonne),01317,Papayas,1997,1997,7021,Annual value,LCU,1030.0,A,Official figure,AUS,False,False
PP,Producer Prices,36,Australia,5530,Producer Price (LCU/tonne),01317,Papayas,1998,1998,7021,Annual value,LCU,840.0,A,Official figure,AUS,False,False
PP,Producer Prices,36,Australia,5530,Producer Price (LCU/tonne),01317,Papayas,1999,1999,7021,Annual value,LCU,864.0,A,Official figure,AUS,False,False
PP,Producer Prices,36,Australia,5530,Producer Price (LCU/tonne),01317,Papayas,2000,2000,7021,Annual value,LCU,1202.0,A,Official figure,AUS,False,False
PP,Producer Prices,36,Australia,5530,Producer Price (LCU/tonne),01317,Papayas,2001,2001,7021,Annual value,LCU,760.0,A,Official figure,AUS,False,False
PP,Producer Prices,36,Australia,5530,Producer Price (LCU/tonne),01317,Papayas,2002,2002,7021,Annual value,LCU,1100.0,A,Official figure,AUS,False,False
PP,Producer Prices,36,Australia,5530,Producer Price (LCU/tonne),01317,Papayas,2003,2003,7021,Annual value,LCU,1110.0,A,Official figure,AUS,False,False
PP,Producer Prices,36,Australia,5530,Producer Price (LCU/tonne),01317,Papayas,2004,2004,7021,Annual value,LCU,1060.0,A,Official figure,AUS,False,False
PP,Producer Prices,36,Australia,5530,Producer Price (LCU/tonne),01317,Papayas,2005,2005,7021,Annual value,LCU,1210.0,A,Official figure,AUS,False,False
PP,Producer Prices,36,Australia,5530,Producer Price (LCU/tonne),01317,Papayas,2006,2006,7021,Annual value,LCU,1470.0,A,Official figure,AUS,False,False
PP,Producer Prices,36,Australia,5530,Producer Price (LCU/tonne),01317,Papayas,2007,2007,7021,Annual value,LCU,2180.0,A,Official figure,AUS,False,False
PP,Producer Prices,36,Australia,5530,Producer Price (LCU/tonne),01317,Papayas,2009,2009,7021,Annual value,LCU,2460.0,A,Official figure,AUS,False,False
PP,Producer Prices,36,Australia,5530,Producer Price (LCU/tonne),01317,Papayas,2011,2011,7021,Annual value,LCU,2710.0,A,Official figure,AUS,False,False
PP,Producer Prices,36,Australia,5530,Producer Price (LCU/tonne),01317,Papayas,2023,2023,7021,Annual value,LCU,1792.3,A,Official figure,AUS,False,False
PP,Producer Prices,36,Australia,5530,Producer Price (LCU/tonne),01317,Papayas,2024,2024,7021,Annual value,LCU,1968.3,A,Official figure,AUS,False,False
PP,Producer Prices,36,Australia,5530,Producer Price (LCU/tonne),01345,Peaches and nectarines,1991,1991,7021,Annual value,LCU,1005.0,A,Official figure,AUS,False,False
PP,Producer Prices,36,Australia,5530,Producer Price (LCU/tonne),01345,Peaches and nectarines,1992,1992,7021,Annual value,LCU,999.0,A,Official figure,AUS,False,False
PP,Producer Prices,36,Australia,5530,Producer Price (LCU/tonne),01345,Peaches and nectarines,1993,1993,7021,Annual value,LCU,1028.0,A,Official figure,AUS,False,False
PP,Producer Prices,36,Australia,5530,Producer Price (LCU/tonne),01345,Peaches and nectarines,1994,1994,7021,Annual value,LCU,1157.0,A,Official figure,AUS,False,False
PP,Producer Prices,36,Australia,5530,Producer Price (LCU/tonne),01345,Peaches and nectarines,1995,1995,7021,Annual value,LCU,1517.0,A,Official figure,AUS,False,False
PP,Producer Prices,36,Australia,5530,Producer Price (LCU/tonne),01345,Peaches and nectarines,1996,1996,7021,Annual value,LCU,1150.0,A,Official figure,AUS,False,False
PP,Producer Prices,36,Australia,5530,Producer Price (LCU/tonne),01345,Peaches and nectarines,1997,1997,7021,Annual value,LCU,1078.0,A,Official figure,AUS,False,False
PP,Producer Prices,36,Australia,5530,Producer Price (LCU/tonne),01345,Peaches and nectarines,1998,1998,7021,Annual value,LCU,1113.0,A,Official figure,AUS,False,False
PP,Producer Prices,36,Australia,5530,Producer Price (LCU/tonne),01345,Peaches and nectarines,1999,1999,7021,Annual value,LCU,1330.0,A,Official figure,AUS,False,False
PP,Producer Prices,36,Australia,5530,Producer Price (LCU/tonne),01345,Peaches and nectarines,2000,2000,7021,Annual value,LCU,1189.0,A,Official figure,AUS,False,False
PP,Producer Prices,36,Australia,5530,Producer Price (LCU/tonne),01345,Peaches and nectarines,2001,2001,7021,Annual value,LCU,1328.0,A,Official figure,AUS,False,False
PP,Producer Prices,36,Australia,5530,Producer Price (LCU/tonne),01345,Peaches and nectarines,2002,2002,7021,Annual value,LCU,1200.0,A,Official figure,AUS,False,False
PP,Producer Prices,36,Australia,5530,Producer Price (LCU/tonne),01345,Peaches and nectarines,2003,2003,7021,Annual value,LCU,1211.0,A,Official figure,AUS,False,False
PP,Producer Prices,36,Australia,5530,Producer Price (LCU/tonne),01345,Peaches and nectarines,2004,2004,7021,Annual value,LCU,1527.0,A,Official figure,AUS,False,False
PP,Producer Prices,36,Australia,5530,Producer Price (LCU/tonne),01345,Peaches and nectarines,2005,2005,7021,Annual value,LCU,1459.0,A,Official figure,AUS,False,False
PP,Producer Prices,36,Australia,5530,Producer Price (LCU/tonne),01345,Peaches and nectarines,2006,2006,7021,Annual value,LCU,1531.0,A,Official figure,AUS,False,False
PP,Producer Prices,36,Australia,5530,Producer Price (LCU/tonne),01345,Peaches and nectarines,2007,2007,7021,Annual value,LCU,1734.0,A,Official figure,AUS,False,False
PP,Producer Prices,36,Australia,5530,Producer Price (LCU/tonne),01345,Peaches and nectarines,2008,2008,7021,Annual value,LCU,1360.0,A,Official figure,AUS,False,False
PP,Producer Prices,36,Australia,5530,Producer Price (LCU/tonne),01345,Peaches and nectarines,2009,2009,7021,Annual value,LCU,1728.0,A,Official figure,AUS,False,False
PP,Producer Prices,36,Australia,5530,Producer Price (LCU/tonne),01345,Peaches and nectarines,2010,2010,7021,Annual value,LCU,1450.0,A,Official figure,AUS,False,False
PP,Producer Prices,36,Australia,5530,Producer Price (LCU/tonne),01345,Peaches and nectarines,2011,2011,7021,Annual value,LCU,1971.0,A,Official figure,AUS,False,False
PP,Producer Prices,36,Australia,5530,Producer Price (LCU/tonne),01345,Peaches and nectarines,2012,2012,7021,Annual value,LCU,1757.0,A,Official figure,AUS,False,False
PP,Producer Prices,36,Australia,5530,Producer Price (LCU/tonne),01345,Peaches and nectarines,2013,2013,7021,Annual value,LCU,1685.0,A,Official figure,AUS,False,False
PP,Producer Prices,36,Australia,5530,Producer Price (LCU/tonne),01345,Peaches and nectarines,2014,2014,7021,Annual value,LCU,2099.0,A,Official figure,AUS,False,False
PP,Producer Prices,36,Australia,5530,Producer Price (LCU/tonne),01345,Peaches and nectarines,2015,2015,7021,Annual value,LCU,1829.0,A,Official figure,AUS,False,False
PP,Producer Prices,36,Australia,5530,Producer Price (LCU/tonne),01345,Peaches and nectarines,2016,2016,7021,Annual value,LCU,1880.0,A,Official figure,AUS,False,False
PP,Producer Prices,36,Australia,5530,Producer Price (LCU/tonne),01345,Peaches and nectarines,2017,2017,7021,Annual value,LCU,2088.0,A,Official figure,AUS,False,False
PP,Producer Prices,36,Australia,5530,Producer Price (LCU/tonne),01345,Peaches and nectarines,2018,2018,7021,Annual value,LCU,2265.0,A,Official figure,AUS,False,False
PP,Producer Prices,36,Australia,5530,Producer Price (LCU/tonne),01345,Peaches and nectarines,2019,2019,7021,Annual value,LCU,2360.0,A,Official figure,AUS,False,False
PP,Producer Prices,36,Australia,5530,Producer Price (LCU/tonne),01345,Peaches and nectarines,2020,2020,7021,Annual value,LCU,2420.0,A,Official figure,AUS,False,False
PP,Producer Prices,36,Australia,5530,Producer Price (LCU/tonne),01345,Peaches and nectarines,2021,2021,7021,Annual value,LCU,2338.8,A,Official figure,AUS,False,False
PP,Producer Prices,36,Australia,5530,Producer Price (LCU/tonne),01345,Peaches and nectarines,2023,2023,7021,Annual value,LCU,3614.0,A,Official figure,AUS,False,False
PP,Producer Prices,36,Australia,5530,Producer Price (LCU/tonne),01345,Peaches and nectarines,2024,2024,7021,Annual value,LCU,4003.4,A,Official figure,AUS,False,False
PP,Producer Prices,36,Australia,5530,Producer Price (LCU/tonne),01342.01,Pears,1991,1991,7021,Annual value,LCU,533.0,A,Official figure,AUS,False,False
PP,Producer Prices,36,Australia,5530,Producer Price (LCU/tonne),01342.01,Pears,1992,1992,7021,Annual value,LCU,692.0,A,Official figure,AUS,False,False
PP,Producer Prices,36,Australia,5530,Producer Price (LCU/tonne),01342.01,Pears,1993,1993,7021,Annual value,LCU,610.0,A,Official figure,AUS,False,False
PP,Producer Prices,36,Australia,5530,Producer Price (LCU/tonne),01342.01,Pears,1994,1994,7021,Annual value,LCU,573.0,A,Official figure,AUS,False,False
PP,Producer Prices,36,Australia,5530,Producer Price (LCU/tonne),01342.01,Pears,1995,1995,7021,Annual value,LCU,484.0,A,Official figure,AUS,False,False
PP,Producer Prices,36,Australia,5530,Producer Price (LCU/tonne),01342.01,Pears,1996,1996,7021,Annual value,LCU,582.0,A,Official figure,AUS,False,False
PP,Producer Prices,36,Australia,5530,Producer Price (LCU/tonne),01342.01,Pears,1997,1997,7021,Annual value,LCU,633.0,A,Official figure,AUS,False,False
PP,Producer Prices,36,Australia,5530,Producer Price (LCU/tonne),01342.01,Pears,1998,1998,7021,Annual value,LCU,710.0,A,Official figure,AUS,False,False
PP,Producer Prices,36,Australia,5530,Producer Price (LCU/tonne),01342.01,Pears,1999,1999,7021,Annual value,LCU,720.0,A,Official figure,AUS,False,False
PP,Producer Prices,36,Australia,5530,Producer Price (LCU/tonne),01342.01,Pears,2000,2000,7021,Annual value,LCU,461.0,A,Official figure,AUS,False,False
PP,Producer Prices,36,Australia,5530,Producer Price (LCU/tonne),01342.01,Pears,2001,2001,7021,Annual value,LCU,530.0,A,Official figure,AUS,False,False
PP,Producer Prices,36,Australia,5530,Producer Price (LCU/tonne),01342.01,Pears,2002,2002,7021,Annual value,LCU,690.0,A,Official figure,AUS,False,False
PP,Producer Prices,36,Australia,5530,Producer Price (LCU/tonne),01342.01,Pears,2003,2003,7021,Annual value,LCU,590.0,A,Official figure,AUS,False,False
PP,Producer Prices,36,Australia,5530,Producer Price (LCU/tonne),01342.01,Pears,2004,2004,7021,Annual value,LCU,760.0,A,Official figure,AUS,False,False
PP,Producer Prices,36,Australia,5530,Producer Price (LCU/tonne),01342.01,Pears,2005,2005,7021,Annual value,LCU,600.0,A,Official figure,AUS,False,False
PP,Producer Prices,36,Australia,5530,Producer Price (LCU/tonne),01342.01,Pears,2006,2006,7021,Annual value,LCU,620.0,A,Official figure,AUS,False,False
PP,Producer Prices,36,Australia,5530,Producer Price (LCU/tonne),01342.01,Pears,2007,2007,7021,Annual value,LCU,800.0,A,Official figure,AUS,False,False
PP,Producer Prices,36,Australia,5530,Producer Price (LCU/tonne),01342.01,Pears,2008,2008,7021,Annual value,LCU,800.0,A,Official figure,AUS,False,False
PP,Producer Prices,36,Australia,5530,Producer Price (LCU/tonne),01342.01,Pears,2009,2009,7021,Annual value,LCU,990.0,A,Official figure,AUS,False,False
PP,Producer Prices,36,Australia,5530,Producer Price (LCU/tonne),01342.01,Pears,2010,2010,7021,Annual value,LCU,780.0,A,Official figure,AUS,False,False
PP,Producer Prices,36,Australia,5530,Producer Price (LCU/tonne),01342.01,Pears,2011,2011,7021,Annual value,LCU,1420.0,A,Official figure,AUS,False,False
PP,Producer Prices,36,Australia,5530,Producer Price (LCU/tonne),01342.01,Pears,2012,2012,7021,Annual value,LCU,860.0,A,Official figure,AUS,False,False
PP,Producer Prices,36,Australia,5530,Producer Price (LCU/tonne),01342.01,Pears,2013,2013,7021,Annual value,LCU,1052.0,A,Official figure,AUS,False,False
PP,Producer Prices,36,Australia,5530,Producer Price (LCU/tonne),01342.01,Pears,2014,2014,7021,Annual value,LCU,1089.0,A,Official figure,AUS,False,False
PP,Producer Prices,36,Australia,5530,Producer Price (LCU/tonne),01342.01,Pears,2015,2015,7021,Annual value,LCU,1190.0,A,Official figure,AUS,False,False
PP,Producer Prices,36,Australia,5530,Producer Price (LCU/tonne),01342.01,Pears,2016,2016,7021,Annual value,LCU,867.0,A,Official figure,AUS,False,False
PP,Producer Prices,36,Australia,5530,Producer Price (LCU/tonne),01342.01,Pears,2017,2017,7021,Annual value,LCU,1247.0,A,Official figure,AUS,False,False
PP,Producer Prices,36,Australia,5530,Producer Price (LCU/tonne),01342.01,Pears,2018,2018,7021,Annual value,LCU,881.0,A,Official figure,AUS,False,False
PP,Producer Prices,36,Australia,5530,Producer Price (LCU/tonne),01342.01,Pears,2019,2019,7021,Annual value,LCU,972.0,A,Official figure,AUS,False,False
PP,Producer Prices,36,Australia,5530,Producer Price (LCU/tonne),01342.01,Pears,2020,2020,7021,Annual value,LCU,812.6,A,Official figure,AUS,False,False
PP,Producer Prices,36,Australia,5530,Producer Price (LCU/tonne),01342.01,Pears,2021,2021,7021,Annual value,LCU,1071.9,A,Official figure,AUS,False,False
PP,Producer Prices,36,Australia,5530,Producer Price (LCU/tonne),01342.01,Pears,2023,2023,7021,Annual value,LCU,1364.0,A,Official figure,AUS,False,False
PP,Producer Prices,36,Australia,5530,Producer Price (LCU/tonne),01342.01,Pears,2024,2024,7021,Annual value,LCU,1481.8,A,Official figure,AUS,False,False
PP,Producer Prices,36,Australia,5530,Producer Price (LCU/tonne),01705,"Peas, dry",1991,1991,7021,Annual value,LCU,251.0,A,Official figure,AUS,False,False
PP,Producer Prices,36,Australia,5530,Producer Price (LCU/tonne),01705,"Peas, dry",1992,1992,7021,Annual value,LCU,227.0,A,Official figure,AUS,False,False
PP,Producer Prices,36,Australia,5530,Producer Price (LCU/tonne),01705,"Peas, dry",1993,1993,7021,Annual value,LCU,246.0,A,Official figure,AUS,False,False
PP,Producer Prices,36,Australia,5530,Producer Price (LCU/tonne),01705,"Peas, dry",1994,1994,7021,Annual value,LCU,230.0,A,Official figure,AUS,False,False
PP,Producer Prices,36,Australia,5530,Producer Price (LCU/tonne),01705,"Peas, dry",1995,1995,7021,Annual value,LCU,265.0,A,Official figure,AUS,False,False
PP,Producer Prices,36,Australia,5530,Producer Price (LCU/tonne),01705,"Peas, dry",1996,1996,7021,Annual value,LCU,248.0,A,Official figure,AUS,False,False
PP,Producer Prices,36,Australia,5530,Producer Price (LCU/tonne),01705,"Peas, dry",1997,1997,7021,Annual value,LCU,244.0,A,Official figure,AUS,False,False
PP,Producer Prices,36,Australia,5530,Producer Price (LCU/tonne),01705,"Peas, dry",1998,1998,7021,Annual value,LCU,272.0,A,Official figure,AUS,False,False
PP,Producer Prices,36,Australia,5530,Producer Price (LCU/tonne),01705,"Peas, dry",1999,1999,7021,Annual value,LCU,246.0,A,Official figure,AUS,False,False
PP,Producer Prices,36,Australia,5530,Producer Price (LCU/tonne),01705,"Peas, dry",2000,2000,7021,Annual value,LCU,214.0,A,Official figure,AUS,False,False
PP,Producer Prices,36,Australia,5530,Producer Price (LCU/tonne),01705,"Peas, dry",2001,2001,7021,Annual value,LCU,219.0,A,Official figure,AUS,False,False
PP,Producer Prices,36,Australia,5530,Producer Price (LCU/tonne),01705,"Peas, dry",2002,2002,7021,Annual value,LCU,287.0,A,Official figure,AUS,False,False
PP,Producer Prices,36,Australia,5530,Producer Price (LCU/tonne),01705,"Peas, dry",2003,2003,7021,Annual value,LCU,343.0,A,Official figure,AUS,False,False
PP,Producer Prices,36,Australia,5530,Producer Price (LCU/tonne),01705,"Peas, dry",2004,2004,7021,Annual value,LCU,231.0,A,Official figure,AUS,False,False
PP,Producer Prices,36,Australia,5530,Producer Price (LCU/tonne),01705,"Peas, dry",2005,2005,7021,Annual value,LCU,234.0,A,Official figure,AUS,False,False
PP,Producer Prices,36,Australia,5530,Producer Price (LCU/tonne),01705,"Peas, dry",2006,2006,7021,Annual value,LCU,222.0,A,Official figure,AUS,False,False
PP,Producer Prices,36,Australia,5530,Producer Price (LCU/tonne),01705,"Peas, dry",2007,2007,7021,Annual value,LCU,283.0,A,Official figure,AUS,False,False
PP,Producer Prices,36,Australia,5530,Producer Price (LCU/tonne),01705,"Peas, dry",2009,2009,7021,Annual value,LCU,345.0,A,Official figure,AUS,False,False
PP,Producer Prices,36,Australia,5530,Producer Price (LCU/tonne),01705,"Peas, dry",2011,2011,7021,Annual value,LCU,266.0,A,Official figure,AUS,False,False
PP,Producer Prices,36,Australia,5530,Producer Price (LCU/tonne),01242,"Peas, green",1991,1991,7021,Annual value,LCU,378.0,A,Official figure,AUS,False,False
PP,Producer Prices,36,Australia,5530,Producer Price (LCU/tonne),01242,"Peas, green",1992,1992,7021,Annual value,LCU,448.0,A,Official figure,AUS,False,False
PP,Producer Prices,36,Australia,5530,Producer Price (LCU/tonne),01242,"Peas, green",1993,1993,7021,Annual value,LCU,354.0,A,Official figure,AUS,False,False
PP,Producer Prices,36,Australia,5530,Producer Price (LCU/tonne),01242,"Peas, green",1994,1994,7021,Annual value,LCU,351.0,A,Official figure,AUS,False,False
PP,Producer Prices,36,Australia,5530,Producer Price (LCU/tonne),01242,"Peas, green",1995,1995,7021,Annual value,LCU,367.0,A,Official figure,AUS,False,False
PP,Producer Prices,36,Australia,5530,Producer Price (LCU/tonne),01242,"Peas, green",1996,1996,7021,Annual value,LCU,376.0,A,Official figure,AUS,False,False
PP,Producer Prices,36,Australia,5530,Producer Price (LCU/tonne),01242,"Peas, green",1997,1997,7021,Annual value,LCU,416.0,A,Official figure,AUS,False,False
PP,Producer Prices,36,Australia,5530,Producer Price (LCU/tonne),01242,"Peas, green",1998,1998,7021,Annual value,LCU,186.0,A,Official figure,AUS,False,False
PP,Producer Prices,36,Australia,5530,Producer Price (LCU/tonne),01242,"Peas, green",1999,1999,7021,Annual value,LCU,201.0,A,Official figure,AUS,False,False
PP,Producer Prices,36,Australia,5530,Producer Price (LCU/tonne),01242,"Peas, green",2000,2000,7021,Annual value,LCU,208.0,A,Official figure,AUS,False,False
PP,Producer Prices,36,Australia,5530,Producer Price (LCU/tonne),01242,"Peas, green",2001,2001,7021,Annual value,LCU,197.0,A,Official figure,AUS,False,False
PP,Producer Prices,36,Australia,5530,Producer Price (LCU/tonne),01242,"Peas, green",2002,2002,7021,Annual value,LCU,203.0,A,Official figure,AUS,False,False
PP,Producer Prices,36,Australia,5530,Producer Price (LCU/tonne),01242,"Peas, green",2003,2003,7021,Annual value,LCU,231.0,A,Official figure,AUS,False,False
PP,Producer Prices,36,Australia,5530,Producer Price (LCU/tonne),01242,"Peas, green",2004,2004,7021,Annual value,LCU,216.0,A,Official figure,AUS,False,False
PP,Producer Prices,36,Australia,5530,Producer Price (LCU/tonne),01242,"Peas, green",2005,2005,7021,Annual value,LCU,231.0,A,Official figure,AUS,False,False
PP,Producer Prices,36,Australia,5530,Producer Price (LCU/tonne),01242,"Peas, green",2006,2006,7021,Annual value,LCU,254.0,A,Official figure,AUS,False,False
PP,Producer Prices,36,Australia,5530,Producer Price (LCU/tonne),01242,"Peas, green",2007,2007,7021,Annual value,LCU,241.0,A,Official figure,AUS,False,False
PP,Producer Prices,36,Australia,5530,Producer Price (LCU/tonne),01242,"Peas, green",2008,2008,7021,Annual value,LCU,248.0,A,Official figure,AUS,False,False
PP,Producer Prices,36,Australia,5530,Producer Price (LCU/tonne),01242,"Peas, green",2009,2009,7021,Annual value,LCU,327.0,A,Official figure,AUS,False,False
PP,Producer Prices,36,Australia,5530,Producer Price (LCU/tonne),01242,"Peas, green",2011,2011,7021,Annual value,LCU,321.0,A,Official figure,AUS,False,False
PP,Producer Prices,36,Australia,5530,Producer Price (LCU/tonne),01242,"Peas, green",2014,2014,7021,Annual value,LCU,283.0,A,Official figure,AUS,False,False
PP,Producer Prices,36,Australia,5530,Producer Price (LCU/tonne),01242,"Peas, green",2016,2016,7021,Annual value,LCU,846.0,A,Official figure,AUS,False,False
PP,Producer Prices,36,Australia,5530,Producer Price (LCU/tonne),01242,"Peas, green",2017,2017,7021,Annual value,LCU,1121.0,A,Official figure,AUS,False,True
PP,Producer Prices,36,Australia,5530,Producer Price (LCU/tonne),01242,"Peas, green",2018,2018,7021,Annual value,LCU,1020.0,A,Official figure,AUS,False,False
PP,Producer Prices,36,Australia,5530,Producer Price (LCU/tonne),01242,"Peas, green",2019,2019,7021,Annual value,LCU,1529.0,A,Official figure,AUS,False,True
PP,Producer Prices,36,Australia,5530,Producer Price (LCU/tonne),01242,"Peas, green",2023,2023,7021,Annual value,LCU,2550.3,A,Official figure,AUS,False,True
PP,Producer Prices,36,Australia,5530,Producer Price (LCU/tonne),01242,"Peas, green",2024,2024,7021,Annual value,LCU,2161.2,A,Official figure,AUS,False,True
PP,Producer Prices,36,Australia,5530,Producer Price (LCU/tonne),01359.01,Persimmons,1997,1997,7021,Annual value,LCU,1750.0,A,Official figure,AUS,False,False
PP,Producer Prices,36,Australia,5530,Producer Price (LCU/tonne),01359.01,Persimmons,1998,1998,7021,Annual value,LCU,1610.0,A,Official figure,AUS,False,False
PP,Producer Prices,36,Australia,5530,Producer Price (LCU/tonne),01359.01,Persimmons,1999,1999,7021,Annual value,LCU,1930.0,A,Official figure,AUS,False,False
PP,Producer Prices,36,Australia,5530,Producer Price (LCU/tonne),01359.01,Persimmons,2000,2000,7021,Annual value,LCU,2260.0,A,Official figure,AUS,False,False
PP,Producer Prices,36,Australia,5530,Producer Price (LCU/tonne),01359.01,Persimmons,2001,2001,7021,Annual value,LCU,1800.0,A,Official figure,AUS,False,False
PP,Producer Prices,36,Australia,5530,Producer Price (LCU/tonne),01359.01,Persimmons,2002,2002,7021,Annual value,LCU,2300.0,A,Official figure,AUS,False,False
PP,Producer Prices,36,Australia,5530,Producer Price (LCU/tonne),01359.01,Persimmons,2003,2003,7021,Annual value,LCU,2160.0,A,Official figure,AUS,False,False
PP,Producer Prices,36,Australia,5530,Producer Price (LCU/tonne),01359.01,Persimmons,2004,2004,7021,Annual value,LCU,1910.0,A,Official figure,AUS,False,False
PP,Producer Prices,36,Australia,5530,Producer Price (LCU/tonne),01359.01,Persimmons,2005,2005,7021,Annual value,LCU,1950.0,A,Official figure,AUS,False,False
PP,Producer Prices,36,Australia,5530,Producer Price (LCU/tonne),01359.01,Persimmons,2006,2006,7021,Annual value,LCU,2000.0,A,Official figure,AUS,False,False
PP,Producer Prices,36,Australia,5530,Producer Price (LCU/tonne),01359.01,Persimmons,2007,2007,7021,Annual value,LCU,2560.0,A,Official figure,AUS,False,False
PP,Producer Prices,36,Australia,5530,Producer Price (LCU/tonne),01359.01,Persimmons,2023,2023,7021,Annual value,LCU,4936.9,A,Official figure,AUS,False,True
PP,Producer Prices,36,Australia,5530,Producer Price (LCU/tonne),01359.01,Persimmons,2024,2024,7021,Annual value,LCU,5101.5,A,Official figure,AUS,False,True
PP,Producer Prices,36,Australia,5530,Producer Price (LCU/tonne),01318,Pineapples,1991,1991,7021,Annual value,LCU,296.0,A,Official figure,AUS,False,False
PP,Producer Prices,36,Australia,5530,Producer Price (LCU/tonne),01318,Pineapples,1992,1992,7021,Annual value,LCU,293.0,A,Official figure,AUS,False,False
PP,Producer Prices,36,Australia,5530,Producer Price (LCU/tonne),01318,Pineapples,1993,1993,7021,Annual value,LCU,294.0,A,Official figure,AUS,False,False
PP,Producer Prices,36,Australia,5530,Producer Price (LCU/tonne),01318,Pineapples,1994,1994,7021,Annual value,LCU,287.0,A,Official figure,AUS,False,False
PP,Producer Prices,36,Australia,5530,Producer Price (LCU/tonne),01318,Pineapples,1995,1995,7021,Annual value,LCU,313.0,A,Official figure,AUS,False,False
PP,Producer Prices,36,Australia,5530,Producer Price (LCU/tonne),01318,Pineapples,1996,1996,7021,Annual value,LCU,285.0,A,Official figure,AUS,False,False
PP,Producer Prices,36,Australia,5530,Producer Price (LCU/tonne),01318,Pineapples,1997,1997,7021,Annual value,LCU,320.0,A,Official figure,AUS,False,False
PP,Producer Prices,36,Australia,5530,Producer Price (LCU/tonne),01318,Pineapples,1998,1998,7021,Annual value,LCU,303.0,A,Official figure,AUS,False,False
PP,Producer Prices,36,Australia,5530,Producer Price (LCU/tonne),01318,Pineapples,1999,1999,7021,Annual value,LCU,300.0,A,Official figure,AUS,False,False
PP,Producer Prices,36,Australia,5530,Producer Price (LCU/tonne),01318,Pineapples,2000,2000,7021,Annual value,LCU,313.0,A,Official figure,AUS,False,False
PP,Producer Prices,36,Australia,5530,Producer Price (LCU/tonne),01318,Pineapples,2001,2001,7021,Annual value,LCU,368.0,A,Official figure,AUS,False,False
PP,Producer Prices,36,Australia,5530,Producer Price (LCU/tonne),01318,Pineapples,2002,2002,7021,Annual value,LCU,336.0,A,Official figure,AUS,False,False
PP,Producer Prices,36,Australia,5530,Producer Price (LCU/tonne),01318,Pineapples,2003,2003,7021,Annual value,LCU,310.0,A,Official figure,AUS,False,False
PP,Producer Prices,36,Australia,5530,Producer Price (LCU/tonne),01318,Pineapples,2004,2004,7021,Annual value,LCU,336.0,A,Official figure,AUS,False,False
PP,Producer Prices,36,Australia,5530,Producer Price (LCU/tonne),01318,Pineapples,2005,2005,7021,Annual value,LCU,322.0,A,Official figure,AUS,False,False
PP,Producer Prices,36,Australia,5530,Producer Price (LCU/tonne),01318,Pineapples,2006,2006,7021,Annual value,LCU,467.0,A,Official figure,AUS,False,False
PP,Producer Prices,36,Australia,5530,Producer Price (LCU/tonne),01318,Pineapples,2007,2007,7021,Annual value,LCU,555.0,A,Official figure,AUS,False,False
PP,Producer Prices,36,Australia,5530,Producer Price (LCU/tonne),01318,Pineapples,2009,2009,7021,Annual value,LCU,560.0,A,Official figure,AUS,False,False
PP,Producer Prices,36,Australia,5530,Producer Price (LCU/tonne),01318,Pineapples,2011,2011,7021,Annual value,LCU,604.0,A,Official figure,AUS,False,False
PP,Producer Prices,36,Australia,5530,Producer Price (LCU/tonne),01318,Pineapples,2013,2013,7021,Annual value,LCU,637.0,A,Official figure,AUS,False,False
PP,Producer Prices,36,Australia,5530,Producer Price (LCU/tonne),01318,Pineapples,2014,2014,7021,Annual value,LCU,639.0,A,Official figure,AUS,False,False
PP,Producer Prices,36,Australia,5530,Producer Price (LCU/tonne),01318,Pineapples,2015,2015,7021,Annual value,LCU,641.0,A,Official figure,AUS,False,False
PP,Producer Prices,36,Australia,5530,Producer Price (LCU/tonne),01318,Pineapples,2016,2016,7021,Annual value,LCU,704.0,A,Official figure,AUS,False,False
PP,Producer Prices,36,Australia,5530,Producer Price (LCU/tonne),01318,Pineapples,2017,2017,7021,Annual value,LCU,723.0,A,Official figure,AUS,False,False
PP,Producer Prices,36,Australia,5530,Producer Price (LCU/tonne),01318,Pineapples,2018,2018,7021,Annual value,LCU,733.0,A,Official figure,AUS,False,False
PP,Producer Prices,36,Australia,5530,Producer Price (LCU/tonne),01318,Pineapples,2019,2019,7021,Annual value,LCU,730.0,A,Official figure,AUS,False,False
PP,Producer Prices,36,Australia,5530,Producer Price (LCU/tonne),01318,Pineapples,2020,2020,7021,Annual value,LCU,883.3,A,Official figure,AUS,False,False
PP,Producer Prices,36,Australia,5530,Producer Price (LCU/tonne),01318,Pineapples,2021,2021,7021,Annual value,LCU,766.6,A,Official figure,AUS,False,False
PP,Producer Prices,36,Australia,5530,Producer Price (LCU/tonne),01318,Pineapples,2023,2023,7021,Annual value,LCU,1053.0,A,Official figure,AUS,False,False
PP,Producer Prices,36,Australia,5530,Producer Price (LCU/tonne),01318,Pineapples,2024,2024,7021,Annual value,LCU,1109.9,A,Official figure,AUS,False,False
PP,Producer Prices,36,Australia,5530,Producer Price (LCU/tonne),01375,"Pistachios, in shell",2023,2023,7021,Annual value,LCU,11357.1,A,Official figure,AUS,False,False
PP,Producer Prices,36,Australia,5530,Producer Price (LCU/tonne),01375,"Pistachios, in shell",2024,2024,7021,Annual value,LCU,10831.5,A,Official figure,AUS,False,False
PP,Producer Prices,36,Australia,5530,Producer Price (LCU/tonne),01346,Plums and sloes,1991,1991,7021,Annual value,LCU,1341.0,A,Official figure,AUS,False,False
PP,Producer Prices,36,Australia,5530,Producer Price (LCU/tonne),01346,Plums and sloes,1992,1992,7021,Annual value,LCU,1386.0,A,Official figure,AUS,False,False
PP,Producer Prices,36,Australia,5530,Producer Price (LCU/tonne),01346,Plums and sloes,1993,1993,7021,Annual value,LCU,1499.0,A,Official figure,AUS,False,False
PP,Producer Prices,36,Australia,5530,Producer Price (LCU/tonne),01346,Plums and sloes,1994,1994,7021,Annual value,LCU,1350.0,A,Official figure,AUS,False,False
PP,Producer Prices,36,Australia,5530,Producer Price (LCU/tonne),01346,Plums and sloes,1995,1995,7021,Annual value,LCU,1467.0,A,Official figure,AUS,False,False
PP,Producer Prices,36,Australia,5530,Producer Price (LCU/tonne),01346,Plums and sloes,1996,1996,7021,Annual value,LCU,1560.0,A,Official figure,AUS,False,False
PP,Producer Prices,36,Australia,5530,Producer Price (LCU/tonne),01346,Plums and sloes,1997,1997,7021,Annual value,LCU,1510.0,A,Official figure,AUS,False,False
PP,Producer Prices,36,Australia,5530,Producer Price (LCU/tonne),01346,Plums and sloes,1998,1998,7021,Annual value,LCU,1650.0,A,Official figure,AUS,False,False
PP,Producer Prices,36,Australia,5530,Producer Price (LCU/tonne),01346,Plums and sloes,1999,1999,7021,Annual value,LCU,1880.0,A,Official figure,AUS,False,False
PP,Producer Prices,36,Australia,5530,Producer Price (LCU/tonne),01346,Plums and sloes,2000,2000,7021,Annual value,LCU,1804.0,A,Official figure,AUS,False,False
PP,Producer Prices,36,Australia,5530,Producer Price (LCU/tonne),01346,Plums and sloes,2001,2001,7021,Annual value,LCU,1920.0,A,Official figure,AUS,False,False
PP,Producer Prices,36,Australia,5530,Producer Price (LCU/tonne),01346,Plums and sloes,2002,2002,7021,Annual value,LCU,2140.0,A,Official figure,AUS,False,False
PP,Producer Prices,36,Australia,5530,Producer Price (LCU/tonne),01346,Plums and sloes,2003,2003,7021,Annual value,LCU,1980.0,A,Official figure,AUS,False,False
PP,Producer Prices,36,Australia,5530,Producer Price (LCU/tonne),01346,Plums and sloes,2004,2004,7021,Annual value,LCU,2260.0,A,Official figure,AUS,False,False
PP,Producer Prices,36,Australia,5530,Producer Price (LCU/tonne),01346,Plums and sloes,2005,2005,7021,Annual value,LCU,1780.0,A,Official figure,AUS,False,False
PP,Producer Prices,36,Australia,5530,Producer Price (LCU/tonne),01346,Plums and sloes,2006,2006,7021,Annual value,LCU,2140.0,A,Official figure,AUS,False,False
PP,Producer Prices,36,Australia,5530,Producer Price (LCU/tonne),01346,Plums and sloes,2007,2007,7021,Annual value,LCU,2590.0,A,Official figure,AUS,False,False
PP,Producer Prices,36,Australia,5530,Producer Price (LCU/tonne),01346,Plums and sloes,2009,2009,7021,Annual value,LCU,2870.0,A,Official figure,AUS,False,False
PP,Producer Prices,36,Australia,5530,Producer Price (LCU/tonne),01346,Plums and sloes,2011,2011,7021,Annual value,LCU,2920.0,A,Official figure,AUS,False,False
PP,Producer Prices,36,Australia,5530,Producer Price (LCU/tonne),01346,Plums and sloes,2016,2016,7021,Annual value,LCU,2748.0,A,Official figure,AUS,False,False
PP,Producer Prices,36,Australia,5530,Producer Price (LCU/tonne),01346,Plums and sloes,2023,2023,7021,Annual value,LCU,2782.3,A,Official figure,AUS,False,False
PP,Producer Prices,36,Australia,5530,Producer Price (LCU/tonne),01346,Plums and sloes,2024,2024,7021,Annual value,LCU,2558.7,A,Official figure,AUS,False,False
PP,Producer Prices,36,Australia,5530,Producer Price (LCU/tonne),01321,Pomelos and grapefruits,1991,1991,7021,Annual value,LCU,362.0,A,Official figure,AUS,False,False
PP,Producer Prices,36,Australia,5530,Producer Price (LCU/tonne),01321,Pomelos and grapefruits,1992,1992,7021,Annual value,LCU,301.0,A,Official figure,AUS,False,False
PP,Producer Prices,36,Australia,5530,Producer Price (LCU/tonne),01321,Pomelos and grapefruits,1993,1993,7021,Annual value,LCU,324.0,A,Official figure,AUS,False,False
PP,Producer Prices,36,Australia,5530,Producer Price (LCU/tonne),01321,Pomelos and grapefruits,1994,1994,7021,Annual value,LCU,375.0,A,Official figure,AUS,False,False
PP,Producer Prices,36,Australia,5530,Producer Price (LCU/tonne),01321,Pomelos and grapefruits,1995,1995,7021,Annual value,LCU,1200.0,A,Official figure,AUS,False,False
PP,Producer Prices,36,Australia,5530,Producer Price (LCU/tonne),01321,Pomelos and grapefruits,1996,1996,7021,Annual value,LCU,1500.0,A,Official figure,AUS,False,False
PP,Producer Prices,36,Australia,5530,Producer Price (LCU/tonne),01321,Pomelos and grapefruits,1997,1997,7021,Annual value,LCU,460.0,A,Official figure,AUS,False,False
PP,Producer Prices,36,Australia,5530,Producer Price (LCU/tonne),01321,Pomelos and grapefruits,1998,1998,7021,Annual value,LCU,450.0,A,Official figure,AUS,False,False
PP,Producer Prices,36,Australia,5530,Producer Price (LCU/tonne),01321,Pomelos and grapefruits,1999,1999,7021,Annual value,LCU,540.0,A,Official figure,AUS,False,False
PP,Producer Prices,36,Australia,5530,Producer Price (LCU/tonne),01321,Pomelos and grapefruits,2000,2000,7021,Annual value,LCU,540.0,A,Official figure,AUS,False,False
PP,Producer Prices,36,Australia,5530,Producer Price (LCU/tonne),01321,Pomelos and grapefruits,2001,2001,7021,Annual value,LCU,480.0,A,Official figure,AUS,False,False
PP,Producer Prices,36,Australia,5530,Producer Price (LCU/tonne),01321,Pomelos and grapefruits,2002,2002,7021,Annual value,LCU,700.0,A,Official figure,AUS,False,False
PP,Producer Prices,36,Australia,5530,Producer Price (LCU/tonne),01321,Pomelos and grapefruits,2003,2003,7021,Annual value,LCU,720.0,A,Official figure,AUS,False,False
PP,Producer Prices,36,Australia,5530,Producer Price (LCU/tonne),01321,Pomelos and grapefruits,2004,2004,7021,Annual value,LCU,774.0,A,Official figure,AUS,False,False
PP,Producer Prices,36,Australia,5530,Producer Price (LCU/tonne),01321,Pomelos and grapefruits,2005,2005,7021,Annual value,LCU,843.0,A,Official figure,AUS,False,False
PP,Producer Prices,36,Australia,5530,Producer Price (LCU/tonne),01321,Pomelos and grapefruits,2006,2006,7021,Annual value,LCU,880.0,A,Official figure,AUS,False,False
PP,Producer Prices,36,Australia,5530,Producer Price (LCU/tonne),01321,Pomelos and grapefruits,2007,2007,7021,Annual value,LCU,950.0,A,Official figure,AUS,False,False
PP,Producer Prices,36,Australia,5530,Producer Price (LCU/tonne),01321,Pomelos and grapefruits,2009,2009,7021,Annual value,LCU,800.0,A,Official figure,AUS,False,False
PP,Producer Prices,36,Australia,5530,Producer Price (LCU/tonne),01321,Pomelos and grapefruits,2011,2011,7021,Annual value,LCU,1070.0,A,Official figure,AUS,False,False
PP,Producer Prices,36,Australia,5530,Producer Price (LCU/tonne),01321,Pomelos and grapefruits,2023,2023,7021,Annual value,LCU,1771.9,A,Official figure,AUS,False,False
PP,Producer Prices,36,Australia,5530,Producer Price (LCU/tonne),01321,Pomelos and grapefruits,2024,2024,7021,Annual value,LCU,1495.0,A,Official figure,AUS,False,False
PP,Producer Prices,36,Australia,5530,Producer Price (LCU/tonne),01510,Potatoes,1991,1991,7021,Annual value,LCU,332.0,A,Official figure,AUS,False,False
PP,Producer Prices,36,Australia,5530,Producer Price (LCU/tonne),01510,Potatoes,1992,1992,7021,Annual value,LCU,295.0,A,Official figure,AUS,False,False
PP,Producer Prices,36,Australia,5530,Producer Price (LCU/tonne),01510,Potatoes,1993,1993,7021,Annual value,LCU,278.0,A,Official figure,AUS,False,False
PP,Producer Prices,36,Australia,5530,Producer Price (LCU/tonne),01510,Potatoes,1994,1994,7021,Annual value,LCU,285.0,A,Official figure,AUS,False,False
PP,Producer Prices,36,Australia,5530,Producer Price (LCU/tonne),01510,Potatoes,1995,1995,7021,Annual value,LCU,337.0,A,Official figure,AUS,False,False
PP,Producer Prices,36,Australia,5530,Producer Price (LCU/tonne),01510,Potatoes,1996,1996,7021,Annual value,LCU,317.0,A,Official figure,AUS,False,False
PP,Producer Prices,36,Australia,5530,Producer Price (LCU/tonne),01510,Potatoes,1997,1997,7021,Annual value,LCU,349.0,A,Official figure,AUS,False,False
PP,Producer Prices,36,Australia,5530,Producer Price (LCU/tonne),01510,Potatoes,1998,1998,7021,Annual value,LCU,360.0,A,Official figure,AUS,False,False
PP,Producer Prices,36,Australia,5530,Producer Price (LCU/tonne),01510,Potatoes,1999,1999,7021,Annual value,LCU,330.0,A,Official figure,AUS,False,False
PP,Producer Prices,36,Australia,5530,Producer Price (LCU/tonne),01510,Potatoes,2000,2000,7021,Annual value,LCU,319.0,A,Official figure,AUS,False,False
PP,Producer Prices,36,Australia,5530,Producer Price (LCU/tonne),01510,Potatoes,2001,2001,7021,Annual value,LCU,352.0,A,Official figure,AUS,False,False
PP,Producer Prices,36,Australia,5530,Producer Price (LCU/tonne),01510,Potatoes,2002,2002,7021,Annual value,LCU,364.0,A,Official figure,AUS,False,False
PP,Producer Prices,36,Australia,5530,Producer Price (LCU/tonne),01510,Potatoes,2003,2003,7021,Annual value,LCU,389.0,A,Official figure,AUS,False,False
PP,Producer Prices,36,Australia,5530,Producer Price (LCU/tonne),01510,Potatoes,2004,2004,7021,Annual value,LCU,367.0,A,Official figure,AUS,False,False
PP,Producer Prices,36,Australia,5530,Producer Price (LCU/tonne),01510,Potatoes,2005,2005,7021,Annual value,LCU,337.0,A,Official figure,AUS,False,False
PP,Producer Prices,36,Australia,5530,Producer Price (LCU/tonne),01510,Potatoes,2006,2006,7021,Annual value,LCU,371.0,A,Official figure,AUS,False,False
PP,Producer Prices,36,Australia,5530,Producer Price (LCU/tonne),01510,Potatoes,2007,2007,7021,Annual value,LCU,424.0,A,Official figure,AUS,False,False
PP,Producer Prices,36,Australia,5530,Producer Price (LCU/tonne),01510,Potatoes,2008,2008,7021,Annual value,LCU,492.0,A,Official figure,AUS,False,False
PP,Producer Prices,36,Australia,5530,Producer Price (LCU/tonne),01510,Potatoes,2009,2009,7021,Annual value,LCU,473.0,A,Official figure,AUS,False,False
PP,Producer Prices,36,Australia,5530,Producer Price (LCU/tonne),01510,Potatoes,2010,2010,7021,Annual value,LCU,480.0,A,Official figure,AUS,False,False
PP,Producer Prices,36,Australia,5530,Producer Price (LCU/tonne),01510,Potatoes,2011,2011,7021,Annual value,LCU,490.0,A,Official figure,AUS,False,False
PP,Producer Prices,36,Australia,5530,Producer Price (LCU/tonne),01510,Potatoes,2012,2012,7021,Annual value,LCU,486.0,A,Official figure,AUS,False,False
PP,Producer Prices,36,Australia,5530,Producer Price (LCU/tonne),01510,Potatoes,2013,2013,7021,Annual value,LCU,542.0,A,Official figure,AUS,False,False
PP,Producer Prices,36,Australia,5530,Producer Price (LCU/tonne),01510,Potatoes,2014,2014,7021,Annual value,LCU,529.0,A,Official figure,AUS,False,False
PP,Producer Prices,36,Australia,5530,Producer Price (LCU/tonne),01510,Potatoes,2015,2015,7021,Annual value,LCU,535.0,A,Official figure,AUS,False,False
PP,Producer Prices,36,Australia,5530,Producer Price (LCU/tonne),01510,Potatoes,2016,2016,7021,Annual value,LCU,460.0,A,Official figure,AUS,False,False
PP,Producer Prices,36,Australia,5530,Producer Price (LCU/tonne),01510,Potatoes,2017,2017,7021,Annual value,LCU,499.0,A,Official figure,AUS,False,False
PP,Producer Prices,36,Australia,5530,Producer Price (LCU/tonne),01510,Potatoes,2018,2018,7021,Annual value,LCU,510.0,A,Official figure,AUS,False,False
PP,Producer Prices,36,Australia,5530,Producer Price (LCU/tonne),01510,Potatoes,2019,2019,7021,Annual value,LCU,586.0,A,Official figure,AUS,False,False
PP,Producer Prices,36,Australia,5530,Producer Price (LCU/tonne),01510,Potatoes,2020,2020,7021,Annual value,LCU,605.4,A,Official figure,AUS,False,False
PP,Producer Prices,36,Australia,5530,Producer Price (LCU/tonne),01510,Potatoes,2021,2021,7021,Annual value,LCU,618.7,A,Official figure,AUS,False,False
PP,Producer Prices,36,Australia,5530,Producer Price (LCU/tonne),01510,Potatoes,2022,2022,7021,Annual value,LCU,630.6,A,Official figure,AUS,False,False
PP,Producer Prices,36,Australia,5530,Producer Price (LCU/tonne),01510,Potatoes,2023,2023,7021,Annual value,LCU,706.4,A,Official figure,AUS,False,False
PP,Producer Prices,36,Australia,5530,Producer Price (LCU/tonne),01510,Potatoes,2024,2024,7021,Annual value,LCU,721.5,A,Official figure,AUS,False,False
PP,Producer Prices,36,Australia,5530,Producer Price (LCU/tonne),01235,"Pumpkins, squash and gourds",1991,1991,7021,Annual value,LCU,377.0,A,Official figure,AUS,False,False
PP,Producer Prices,36,Australia,5530,Producer Price (LCU/tonne),01235,"Pumpkins, squash and gourds",1992,1992,7021,Annual value,LCU,353.0,A,Official figure,AUS,False,False
PP,Producer Prices,36,Australia,5530,Producer Price (LCU/tonne),01235,"Pumpkins, squash and gourds",1993,1993,7021,Annual value,LCU,354.0,A,Official figure,AUS,False,False
PP,Producer Prices,36,Australia,5530,Producer Price (LCU/tonne),01235,"Pumpkins, squash and gourds",1994,1994,7021,Annual value,LCU,327.0,A,Official figure,AUS,False,False
PP,Producer Prices,36,Australia,5530,Producer Price (LCU/tonne),01235,"Pumpkins, squash and gourds",1995,1995,7021,Annual value,LCU,422.0,A,Official figure,AUS,False,False
PP,Producer Prices,36,Australia,5530,Producer Price (LCU/tonne),01235,"Pumpkins, squash and gourds",1996,1996,7021,Annual value,LCU,317.0,A,Official figure,AUS,False,False
PP,Producer Prices,36,Australia,5530,Producer Price (LCU/tonne),01235,"Pumpkins, squash and gourds",1997,1997,7021,Annual value,LCU,492.0,A,Official figure,AUS,False,False
PP,Producer Prices,36,Australia,5530,Producer Price (LCU/tonne),01235,"Pumpkins, squash and gourds",1998,1998,7021,Annual value,LCU,450.0,A,Official figure,AUS,False,False
PP,Producer Prices,36,Australia,5530,Producer Price (LCU/tonne),01235,"Pumpkins, squash and gourds",1999,1999,7021,Annual value,LCU,543.0,A,Official figure,AUS,False,False
PP,Producer Prices,36,Australia,5530,Producer Price (LCU/tonne),01235,"Pumpkins, squash and gourds",2000,2000,7021,Annual value,LCU,502.0,A,Official figure,AUS,False,False
PP,Producer Prices,36,Australia,5530,Producer Price (LCU/tonne),01235,"Pumpkins, squash and gourds",2001,2001,7021,Annual value,LCU,443.0,A,Official figure,AUS,False,False
PP,Producer Prices,36,Australia,5530,Producer Price (LCU/tonne),01235,"Pumpkins, squash and gourds",2002,2002,7021,Annual value,LCU,493.0,A,Official figure,AUS,False,False
PP,Producer Prices,36,Australia,5530,Producer Price (LCU/tonne),01235,"Pumpkins, squash and gourds",2003,2003,7021,Annual value,LCU,524.0,A,Official figure,AUS,False,False
PP,Producer Prices,36,Australia,5530,Producer Price (LCU/tonne),01235,"Pumpkins, squash and gourds",2004,2004,7021,Annual value,LCU,605.0,A,Official figure,AUS,False,False
PP,Producer Prices,36,Australia,5530,Producer Price (LCU/tonne),01235,"Pumpkins, squash and gourds",2005,2005,7021,Annual value,LCU,537.0,A,Official figure,AUS,False,False
PP,Producer Prices,36,Australia,5530,Producer Price (LCU/tonne),01235,"Pumpkins, squash and gourds",2006,2006,7021,Annual value,LCU,729.0,A,Official figure,AUS,False,False
PP,Producer Prices,36,Australia,5530,Producer Price (LCU/tonne),01235,"Pumpkins, squash and gourds",2007,2007,7021,Annual value,LCU,686.0,A,Official figure,AUS,False,False
PP,Producer Prices,36,Australia,5530,Producer Price (LCU/tonne),01235,"Pumpkins, squash and gourds",2008,2008,7021,Annual value,LCU,721.0,A,Official figure,AUS,False,False
PP,Producer Prices,36,Australia,5530,Producer Price (LCU/tonne),01235,"Pumpkins, squash and gourds",2009,2009,7021,Annual value,LCU,663.0,A,Official figure,AUS,False,False
PP,Producer Prices,36,Australia,5530,Producer Price (LCU/tonne),01235,"Pumpkins, squash and gourds",2014,2014,7021,Annual value,LCU,685.4,A,Official figure,AUS,False,False
PP,Producer Prices,36,Australia,5530,Producer Price (LCU/tonne),01235,"Pumpkins, squash and gourds",2016,2016,7021,Annual value,LCU,838.0,A,Official figure,AUS,False,False
PP,Producer Prices,36,Australia,5530,Producer Price (LCU/tonne),01235,"Pumpkins, squash and gourds",2017,2017,7021,Annual value,LCU,771.0,A,Official figure,AUS,False,False
PP,Producer Prices,36,Australia,5530,Producer Price (LCU/tonne),01235,"Pumpkins, squash and gourds",2018,2018,7021,Annual value,LCU,752.0,A,Official figure,AUS,False,False
PP,Producer Prices,36,Australia,5530,Producer Price (LCU/tonne),01235,"Pumpkins, squash and gourds",2019,2019,7021,Annual value,LCU,842.0,A,Official figure,AUS,False,False
PP,Producer Prices,36,Australia,5530,Producer Price (LCU/tonne),01235,"Pumpkins, squash and gourds",2020,2020,7021,Annual value,LCU,949.5,A,Official figure,AUS,False,False
PP,Producer Prices,36,Australia,5530,Producer Price (LCU/tonne),01235,"Pumpkins, squash and gourds",2021,2021,7021,Annual value,LCU,749.3,A,Official figure,AUS,False,False
PP,Producer Prices,36,Australia,5530,Producer Price (LCU/tonne),01235,"Pumpkins, squash and gourds",2023,2023,7021,Annual value,LCU,795.6,A,Official figure,AUS,False,False
PP,Producer Prices,36,Australia,5530,Producer Price (LCU/tonne),01235,"Pumpkins, squash and gourds",2024,2024,7021,Annual value,LCU,843.2,A,Official figure,AUS,False,False
PP,Producer Prices,36,Australia,5530,Producer Price (LCU/tonne),01342.02,Quinces,1991,1991,7021,Annual value,LCU,533.0,A,Official figure,AUS,False,False
PP,Producer Prices,36,Australia,5530,Producer Price (LCU/tonne),01342.02,Quinces,1992,1992,7021,Annual value,LCU,692.0,A,Official figure,AUS,False,False
PP,Producer Prices,36,Australia,5530,Producer Price (LCU/tonne),01342.02,Quinces,1993,1993,7021,Annual value,LCU,610.0,A,Official figure,AUS,False,False
PP,Producer Prices,36,Australia,5530,Producer Price (LCU/tonne),01342.02,Quinces,1994,1994,7021,Annual value,LCU,573.0,A,Official figure,AUS,False,False
PP,Producer Prices,36,Australia,5530,Producer Price (LCU/tonne),01342.02,Quinces,1995,1995,7021,Annual value,LCU,484.0,A,Official figure,AUS,False,False
PP,Producer Prices,36,Australia,5530,Producer Price (LCU/tonne),01342.02,Quinces,1996,1996,7021,Annual value,LCU,582.0,A,Official figure,AUS,False,False
PP,Producer Prices,36,Australia,5530,Producer Price (LCU/tonne),01342.02,Quinces,1997,1997,7021,Annual value,LCU,633.0,A,Official figure,AUS,False,False
PP,Producer Prices,36,Australia,5530,Producer Price (LCU/tonne),01342.02,Quinces,1998,1998,7021,Annual value,LCU,710.0,A,Official figure,AUS,False,False
PP,Producer Prices,36,Australia,5530,Producer Price (LCU/tonne),01342.02,Quinces,1999,1999,7021,Annual value,LCU,720.0,A,Official figure,AUS,False,False
PP,Producer Prices,36,Australia,5530,Producer Price (LCU/tonne),01342.02,Quinces,2000,2000,7021,Annual value,LCU,461.0,A,Official figure,AUS,False,False
PP,Producer Prices,36,Australia,5530,Producer Price (LCU/tonne),01342.02,Quinces,2001,2001,7021,Annual value,LCU,530.0,A,Official figure,AUS,False,False
PP,Producer Prices,36,Australia,5530,Producer Price (LCU/tonne),01342.02,Quinces,2002,2002,7021,Annual value,LCU,690.0,A,Official figure,AUS,False,False
PP,Producer Prices,36,Australia,5530,Producer Price (LCU/tonne),01342.02,Quinces,2003,2003,7021,Annual value,LCU,590.0,A,Official figure,AUS,False,False
PP,Producer Prices,36,Australia,5530,Producer Price (LCU/tonne),01342.02,Quinces,2004,2004,7021,Annual value,LCU,760.0,A,Official figure,AUS,False,False
PP,Producer Prices,36,Australia,5530,Producer Price (LCU/tonne),01342.02,Quinces,2005,2005,7021,Annual value,LCU,600.0,A,Official figure,AUS,False,False
PP,Producer Prices,36,Australia,5530,Producer Price (LCU/tonne),01342.02,Quinces,2006,2006,7021,Annual value,LCU,620.0,A,Official figure,AUS,False,False
PP,Producer Prices,36,Australia,5530,Producer Price (LCU/tonne),01342.02,Quinces,2007,2007,7021,Annual value,LCU,800.0,A,Official figure,AUS,False,False
PP,Producer Prices,36,Australia,5530,Producer Price (LCU/tonne),01342.02,Quinces,2008,2008,7021,Annual value,LCU,800.0,A,Official figure,AUS,False,False
PP,Producer Prices,36,Australia,5530,Producer Price (LCU/tonne),01443,Rape or colza seed,1991,1991,7021,Annual value,LCU,287.0,A,Official figure,AUS,False,False
PP,Producer Prices,36,Australia,5530,Producer Price (LCU/tonne),01443,Rape or colza seed,1992,1992,7021,Annual value,LCU,281.0,A,Official figure,AUS,False,False
PP,Producer Prices,36,Australia,5530,Producer Price (LCU/tonne),01443,Rape or colza seed,1993,1993,7021,Annual value,LCU,318.0,A,Official figure,AUS,False,False
PP,Producer Prices,36,Australia,5530,Producer Price (LCU/tonne),01443,Rape or colza seed,1994,1994,7021,Annual value,LCU,354.0,A,Official figure,AUS,False,False
PP,Producer Prices,36,Australia,5530,Producer Price (LCU/tonne),01443,Rape or colza seed,1995,1995,7021,Annual value,LCU,366.0,A,Official figure,AUS,False,False
PP,Producer Prices,36,Australia,5530,Producer Price (LCU/tonne),01443,Rape or colza seed,1996,1996,7021,Annual value,LCU,373.0,A,Official figure,AUS,False,False
PP,Producer Prices,36,Australia,5530,Producer Price (LCU/tonne),01443,Rape or colza seed,1997,1997,7021,Annual value,LCU,383.0,A,Official figure,AUS,False,False
PP,Producer Prices,36,Australia,5530,Producer Price (LCU/tonne),01443,Rape or colza seed,1998,1998,7021,Annual value,LCU,386.0,A,Official figure,AUS,False,False
PP,Producer Prices,36,Australia,5530,Producer Price (LCU/tonne),01443,Rape or colza seed,1999,1999,7021,Annual value,LCU,381.0,A,Official figure,AUS,False,False
PP,Producer Prices,36,Australia,5530,Producer Price (LCU/tonne),01443,Rape or colza seed,2000,2000,7021,Annual value,LCU,309.0,A,Official figure,AUS,False,False
PP,Producer Prices,36,Australia,5530,Producer Price (LCU/tonne),01443,Rape or colza seed,2001,2001,7021,Annual value,LCU,307.0,A,Official figure,AUS,False,False
PP,Producer Prices,36,Australia,5530,Producer Price (LCU/tonne),01443,Rape or colza seed,2002,2002,7021,Annual value,LCU,384.0,A,Official figure,AUS,False,False
PP,Producer Prices,36,Australia,5530,Producer Price (LCU/tonne),01443,Rape or colza seed,2003,2003,7021,Annual value,LCU,446.0,A,Official figure,AUS,False,False
PP,Producer Prices,36,Australia,5530,Producer Price (LCU/tonne),01443,Rape or colza seed,2004,2004,7021,Annual value,LCU,403.0,A,Official figure,AUS,False,False
PP,Producer Prices,36,Australia,5530,Producer Price (LCU/tonne),01443,Rape or colza seed,2005,2005,7021,Annual value,LCU,326.0,A,Official figure,AUS,False,False
PP,Producer Prices,36,Australia,5530,Producer Price (LCU/tonne),01443,Rape or colza seed,2006,2006,7021,Annual value,LCU,334.0,A,Official figure,AUS,False,False
PP,Producer Prices,36,Australia,5530,Producer Price (LCU/tonne),01443,Rape or colza seed,2007,2007,7021,Annual value,LCU,396.0,A,Official figure,AUS,False,False
PP,Producer Prices,36,Australia,5530,Producer Price (LCU/tonne),01443,Rape or colza seed,2008,2008,7021,Annual value,LCU,542.0,A,Official figure,AUS,False,False
PP,Producer Prices,36,Australia,5530,Producer Price (LCU/tonne),01443,Rape or colza seed,2009,2009,7021,Annual value,LCU,548.0,A,Official figure,AUS,False,False
PP,Producer Prices,36,Australia,5530,Producer Price (LCU/tonne),01443,Rape or colza seed,2010,2010,7021,Annual value,LCU,440.0,A,Official figure,AUS,False,False
PP,Producer Prices,36,Australia,5530,Producer Price (LCU/tonne),01443,Rape or colza seed,2011,2011,7021,Annual value,LCU,544.0,A,Official figure,AUS,False,False
PP,Producer Prices,36,Australia,5530,Producer Price (LCU/tonne),01443,Rape or colza seed,2012,2012,7021,Annual value,LCU,513.0,A,Official figure,AUS,False,False
PP,Producer Prices,36,Australia,5530,Producer Price (LCU/tonne),01443,Rape or colza seed,2015,2015,7021,Annual value,LCU,503.0,A,Official figure,AUS,False,False
PP,Producer Prices,36,Australia,5530,Producer Price (LCU/tonne),01443,Rape or colza seed,2016,2016,7021,Annual value,LCU,532.0,A,Official figure,AUS,False,False
PP,Producer Prices,36,Australia,5530,Producer Price (LCU/tonne),01443,Rape or colza seed,2017,2017,7021,Annual value,LCU,559.0,A,Official figure,AUS,False,False
PP,Producer Prices,36,Australia,5530,Producer Price (LCU/tonne),01443,Rape or colza seed,2018,2018,7021,Annual value,LCU,539.0,A,Official figure,AUS,False,False
PP,Producer Prices,36,Australia,5530,Producer Price (LCU/tonne),01443,Rape or colza seed,2019,2019,7021,Annual value,LCU,574.0,A,Official figure,AUS,False,False
PP,Producer Prices,36,Australia,5530,Producer Price (LCU/tonne),01443,Rape or colza seed,2020,2020,7021,Annual value,LCU,596.5,A,Official figure,AUS,False,False
PP,Producer Prices,36,Australia,5530,Producer Price (LCU/tonne),01443,Rape or colza seed,2021,2021,7021,Annual value,LCU,616.0,A,Official figure,AUS,False,False
PP,Producer Prices,36,Australia,5530,Producer Price (LCU/tonne),01443,Rape or colza seed,2022,2022,7021,Annual value,LCU,880.0,A,Official figure,AUS,False,False
PP,Producer Prices,36,Australia,5530,Producer Price (LCU/tonne),01443,Rape or colza seed,2023,2023,7021,Annual value,LCU,740.0,A,Official figure,AUS,False,False
PP,Producer Prices,36,Australia,5530,Producer Price (LCU/tonne),01443,Rape or colza seed,2024,2024,7021,Annual value,LCU,597.4,A,Official figure,AUS,False,False
PP,Producer Prices,36,Australia,5530,Producer Price (LCU/tonne),01353.01,Raspberries,1991,1991,7021,Annual value,LCU,6165.0,A,Official figure,AUS,False,False
PP,Producer Prices,36,Australia,5530,Producer Price (LCU/tonne),01353.01,Raspberries,1992,1992,7021,Annual value,LCU,6769.0,A,Official figure,AUS,False,False
PP,Producer Prices,36,Australia,5530,Producer Price (LCU/tonne),01353.01,Raspberries,1993,1993,7021,Annual value,LCU,6735.0,A,Official figure,AUS,False,False
PP,Producer Prices,36,Australia,5530,Producer Price (LCU/tonne),01353.01,Raspberries,1994,1994,7021,Annual value,LCU,7024.0,A,Official figure,AUS,False,False
PP,Producer Prices,36,Australia,5530,Producer Price (LCU/tonne),01353.01,Raspberries,1995,1995,7021,Annual value,LCU,7430.0,A,Official figure,AUS,False,False
PP,Producer Prices,36,Australia,5530,Producer Price (LCU/tonne),01353.01,Raspberries,1996,1996,7021,Annual value,LCU,8150.0,A,Official figure,AUS,False,False
PP,Producer Prices,36,Australia,5530,Producer Price (LCU/tonne),01353.01,Raspberries,1997,1997,7021,Annual value,LCU,9240.0,A,Official figure,AUS,False,False
PP,Producer Prices,36,Australia,5530,Producer Price (LCU/tonne),01353.01,Raspberries,1998,1998,7021,Annual value,LCU,10820.0,A,Official figure,AUS,False,False
PP,Producer Prices,36,Australia,5530,Producer Price (LCU/tonne),01353.01,Raspberries,1999,1999,7021,Annual value,LCU,13370.0,A,Official figure,AUS,False,False
PP,Producer Prices,36,Australia,5530,Producer Price (LCU/tonne),01353.01,Raspberries,2000,2000,7021,Annual value,LCU,19299.0,A,Official figure,AUS,False,False
PP,Producer Prices,36,Australia,5530,Producer Price (LCU/tonne),01353.01,Raspberries,2001,2001,7021,Annual value,LCU,20160.0,A,Official figure,AUS,False,False
PP,Producer Prices,36,Australia,5530,Producer Price (LCU/tonne),01353.01,Raspberries,2002,2002,7021,Annual value,LCU,22510.0,A,Official figure,AUS,False,False
PP,Producer Prices,36,Australia,5530,Producer Price (LCU/tonne),01353.01,Raspberries,2003,2003,7021,Annual value,LCU,21390.0,A,Official figure,AUS,False,False
PP,Producer Prices,36,Australia,5530,Producer Price (LCU/tonne),01353.01,Raspberries,2004,2004,7021,Annual value,LCU,19380.0,A,Official figure,AUS,False,False
PP,Producer Prices,36,Australia,5530,Producer Price (LCU/tonne),01353.01,Raspberries,2005,2005,7021,Annual value,LCU,23030.0,A,Official figure,AUS,False,False
PP,Producer Prices,36,Australia,5530,Producer Price (LCU/tonne),01353.01,Raspberries,2006,2006,7021,Annual value,LCU,23390.0,A,Official figure,AUS,False,False
PP,Producer Prices,36,Australia,5530,Producer Price (LCU/tonne),01353.01,Raspberries,2007,2007,7021,Annual value,LCU,37590.0,A,Official figure,AUS,False,False
PP,Producer Prices,36,Australia,5530,Producer Price (LCU/tonne),01353.01,Raspberries,2009,2009,7021,Annual value,LCU,31230.0,A,Official figure,AUS,False,False
PP,Producer Prices,36,Australia,5530,Producer Price (LCU/tonne),01353.01,Raspberries,2011,2011,7021,Annual value,LCU,35030.0,A,Official figure,AUS,False,False
PP,Producer Prices,36,Australia,5530,Producer Price (LCU/tonne),01353.01,Raspberries,2023,2023,7021,Annual value,LCU,20526.9,A,Official figure,AUS,False,False
PP,Producer Prices,36,Australia,5530,Producer Price (LCU/tonne),01353.01,Raspberries,2024,2024,7021,Annual value,LCU,21686.8,A,Official figure,AUS,False,False
PP,Producer Prices,36,Australia,5530,Producer Price (LCU/tonne),02211,Raw milk of cattle,1991,1991,7021,Annual value,LCU,276.0,A,Official figure,AUS,False,False
PP,Producer Prices,36,Australia,5530,Producer Price (LCU/tonne),02211,Raw milk of cattle,1992,1992,7021,Annual value,LCU,282.0,A,Official figure,AUS,False,False
PP,Producer Prices,36,Australia,5530,Producer Price (LCU/tonne),02211,Raw milk of cattle,1993,1993,7021,Annual value,LCU,306.0,A,Official figure,AUS,False,False
PP,Producer Prices,36,Australia,5530,Producer Price (LCU/tonne),02211,Raw milk of cattle,1994,1994,7021,Annual value,LCU,294.0,A,Official figure,AUS,False,False
PP,Producer Prices,36,Australia,5530,Producer Price (LCU/tonne),02211,Raw milk of cattle,1995,1995,7021,Annual value,LCU,286.0,A,Official figure,AUS,False,False
PP,Producer Prices,36,Australia,5530,Producer Price (LCU/tonne),02211,Raw milk of cattle,1996,1996,7021,Annual value,LCU,319.0,A,Official figure,AUS,False,False
PP,Producer Prices,36,Australia,5530,Producer Price (LCU/tonne),02211,Raw milk of cattle,1997,1997,7021,Annual value,LCU,301.0,A,Official figure,AUS,False,False
PP,Producer Prices,36,Australia,5530,Producer Price (LCU/tonne),02211,Raw milk of cattle,1998,1998,7021,Annual value,LCU,289.0,A,Official figure,AUS,False,False
PP,Producer Prices,36,Australia,5530,Producer Price (LCU/tonne),02211,Raw milk of cattle,1999,1999,7021,Annual value,LCU,276.0,A,Official figure,AUS,False,False
PP,Producer Prices,36,Australia,5530,Producer Price (LCU/tonne),02211,Raw milk of cattle,2000,2000,7021,Annual value,LCU,254.0,A,Official figure,AUS,False,False
PP,Producer Prices,36,Australia,5530,Producer Price (LCU/tonne),02211,Raw milk of cattle,2001,2001,7021,Annual value,LCU,282.0,A,Official figure,AUS,False,False
PP,Producer Prices,36,Australia,5530,Producer Price (LCU/tonne),02211,Raw milk of cattle,2002,2002,7021,Annual value,LCU,320.0,A,Official figure,AUS,False,False
PP,Producer Prices,36,Australia,5530,Producer Price (LCU/tonne),02211,Raw milk of cattle,2003,2003,7021,Annual value,LCU,263.0,A,Official figure,AUS,False,False
PP,Producer Prices,36,Australia,5530,Producer Price (LCU/tonne),02211,Raw milk of cattle,2004,2004,7021,Annual value,LCU,271.0,A,Official figure,AUS,False,False
PP,Producer Prices,36,Australia,5530,Producer Price (LCU/tonne),02211,Raw milk of cattle,2005,2005,7021,Annual value,LCU,306.0,A,Official figure,AUS,False,False
PP,Producer Prices,36,Australia,5530,Producer Price (LCU/tonne),02211,Raw milk of cattle,2006,2006,7021,Annual value,LCU,321.0,A,Official figure,AUS,False,False
PP,Producer Prices,36,Australia,5530,Producer Price (LCU/tonne),02211,Raw milk of cattle,2007,2007,7021,Annual value,LCU,322.0,A,Official figure,AUS,False,False
PP,Producer Prices,36,Australia,5530,Producer Price (LCU/tonne),02211,Raw milk of cattle,2008,2008,7021,Annual value,LCU,482.0,A,Official figure,AUS,False,False
PP,Producer Prices,36,Australia,5530,Producer Price (LCU/tonne),02211,Raw milk of cattle,2009,2009,7021,Annual value,LCU,413.0,A,Official figure,AUS,False,False
PP,Producer Prices,36,Australia,5530,Producer Price (LCU/tonne),02211,Raw milk of cattle,2010,2010,7021,Annual value,LCU,363.0,A,Official figure,AUS,False,False
PP,Producer Prices,36,Australia,5530,Producer Price (LCU/tonne),02211,Raw milk of cattle,2011,2011,7021,Annual value,LCU,419.0,A,Official figure,AUS,False,False
PP,Producer Prices,36,Australia,5530,Producer Price (LCU/tonne),02211,Raw milk of cattle,2012,2012,7021,Annual value,LCU,408.0,A,Official figure,AUS,False,False
PP,Producer Prices,36,Australia,5530,Producer Price (LCU/tonne),02211,Raw milk of cattle,2013,2013,7021,Annual value,LCU,389.0,A,Official figure,AUS,False,False
PP,Producer Prices,36,Australia,5530,Producer Price (LCU/tonne),02211,Raw milk of cattle,2014,2014,7021,Annual value,LCU,376.0,A,Official figure,AUS,False,False
PP,Producer Prices,36,Australia,5530,Producer Price (LCU/tonne),02211,Raw milk of cattle,2015,2015,7021,Annual value,LCU,374.0,A,Official figure,AUS,False,False
PP,Producer Prices,36,Australia,5530,Producer Price (LCU/tonne),0113,Rice,1991,1991,7021,Annual value,LCU,176.0,A,Official figure,AUS,False,False
PP,Producer Prices,36,Australia,5530,Producer Price (LCU/tonne),0113,Rice,1992,1992,7021,Annual value,LCU,163.0,A,Official figure,AUS,False,False
PP,Producer Prices,36,Australia,5530,Producer Price (LCU/tonne),0113,Rice,1993,1993,7021,Annual value,LCU,171.0,A,Official figure,AUS,False,False
PP,Producer Prices,36,Australia,5530,Producer Price (LCU/tonne),0113,Rice,1994,1994,7021,Annual value,LCU,242.0,A,Official figure,AUS,False,False
PP,Producer Prices,36,Australia,5530,Producer Price (LCU/tonne),0113,Rice,1995,1995,7021,Annual value,LCU,213.0,A,Official figure,AUS,False,False
PP,Producer Prices,36,Australia,5530,Producer Price (LCU/tonne),0113,Rice,1996,1996,7021,Annual value,LCU,234.0,A,Official figure,AUS,False,False
PP,Producer Prices,36,Australia,5530,Producer Price (LCU/tonne),0113,Rice,1997,1997,7021,Annual value,LCU,247.0,A,Official figure,AUS,False,False
PP,Producer Prices,36,Australia,5530,Producer Price (LCU/tonne),0113,Rice,1998,1998,7021,Annual value,LCU,257.0,A,Official figure,AUS,False,False
PP,Producer Prices,36,Australia,5530,Producer Price (LCU/tonne),0113,Rice,1999,1999,7021,Annual value,LCU,265.0,A,Official figure,AUS,False,False
PP,Producer Prices,36,Australia,5530,Producer Price (LCU/tonne),0113,Rice,2000,2000,7021,Annual value,LCU,267.0,A,Official figure,AUS,False,False
PP,Producer Prices,36,Australia,5530,Producer Price (LCU/tonne),0113,Rice,2001,2001,7021,Annual value,LCU,213.0,A,Official figure,AUS,False,False
PP,Producer Prices,36,Australia,5530,Producer Price (LCU/tonne),0113,Rice,2002,2002,7021,Annual value,LCU,274.0,A,Official figure,AUS,False,False
PP,Producer Prices,36,Australia,5530,Producer Price (LCU/tonne),0113,Rice,2003,2003,7021,Annual value,LCU,348.0,A,Official figure,AUS,False,False
PP,Producer Prices,36,Australia,5530,Producer Price (LCU/tonne),0113,Rice,2004,2004,7021,Annual value,LCU,325.0,A,Official figure,AUS,False,False
PP,Producer Prices,36,Australia,5530,Producer Price (LCU/tonne),0113,Rice,2005,2005,7021,Annual value,LCU,297.0,A,Official figure,AUS,False,False
PP,Producer Prices,36,Australia,5530,Producer Price (LCU/tonne),0113,Rice,2006,2006,7021,Annual value,LCU,273.0,A,Official figure,AUS,False,False
PP,Producer Prices,36,Australia,5530,Producer Price (LCU/tonne),0113,Rice,2007,2007,7021,Annual value,LCU,338.0,A,Official figure,AUS,False,False
PP,Producer Prices,36,Australia,5530,Producer Price (LCU/tonne),0113,Rice,2008,2008,7021,Annual value,LCU,415.0,A,Official figure,AUS,False,False
PP,Producer Prices,36,Australia,5530,Producer Price (LCU/tonne),0113,Rice,2009,2009,7021,Annual value,LCU,566.0,A,Official figure,AUS,False,False
PP,Producer Prices,36,Australia,5530,Producer Price (LCU/tonne),0113,Rice,2010,2010,7021,Annual value,LCU,457.0,A,Official figure,AUS,False,False
PP,Producer Prices,36,Australia,5530,Producer Price (LCU/tonne),0113,Rice,2011,2011,7021,Annual value,LCU,240.0,A,Official figure,AUS,False,False
PP,Producer Prices,36,Australia,5530,Producer Price (LCU/tonne),0113,Rice,2012,2012,7021,Annual value,LCU,270.0,A,Official figure,AUS,False,False
PP,Producer Prices,36,Australia,5530,Producer Price (LCU/tonne),0113,Rice,2013,2013,7021,Annual value,LCU,260.0,A,Official figure,AUS,False,False
PP,Producer Prices,36,Australia,5530,Producer Price (LCU/tonne),0113,Rice,2014,2014,7021,Annual value,LCU,340.0,A,Official figure,AUS,False,False
PP,Producer Prices,36,Australia,5530,Producer Price (LCU/tonne),0113,Rice,2015,2015,7021,Annual value,LCU,395.0,A,Official figure,AUS,False,False
PP,Producer Prices,36,Australia,5530,Producer Price (LCU/tonne),0113,Rice,2016,2016,7021,Annual value,LCU,419.0,A,Official figure,AUS,False,False
PP,Producer Prices,36,Australia,5530,Producer Price (LCU/tonne),0113,Rice,2017,2017,7021,Annual value,LCU,313.0,A,Official figure,AUS,False,False
PP,Producer Prices,36,Australia,5530,Producer Price (LCU/tonne),0113,Rice,2018,2018,7021,Annual value,LCU,387.0,A,Official figure,AUS,False,False
PP,Producer Prices,36,Australia,5530,Producer Price (LCU/tonne),0113,Rice,2019,2019,7021,Annual value,LCU,513.0,A,Official figure,AUS,False,False
PP,Producer Prices,36,Australia,5530,Producer Price (LCU/tonne),0113,Rice,2020,2020,7021,Annual value,LCU,769.2,A,Official figure,AUS,False,False
PP,Producer Prices,36,Australia,5530,Producer Price (LCU/tonne),0113,Rice,2021,2021,7021,Annual value,LCU,412.3,A,Official figure,AUS,False,False
PP,Producer Prices,36,Australia,5530,Producer Price (LCU/tonne),0113,Rice,2022,2022,7021,Annual value,LCU,397.8,A,Official figure,AUS,False,False
PP,Producer Prices,36,Australia,5530,Producer Price (LCU/tonne),0113,Rice,2024,2024,7021,Annual value,LCU,390.6,A,Official figure,AUS,False,False
PP,Producer Prices,36,Australia,5530,Producer Price (LCU/tonne),01446,Safflower seed,1991,1991,7021,Annual value,LCU,287.0,A,Official figure,AUS,False,False
PP,Producer Prices,36,Australia,5530,Producer Price (LCU/tonne),01446,Safflower seed,1992,1992,7021,Annual value,LCU,311.0,A,Official figure,AUS,False,False
PP,Producer Prices,36,Australia,5530,Producer Price (LCU/tonne),01446,Safflower seed,1993,1993,7021,Annual value,LCU,383.0,A,Official figure,AUS,False,False
PP,Producer Prices,36,Australia,5530,Producer Price (LCU/tonne),01446,Safflower seed,1994,1994,7021,Annual value,LCU,381.0,A,Official figure,AUS,False,False
PP,Producer Prices,36,Australia,5530,Producer Price (LCU/tonne),01446,Safflower seed,1995,1995,7021,Annual value,LCU,371.0,A,Official figure,AUS,False,False
PP,Producer Prices,36,Australia,5530,Producer Price (LCU/tonne),01446,Safflower seed,1996,1996,7021,Annual value,LCU,384.0,A,Official figure,AUS,False,False
PP,Producer Prices,36,Australia,5530,Producer Price (LCU/tonne),01446,Safflower seed,1997,1997,7021,Annual value,LCU,366.0,A,Official figure,AUS,False,False
PP,Producer Prices,36,Australia,5530,Producer Price (LCU/tonne),01446,Safflower seed,1998,1998,7021,Annual value,LCU,415.0,A,Official figure,AUS,False,False
PP,Producer Prices,36,Australia,5530,Producer Price (LCU/tonne),01446,Safflower seed,1999,1999,7021,Annual value,LCU,413.0,A,Official figure,AUS,False,False
PP,Producer Prices,36,Australia,5530,Producer Price (LCU/tonne),01446,Safflower seed,2000,2000,7021,Annual value,LCU,346.0,A,Official figure,AUS,False,False
PP,Producer Prices,36,Australia,5530,Producer Price (LCU/tonne),01446,Safflower seed,2001,2001,7021,Annual value,LCU,376.0,A,Official figure,AUS,False,False
PP,Producer Prices,36,Australia,5530,Producer Price (LCU/tonne),01446,Safflower seed,2002,2002,7021,Annual value,LCU,466.0,A,Official figure,AUS,False,False
PP,Producer Prices,36,Australia,5530,Producer Price (LCU/tonne),01446,Safflower seed,2003,2003,7021,Annual value,LCU,608.0,A,Official figure,AUS,False,False
PP,Producer Prices,36,Australia,5530,Producer Price (LCU/tonne),01446,Safflower seed,2004,2004,7021,Annual value,LCU,560.0,A,Official figure,AUS,False,False
PP,Producer Prices,36,Australia,5530,Producer Price (LCU/tonne),01446,Safflower seed,2005,2005,7021,Annual value,LCU,494.0,A,Official figure,AUS,False,False
PP,Producer Prices,36,Australia,5530,Producer Price (LCU/tonne),01446,Safflower seed,2006,2006,7021,Annual value,LCU,384.0,A,Official figure,AUS,False,False
PP,Producer Prices,36,Australia,5530,Producer Price (LCU/tonne),01446,Safflower seed,2007,2007,7021,Annual value,LCU,412.0,A,Official figure,AUS,False,False
PP,Producer Prices,36,Australia,5530,Producer Price (LCU/tonne),01446,Safflower seed,2009,2009,7021,Annual value,LCU,751.0,A,Official figure,AUS,False,False
PP,Producer Prices,36,Australia,5530,Producer Price (LCU/tonne),01446,Safflower seed,2011,2011,7021,Annual value,LCU,834.0,A,Official figure,AUS,False,True
PP,Producer Prices,36,Australia,5530,Producer Price (LCU/tonne),01921.01,"Seed cotton, unginned",1991,1991,7021,Annual value,LCU,943.0,A,Official figure,AUS,False,True
PP,Producer Prices,36,Australia,5530,Producer Price (LCU/tonne),01921.01,"Seed cotton, unginned",1992,1992,7021,Annual value,LCU,688.0,A,Official figure,AUS,False,True
PP,Producer Prices,36,Australia,5530,Producer Price (LCU/tonne),01921.01,"Seed cotton, unginned",1993,1993,7021,Annual value,LCU,1991.0,A,Official figure,AUS,False,False
PP,Producer Prices,36,Australia,5530,Producer Price (LCU/tonne),01921.01,"Seed cotton, unginned",1994,1994,7021,Annual value,LCU,2079.0,A,Official figure,AUS,False,False
PP,Producer Prices,36,Australia,5530,Producer Price (LCU/tonne),01921.01,"Seed cotton, unginned",1995,1995,7021,Annual value,LCU,2307.0,A,Official figure,AUS,False,False
PP,Producer Prices,36,Australia,5530,Producer Price (LCU/tonne),01921.01,"Seed cotton, unginned",1996,1996,7021,Annual value,LCU,2520.0,A,Official figure,AUS,False,False
PP,Producer Prices,36,Australia,5530,Producer Price (LCU/tonne),01921.01,"Seed cotton, unginned",1997,1997,7021,Annual value,LCU,2063.0,A,Official figure,AUS,False,False
PP,Producer Prices,36,Australia,5530,Producer Price (LCU/tonne),01921.01,"Seed cotton, unginned",1998,1998,7021,Annual value,LCU,2180.0,A,Official figure,AUS,False,False
PP,Producer Prices,36,Australia,5530,Producer Price (LCU/tonne),01921.01,"Seed cotton, unginned",1999,1999,7021,Annual value,LCU,2130.0,A,Official figure,AUS,False,False
PP,Producer Prices,36,Australia,5530,Producer Price (LCU/tonne),01921.01,"Seed cotton, unginned",2000,2000,7021,Annual value,LCU,2030.0,A,Official figure,AUS,False,False
PP,Producer Prices,36,Australia,5530,Producer Price (LCU/tonne),01921.01,"Seed cotton, unginned",2001,2001,7021,Annual value,LCU,1960.0,A,Official figure,AUS,False,False
PP,Producer Prices,36,Australia,5530,Producer Price (LCU/tonne),01921.01,"Seed cotton, unginned",2002,2002,7021,Annual value,LCU,1970.0,A,Official figure,AUS,False,False
PP,Producer Prices,36,Australia,5530,Producer Price (LCU/tonne),01921.01,"Seed cotton, unginned",2003,2003,7021,Annual value,LCU,2340.0,A,Official figure,AUS,False,False
PP,Producer Prices,36,Australia,5530,Producer Price (LCU/tonne),01921.01,"Seed cotton, unginned",2004,2004,7021,Annual value,LCU,2370.0,A,Official figure,AUS,False,False
PP,Producer Prices,36,Australia,5530,Producer Price (LCU/tonne),01921.01,"Seed cotton, unginned",2005,2005,7021,Annual value,LCU,1680.0,A,Official figure,AUS,False,False
PP,Producer Prices,36,Australia,5530,Producer Price (LCU/tonne),01921.01,"Seed cotton, unginned",2006,2006,7021,Annual value,LCU,1670.0,A,Official figure,AUS,False,False
PP,Producer Prices,36,Australia,5530,Producer Price (LCU/tonne),01921.01,"Seed cotton, unginned",2007,2007,7021,Annual value,LCU,1800.0,A,Official figure,AUS,False,False
PP,Producer Prices,36,Australia,5530,Producer Price (LCU/tonne),01921.01,"Seed cotton, unginned",2008,2008,7021,Annual value,LCU,1910.0,A,Official figure,AUS,False,False
PP,Producer Prices,36,Australia,5530,Producer Price (LCU/tonne),01921.01,"Seed cotton, unginned",2009,2009,7021,Annual value,LCU,2110.0,A,Official figure,AUS,False,False
PP,Producer Prices,36,Australia,5530,Producer Price (LCU/tonne),01921.01,"Seed cotton, unginned",2010,2010,7021,Annual value,LCU,2140.0,A,Official figure,AUS,False,False
PP,Producer Prices,36,Australia,5530,Producer Price (LCU/tonne),01921.01,"Seed cotton, unginned",2011,2011,7021,Annual value,LCU,2250.0,A,Official figure,AUS,False,False
PP,Producer Prices,36,Australia,5530,Producer Price (LCU/tonne),01921.01,"Seed cotton, unginned",2012,2012,7021,Annual value,LCU,2410.0,A,Official figure,AUS,False,False
PP,Producer Prices,36,Australia,5530,Producer Price (LCU/tonne),01921.01,"Seed cotton, unginned",2013,2013,7021,Annual value,LCU,2136.0,A,Official figure,AUS,False,False
PP,Producer Prices,36,Australia,5530,Producer Price (LCU/tonne),01921.01,"Seed cotton, unginned",2014,2014,7021,Annual value,LCU,2262.0,A,Official figure,AUS,False,False
PP,Producer Prices,36,Australia,5530,Producer Price (LCU/tonne),01921.01,"Seed cotton, unginned",2015,2015,7021,Annual value,LCU,2273.0,A,Official figure,AUS,False,False
PP,Producer Prices,36,Australia,5530,Producer Price (LCU/tonne),01921.01,"Seed cotton, unginned",2016,2016,7021,Annual value,LCU,2432.0,A,Official figure,AUS,False,False
PP,Producer Prices,36,Australia,5530,Producer Price (LCU/tonne),02941,"Shorn wool, greasy, including fleece-washed shorn wool",1991,1991,7021,Annual value,LCU,4089.0,A,Official figure,AUS,False,False
PP,Producer Prices,36,Australia,5530,Producer Price (LCU/tonne),02941,"Shorn wool, greasy, including fleece-washed shorn wool",1992,1992,7021,Annual value,LCU,3370.0,A,Official figure,AUS,False,False
PP,Producer Prices,36,Australia,5530,Producer Price (LCU/tonne),02941,"Shorn wool, greasy, including fleece-washed shorn wool",1993,1993,7021,Annual value,LCU,2985.0,A,Official figure,AUS,False,False
PP,Producer Prices,36,Australia,5530,Producer Price (LCU/tonne),02941,"Shorn wool, greasy, including fleece-washed shorn wool",1994,1994,7021,Annual value,LCU,2948.0,A,Official figure,AUS,False,False
PP,Producer Prices,36,Australia,5530,Producer Price (LCU/tonne),02941,"Shorn wool, greasy, including fleece-washed shorn wool",1995,1995,7021,Annual value,LCU,4528.0,A,Official figure,AUS,False,False
PP,Producer Prices,36,Australia,5530,Producer Price (LCU/tonne),02941,"Shorn wool, greasy, including fleece-washed shorn wool",1996,1996,7021,Annual value,LCU,3711.0,A,Official figure,AUS,False,False
PP,Producer Prices,36,Australia,5530,Producer Price (LCU/tonne),02941,"Shorn wool, greasy, including fleece-washed shorn wool",1997,1997,7021,Annual value,LCU,3584.0,A,Official figure,AUS,False,False
PP,Producer Prices,36,Australia,5530,Producer Price (LCU/tonne),02941,"Shorn wool, greasy, including fleece-washed shorn wool",1998,1998,7021,Annual value,LCU,3994.0,A,Official figure,AUS,False,False
PP,Producer Prices,36,Australia,5530,Producer Price (LCU/tonne),02941,"Shorn wool, greasy, including fleece-washed shorn wool",1999,1999,7021,Annual value,LCU,3109.0,A,Official figure,AUS,False,False
PP,Producer Prices,36,Australia,5530,Producer Price (LCU/tonne),02941,"Shorn wool, greasy, including fleece-washed shorn wool",2000,2000,7021,Annual value,LCU,3094.0,A,Official figure,AUS,False,False
PP,Producer Prices,36,Australia,5530,Producer Price (LCU/tonne),02941,"Shorn wool, greasy, including fleece-washed shorn wool",2001,2001,7021,Annual value,LCU,3939.0,A,Official figure,AUS,False,False
PP,Producer Prices,36,Australia,5530,Producer Price (LCU/tonne),02941,"Shorn wool, greasy, including fleece-washed shorn wool",2002,2002,7021,Annual value,LCU,4620.0,A,Official figure,AUS,False,False
PP,Producer Prices,36,Australia,5530,Producer Price (LCU/tonne),02941,"Shorn wool, greasy, including fleece-washed shorn wool",2003,2003,7021,Annual value,LCU,6020.0,A,Official figure,AUS,False,False
PP,Producer Prices,36,Australia,5530,Producer Price (LCU/tonne),02941,"Shorn wool, greasy, including fleece-washed shorn wool",2004,2004,7021,Annual value,LCU,4910.0,A,Official figure,AUS,False,False
PP,Producer Prices,36,Australia,5530,Producer Price (LCU/tonne),02941,"Shorn wool, greasy, including fleece-washed shorn wool",2005,2005,7021,Annual value,LCU,4410.0,A,Official figure,AUS,False,False
PP,Producer Prices,36,Australia,5530,Producer Price (LCU/tonne),02941,"Shorn wool, greasy, including fleece-washed shorn wool",2006,2006,7021,Annual value,LCU,3950.0,A,Official figure,AUS,False,False
PP,Producer Prices,36,Australia,5530,Producer Price (LCU/tonne),02941,"Shorn wool, greasy, including fleece-washed shorn wool",2007,2007,7021,Annual value,LCU,4542.0,A,Official figure,AUS,False,False
PP,Producer Prices,36,Australia,5530,Producer Price (LCU/tonne),02941,"Shorn wool, greasy, including fleece-washed shorn wool",2008,2008,7021,Annual value,LCU,5033.0,A,Official figure,AUS,False,False
PP,Producer Prices,36,Australia,5530,Producer Price (LCU/tonne),02941,"Shorn wool, greasy, including fleece-washed shorn wool",2009,2009,7021,Annual value,LCU,4296.0,A,Official figure,AUS,False,False
PP,Producer Prices,36,Australia,5530,Producer Price (LCU/tonne),02941,"Shorn wool, greasy, including fleece-washed shorn wool",2010,2010,7021,Annual value,LCU,4562.0,A,Official figure,AUS,False,False
PP,Producer Prices,36,Australia,5530,Producer Price (LCU/tonne),02941,"Shorn wool, greasy, including fleece-washed shorn wool",2011,2011,7021,Annual value,LCU,5810.0,A,Official figure,AUS,False,False
PP,Producer Prices,36,Australia,5530,Producer Price (LCU/tonne),02941,"Shorn wool, greasy, including fleece-washed shorn wool",2012,2012,7021,Annual value,LCU,6656.0,A,Official figure,AUS,False,False
PP,Producer Prices,36,Australia,5530,Producer Price (LCU/tonne),02941,"Shorn wool, greasy, including fleece-washed shorn wool",2013,2013,7021,Annual value,LCU,5679.0,A,Official figure,AUS,False,False
PP,Producer Prices,36,Australia,5530,Producer Price (LCU/tonne),02941,"Shorn wool, greasy, including fleece-washed shorn wool",2014,2014,7021,Annual value,LCU,6048.0,A,Official figure,AUS,False,False
PP,Producer Prices,36,Australia,5530,Producer Price (LCU/tonne),02941,"Shorn wool, greasy, including fleece-washed shorn wool",2015,2015,7021,Annual value,LCU,6127.0,A,Official figure,AUS,False,False
PP,Producer Prices,36,Australia,5530,Producer Price (LCU/tonne),0114,Sorghum,1991,1991,7021,Annual value,LCU,131.0,A,Official figure,AUS,False,False
PP,Producer Prices,36,Australia,5530,Producer Price (LCU/tonne),0114,Sorghum,1992,1992,7021,Annual value,LCU,139.0,A,Official figure,AUS,False,False
PP,Producer Prices,36,Australia,5530,Producer Price (LCU/tonne),0114,Sorghum,1993,1993,7021,Annual value,LCU,156.0,A,Official figure,AUS,False,False
PP,Producer Prices,36,Australia,5530,Producer Price (LCU/tonne),0114,Sorghum,1994,1994,7021,Annual value,LCU,159.0,A,Official figure,AUS,False,False
PP,Producer Prices,36,Australia,5530,Producer Price (LCU/tonne),0114,Sorghum,1995,1995,7021,Annual value,LCU,190.0,A,Official figure,AUS,False,False
PP,Producer Prices,36,Australia,5530,Producer Price (LCU/tonne),0114,Sorghum,1996,1996,7021,Annual value,LCU,201.0,A,Official figure,AUS,False,False
PP,Producer Prices,36,Australia,5530,Producer Price (LCU/tonne),0114,Sorghum,1997,1997,7021,Annual value,LCU,180.0,A,Official figure,AUS,False,False
PP,Producer Prices,36,Australia,5530,Producer Price (LCU/tonne),0114,Sorghum,1998,1998,7021,Annual value,LCU,169.0,A,Official figure,AUS,False,False
PP,Producer Prices,36,Australia,5530,Producer Price (LCU/tonne),0114,Sorghum,1999,1999,7021,Annual value,LCU,149.0,A,Official figure,AUS,False,False
PP,Producer Prices,36,Australia,5530,Producer Price (LCU/tonne),0114,Sorghum,2000,2000,7021,Annual value,LCU,123.0,A,Official figure,AUS,False,False
PP,Producer Prices,36,Australia,5530,Producer Price (LCU/tonne),0114,Sorghum,2001,2001,7021,Annual value,LCU,144.0,A,Official figure,AUS,False,False
PP,Producer Prices,36,Australia,5530,Producer Price (LCU/tonne),0114,Sorghum,2002,2002,7021,Annual value,LCU,173.0,A,Official figure,AUS,False,False
PP,Producer Prices,36,Australia,5530,Producer Price (LCU/tonne),0114,Sorghum,2003,2003,7021,Annual value,LCU,205.0,A,Official figure,AUS,False,False
PP,Producer Prices,36,Australia,5530,Producer Price (LCU/tonne),0114,Sorghum,2004,2004,7021,Annual value,LCU,159.0,A,Official figure,AUS,False,False
PP,Producer Prices,36,Australia,5530,Producer Price (LCU/tonne),0114,Sorghum,2005,2005,7021,Annual value,LCU,134.0,A,Official figure,AUS,False,False
PP,Producer Prices,36,Australia,5530,Producer Price (LCU/tonne),0114,Sorghum,2006,2006,7021,Annual value,LCU,143.0,A,Official figure,AUS,False,False
PP,Producer Prices,36,Australia,5530,Producer Price (LCU/tonne),0114,Sorghum,2007,2007,7021,Annual value,LCU,213.0,A,Official figure,AUS,False,False
PP,Producer Prices,36,Australia,5530,Producer Price (LCU/tonne),0114,Sorghum,2008,2008,7021,Annual value,LCU,258.0,A,Official figure,AUS,False,False
PP,Producer Prices,36,Australia,5530,Producer Price (LCU/tonne),0114,Sorghum,2009,2009,7021,Annual value,LCU,205.0,A,Official figure,AUS,False,False
PP,Producer Prices,36,Australia,5530,Producer Price (LCU/tonne),0114,Sorghum,2010,2010,7021,Annual value,LCU,196.0,A,Official figure,AUS,False,False
PP,Producer Prices,36,Australia,5530,Producer Price (LCU/tonne),0114,Sorghum,2011,2011,7021,Annual value,LCU,213.0,A,Official figure,AUS,False,False
PP,Producer Prices,36,Australia,5530,Producer Price (LCU/tonne),0114,Sorghum,2012,2012,7021,Annual value,LCU,189.0,A,Official figure,AUS,False,False
PP,Producer Prices,36,Australia,5530,Producer Price (LCU/tonne),0114,Sorghum,2013,2013,7021,Annual value,LCU,252.0,A,Official figure,AUS,False,False
PP,Producer Prices,36,Australia,5530,Producer Price (LCU/tonne),0114,Sorghum,2014,2014,7021,Annual value,LCU,300.0,A,Official figure,AUS,False,False
PP,Producer Prices,36,Australia,5530,Producer Price (LCU/tonne),0114,Sorghum,2015,2015,7021,Annual value,LCU,301.0,A,Official figure,AUS,False,False
PP,Producer Prices,36,Australia,5530,Producer Price (LCU/tonne),0114,Sorghum,2016,2016,7021,Annual value,LCU,275.0,A,Official figure,AUS,False,False
PP,Producer Prices,36,Australia,5530,Producer Price (LCU/tonne),0114,Sorghum,2017,2017,7021,Annual value,LCU,238.0,A,Official figure,AUS,False,False
PP,Producer Prices,36,Australia,5530,Producer Price (LCU/tonne),0114,Sorghum,2018,2018,7021,Annual value,LCU,311.0,A,Official figure,AUS,False,False
PP,Producer Prices,36,Australia,5530,Producer Price (LCU/tonne),0114,Sorghum,2019,2019,7021,Annual value,LCU,346.0,A,Official figure,AUS,False,False
PP,Producer Prices,36,Australia,5530,Producer Price (LCU/tonne),0114,Sorghum,2020,2020,7021,Annual value,LCU,385.0,A,Official figure,AUS,False,False
PP,Producer Prices,36,Australia,5530,Producer Price (LCU/tonne),0114,Sorghum,2021,2021,7021,Annual value,LCU,329.3,A,Official figure,AUS,False,False
PP,Producer Prices,36,Australia,5530,Producer Price (LCU/tonne),0114,Sorghum,2022,2022,7021,Annual value,LCU,383.4,A,Official figure,AUS,False,False
PP,Producer Prices,36,Australia,5530,Producer Price (LCU/tonne),0114,Sorghum,2023,2023,7021,Annual value,LCU,367.4,A,Official figure,AUS,False,False
PP,Producer Prices,36,Australia,5530,Producer Price (LCU/tonne),0114,Sorghum,2024,2024,7021,Annual value,LCU,313.2,A,Official figure,AUS,False,False
PP,Producer Prices,36,Australia,5530,Producer Price (LCU/tonne),0141,Soya beans,1991,1991,7021,Annual value,LCU,354.0,A,Official figure,AUS,False,False
PP,Producer Prices,36,Australia,5530,Producer Price (LCU/tonne),0141,Soya beans,1992,1992,7021,Annual value,LCU,352.0,A,Official figure,AUS,False,False
PP,Producer Prices,36,Australia,5530,Producer Price (LCU/tonne),0141,Soya beans,1993,1993,7021,Annual value,LCU,371.0,A,Official figure,AUS,False,False
PP,Producer Prices,36,Australia,5530,Producer Price (LCU/tonne),0141,Soya beans,1994,1994,7021,Annual value,LCU,441.0,A,Official figure,AUS,False,False
PP,Producer Prices,36,Australia,5530,Producer Price (LCU/tonne),0141,Soya beans,1995,1995,7021,Annual value,LCU,398.0,A,Official figure,AUS,False,False
PP,Producer Prices,36,Australia,5530,Producer Price (LCU/tonne),0141,Soya beans,1996,1996,7021,Annual value,LCU,400.0,A,Official figure,AUS,False,False
PP,Producer Prices,36,Australia,5530,Producer Price (LCU/tonne),0141,Soya beans,1997,1997,7021,Annual value,LCU,421.0,A,Official figure,AUS,False,False
PP,Producer Prices,36,Australia,5530,Producer Price (LCU/tonne),0141,Soya beans,1998,1998,7021,Annual value,LCU,415.0,A,Official figure,AUS,False,False
PP,Producer Prices,36,Australia,5530,Producer Price (LCU/tonne),0141,Soya beans,1999,1999,7021,Annual value,LCU,408.0,A,Official figure,AUS,False,False
PP,Producer Prices,36,Australia,5530,Producer Price (LCU/tonne),0141,Soya beans,2000,2000,7021,Annual value,LCU,344.0,A,Official figure,AUS,False,False
PP,Producer Prices,36,Australia,5530,Producer Price (LCU/tonne),0141,Soya beans,2001,2001,7021,Annual value,LCU,377.0,A,Official figure,AUS,False,False
PP,Producer Prices,36,Australia,5530,Producer Price (LCU/tonne),0141,Soya beans,2002,2002,7021,Annual value,LCU,353.0,A,Official figure,AUS,False,False
PP,Producer Prices,36,Australia,5530,Producer Price (LCU/tonne),0141,Soya beans,2003,2003,7021,Annual value,LCU,577.0,A,Official figure,AUS,False,False
PP,Producer Prices,36,Australia,5530,Producer Price (LCU/tonne),0141,Soya beans,2004,2004,7021,Annual value,LCU,464.0,A,Official figure,AUS,False,False
PP,Producer Prices,36,Australia,5530,Producer Price (LCU/tonne),0141,Soya beans,2005,2005,7021,Annual value,LCU,379.0,A,Official figure,AUS,False,False
PP,Producer Prices,36,Australia,5530,Producer Price (LCU/tonne),0141,Soya beans,2006,2006,7021,Annual value,LCU,356.0,A,Official figure,AUS,False,False
PP,Producer Prices,36,Australia,5530,Producer Price (LCU/tonne),0141,Soya beans,2007,2007,7021,Annual value,LCU,416.0,A,Official figure,AUS,False,False
PP,Producer Prices,36,Australia,5530,Producer Price (LCU/tonne),0141,Soya beans,2009,2009,7021,Annual value,LCU,551.0,A,Official figure,AUS,False,False
PP,Producer Prices,36,Australia,5530,Producer Price (LCU/tonne),0141,Soya beans,2011,2011,7021,Annual value,LCU,500.0,A,Official figure,AUS,False,False
PP,Producer Prices,36,Australia,5530,Producer Price (LCU/tonne),01215,Spinach,2006,2006,7021,Annual value,LCU,2780.0,A,Official figure,AUS,False,False
PP,Producer Prices,36,Australia,5530,Producer Price (LCU/tonne),01215,Spinach,2007,2007,7021,Annual value,LCU,2640.0,A,Official figure,AUS,False,False
PP,Producer Prices,36,Australia,5530,Producer Price (LCU/tonne),01215,Spinach,2008,2008,7021,Annual value,LCU,3080.0,A,Official figure,AUS,False,False
PP,Producer Prices,36,Australia,5530,Producer Price (LCU/tonne),01215,Spinach,2009,2009,7021,Annual value,LCU,3230.0,A,Official figure,AUS,False,False
PP,Producer Prices,36,Australia,5530,Producer Price (LCU/tonne),01215,Spinach,2014,2014,7021,Annual value,LCU,7485.9,A,Official figure,AUS,False,True
PP,Producer Prices,36,Australia,5530,Producer Price (LCU/tonne),01215,Spinach,2023,2023,7021,Annual value,LCU,3820.8,A,Official figure,AUS,False,False
PP,Producer Prices,36,Australia,5530,Producer Price (LCU/tonne),01215,Spinach,2024,2024,7021,Annual value,LCU,3372.5,A,Official figure,AUS,False,False
PP,Producer Prices,36,Australia,5530,Producer Price (LCU/tonne),01354,Strawberries,1991,1991,7021,Annual value,LCU,5363.0,A,Official figure,AUS,False,False
PP,Producer Prices,36,Australia,5530,Producer Price (LCU/tonne),01354,Strawberries,1992,1992,7021,Annual value,LCU,5055.0,A,Official figure,AUS,False,False
PP,Producer Prices,36,Australia,5530,Producer Price (LCU/tonne),01354,Strawberries,1993,1993,7021,Annual value,LCU,4597.0,A,Official figure,AUS,False,False
PP,Producer Prices,36,Australia,5530,Producer Price (LCU/tonne),01354,Strawberries,1994,1994,7021,Annual value,LCU,4541.0,A,Official figure,AUS,False,False
PP,Producer Prices,36,Australia,5530,Producer Price (LCU/tonne),01354,Strawberries,1995,1995,7021,Annual value,LCU,5342.0,A,Official figure,AUS,False,False
PP,Producer Prices,36,Australia,5530,Producer Price (LCU/tonne),01354,Strawberries,1996,1996,7021,Annual value,LCU,5007.0,A,Official figure,AUS,False,False
PP,Producer Prices,36,Australia,5530,Producer Price (LCU/tonne),01354,Strawberries,1997,1997,7021,Annual value,LCU,4980.0,A,Official figure,AUS,False,False
PP,Producer Prices,36,Australia,5530,Producer Price (LCU/tonne),01354,Strawberries,1998,1998,7021,Annual value,LCU,5020.0,A,Official figure,AUS,False,False
PP,Producer Prices,36,Australia,5530,Producer Price (LCU/tonne),01354,Strawberries,1999,1999,7021,Annual value,LCU,6070.0,A,Official figure,AUS,False,False
PP,Producer Prices,36,Australia,5530,Producer Price (LCU/tonne),01354,Strawberries,2000,2000,7021,Annual value,LCU,6253.0,A,Official figure,AUS,False,False
PP,Producer Prices,36,Australia,5530,Producer Price (LCU/tonne),01354,Strawberries,2001,2001,7021,Annual value,LCU,6120.0,A,Official figure,AUS,False,False
PP,Producer Prices,36,Australia,5530,Producer Price (LCU/tonne),01354,Strawberries,2002,2002,7021,Annual value,LCU,5360.0,A,Official figure,AUS,False,False
PP,Producer Prices,36,Australia,5530,Producer Price (LCU/tonne),01354,Strawberries,2003,2003,7021,Annual value,LCU,5720.0,A,Official figure,AUS,False,False
PP,Producer Prices,36,Australia,5530,Producer Price (LCU/tonne),01354,Strawberries,2004,2004,7021,Annual value,LCU,6690.0,A,Official figure,AUS,False,False
PP,Producer Prices,36,Australia,5530,Producer Price (LCU/tonne),01354,Strawberries,2005,2005,7021,Annual value,LCU,5150.0,A,Official figure,AUS,False,False
PP,Producer Prices,36,Australia,5530,Producer Price (LCU/tonne),01354,Strawberries,2006,2006,7021,Annual value,LCU,6220.0,A,Official figure,AUS,False,False
PP,Producer Prices,36,Australia,5530,Producer Price (LCU/tonne),01354,Strawberries,2007,2007,7021,Annual value,LCU,7030.0,A,Official figure,AUS,False,False
PP,Producer Prices,36,Australia,5530,Producer Price (LCU/tonne),01354,Strawberries,2008,2008,7021,Annual value,LCU,6630.0,A,Official figure,AUS,False,False
PP,Producer Prices,36,Australia,5530,Producer Price (LCU/tonne),01354,Strawberries,2009,2009,7021,Annual value,LCU,6490.0,A,Official figure,AUS,False,False
PP,Producer Prices,36,Australia,5530,Producer Price (LCU/tonne),01354,Strawberries,2010,2010,7021,Annual value,LCU,7240.0,A,Official figure,AUS,False,False
PP,Producer Prices,36,Australia,5530,Producer Price (LCU/tonne),01354,Strawberries,2011,2011,7021,Annual value,LCU,7240.0,A,Official figure,AUS,False,False
PP,Producer Prices,36,Australia,5530,Producer Price (LCU/tonne),01354,Strawberries,2012,2012,7021,Annual value,LCU,7580.0,A,Official figure,AUS,False,False
PP,Producer Prices,36,Australia,5530,Producer Price (LCU/tonne),01354,Strawberries,2013,2013,7021,Annual value,LCU,7221.0,A,Official figure,AUS,False,False
PP,Producer Prices,36,Australia,5530,Producer Price (LCU/tonne),01354,Strawberries,2014,2014,7021,Annual value,LCU,6304.0,A,Official figure,AUS,False,False
PP,Producer Prices,36,Australia,5530,Producer Price (LCU/tonne),01354,Strawberries,2015,2015,7021,Annual value,LCU,5977.0,A,Official figure,AUS,False,False
PP,Producer Prices,36,Australia,5530,Producer Price (LCU/tonne),01354,Strawberries,2016,2016,7021,Annual value,LCU,6408.0,A,Official figure,AUS,False,False
PP,Producer Prices,36,Australia,5530,Producer Price (LCU/tonne),01354,Strawberries,2017,2017,7021,Annual value,LCU,6354.0,A,Official figure,AUS,False,False
PP,Producer Prices,36,Australia,5530,Producer Price (LCU/tonne),01354,Strawberries,2018,2018,7021,Annual value,LCU,6074.0,A,Official figure,AUS,False,False
PP,Producer Prices,36,Australia,5530,Producer Price (LCU/tonne),01354,Strawberries,2019,2019,7021,Annual value,LCU,5496.0,A,Official figure,AUS,False,False
PP,Producer Prices,36,Australia,5530,Producer Price (LCU/tonne),01354,Strawberries,2020,2020,7021,Annual value,LCU,6560.4,A,Official figure,AUS,False,False
PP,Producer Prices,36,Australia,5530,Producer Price (LCU/tonne),01354,Strawberries,2021,2021,7021,Annual value,LCU,6833.6,A,Official figure,AUS,False,False
PP,Producer Prices,36,Australia,5530,Producer Price (LCU/tonne),01354,Strawberries,2023,2023,7021,Annual value,LCU,6520.4,A,Official figure,AUS,False,False
PP,Producer Prices,36,Australia,5530,Producer Price (LCU/tonne),01354,Strawberries,2024,2024,7021,Annual value,LCU,6285.5,A,Official figure,AUS,False,False
PP,Producer Prices,36,Australia,5530,Producer Price (LCU/tonne),01802,Sugar cane,1991,1991,7021,Annual value,LCU,32.0,A,Official figure,AUS,False,False
PP,Producer Prices,36,Australia,5530,Producer Price (LCU/tonne),01802,Sugar cane,1992,1992,7021,Annual value,LCU,28.0,A,Official figure,AUS,False,False
PP,Producer Prices,36,Australia,5530,Producer Price (LCU/tonne),01802,Sugar cane,1993,1993,7021,Annual value,LCU,28.0,A,Official figure,AUS,False,False
PP,Producer Prices,36,Australia,5530,Producer Price (LCU/tonne),01802,Sugar cane,1994,1994,7021,Annual value,LCU,30.0,A,Official figure,AUS,False,False
PP,Producer Prices,36,Australia,5530,Producer Price (LCU/tonne),01802,Sugar cane,1995,1995,7021,Annual value,LCU,36.0,A,Official figure,AUS,False,False
PP,Producer Prices,36,Australia,5530,Producer Price (LCU/tonne),01802,Sugar cane,1996,1996,7021,Annual value,LCU,32.0,A,Official figure,AUS,False,False
PP,Producer Prices,36,Australia,5530,Producer Price (LCU/tonne),01802,Sugar cane,1997,1997,7021,Annual value,LCU,32.0,A,Official figure,AUS,False,False
PP,Producer Prices,36,Australia,5530,Producer Price (LCU/tonne),01802,Sugar cane,1998,1998,7021,Annual value,LCU,32.0,A,Official figure,AUS,False,False
PP,Producer Prices,36,Australia,5530,Producer Price (LCU/tonne),01802,Sugar cane,1999,1999,7021,Annual value,LCU,27.0,A,Official figure,AUS,False,False
PP,Producer Prices,36,Australia,5530,Producer Price (LCU/tonne),01802,Sugar cane,2000,2000,7021,Annual value,LCU,23.0,A,Official figure,AUS,False,False
PP,Producer Prices,36,Australia,5530,Producer Price (LCU/tonne),01802,Sugar cane,2001,2001,7021,Annual value,LCU,23.0,A,Official figure,AUS,False,False
PP,Producer Prices,36,Australia,5530,Producer Price (LCU/tonne),01802,Sugar cane,2002,2002,7021,Annual value,LCU,31.0,A,Official figure,AUS,False,False
PP,Producer Prices,36,Australia,5530,Producer Price (LCU/tonne),01802,Sugar cane,2003,2003,7021,Annual value,LCU,28.0,A,Official figure,AUS,False,False
PP,Producer Prices,36,Australia,5530,Producer Price (LCU/tonne),01802,Sugar cane,2004,2004,7021,Annual value,LCU,23.0,A,Official figure,AUS,False,False
PP,Producer Prices,36,Australia,5530,Producer Price (LCU/tonne),01802,Sugar cane,2005,2005,7021,Annual value,LCU,26.0,A,Official figure,AUS,False,False
PP,Producer Prices,36,Australia,5530,Producer Price (LCU/tonne),01802,Sugar cane,2006,2006,7021,Annual value,LCU,28.0,A,Official figure,AUS,False,False
PP,Producer Prices,36,Australia,5530,Producer Price (LCU/tonne),01802,Sugar cane,2007,2007,7021,Annual value,LCU,33.0,A,Official figure,AUS,False,False
PP,Producer Prices,36,Australia,5530,Producer Price (LCU/tonne),01802,Sugar cane,2008,2008,7021,Annual value,LCU,26.0,A,Official figure,AUS,False,False
PP,Producer Prices,36,Australia,5530,Producer Price (LCU/tonne),01802,Sugar cane,2009,2009,7021,Annual value,LCU,32.0,A,Official figure,AUS,False,False
PP,Producer Prices,36,Australia,5530,Producer Price (LCU/tonne),01802,Sugar cane,2010,2010,7021,Annual value,LCU,44.0,A,Official figure,AUS,False,False
PP,Producer Prices,36,Australia,5530,Producer Price (LCU/tonne),01802,Sugar cane,2011,2011,7021,Annual value,LCU,38.0,A,Official figure,AUS,False,False
PP,Producer Prices,36,Australia,5530,Producer Price (LCU/tonne),01802,Sugar cane,2012,2012,7021,Annual value,LCU,43.0,A,Official figure,AUS,False,False
PP,Producer Prices,36,Australia,5530,Producer Price (LCU/tonne),01802,Sugar cane,2013,2013,7021,Annual value,LCU,41.0,A,Official figure,AUS,False,False
PP,Producer Prices,36,Australia,5530,Producer Price (LCU/tonne),01802,Sugar cane,2014,2014,7021,Annual value,LCU,40.0,A,Official figure,AUS,False,False
PP,Producer Prices,36,Australia,5530,Producer Price (LCU/tonne),01802,Sugar cane,2015,2015,7021,Annual value,LCU,40.0,A,Official figure,AUS,False,False
PP,Producer Prices,36,Australia,5530,Producer Price (LCU/tonne),01802,Sugar cane,2016,2016,7021,Annual value,LCU,37.0,A,Official figure,AUS,False,False
PP,Producer Prices,36,Australia,5530,Producer Price (LCU/tonne),01802,Sugar cane,2017,2017,7021,Annual value,LCU,44.0,A,Official figure,AUS,False,False
PP,Producer Prices,36,Australia,5530,Producer Price (LCU/tonne),01802,Sugar cane,2018,2018,7021,Annual value,LCU,40.0,A,Official figure,AUS,False,False
PP,Producer Prices,36,Australia,5530,Producer Price (LCU/tonne),01802,Sugar cane,2019,2019,7021,Annual value,LCU,39.0,A,Official figure,AUS,False,False
PP,Producer Prices,36,Australia,5530,Producer Price (LCU/tonne),01802,Sugar cane,2020,2020,7021,Annual value,LCU,41.4,A,Official figure,AUS,False,False
PP,Producer Prices,36,Australia,5530,Producer Price (LCU/tonne),01802,Sugar cane,2021,2021,7021,Annual value,LCU,41.3,A,Official figure,AUS,False,False
PP,Producer Prices,36,Australia,5530,Producer Price (LCU/tonne),01802,Sugar cane,2022,2022,7021,Annual value,LCU,48.0,A,Official figure,AUS,False,False
PP,Producer Prices,36,Australia,5530,Producer Price (LCU/tonne),01802,Sugar cane,2023,2023,7021,Annual value,LCU,46.4,A,Official figure,AUS,False,False
PP,Producer Prices,36,Australia,5530,Producer Price (LCU/tonne),01802,Sugar cane,2024,2024,7021,Annual value,LCU,73.8,A,Official figure,AUS,False,False
PP,Producer Prices,36,Australia,5530,Producer Price (LCU/tonne),01445,Sunflower seed,1991,1991,7021,Annual value,LCU,275.0,A,Official figure,AUS,False,False
PP,Producer Prices,36,Australia,5530,Producer Price (LCU/tonne),01445,Sunflower seed,1992,1992,7021,Annual value,LCU,334.0,A,Official figure,AUS,False,False
PP,Producer Prices,36,Australia,5530,Producer Price (LCU/tonne),01445,Sunflower seed,1993,1993,7021,Annual value,LCU,322.0,A,Official figure,AUS,False,False
PP,Producer Prices,36,Australia,5530,Producer Price (LCU/tonne),01445,Sunflower seed,1994,1994,7021,Annual value,LCU,378.0,A,Official figure,AUS,False,False
PP,Producer Prices,36,Australia,5530,Producer Price (LCU/tonne),01445,Sunflower seed,1995,1995,7021,Annual value,LCU,414.0,A,Official figure,AUS,False,False
PP,Producer Prices,36,Australia,5530,Producer Price (LCU/tonne),01445,Sunflower seed,1996,1996,7021,Annual value,LCU,373.0,A,Official figure,AUS,False,False
PP,Producer Prices,36,Australia,5530,Producer Price (LCU/tonne),01445,Sunflower seed,1997,1997,7021,Annual value,LCU,329.0,A,Official figure,AUS,False,False
PP,Producer Prices,36,Australia,5530,Producer Price (LCU/tonne),01445,Sunflower seed,1998,1998,7021,Annual value,LCU,406.0,A,Official figure,AUS,False,False
PP,Producer Prices,36,Australia,5530,Producer Price (LCU/tonne),01445,Sunflower seed,1999,1999,7021,Annual value,LCU,370.0,A,Official figure,AUS,False,False
PP,Producer Prices,36,Australia,5530,Producer Price (LCU/tonne),01445,Sunflower seed,2000,2000,7021,Annual value,LCU,375.0,A,Official figure,AUS,False,False
PP,Producer Prices,36,Australia,5530,Producer Price (LCU/tonne),01445,Sunflower seed,2001,2001,7021,Annual value,LCU,360.0,A,Official figure,AUS,False,False
PP,Producer Prices,36,Australia,5530,Producer Price (LCU/tonne),01445,Sunflower seed,2002,2002,7021,Annual value,LCU,390.0,A,Official figure,AUS,False,False
PP,Producer Prices,36,Australia,5530,Producer Price (LCU/tonne),01445,Sunflower seed,2003,2003,7021,Annual value,LCU,752.0,A,Official figure,AUS,False,True
PP,Producer Prices,36,Australia,5530,Producer Price (LCU/tonne),01445,Sunflower seed,2004,2004,7021,Annual value,LCU,501.0,A,Official figure,AUS,False,False
PP,Producer Prices,36,Australia,5530,Producer Price (LCU/tonne),01445,Sunflower seed,2005,2005,7021,Annual value,LCU,398.0,A,Official figure,AUS,False,False
PP,Producer Prices,36,Australia,5530,Producer Price (LCU/tonne),01445,Sunflower seed,2006,2006,7021,Annual value,LCU,384.0,A,Official figure,AUS,False,False
PP,Producer Prices,36,Australia,5530,Producer Price (LCU/tonne),01445,Sunflower seed,2007,2007,7021,Annual value,LCU,529.0,A,Official figure,AUS,False,False
PP,Producer Prices,36,Australia,5530,Producer Price (LCU/tonne),01445,Sunflower seed,2009,2009,7021,Annual value,LCU,696.0,A,Official figure,AUS,False,False
PP,Producer Prices,36,Australia,5530,Producer Price (LCU/tonne),01445,Sunflower seed,2011,2011,7021,Annual value,LCU,566.0,A,Official figure,AUS,False,False
PP,Producer Prices,36,Australia,5530,Producer Price (LCU/tonne),01530,Sweet potatoes,1991,1991,7021,Annual value,LCU,943.0,A,Official figure,AUS,False,False
PP,Producer Prices,36,Australia,5530,Producer Price (LCU/tonne),01530,Sweet potatoes,1992,1992,7021,Annual value,LCU,770.0,A,Official figure,AUS,False,False
PP,Producer Prices,36,Australia,5530,Producer Price (LCU/tonne),01530,Sweet potatoes,1993,1993,7021,Annual value,LCU,799.0,A,Official figure,AUS,False,False
PP,Producer Prices,36,Australia,5530,Producer Price (LCU/tonne),01530,Sweet potatoes,1994,1994,7021,Annual value,LCU,664.0,A,Official figure,AUS,False,False
PP,Producer Prices,36,Australia,5530,Producer Price (LCU/tonne),01530,Sweet potatoes,1995,1995,7021,Annual value,LCU,1479.0,A,Official figure,AUS,False,False
PP,Producer Prices,36,Australia,5530,Producer Price (LCU/tonne),01530,Sweet potatoes,1996,1996,7021,Annual value,LCU,838.0,A,Official figure,AUS,False,False
PP,Producer Prices,36,Australia,5530,Producer Price (LCU/tonne),01530,Sweet potatoes,1997,1997,7021,Annual value,LCU,817.0,A,Official figure,AUS,False,False
PP,Producer Prices,36,Australia,5530,Producer Price (LCU/tonne),01530,Sweet potatoes,1998,1998,7021,Annual value,LCU,934.0,A,Official figure,AUS,False,False
PP,Producer Prices,36,Australia,5530,Producer Price (LCU/tonne),01530,Sweet potatoes,1999,1999,7021,Annual value,LCU,1071.0,A,Official figure,AUS,False,False
PP,Producer Prices,36,Australia,5530,Producer Price (LCU/tonne),01530,Sweet potatoes,2000,2000,7021,Annual value,LCU,1235.0,A,Official figure,AUS,False,False
PP,Producer Prices,36,Australia,5530,Producer Price (LCU/tonne),01530,Sweet potatoes,2001,2001,7021,Annual value,LCU,1325.0,A,Official figure,AUS,False,False
PP,Producer Prices,36,Australia,5530,Producer Price (LCU/tonne),01530,Sweet potatoes,2006,2006,7021,Annual value,LCU,1012.0,A,Official figure,AUS,False,False
PP,Producer Prices,36,Australia,5530,Producer Price (LCU/tonne),01530,Sweet potatoes,2007,2007,7021,Annual value,LCU,1526.0,A,Official figure,AUS,False,False
PP,Producer Prices,36,Australia,5530,Producer Price (LCU/tonne),01530,Sweet potatoes,2008,2008,7021,Annual value,LCU,1382.0,A,Official figure,AUS,False,False
PP,Producer Prices,36,Australia,5530,Producer Price (LCU/tonne),01530,Sweet potatoes,2009,2009,7021,Annual value,LCU,1201.0,A,Official figure,AUS,False,False
PP,Producer Prices,36,Australia,5530,Producer Price (LCU/tonne),01530,Sweet potatoes,2014,2014,7021,Annual value,LCU,1069.0,A,Official figure,AUS,False,False
PP,Producer Prices,36,Australia,5530,Producer Price (LCU/tonne),01530,Sweet potatoes,2023,2023,7021,Annual value,LCU,756.6,A,Official figure,AUS,False,False
PP,Producer Prices,36,Australia,5530,Producer Price (LCU/tonne),01530,Sweet potatoes,2024,2024,7021,Annual value,LCU,780.2,A,Official figure,AUS,False,False
PP,Producer Prices,36,Australia,5530,Producer Price (LCU/tonne),01324,"Tangerines, mandarins, clementines",1991,1991,7021,Annual value,LCU,924.0,A,Official figure,AUS,False,False
PP,Producer Prices,36,Australia,5530,Producer Price (LCU/tonne),01324,"Tangerines, mandarins, clementines",1992,1992,7021,Annual value,LCU,949.0,A,Official figure,AUS,False,False
PP,Producer Prices,36,Australia,5530,Producer Price (LCU/tonne),01324,"Tangerines, mandarins, clementines",1993,1993,7021,Annual value,LCU,904.0,A,Official figure,AUS,False,False
PP,Producer Prices,36,Australia,5530,Producer Price (LCU/tonne),01324,"Tangerines, mandarins, clementines",1994,1994,7021,Annual value,LCU,1031.0,A,Official figure,AUS,False,False
PP,Producer Prices,36,Australia,5530,Producer Price (LCU/tonne),01324,"Tangerines, mandarins, clementines",1995,1995,7021,Annual value,LCU,1210.0,A,Official figure,AUS,False,False
PP,Producer Prices,36,Australia,5530,Producer Price (LCU/tonne),01324,"Tangerines, mandarins, clementines",1996,1996,7021,Annual value,LCU,1140.0,A,Official figure,AUS,False,False
PP,Producer Prices,36,Australia,5530,Producer Price (LCU/tonne),01324,"Tangerines, mandarins, clementines",1997,1997,7021,Annual value,LCU,1194.0,A,Official figure,AUS,False,False
PP,Producer Prices,36,Australia,5530,Producer Price (LCU/tonne),01324,"Tangerines, mandarins, clementines",1998,1998,7021,Annual value,LCU,1220.0,A,Official figure,AUS,False,False
PP,Producer Prices,36,Australia,5530,Producer Price (LCU/tonne),01324,"Tangerines, mandarins, clementines",1999,1999,7021,Annual value,LCU,1050.0,A,Official figure,AUS,False,False
PP,Producer Prices,36,Australia,5530,Producer Price (LCU/tonne),01324,"Tangerines, mandarins, clementines",2000,2000,7021,Annual value,LCU,1040.0,A,Official figure,AUS,False,False
PP,Producer Prices,36,Australia,5530,Producer Price (LCU/tonne),01324,"Tangerines, mandarins, clementines",2001,2001,7021,Annual value,LCU,1100.0,A,Official figure,AUS,False,False
PP,Producer Prices,36,Australia,5530,Producer Price (LCU/tonne),01324,"Tangerines, mandarins, clementines",2002,2002,7021,Annual value,LCU,1200.0,A,Official figure,AUS,False,False
PP,Producer Prices,36,Australia,5530,Producer Price (LCU/tonne),01324,"Tangerines, mandarins, clementines",2003,2003,7021,Annual value,LCU,1220.0,A,Official figure,AUS,False,False
PP,Producer Prices,36,Australia,5530,Producer Price (LCU/tonne),01324,"Tangerines, mandarins, clementines",2004,2004,7021,Annual value,LCU,1320.0,A,Official figure,AUS,False,False
PP,Producer Prices,36,Australia,5530,Producer Price (LCU/tonne),01324,"Tangerines, mandarins, clementines",2005,2005,7021,Annual value,LCU,1260.0,A,Official figure,AUS,False,False
PP,Producer Prices,36,Australia,5530,Producer Price (LCU/tonne),01324,"Tangerines, mandarins, clementines",2006,2006,7021,Annual value,LCU,1280.0,A,Official figure,AUS,False,False
PP,Producer Prices,36,Australia,5530,Producer Price (LCU/tonne),01324,"Tangerines, mandarins, clementines",2007,2007,7021,Annual value,LCU,1520.0,A,Official figure,AUS,False,False
PP,Producer Prices,36,Australia,5530,Producer Price (LCU/tonne),01324,"Tangerines, mandarins, clementines",2008,2008,7021,Annual value,LCU,1350.0,A,Official figure,AUS,False,False
PP,Producer Prices,36,Australia,5530,Producer Price (LCU/tonne),01324,"Tangerines, mandarins, clementines",2009,2009,7021,Annual value,LCU,1330.0,A,Official figure,AUS,False,False
PP,Producer Prices,36,Australia,5530,Producer Price (LCU/tonne),01324,"Tangerines, mandarins, clementines",2010,2010,7021,Annual value,LCU,1360.0,A,Official figure,AUS,False,False
PP,Producer Prices,36,Australia,5530,Producer Price (LCU/tonne),01324,"Tangerines, mandarins, clementines",2011,2011,7021,Annual value,LCU,1400.0,A,Official figure,AUS,False,False
PP,Producer Prices,36,Australia,5530,Producer Price (LCU/tonne),01324,"Tangerines, mandarins, clementines",2012,2012,7021,Annual value,LCU,1360.0,A,Official figure,AUS,False,False
PP,Producer Prices,36,Australia,5530,Producer Price (LCU/tonne),01324,"Tangerines, mandarins, clementines",2013,2013,7021,Annual value,LCU,1507.0,A,Official figure,AUS,False,False
PP,Producer Prices,36,Australia,5530,Producer Price (LCU/tonne),01324,"Tangerines, mandarins, clementines",2014,2014,7021,Annual value,LCU,1534.0,A,Official figure,AUS,False,False
PP,Producer Prices,36,Australia,5530,Producer Price (LCU/tonne),01324,"Tangerines, mandarins, clementines",2015,2015,7021,Annual value,LCU,1533.0,A,Official figure,AUS,False,False
PP,Producer Prices,36,Australia,5530,Producer Price (LCU/tonne),01324,"Tangerines, mandarins, clementines",2016,2016,7021,Annual value,LCU,1590.0,A,Official figure,AUS,False,False
PP,Producer Prices,36,Australia,5530,Producer Price (LCU/tonne),01324,"Tangerines, mandarins, clementines",2017,2017,7021,Annual value,LCU,1760.0,A,Official figure,AUS,False,False
PP,Producer Prices,36,Australia,5530,Producer Price (LCU/tonne),01324,"Tangerines, mandarins, clementines",2018,2018,7021,Annual value,LCU,2148.0,A,Official figure,AUS,False,False
PP,Producer Prices,36,Australia,5530,Producer Price (LCU/tonne),01324,"Tangerines, mandarins, clementines",2019,2019,7021,Annual value,LCU,2208.0,A,Official figure,AUS,False,False
PP,Producer Prices,36,Australia,5530,Producer Price (LCU/tonne),01324,"Tangerines, mandarins, clementines",2020,2020,7021,Annual value,LCU,2140.7,A,Official figure,AUS,False,False
PP,Producer Prices,36,Australia,5530,Producer Price (LCU/tonne),01324,"Tangerines, mandarins, clementines",2021,2021,7021,Annual value,LCU,2231.6,A,Official figure,AUS,False,False
PP,Producer Prices,36,Australia,5530,Producer Price (LCU/tonne),01324,"Tangerines, mandarins, clementines",2023,2023,7021,Annual value,LCU,1856.2,A,Official figure,AUS,False,False
PP,Producer Prices,36,Australia,5530,Producer Price (LCU/tonne),01324,"Tangerines, mandarins, clementines",2024,2024,7021,Annual value,LCU,1911.6,A,Official figure,AUS,False,False
PP,Producer Prices,36,Australia,5530,Producer Price (LCU/tonne),01234,Tomatoes,1991,1991,7021,Annual value,LCU,505.0,A,Official figure,AUS,False,False
PP,Producer Prices,36,Australia,5530,Producer Price (LCU/tonne),01234,Tomatoes,1992,1992,7021,Annual value,LCU,509.0,A,Official figure,AUS,False,False
PP,Producer Prices,36,Australia,5530,Producer Price (LCU/tonne),01234,Tomatoes,1993,1993,7021,Annual value,LCU,519.0,A,Official figure,AUS,False,False
PP,Producer Prices,36,Australia,5530,Producer Price (LCU/tonne),01234,Tomatoes,1994,1994,7021,Annual value,LCU,529.0,A,Official figure,AUS,False,False
PP,Producer Prices,36,Australia,5530,Producer Price (LCU/tonne),01234,Tomatoes,1995,1995,7021,Annual value,LCU,489.0,A,Official figure,AUS,False,False
PP,Producer Prices,36,Australia,5530,Producer Price (LCU/tonne),01234,Tomatoes,1996,1996,7021,Annual value,LCU,475.0,A,Official figure,AUS,False,False
PP,Producer Prices,36,Australia,5530,Producer Price (LCU/tonne),01234,Tomatoes,1997,1997,7021,Annual value,LCU,450.0,A,Official figure,AUS,False,False
PP,Producer Prices,36,Australia,5530,Producer Price (LCU/tonne),01234,Tomatoes,1998,1998,7021,Annual value,LCU,439.0,A,Official figure,AUS,False,False
PP,Producer Prices,36,Australia,5530,Producer Price (LCU/tonne),01234,Tomatoes,1999,1999,7021,Annual value,LCU,486.0,A,Official figure,AUS,False,False
PP,Producer Prices,36,Australia,5530,Producer Price (LCU/tonne),01234,Tomatoes,2000,2000,7021,Annual value,LCU,459.0,A,Official figure,AUS,False,False
PP,Producer Prices,36,Australia,5530,Producer Price (LCU/tonne),01234,Tomatoes,2001,2001,7021,Annual value,LCU,462.0,A,Official figure,AUS,False,False
PP,Producer Prices,36,Australia,5530,Producer Price (LCU/tonne),01234,Tomatoes,2002,2002,7021,Annual value,LCU,540.0,A,Official figure,AUS,False,False
PP,Producer Prices,36,Australia,5530,Producer Price (LCU/tonne),01234,Tomatoes,2003,2003,7021,Annual value,LCU,619.0,A,Official figure,AUS,False,False
PP,Producer Prices,36,Australia,5530,Producer Price (LCU/tonne),01234,Tomatoes,2004,2004,7021,Annual value,LCU,591.0,A,Official figure,AUS,False,False
PP,Producer Prices,36,Australia,5530,Producer Price (LCU/tonne),01234,Tomatoes,2005,2005,7021,Annual value,LCU,398.0,A,Official figure,AUS,False,False
PP,Producer Prices,36,Australia,5530,Producer Price (LCU/tonne),01234,Tomatoes,2006,2006,7021,Annual value,LCU,606.0,A,Official figure,AUS,False,False
PP,Producer Prices,36,Australia,5530,Producer Price (LCU/tonne),01234,Tomatoes,2007,2007,7021,Annual value,LCU,1000.0,A,Official figure,AUS,False,False
PP,Producer Prices,36,Australia,5530,Producer Price (LCU/tonne),01234,Tomatoes,2008,2008,7021,Annual value,LCU,1060.0,A,Official figure,AUS,False,False
PP,Producer Prices,36,Australia,5530,Producer Price (LCU/tonne),01234,Tomatoes,2009,2009,7021,Annual value,LCU,777.0,A,Official figure,AUS,False,False
PP,Producer Prices,36,Australia,5530,Producer Price (LCU/tonne),01234,Tomatoes,2010,2010,7021,Annual value,LCU,734.0,A,Official figure,AUS,False,False
PP,Producer Prices,36,Australia,5530,Producer Price (LCU/tonne),01234,Tomatoes,2011,2011,7021,Annual value,LCU,1386.0,A,Official figure,AUS,False,False
PP,Producer Prices,36,Australia,5530,Producer Price (LCU/tonne),01234,Tomatoes,2012,2012,7021,Annual value,LCU,947.0,A,Official figure,AUS,False,False
PP,Producer Prices,36,Australia,5530,Producer Price (LCU/tonne),01234,Tomatoes,2013,2013,7021,Annual value,LCU,963.0,A,Official figure,AUS,False,False
PP,Producer Prices,36,Australia,5530,Producer Price (LCU/tonne),01234,Tomatoes,2014,2014,7021,Annual value,LCU,1075.0,A,Official figure,AUS,False,False
PP,Producer Prices,36,Australia,5530,Producer Price (LCU/tonne),01234,Tomatoes,2015,2015,7021,Annual value,LCU,800.0,A,Official figure,AUS,False,False
PP,Producer Prices,36,Australia,5530,Producer Price (LCU/tonne),01234,Tomatoes,2016,2016,7021,Annual value,LCU,752.0,A,Official figure,AUS,False,False
PP,Producer Prices,36,Australia,5530,Producer Price (LCU/tonne),01234,Tomatoes,2017,2017,7021,Annual value,LCU,1273.0,A,Official figure,AUS,False,False
PP,Producer Prices,36,Australia,5530,Producer Price (LCU/tonne),01234,Tomatoes,2018,2018,7021,Annual value,LCU,1439.0,A,Official figure,AUS,False,False
PP,Producer Prices,36,Australia,5530,Producer Price (LCU/tonne),01234,Tomatoes,2019,2019,7021,Annual value,LCU,1453.0,A,Official figure,AUS,False,False
PP,Producer Prices,36,Australia,5530,Producer Price (LCU/tonne),01234,Tomatoes,2020,2020,7021,Annual value,LCU,1613.1,A,Official figure,AUS,False,False
PP,Producer Prices,36,Australia,5530,Producer Price (LCU/tonne),01234,Tomatoes,2021,2021,7021,Annual value,LCU,1507.4,A,Official figure,AUS,False,False
PP,Producer Prices,36,Australia,5530,Producer Price (LCU/tonne),01234,Tomatoes,2023,2023,7021,Annual value,LCU,1773.5,A,Official figure,AUS,False,False
PP,Producer Prices,36,Australia,5530,Producer Price (LCU/tonne),01234,Tomatoes,2024,2024,7021,Annual value,LCU,1370.9,A,Official figure,AUS,False,False
PP,Producer Prices,36,Australia,5530,Producer Price (LCU/tonne),01191,Triticale,1991,1991,7021,Annual value,LCU,125.0,A,Official figure,AUS,False,False
PP,Producer Prices,36,Australia,5530,Producer Price (LCU/tonne),01191,Triticale,1992,1992,7021,Annual value,LCU,138.0,A,Official figure,AUS,False,False
PP,Producer Prices,36,Australia,5530,Producer Price (LCU/tonne),01191,Triticale,1993,1993,7021,Annual value,LCU,130.0,A,Official figure,AUS,False,False
PP,Producer Prices,36,Australia,5530,Producer Price (LCU/tonne),01191,Triticale,1994,1994,7021,Annual value,LCU,132.0,A,Official figure,AUS,False,False
PP,Producer Prices,36,Australia,5530,Producer Price (LCU/tonne),01191,Triticale,1995,1995,7021,Annual value,LCU,194.0,A,Official figure,AUS,False,False
PP,Producer Prices,36,Australia,5530,Producer Price (LCU/tonne),01191,Triticale,1996,1996,7021,Annual value,LCU,202.0,A,Official figure,AUS,False,False
PP,Producer Prices,36,Australia,5530,Producer Price (LCU/tonne),01191,Triticale,1997,1997,7021,Annual value,LCU,158.0,A,Official figure,AUS,False,False
PP,Producer Prices,36,Australia,5530,Producer Price (LCU/tonne),01191,Triticale,1998,1998,7021,Annual value,LCU,171.0,A,Official figure,AUS,False,False
PP,Producer Prices,36,Australia,5530,Producer Price (LCU/tonne),01191,Triticale,1999,1999,7021,Annual value,LCU,120.0,A,Official figure,AUS,False,False
PP,Producer Prices,36,Australia,5530,Producer Price (LCU/tonne),01191,Triticale,2000,2000,7021,Annual value,LCU,126.0,A,Official figure,AUS,False,False
PP,Producer Prices,36,Australia,5530,Producer Price (LCU/tonne),01191,Triticale,2001,2001,7021,Annual value,LCU,150.0,A,Official figure,AUS,False,False
PP,Producer Prices,36,Australia,5530,Producer Price (LCU/tonne),01191,Triticale,2002,2002,7021,Annual value,LCU,195.0,A,Official figure,AUS,False,False
PP,Producer Prices,36,Australia,5530,Producer Price (LCU/tonne),01191,Triticale,2003,2003,7021,Annual value,LCU,258.0,A,Official figure,AUS,False,False
PP,Producer Prices,36,Australia,5530,Producer Price (LCU/tonne),01191,Triticale,2004,2004,7021,Annual value,LCU,153.0,A,Official figure,AUS,False,False
PP,Producer Prices,36,Australia,5530,Producer Price (LCU/tonne),01191,Triticale,2005,2005,7021,Annual value,LCU,152.0,A,Official figure,AUS,False,False
PP,Producer Prices,36,Australia,5530,Producer Price (LCU/tonne),01191,Triticale,2006,2006,7021,Annual value,LCU,143.0,A,Official figure,AUS,False,False
PP,Producer Prices,36,Australia,5530,Producer Price (LCU/tonne),01191,Triticale,2007,2007,7021,Annual value,LCU,223.0,A,Official figure,AUS,False,False
PP,Producer Prices,36,Australia,5530,Producer Price (LCU/tonne),01191,Triticale,2009,2009,7021,Annual value,LCU,257.0,A,Official figure,AUS,False,False
PP,Producer Prices,36,Australia,5530,Producer Price (LCU/tonne),01191,Triticale,2011,2011,7021,Annual value,LCU,184.0,A,Official figure,AUS,False,False
PP,Producer Prices,36,Australia,5530,Producer Price (LCU/tonne),01191,Triticale,2012,2012,7021,Annual value,LCU,176.0,A,Official figure,AUS,False,False
PP,Producer Prices,36,Australia,5530,Producer Price (LCU/tonne),01191,Triticale,2013,2013,7021,Annual value,LCU,249.0,A,Official figure,AUS,False,False
PP,Producer Prices,36,Australia,5530,Producer Price (LCU/tonne),01191,Triticale,2014,2014,7021,Annual value,LCU,258.0,A,Official figure,AUS,False,False
PP,Producer Prices,36,Australia,5530,Producer Price (LCU/tonne),01191,Triticale,2015,2015,7021,Annual value,LCU,256.0,A,Official figure,AUS,False,False
PP,Producer Prices,36,Australia,5530,Producer Price (LCU/tonne),01191,Triticale,2016,2016,7021,Annual value,LCU,248.0,A,Official figure,AUS,False,False
PP,Producer Prices,36,Australia,5530,Producer Price (LCU/tonne),01191,Triticale,2017,2017,7021,Annual value,LCU,178.0,A,Official figure,AUS,False,False
PP,Producer Prices,36,Australia,5530,Producer Price (LCU/tonne),01191,Triticale,2018,2018,7021,Annual value,LCU,235.0,A,Official figure,AUS,False,False
PP,Producer Prices,36,Australia,5530,Producer Price (LCU/tonne),01191,Triticale,2019,2019,7021,Annual value,LCU,355.0,A,Official figure,AUS,False,False
PP,Producer Prices,36,Australia,5530,Producer Price (LCU/tonne),01970,Unmanufactured tobacco,1991,1991,7021,Annual value,LCU,6184.0,A,Official figure,AUS,False,False
PP,Producer Prices,36,Australia,5530,Producer Price (LCU/tonne),01970,Unmanufactured tobacco,1992,1992,7021,Annual value,LCU,6144.0,A,Official figure,AUS,False,False
PP,Producer Prices,36,Australia,5530,Producer Price (LCU/tonne),01970,Unmanufactured tobacco,1993,1993,7021,Annual value,LCU,6188.0,A,Official figure,AUS,False,False
PP,Producer Prices,36,Australia,5530,Producer Price (LCU/tonne),01970,Unmanufactured tobacco,1994,1994,7021,Annual value,LCU,6036.0,A,Official figure,AUS,False,False
PP,Producer Prices,36,Australia,5530,Producer Price (LCU/tonne),01970,Unmanufactured tobacco,1995,1995,7021,Annual value,LCU,5851.0,A,Official figure,AUS,False,False
PP,Producer Prices,36,Australia,5530,Producer Price (LCU/tonne),01970,Unmanufactured tobacco,1996,1996,7021,Annual value,LCU,5878.0,A,Official figure,AUS,False,False
PP,Producer Prices,36,Australia,5530,Producer Price (LCU/tonne),01970,Unmanufactured tobacco,1997,1997,7021,Annual value,LCU,6000.0,A,Official figure,AUS,False,False
PP,Producer Prices,36,Australia,5530,Producer Price (LCU/tonne),01970,Unmanufactured tobacco,1998,1998,7021,Annual value,LCU,5840.0,A,Official figure,AUS,False,False
PP,Producer Prices,36,Australia,5530,Producer Price (LCU/tonne),01970,Unmanufactured tobacco,1999,1999,7021,Annual value,LCU,5960.0,A,Official figure,AUS,False,False
PP,Producer Prices,36,Australia,5530,Producer Price (LCU/tonne),01970,Unmanufactured tobacco,2000,2000,7021,Annual value,LCU,6260.0,A,Official figure,AUS,False,False
PP,Producer Prices,36,Australia,5530,Producer Price (LCU/tonne),01970,Unmanufactured tobacco,2001,2001,7021,Annual value,LCU,6520.0,A,Official figure,AUS,False,False
PP,Producer Prices,36,Australia,5530,Producer Price (LCU/tonne),01970,Unmanufactured tobacco,2002,2002,7021,Annual value,LCU,6400.0,A,Official figure,AUS,False,False
PP,Producer Prices,36,Australia,5530,Producer Price (LCU/tonne),01970,Unmanufactured tobacco,2003,2003,7021,Annual value,LCU,6410.0,A,Official figure,AUS,False,False
PP,Producer Prices,36,Australia,5530,Producer Price (LCU/tonne),01970,Unmanufactured tobacco,2004,2004,7021,Annual value,LCU,6500.0,A,Official figure,AUS,False,False
PP,Producer Prices,36,Australia,5530,Producer Price (LCU/tonne),01970,Unmanufactured tobacco,2005,2005,7021,Annual value,LCU,7720.0,A,Official figure,AUS,False,False
PP,Producer Prices,36,Australia,5530,Producer Price (LCU/tonne),01970,Unmanufactured tobacco,2006,2006,7021,Annual value,LCU,7720.0,A,Official figure,AUS,False,False
PP,Producer Prices,36,Australia,5530,Producer Price (LCU/tonne),01709.01,Vetches,1992,1992,7021,Annual value,LCU,669.0,A,Official figure,AUS,False,False
PP,Producer Prices,36,Australia,5530,Producer Price (LCU/tonne),01709.01,Vetches,1993,1993,7021,Annual value,LCU,906.0,A,Official figure,AUS,False,True
PP,Producer Prices,36,Australia,5530,Producer Price (LCU/tonne),01709.01,Vetches,1994,1994,7021,Annual value,LCU,450.0,A,Official figure,AUS,False,False
PP,Producer Prices,36,Australia,5530,Producer Price (LCU/tonne),01709.01,Vetches,1995,1995,7021,Annual value,LCU,440.0,A,Official figure,AUS,False,False
PP,Producer Prices,36,Australia,5530,Producer Price (LCU/tonne),01709.01,Vetches,1996,1996,7021,Annual value,LCU,450.0,A,Official figure,AUS,False,False
PP,Producer Prices,36,Australia,5530,Producer Price (LCU/tonne),01709.01,Vetches,1997,1997,7021,Annual value,LCU,290.0,A,Official figure,AUS,False,False
PP,Producer Prices,36,Australia,5530,Producer Price (LCU/tonne),01709.01,Vetches,1998,1998,7021,Annual value,LCU,340.0,A,Official figure,AUS,False,False
PP,Producer Prices,36,Australia,5530,Producer Price (LCU/tonne),01709.01,Vetches,1999,1999,7021,Annual value,LCU,260.0,A,Official figure,AUS,False,False
PP,Producer Prices,36,Australia,5530,Producer Price (LCU/tonne),01709.01,Vetches,2000,2000,7021,Annual value,LCU,250.0,A,Official figure,AUS,False,False
PP,Producer Prices,36,Australia,5530,Producer Price (LCU/tonne),01709.01,Vetches,2001,2001,7021,Annual value,LCU,370.0,A,Official figure,AUS,False,False
PP,Producer Prices,36,Australia,5530,Producer Price (LCU/tonne),01709.01,Vetches,2002,2002,7021,Annual value,LCU,300.0,A,Official figure,AUS,False,False
PP,Producer Prices,36,Australia,5530,Producer Price (LCU/tonne),01709.01,Vetches,2003,2003,7021,Annual value,LCU,400.0,A,Official figure,AUS,False,False
PP,Producer Prices,36,Australia,5530,Producer Price (LCU/tonne),01709.01,Vetches,2004,2004,7021,Annual value,LCU,342.0,A,Official figure,AUS,False,False
PP,Producer Prices,36,Australia,5530,Producer Price (LCU/tonne),01709.01,Vetches,2005,2005,7021,Annual value,LCU,383.0,A,Official figure,AUS,False,False
PP,Producer Prices,36,Australia,5530,Producer Price (LCU/tonne),01709.01,Vetches,2006,2006,7021,Annual value,LCU,230.0,A,Official figure,AUS,False,False
PP,Producer Prices,36,Australia,5530,Producer Price (LCU/tonne),01709.01,Vetches,2007,2007,7021,Annual value,LCU,410.0,A,Official figure,AUS,False,False
PP,Producer Prices,36,Australia,5530,Producer Price (LCU/tonne),01709.01,Vetches,2009,2009,7021,Annual value,LCU,420.0,A,Official figure,AUS,False,False
PP,Producer Prices,36,Australia,5530,Producer Price (LCU/tonne),01709.01,Vetches,2011,2011,7021,Annual value,LCU,330.0,A,Official figure,AUS,False,False
PP,Producer Prices,36,Australia,5530,Producer Price (LCU/tonne),01376,"Walnuts, in shell",1991,1991,7021,Annual value,LCU,3282.0,A,Official figure,AUS,False,False
PP,Producer Prices,36,Australia,5530,Producer Price (LCU/tonne),01376,"Walnuts, in shell",1992,1992,7021,Annual value,LCU,3157.0,A,Official figure,AUS,False,False
PP,Producer Prices,36,Australia,5530,Producer Price (LCU/tonne),01376,"Walnuts, in shell",1993,1993,7021,Annual value,LCU,3151.0,A,Official figure,AUS,False,False
PP,Producer Prices,36,Australia,5530,Producer Price (LCU/tonne),01376,"Walnuts, in shell",1994,1994,7021,Annual value,LCU,3837.0,A,Official figure,AUS,False,False
PP,Producer Prices,36,Australia,5530,Producer Price (LCU/tonne),01376,"Walnuts, in shell",1995,1995,7021,Annual value,LCU,3836.0,A,Official figure,AUS,False,False
PP,Producer Prices,36,Australia,5530,Producer Price (LCU/tonne),01376,"Walnuts, in shell",1996,1996,7021,Annual value,LCU,3800.0,X,Figure from external organization,AUS,True,False
PP,Producer Prices,36,Australia,5530,Producer Price (LCU/tonne),01376,"Walnuts, in shell",1997,1997,7021,Annual value,LCU,3800.0,X,Figure from external organization,AUS,True,False
PP,Producer Prices,36,Australia,5530,Producer Price (LCU/tonne),01376,"Walnuts, in shell",1998,1998,7021,Annual value,LCU,3590.0,A,Official figure,AUS,False,False
PP,Producer Prices,36,Australia,5530,Producer Price (LCU/tonne),01376,"Walnuts, in shell",1999,1999,7021,Annual value,LCU,4820.0,A,Official figure,AUS,False,False
PP,Producer Prices,36,Australia,5530,Producer Price (LCU/tonne),01376,"Walnuts, in shell",2000,2000,7021,Annual value,LCU,4770.0,X,Figure from external organization,AUS,True,False
PP,Producer Prices,36,Australia,5530,Producer Price (LCU/tonne),01376,"Walnuts, in shell",2001,2001,7021,Annual value,LCU,4800.0,A,Official figure,AUS,False,False
PP,Producer Prices,36,Australia,5530,Producer Price (LCU/tonne),01376,"Walnuts, in shell",2002,2002,7021,Annual value,LCU,4600.0,A,Official figure,AUS,False,False
PP,Producer Prices,36,Australia,5530,Producer Price (LCU/tonne),01376,"Walnuts, in shell",2003,2003,7021,Annual value,LCU,3780.0,A,Official figure,AUS,False,False
PP,Producer Prices,36,Australia,5530,Producer Price (LCU/tonne),01376,"Walnuts, in shell",2004,2004,7021,Annual value,LCU,4234.0,A,Official figure,AUS,False,False
PP,Producer Prices,36,Australia,5530,Producer Price (LCU/tonne),01376,"Walnuts, in shell",2005,2005,7021,Annual value,LCU,3504.0,A,Official figure,AUS,False,False
PP,Producer Prices,36,Australia,5530,Producer Price (LCU/tonne),01376,"Walnuts, in shell",2006,2006,7021,Annual value,LCU,3380.0,A,Official figure,AUS,False,False
PP,Producer Prices,36,Australia,5530,Producer Price (LCU/tonne),01376,"Walnuts, in shell",2007,2007,7021,Annual value,LCU,3380.0,A,Official figure,AUS,False,False
PP,Producer Prices,36,Australia,5530,Producer Price (LCU/tonne),01376,"Walnuts, in shell",2009,2009,7021,Annual value,LCU,4330.0,A,Official figure,AUS,False,False
PP,Producer Prices,36,Australia,5530,Producer Price (LCU/tonne),01376,"Walnuts, in shell",2011,2011,7021,Annual value,LCU,5920.0,A,Official figure,AUS,False,False
PP,Producer Prices,36,Australia,5530,Producer Price (LCU/tonne),01376,"Walnuts, in shell",2023,2023,7021,Annual value,LCU,2537.5,A,Official figure,AUS,False,False
PP,Producer Prices,36,Australia,5530,Producer Price (LCU/tonne),01376,"Walnuts, in shell",2024,2024,7021,Annual value,LCU,3408.3,A,Official figure,AUS,False,False
PP,Producer Prices,36,Australia,5530,Producer Price (LCU/tonne),01221,Watermelons,1991,1991,7021,Annual value,LCU,397.0,A,Official figure,AUS,False,False
PP,Producer Prices,36,Australia,5530,Producer Price (LCU/tonne),01221,Watermelons,1992,1992,7021,Annual value,LCU,321.0,A,Official figure,AUS,False,False
PP,Producer Prices,36,Australia,5530,Producer Price (LCU/tonne),01221,Watermelons,1993,1993,7021,Annual value,LCU,350.0,A,Official figure,AUS,False,False
PP,Producer Prices,36,Australia,5530,Producer Price (LCU/tonne),01221,Watermelons,1994,1994,7021,Annual value,LCU,379.0,A,Official figure,AUS,False,False
PP,Producer Prices,36,Australia,5530,Producer Price (LCU/tonne),01221,Watermelons,1995,1995,7021,Annual value,LCU,324.0,A,Official figure,AUS,False,False
PP,Producer Prices,36,Australia,5530,Producer Price (LCU/tonne),01221,Watermelons,1996,1996,7021,Annual value,LCU,256.0,A,Official figure,AUS,False,False
PP,Producer Prices,36,Australia,5530,Producer Price (LCU/tonne),01221,Watermelons,1997,1997,7021,Annual value,LCU,345.0,A,Official figure,AUS,False,False
PP,Producer Prices,36,Australia,5530,Producer Price (LCU/tonne),01221,Watermelons,1998,1998,7021,Annual value,LCU,369.0,A,Official figure,AUS,False,False
PP,Producer Prices,36,Australia,5530,Producer Price (LCU/tonne),01221,Watermelons,1999,1999,7021,Annual value,LCU,493.0,A,Official figure,AUS,False,False
PP,Producer Prices,36,Australia,5530,Producer Price (LCU/tonne),01221,Watermelons,2000,2000,7021,Annual value,LCU,405.0,A,Official figure,AUS,False,False
PP,Producer Prices,36,Australia,5530,Producer Price (LCU/tonne),01221,Watermelons,2001,2001,7021,Annual value,LCU,479.0,A,Official figure,AUS,False,False
PP,Producer Prices,36,Australia,5530,Producer Price (LCU/tonne),01221,Watermelons,2002,2002,7021,Annual value,LCU,497.0,A,Official figure,AUS,False,False
PP,Producer Prices,36,Australia,5530,Producer Price (LCU/tonne),01221,Watermelons,2003,2003,7021,Annual value,LCU,517.0,A,Official figure,AUS,False,False
PP,Producer Prices,36,Australia,5530,Producer Price (LCU/tonne),01221,Watermelons,2004,2004,7021,Annual value,LCU,573.0,A,Official figure,AUS,False,False
PP,Producer Prices,36,Australia,5530,Producer Price (LCU/tonne),01221,Watermelons,2005,2005,7021,Annual value,LCU,646.0,A,Official figure,AUS,False,False
PP,Producer Prices,36,Australia,5530,Producer Price (LCU/tonne),01221,Watermelons,2006,2006,7021,Annual value,LCU,534.0,A,Official figure,AUS,False,False
PP,Producer Prices,36,Australia,5530,Producer Price (LCU/tonne),01221,Watermelons,2007,2007,7021,Annual value,LCU,730.0,A,Official figure,AUS,False,False
PP,Producer Prices,36,Australia,5530,Producer Price (LCU/tonne),01221,Watermelons,2008,2008,7021,Annual value,LCU,608.0,A,Official figure,AUS,False,False
PP,Producer Prices,36,Australia,5530,Producer Price (LCU/tonne),01221,Watermelons,2009,2009,7021,Annual value,LCU,718.0,A,Official figure,AUS,False,False
PP,Producer Prices,36,Australia,5530,Producer Price (LCU/tonne),01221,Watermelons,2023,2023,7021,Annual value,LCU,955.2,A,Official figure,AUS,False,False
PP,Producer Prices,36,Australia,5530,Producer Price (LCU/tonne),01221,Watermelons,2024,2024,7021,Annual value,LCU,922.7,A,Official figure,AUS,False,False
PP,Producer Prices,36,Australia,5530,Producer Price (LCU/tonne),0111,Wheat,1991,1991,7021,Annual value,LCU,132.0,A,Official figure,AUS,False,False
PP,Producer Prices,36,Australia,5530,Producer Price (LCU/tonne),0111,Wheat,1992,1992,7021,Annual value,LCU,199.0,A,Official figure,AUS,False,False
PP,Producer Prices,36,Australia,5530,Producer Price (LCU/tonne),0111,Wheat,1993,1993,7021,Annual value,LCU,181.0,A,Official figure,AUS,False,False
PP,Producer Prices,36,Australia,5530,Producer Price (LCU/tonne),0111,Wheat,1994,1994,7021,Annual value,LCU,174.0,A,Official figure,AUS,False,False
PP,Producer Prices,36,Australia,5530,Producer Price (LCU/tonne),0111,Wheat,1995,1995,7021,Annual value,LCU,237.0,A,Official figure,AUS,False,False
PP,Producer Prices,36,Australia,5530,Producer Price (LCU/tonne),0111,Wheat,1996,1996,7021,Annual value,LCU,260.0,A,Official figure,AUS,False,False
PP,Producer Prices,36,Australia,5530,Producer Price (LCU/tonne),0111,Wheat,1997,1997,7021,Annual value,LCU,212.0,A,Official figure,AUS,False,False
PP,Producer Prices,36,Australia,5530,Producer Price (LCU/tonne),0111,Wheat,1998,1998,7021,Annual value,LCU,198.0,A,Official figure,AUS,False,False
PP,Producer Prices,36,Australia,5530,Producer Price (LCU/tonne),0111,Wheat,1999,1999,7021,Annual value,LCU,187.0,A,Official figure,AUS,False,False
PP,Producer Prices,36,Australia,5530,Producer Price (LCU/tonne),0111,Wheat,2000,2000,7021,Annual value,LCU,195.0,A,Official figure,AUS,False,False
PP,Producer Prices,36,Australia,5530,Producer Price (LCU/tonne),0111,Wheat,2001,2001,7021,Annual value,LCU,232.0,A,Official figure,AUS,False,False
PP,Producer Prices,36,Australia,5530,Producer Price (LCU/tonne),0111,Wheat,2002,2002,7021,Annual value,LCU,262.0,A,Official figure,AUS,False,False
PP,Producer Prices,36,Australia,5530,Producer Price (LCU/tonne),0111,Wheat,2003,2003,7021,Annual value,LCU,266.0,A,Official figure,AUS,False,False
PP,Producer Prices,36,Australia,5530,Producer Price (LCU/tonne),0111,Wheat,2004,2004,7021,Annual value,LCU,216.0,A,Official figure,AUS,False,False
PP,Producer Prices,36,Australia,5530,Producer Price (LCU/tonne),0111,Wheat,2005,2005,7021,Annual value,LCU,197.0,A,Official figure,AUS,False,False
PP,Producer Prices,36,Australia,5530,Producer Price (LCU/tonne),0111,Wheat,2006,2006,7021,Annual value,LCU,203.0,A,Official figure,AUS,False,False
PP,Producer Prices,36,Australia,5530,Producer Price (LCU/tonne),0111,Wheat,2007,2007,7021,Annual value,LCU,242.0,A,Official figure,AUS,False,False
PP,Producer Prices,36,Australia,5530,Producer Price (LCU/tonne),0111,Wheat,2008,2008,7021,Annual value,LCU,390.0,A,Official figure,AUS,False,False
PP,Producer Prices,36,Australia,5530,Producer Price (LCU/tonne),0111,Wheat,2009,2009,7021,Annual value,LCU,281.0,A,Official figure,AUS,False,False
PP,Producer Prices,36,Australia,5530,Producer Price (LCU/tonne),0111,Wheat,2010,2010,7021,Annual value,LCU,218.0,A,Official figure,AUS,False,False
PP,Producer Prices,36,Australia,5530,Producer Price (LCU/tonne),0111,Wheat,2011,2011,7021,Annual value,LCU,257.0,A,Official figure,AUS,False,False
PP,Producer Prices,36,Australia,5530,Producer Price (LCU/tonne),0111,Wheat,2012,2012,7021,Annual value,LCU,227.0,A,Official figure,AUS,False,False
PP,Producer Prices,36,Australia,5530,Producer Price (LCU/tonne),0111,Wheat,2013,2013,7021,Annual value,LCU,313.0,A,Official figure,AUS,False,False
PP,Producer Prices,36,Australia,5530,Producer Price (LCU/tonne),0111,Wheat,2014,2014,7021,Annual value,LCU,316.0,A,Official figure,AUS,False,False
PP,Producer Prices,36,Australia,5530,Producer Price (LCU/tonne),0111,Wheat,2015,2015,7021,Annual value,LCU,300.0,A,Official figure,AUS,False,False
PP,Producer Prices,36,Australia,5530,Producer Price (LCU/tonne),0111,Wheat,2016,2016,7021,Annual value,LCU,277.0,A,Official figure,AUS,False,False
PP,Producer Prices,36,Australia,5530,Producer Price (LCU/tonne),0111,Wheat,2017,2017,7021,Annual value,LCU,231.0,A,Official figure,AUS,False,False
PP,Producer Prices,36,Australia,5530,Producer Price (LCU/tonne),0111,Wheat,2018,2018,7021,Annual value,LCU,272.0,A,Official figure,AUS,False,False
PP,Producer Prices,36,Australia,5530,Producer Price (LCU/tonne),0111,Wheat,2019,2019,7021,Annual value,LCU,352.0,A,Official figure,AUS,False,False
PP,Producer Prices,36,Australia,5530,Producer Price (LCU/tonne),0111,Wheat,2020,2020,7021,Annual value,LCU,341.7,A,Official figure,AUS,False,False
PP,Producer Prices,36,Australia,5530,Producer Price (LCU/tonne),0111,Wheat,2021,2021,7021,Annual value,LCU,308.6,A,Official figure,AUS,False,False
PP,Producer Prices,36,Australia,5530,Producer Price (LCU/tonne),0111,Wheat,2022,2022,7021,Annual value,LCU,362.7,A,Official figure,AUS,False,False
PP,Producer Prices,36,Australia,5530,Producer Price (LCU/tonne),0111,Wheat,2023,2023,7021,Annual value,LCU,328.5,A,Official figure,AUS,False,False
PP,Producer Prices,36,Australia,5530,Producer Price (LCU/tonne),0111,Wheat,2024,2024,7021,Annual value,LCU,315.1,A,Official figure,AUS,False,False
PP,Producer Prices,554,New Zealand,5530,Producer Price (LCU/tonne),01341,Apples,1991,1991,7021,Annual value,LCU,610.0,A,Official figure,NZL,False,False
PP,Producer Prices,554,New Zealand,5530,Producer Price (LCU/tonne),01341,Apples,1992,1992,7021,Annual value,LCU,647.0,A,Official figure,NZL,False,False
PP,Producer Prices,554,New Zealand,5530,Producer Price (LCU/tonne),01341,Apples,1993,1993,7021,Annual value,LCU,387.0,A,Official figure,NZL,False,False
PP,Producer Prices,554,New Zealand,5530,Producer Price (LCU/tonne),01341,Apples,1994,1994,7021,Annual value,LCU,527.0,A,Official figure,NZL,False,False
PP,Producer Prices,554,New Zealand,5530,Producer Price (LCU/tonne),01341,Apples,1995,1995,7021,Annual value,LCU,454.0,A,Official figure,NZL,False,False
PP,Producer Prices,554,New Zealand,5530,Producer Price (LCU/tonne),01341,Apples,1996,1996,7021,Annual value,LCU,440.0,A,Official figure,NZL,False,False
PP,Producer Prices,554,New Zealand,5530,Producer Price (LCU/tonne),01341,Apples,1997,1997,7021,Annual value,LCU,358.0,A,Official figure,NZL,False,False
PP,Producer Prices,554,New Zealand,5530,Producer Price (LCU/tonne),01341,Apples,1998,1998,7021,Annual value,LCU,423.0,A,Official figure,NZL,False,False
PP,Producer Prices,554,New Zealand,5530,Producer Price (LCU/tonne),01341,Apples,1999,1999,7021,Annual value,LCU,391.0,A,Official figure,NZL,False,False
PP,Producer Prices,554,New Zealand,5530,Producer Price (LCU/tonne),01341,Apples,2000,2000,7021,Annual value,LCU,301.0,A,Official figure,NZL,False,False
PP,Producer Prices,554,New Zealand,5530,Producer Price (LCU/tonne),01341,Apples,2001,2001,7021,Annual value,LCU,406.0,A,Official figure,NZL,False,False
PP,Producer Prices,554,New Zealand,5530,Producer Price (LCU/tonne),01341,Apples,2002,2002,7021,Annual value,LCU,760.0,A,Official figure,NZL,False,False
PP,Producer Prices,554,New Zealand,5530,Producer Price (LCU/tonne),01341,Apples,2003,2003,7021,Annual value,LCU,680.0,A,Official figure,NZL,False,False
PP,Producer Prices,554,New Zealand,5530,Producer Price (LCU/tonne),01341,Apples,2004,2004,7021,Annual value,LCU,425.0,A,Official figure,NZL,False,False
PP,Producer Prices,554,New Zealand,5530,Producer Price (LCU/tonne),01341,Apples,2005,2005,7021,Annual value,LCU,300.0,A,Official figure,NZL,False,False
PP,Producer Prices,554,New Zealand,5530,Producer Price (LCU/tonne),01341,Apples,2006,2006,7021,Annual value,LCU,600.0,A,Official figure,NZL,False,False
PP,Producer Prices,554,New Zealand,5530,Producer Price (LCU/tonne),01341,Apples,2007,2007,7021,Annual value,LCU,585.0,A,Official figure,NZL,False,False
PP,Producer Prices,554,New Zealand,5530,Producer Price (LCU/tonne),01341,Apples,2008,2008,7021,Annual value,LCU,800.0,A,Official figure,NZL,False,False
PP,Producer Prices,554,New Zealand,5530,Producer Price (LCU/tonne),01341,Apples,2009,2009,7021,Annual value,LCU,630.0,A,Official figure,NZL,False,False
PP,Producer Prices,554,New Zealand,5530,Producer Price (LCU/tonne),01341,Apples,2010,2010,7021,Annual value,LCU,465.0,A,Official figure,NZL,False,False
PP,Producer Prices,554,New Zealand,5530,Producer Price (LCU/tonne),01341,Apples,2011,2011,7021,Annual value,LCU,465.0,A,Official figure,NZL,False,False
PP,Producer Prices,554,New Zealand,5530,Producer Price (LCU/tonne),01341,Apples,2012,2012,7021,Annual value,LCU,500.0,A,Official figure,NZL,False,False
PP,Producer Prices,554,New Zealand,5530,Producer Price (LCU/tonne),01341,Apples,2013,2013,7021,Annual value,LCU,630.0,A,Official figure,NZL,False,False
PP,Producer Prices,554,New Zealand,5530,Producer Price (LCU/tonne),01341,Apples,2014,2014,7021,Annual value,LCU,700.0,A,Official figure,NZL,False,False
PP,Producer Prices,554,New Zealand,5530,Producer Price (LCU/tonne),01341,Apples,2015,2015,7021,Annual value,LCU,715.0,A,Official figure,NZL,False,False
PP,Producer Prices,554,New Zealand,5530,Producer Price (LCU/tonne),01341,Apples,2016,2016,7021,Annual value,LCU,830.0,A,Official figure,NZL,False,False
PP,Producer Prices,554,New Zealand,5530,Producer Price (LCU/tonne),01341,Apples,2017,2017,7021,Annual value,LCU,795.0,A,Official figure,NZL,False,False
PP,Producer Prices,554,New Zealand,5530,Producer Price (LCU/tonne),01341,Apples,2018,2018,7021,Annual value,LCU,730.0,A,Official figure,NZL,False,False
PP,Producer Prices,554,New Zealand,5530,Producer Price (LCU/tonne),01341,Apples,2019,2019,7021,Annual value,LCU,780.0,A,Official figure,NZL,False,False
PP,Producer Prices,554,New Zealand,5530,Producer Price (LCU/tonne),01341,Apples,2021,2021,7021,Annual value,LCU,830.0,A,Official figure,NZL,False,False
PP,Producer Prices,554,New Zealand,5530,Producer Price (LCU/tonne),01341,Apples,2022,2022,7021,Annual value,LCU,700.0,A,Official figure,NZL,False,False
PP,Producer Prices,554,New Zealand,5530,Producer Price (LCU/tonne),01343,Apricots,1991,1991,7021,Annual value,LCU,1500.0,A,Official figure,NZL,False,False
PP,Producer Prices,554,New Zealand,5530,Producer Price (LCU/tonne),01343,Apricots,1992,1992,7021,Annual value,LCU,1451.0,A,Official figure,NZL,False,False
PP,Producer Prices,554,New Zealand,5530,Producer Price (LCU/tonne),01343,Apricots,1993,1993,7021,Annual value,LCU,1754.0,A,Official figure,NZL,False,False
PP,Producer Prices,554,New Zealand,5530,Producer Price (LCU/tonne),01343,Apricots,1994,1994,7021,Annual value,LCU,1512.0,A,Official figure,NZL,False,False
PP,Producer Prices,554,New Zealand,5530,Producer Price (LCU/tonne),01343,Apricots,1995,1995,7021,Annual value,LCU,1453.0,A,Official figure,NZL,False,False
PP,Producer Prices,554,New Zealand,5530,Producer Price (LCU/tonne),01343,Apricots,1996,1996,7021,Annual value,LCU,1529.0,A,Official figure,NZL,False,False
PP,Producer Prices,554,New Zealand,5530,Producer Price (LCU/tonne),01343,Apricots,1997,1997,7021,Annual value,LCU,1656.0,A,Official figure,NZL,False,False
PP,Producer Prices,554,New Zealand,5530,Producer Price (LCU/tonne),01343,Apricots,1998,1998,7021,Annual value,LCU,1570.0,A,Official figure,NZL,False,False
PP,Producer Prices,554,New Zealand,5530,Producer Price (LCU/tonne),01343,Apricots,1999,1999,7021,Annual value,LCU,2113.0,A,Official figure,NZL,False,False
PP,Producer Prices,554,New Zealand,5530,Producer Price (LCU/tonne),01343,Apricots,2000,2000,7021,Annual value,LCU,2055.0,A,Official figure,NZL,False,False
PP,Producer Prices,554,New Zealand,5530,Producer Price (LCU/tonne),01343,Apricots,2001,2001,7021,Annual value,LCU,2736.0,A,Official figure,NZL,False,False
PP,Producer Prices,554,New Zealand,5530,Producer Price (LCU/tonne),01343,Apricots,2002,2002,7021,Annual value,LCU,2309.0,A,Official figure,NZL,False,False
PP,Producer Prices,554,New Zealand,5530,Producer Price (LCU/tonne),01343,Apricots,2003,2003,7021,Annual value,LCU,3333.0,A,Official figure,NZL,False,False
PP,Producer Prices,554,New Zealand,5530,Producer Price (LCU/tonne),01343,Apricots,2004,2004,7021,Annual value,LCU,3100.0,A,Official figure,NZL,False,False
PP,Producer Prices,554,New Zealand,5530,Producer Price (LCU/tonne),01343,Apricots,2005,2005,7021,Annual value,LCU,2400.0,A,Official figure,NZL,False,False
PP,Producer Prices,554,New Zealand,5530,Producer Price (LCU/tonne),01343,Apricots,2006,2006,7021,Annual value,LCU,3580.0,A,Official figure,NZL,False,False
PP,Producer Prices,554,New Zealand,5530,Producer Price (LCU/tonne),01343,Apricots,2007,2007,7021,Annual value,LCU,2380.0,A,Official figure,NZL,False,False
PP,Producer Prices,554,New Zealand,5530,Producer Price (LCU/tonne),01343,Apricots,2008,2008,7021,Annual value,LCU,2670.0,A,Official figure,NZL,False,False
PP,Producer Prices,554,New Zealand,5530,Producer Price (LCU/tonne),01343,Apricots,2009,2009,7021,Annual value,LCU,3300.0,A,Official figure,NZL,False,False
PP,Producer Prices,554,New Zealand,5530,Producer Price (LCU/tonne),01211,Asparagus,1991,1991,7021,Annual value,LCU,3500.0,A,Official figure,NZL,False,True
PP,Producer Prices,554,New Zealand,5530,Producer Price (LCU/tonne),01211,Asparagus,1992,1992,7021,Annual value,LCU,2300.0,A,Official figure,NZL,False,False
PP,Producer Prices,554,New Zealand,5530,Producer Price (LCU/tonne),01211,Asparagus,1993,1993,7021,Annual value,LCU,2600.0,A,Official figure,NZL,False,False
PP,Producer Prices,554,New Zealand,5530,Producer Price (LCU/tonne),01211,Asparagus,1994,1994,7021,Annual value,LCU,2600.0,A,Official figure,NZL,False,False
PP,Producer Prices,554,New Zealand,5530,Producer Price (LCU/tonne),01211,Asparagus,1995,1995,7021,Annual value,LCU,2200.0,A,Official figure,NZL,False,False
PP,Producer Prices,554,New Zealand,5530,Producer Price (LCU/tonne),01211,Asparagus,1996,1996,7021,Annual value,LCU,1900.0,A,Official figure,NZL,False,False
PP,Producer Prices,554,New Zealand,5530,Producer Price (LCU/tonne),01211,Asparagus,1997,1997,7021,Annual value,LCU,1900.0,A,Official figure,NZL,False,False
PP,Producer Prices,554,New Zealand,5530,Producer Price (LCU/tonne),01211,Asparagus,1998,1998,7021,Annual value,LCU,1900.0,A,Official figure,NZL,False,False
PP,Producer Prices,554,New Zealand,5530,Producer Price (LCU/tonne),01211,Asparagus,1999,1999,7021,Annual value,LCU,2300.0,A,Official figure,NZL,False,False
PP,Producer Prices,554,New Zealand,5530,Producer Price (LCU/tonne),01211,Asparagus,2000,2000,7021,Annual value,LCU,2100.0,A,Official figure,NZL,False,False
PP,Producer Prices,554,New Zealand,5530,Producer Price (LCU/tonne),01211,Asparagus,2001,2001,7021,Annual value,LCU,2000.0,A,Official figure,NZL,False,False
PP,Producer Prices,554,New Zealand,5530,Producer Price (LCU/tonne),01211,Asparagus,2002,2002,7021,Annual value,LCU,1750.0,A,Official figure,NZL,False,False
PP,Producer Prices,554,New Zealand,5530,Producer Price (LCU/tonne),01211,Asparagus,2003,2003,7021,Annual value,LCU,1900.0,A,Official figure,NZL,False,False
PP,Producer Prices,554,New Zealand,5530,Producer Price (LCU/tonne),01211,Asparagus,2004,2004,7021,Annual value,LCU,2150.0,A,Official figure,NZL,False,False
PP,Producer Prices,554,New Zealand,5530,Producer Price (LCU/tonne),01211,Asparagus,2005,2005,7021,Annual value,LCU,2150.0,A,Official figure,NZL,False,False
PP,Producer Prices,554,New Zealand,5530,Producer Price (LCU/tonne),01211,Asparagus,2006,2006,7021,Annual value,LCU,2300.0,A,Official figure,NZL,False,False
PP,Producer Prices,554,New Zealand,5530,Producer Price (LCU/tonne),01211,Asparagus,2007,2007,7021,Annual value,LCU,2300.0,A,Official figure,NZL,False,False
PP,Producer Prices,554,New Zealand,5530,Producer Price (LCU/tonne),01211,Asparagus,2008,2008,7021,Annual value,LCU,2150.0,A,Official figure,NZL,False,False
PP,Producer Prices,554,New Zealand,5530,Producer Price (LCU/tonne),01211,Asparagus,2009,2009,7021,Annual value,LCU,2850.0,A,Official figure,NZL,False,False
PP,Producer Prices,554,New Zealand,5530,Producer Price (LCU/tonne),01311,Avocados,1991,1991,7021,Annual value,LCU,1800.0,A,Official figure,NZL,False,False
PP,Producer Prices,554,New Zealand,5530,Producer Price (LCU/tonne),01311,Avocados,1992,1992,7021,Annual value,LCU,1830.0,A,Official figure,NZL,False,False
PP,Producer Prices,554,New Zealand,5530,Producer Price (LCU/tonne),01311,Avocados,1993,1993,7021,Annual value,LCU,1973.0,A,Official figure,NZL,False,False
PP,Producer Prices,554,New Zealand,5530,Producer Price (LCU/tonne),01311,Avocados,1994,1994,7021,Annual value,LCU,2223.0,A,Official figure,NZL,False,False
PP,Producer Prices,554,New Zealand,5530,Producer Price (LCU/tonne),01311,Avocados,1995,1995,7021,Annual value,LCU,2298.0,A,Official figure,NZL,False,False
PP,Producer Prices,554,New Zealand,5530,Producer Price (LCU/tonne),01311,Avocados,1996,1996,7021,Annual value,LCU,2839.0,A,Official figure,NZL,False,False
PP,Producer Prices,554,New Zealand,5530,Producer Price (LCU/tonne),01311,Avocados,1997,1997,7021,Annual value,LCU,3389.0,A,Official figure,NZL,False,False
PP,Producer Prices,554,New Zealand,5530,Producer Price (LCU/tonne),01311,Avocados,1998,1998,7021,Annual value,LCU,3098.0,A,Official figure,NZL,False,False
PP,Producer Prices,554,New Zealand,5530,Producer Price (LCU/tonne),01311,Avocados,1999,1999,7021,Annual value,LCU,3557.0,A,Official figure,NZL,False,False
PP,Producer Prices,554,New Zealand,5530,Producer Price (LCU/tonne),01311,Avocados,2000,2000,7021,Annual value,LCU,3000.0,A,Official figure,NZL,False,False
PP,Producer Prices,554,New Zealand,5530,Producer Price (LCU/tonne),01311,Avocados,2001,2001,7021,Annual value,LCU,2500.0,A,Official figure,NZL,False,False
PP,Producer Prices,554,New Zealand,5530,Producer Price (LCU/tonne),01311,Avocados,2002,2002,7021,Annual value,LCU,2500.0,A,Official figure,NZL,False,False
PP,Producer Prices,554,New Zealand,5530,Producer Price (LCU/tonne),01311,Avocados,2003,2003,7021,Annual value,LCU,3000.0,A,Official figure,NZL,False,False
PP,Producer Prices,554,New Zealand,5530,Producer Price (LCU/tonne),01311,Avocados,2004,2004,7021,Annual value,LCU,2800.0,A,Official figure,NZL,False,False
PP,Producer Prices,554,New Zealand,5530,Producer Price (LCU/tonne),01311,Avocados,2005,2005,7021,Annual value,LCU,1900.0,A,Official figure,NZL,False,False
PP,Producer Prices,554,New Zealand,5530,Producer Price (LCU/tonne),01311,Avocados,2006,2006,7021,Annual value,LCU,2880.0,A,Official figure,NZL,False,False
PP,Producer Prices,554,New Zealand,5530,Producer Price (LCU/tonne),01311,Avocados,2007,2007,7021,Annual value,LCU,2880.0,A,Official figure,NZL,False,False
PP,Producer Prices,554,New Zealand,5530,Producer Price (LCU/tonne),01311,Avocados,2008,2008,7021,Annual value,LCU,1350.0,A,Official figure,NZL,False,False
PP,Producer Prices,554,New Zealand,5530,Producer Price (LCU/tonne),01311,Avocados,2009,2009,7021,Annual value,LCU,2480.0,A,Official figure,NZL,False,False
PP,Producer Prices,554,New Zealand,5530,Producer Price (LCU/tonne),0115,Barley,1991,1991,7021,Annual value,LCU,220.0,A,Official figure,NZL,False,False
PP,Producer Prices,554,New Zealand,5530,Producer Price (LCU/tonne),0115,Barley,1992,1992,7021,Annual value,LCU,207.0,A,Official figure,NZL,False,False
PP,Producer Prices,554,New Zealand,5530,Producer Price (LCU/tonne),0115,Barley,1993,1993,7021,Annual value,LCU,200.0,A,Official figure,NZL,False,False
PP,Producer Prices,554,New Zealand,5530,Producer Price (LCU/tonne),0115,Barley,1994,1994,7021,Annual value,LCU,207.0,A,Official figure,NZL,False,False
PP,Producer Prices,554,New Zealand,5530,Producer Price (LCU/tonne),0115,Barley,1995,1995,7021,Annual value,LCU,216.0,A,Official figure,NZL,False,False
PP,Producer Prices,554,New Zealand,5530,Producer Price (LCU/tonne),0115,Barley,1996,1996,7021,Annual value,LCU,225.0,A,Official figure,NZL,False,False
PP,Producer Prices,554,New Zealand,5530,Producer Price (LCU/tonne),0115,Barley,1997,1997,7021,Annual value,LCU,264.0,A,Official figure,NZL,False,False
PP,Producer Prices,554,New Zealand,5530,Producer Price (LCU/tonne),0115,Barley,1998,1998,7021,Annual value,LCU,204.0,A,Official figure,NZL,False,False
PP,Producer Prices,554,New Zealand,5530,Producer Price (LCU/tonne),0115,Barley,1999,1999,7021,Annual value,LCU,199.0,A,Official figure,NZL,False,False
PP,Producer Prices,554,New Zealand,5530,Producer Price (LCU/tonne),0115,Barley,2000,2000,7021,Annual value,LCU,210.0,A,Official figure,NZL,False,False
PP,Producer Prices,554,New Zealand,5530,Producer Price (LCU/tonne),0115,Barley,2001,2001,7021,Annual value,LCU,243.0,A,Official figure,NZL,False,False
PP,Producer Prices,554,New Zealand,5530,Producer Price (LCU/tonne),0115,Barley,2002,2002,7021,Annual value,LCU,276.0,A,Official figure,NZL,False,False
PP,Producer Prices,554,New Zealand,5530,Producer Price (LCU/tonne),0115,Barley,2003,2003,7021,Annual value,LCU,251.0,A,Official figure,NZL,False,False
PP,Producer Prices,554,New Zealand,5530,Producer Price (LCU/tonne),0115,Barley,2004,2004,7021,Annual value,LCU,249.0,A,Official figure,NZL,False,False
PP,Producer Prices,554,New Zealand,5530,Producer Price (LCU/tonne),0115,Barley,2005,2005,7021,Annual value,LCU,244.0,A,Official figure,NZL,False,False
PP,Producer Prices,554,New Zealand,5530,Producer Price (LCU/tonne),0115,Barley,2006,2006,7021,Annual value,LCU,244.0,A,Official figure,NZL,False,False
PP,Producer Prices,554,New Zealand,5530,Producer Price (LCU/tonne),0115,Barley,2007,2007,7021,Annual value,LCU,253.0,A,Official figure,NZL,False,False
PP,Producer Prices,554,New Zealand,5530,Producer Price (LCU/tonne),0115,Barley,2008,2008,7021,Annual value,LCU,330.0,A,Official figure,NZL,False,False
PP,Producer Prices,554,New Zealand,5530,Producer Price (LCU/tonne),0115,Barley,2009,2009,7021,Annual value,LCU,391.0,A,Official figure,NZL,False,False
PP,Producer Prices,554,New Zealand,5530,Producer Price (LCU/tonne),0115,Barley,2010,2010,7021,Annual value,LCU,356.0,A,Official figure,NZL,False,False
PP,Producer Prices,554,New Zealand,5530,Producer Price (LCU/tonne),0115,Barley,2011,2011,7021,Annual value,LCU,327.0,A,Official figure,NZL,False,False
PP,Producer Prices,554,New Zealand,5530,Producer Price (LCU/tonne),0115,Barley,2012,2012,7021,Annual value,LCU,382.0,A,Official figure,NZL,False,False
PP,Producer Prices,554,New Zealand,5530,Producer Price (LCU/tonne),0115,Barley,2013,2013,7021,Annual value,LCU,391.0,A,Official figure,NZL,False,False
PP,Producer Prices,554,New Zealand,5530,Producer Price (LCU/tonne),0115,Barley,2014,2014,7021,Annual value,LCU,435.0,A,Official figure,NZL,False,False
PP,Producer Prices,554,New Zealand,5530,Producer Price (LCU/tonne),0115,Barley,2015,2015,7021,Annual value,LCU,348.0,A,Official figure,NZL,False,False
PP,Producer Prices,554,New Zealand,5530,Producer Price (LCU/tonne),0115,Barley,2016,2016,7021,Annual value,LCU,283.0,A,Official figure,NZL,False,False
PP,Producer Prices,554,New Zealand,5530,Producer Price (LCU/tonne),0115,Barley,2017,2017,7021,Annual value,LCU,299.0,A,Official figure,NZL,False,False
PP,Producer Prices,554,New Zealand,5530,Producer Price (LCU/tonne),0115,Barley,2018,2018,7021,Annual value,LCU,388.0,A,Official figure,NZL,False,False
PP,Producer Prices,554,New Zealand,5530,Producer Price (LCU/tonne),0115,Barley,2019,2019,7021,Annual value,LCU,416.0,A,Official figure,NZL,False,False
PP,Producer Prices,554,New Zealand,5530,Producer Price (LCU/tonne),0115,Barley,2020,2020,7021,Annual value,LCU,395.0,A,Official figure,NZL,False,False
PP,Producer Prices,554,New Zealand,5530,Producer Price (LCU/tonne),0115,Barley,2021,2021,7021,Annual value,LCU,397.0,A,Official figure,NZL,False,False
PP,Producer Prices,554,New Zealand,5530,Producer Price (LCU/tonne),0115,Barley,2022,2022,7021,Annual value,LCU,469.0,A,Official figure,NZL,False,False
PP,Producer Prices,554,New Zealand,5530,Producer Price (LCU/tonne),0115,Barley,2023,2023,7021,Annual value,LCU,592.0,A,Official figure,NZL,False,False
PP,Producer Prices,554,New Zealand,5530,Producer Price (LCU/tonne),0115,Barley,2024,2024,7021,Annual value,LCU,445.0,A,Official figure,NZL,False,False
PP,Producer Prices,554,New Zealand,5530,Producer Price (LCU/tonne),01355.01,Blueberries,2008,2008,7021,Annual value,LCU,9300.0,A,Official figure,NZL,False,False
PP,Producer Prices,554,New Zealand,5530,Producer Price (LCU/tonne),01355.01,Blueberries,2009,2009,7021,Annual value,LCU,10200.0,A,Official figure,NZL,False,False
PP,Producer Prices,554,New Zealand,5530,Producer Price (LCU/tonne),01243,"Broad beans and horse beans, green",1997,1997,7021,Annual value,LCU,1100.0,A,Official figure,NZL,False,False
PP,Producer Prices,554,New Zealand,5530,Producer Price (LCU/tonne),01212,Cabbages,1991,1991,7021,Annual value,LCU,290.0,A,Official figure,NZL,False,False
PP,Producer Prices,554,New Zealand,5530,Producer Price (LCU/tonne),01212,Cabbages,1992,1992,7021,Annual value,LCU,300.0,A,Official figure,NZL,False,False
PP,Producer Prices,554,New Zealand,5530,Producer Price (LCU/tonne),01212,Cabbages,1993,1993,7021,Annual value,LCU,200.0,A,Official figure,NZL,False,False
PP,Producer Prices,554,New Zealand,5530,Producer Price (LCU/tonne),01212,Cabbages,1994,1994,7021,Annual value,LCU,700.0,A,Official figure,NZL,False,False
PP,Producer Prices,554,New Zealand,5530,Producer Price (LCU/tonne),01212,Cabbages,1995,1995,7021,Annual value,LCU,800.0,A,Official figure,NZL,False,False
PP,Producer Prices,554,New Zealand,5530,Producer Price (LCU/tonne),01212,Cabbages,1996,1996,7021,Annual value,LCU,500.0,A,Official figure,NZL,False,False
PP,Producer Prices,554,New Zealand,5530,Producer Price (LCU/tonne),01212,Cabbages,1997,1997,7021,Annual value,LCU,400.0,A,Official figure,NZL,False,False
PP,Producer Prices,554,New Zealand,5530,Producer Price (LCU/tonne),01212,Cabbages,1998,1998,7021,Annual value,LCU,700.0,A,Official figure,NZL,False,False
PP,Producer Prices,554,New Zealand,5530,Producer Price (LCU/tonne),01212,Cabbages,1999,1999,7021,Annual value,LCU,780.0,A,Official figure,NZL,False,False
PP,Producer Prices,554,New Zealand,5530,Producer Price (LCU/tonne),01212,Cabbages,2000,2000,7021,Annual value,LCU,840.0,A,Official figure,NZL,False,False
PP,Producer Prices,554,New Zealand,5530,Producer Price (LCU/tonne),01212,Cabbages,2001,2001,7021,Annual value,LCU,640.0,A,Official figure,NZL,False,False
PP,Producer Prices,554,New Zealand,5530,Producer Price (LCU/tonne),01212,Cabbages,2002,2002,7021,Annual value,LCU,600.0,A,Official figure,NZL,False,False
PP,Producer Prices,554,New Zealand,5530,Producer Price (LCU/tonne),01212,Cabbages,2003,2003,7021,Annual value,LCU,640.0,A,Official figure,NZL,False,False
PP,Producer Prices,554,New Zealand,5530,Producer Price (LCU/tonne),01251,Carrots and turnips,1997,1997,7021,Annual value,LCU,400.0,A,Official figure,NZL,False,False
PP,Producer Prices,554,New Zealand,5530,Producer Price (LCU/tonne),01213,Cauliflowers and broccoli,1991,1991,7021,Annual value,LCU,560.0,A,Official figure,NZL,False,False
PP,Producer Prices,554,New Zealand,5530,Producer Price (LCU/tonne),01213,Cauliflowers and broccoli,1992,1992,7021,Annual value,LCU,700.0,A,Official figure,NZL,False,False
PP,Producer Prices,554,New Zealand,5530,Producer Price (LCU/tonne),01213,Cauliflowers and broccoli,1993,1993,7021,Annual value,LCU,300.0,A,Official figure,NZL,False,False
PP,Producer Prices,554,New Zealand,5530,Producer Price (LCU/tonne),01213,Cauliflowers and broccoli,1994,1994,7021,Annual value,LCU,900.0,A,Official figure,NZL,False,False
PP,Producer Prices,554,New Zealand,5530,Producer Price (LCU/tonne),01213,Cauliflowers and broccoli,1995,1995,7021,Annual value,LCU,1000.0,A,Official figure,NZL,False,False
PP,Producer Prices,554,New Zealand,5530,Producer Price (LCU/tonne),01213,Cauliflowers and broccoli,1996,1996,7021,Annual value,LCU,700.0,A,Official figure,NZL,False,False
PP,Producer Prices,554,New Zealand,5530,Producer Price (LCU/tonne),01213,Cauliflowers and broccoli,1997,1997,7021,Annual value,LCU,700.0,A,Official figure,NZL,False,False
PP,Producer Prices,554,New Zealand,5530,Producer Price (LCU/tonne),01213,Cauliflowers and broccoli,1998,1998,7021,Annual value,LCU,800.0,A,Official figure,NZL,False,False
PP,Producer Prices,554,New Zealand,5530,Producer Price (LCU/tonne),01213,Cauliflowers and broccoli,1999,1999,7021,Annual value,LCU,800.0,A,Official figure,NZL,False,False
PP,Producer Prices,554,New Zealand,5530,Producer Price (LCU/tonne),01213,Cauliflowers and broccoli,2000,2000,7021,Annual value,LCU,850.0,A,Official figure,NZL,False,False
PP,Producer Prices,554,New Zealand,5530,Producer Price (LCU/tonne),01213,Cauliflowers and broccoli,2001,2001,7021,Annual value,LCU,900.0,A,Official figure,NZL,False,False
PP,Producer Prices,554,New Zealand,5530,Producer Price (LCU/tonne),01213,Cauliflowers and broccoli,2002,2002,7021,Annual value,LCU,650.0,A,Official figure,NZL,False,False
PP,Producer Prices,554,New Zealand,5530,Producer Price (LCU/tonne),01213,Cauliflowers and broccoli,2003,2003,7021,Annual value,LCU,625.0,A,Official figure,NZL,False,False
PP,Producer Prices,554,New Zealand,5530,Producer Price (LCU/tonne),01344.02,Cherries,1991,1991,7021,Annual value,LCU,3700.0,A,Official figure,NZL,False,False
PP,Producer Prices,554,New Zealand,5530,Producer Price (LCU/tonne),01344.02,Cherries,1992,1992,7021,Annual value,LCU,3718.0,A,Official figure,NZL,False,False
PP,Producer Prices,554,New Zealand,5530,Producer Price (LCU/tonne),01344.02,Cherries,1993,1993,7021,Annual value,LCU,4169.0,A,Official figure,NZL,False,False
PP,Producer Prices,554,New Zealand,5530,Producer Price (LCU/tonne),01344.02,Cherries,1994,1994,7021,Annual value,LCU,3796.0,A,Official figure,NZL,False,False
PP,Producer Prices,554,New Zealand,5530,Producer Price (LCU/tonne),01344.02,Cherries,1995,1995,7021,Annual value,LCU,7121.0,A,Official figure,NZL,False,False
PP,Producer Prices,554,New Zealand,5530,Producer Price (LCU/tonne),01344.02,Cherries,1996,1996,7021,Annual value,LCU,4273.0,A,Official figure,NZL,False,False
PP,Producer Prices,554,New Zealand,5530,Producer Price (LCU/tonne),01344.02,Cherries,1997,1997,7021,Annual value,LCU,5650.0,A,Official figure,NZL,False,False
PP,Producer Prices,554,New Zealand,5530,Producer Price (LCU/tonne),01344.02,Cherries,1998,1998,7021,Annual value,LCU,6852.0,A,Official figure,NZL,False,False
PP,Producer Prices,554,New Zealand,5530,Producer Price (LCU/tonne),01344.02,Cherries,1999,1999,7021,Annual value,LCU,9127.0,A,Official figure,NZL,False,False
PP,Producer Prices,554,New Zealand,5530,Producer Price (LCU/tonne),01344.02,Cherries,2000,2000,7021,Annual value,LCU,8723.0,A,Official figure,NZL,False,False
PP,Producer Prices,554,New Zealand,5530,Producer Price (LCU/tonne),01344.02,Cherries,2001,2001,7021,Annual value,LCU,11830.0,A,Official figure,NZL,False,False
PP,Producer Prices,554,New Zealand,5530,Producer Price (LCU/tonne),01344.02,Cherries,2002,2002,7021,Annual value,LCU,9896.0,A,Official figure,NZL,False,False
PP,Producer Prices,554,New Zealand,5530,Producer Price (LCU/tonne),01344.02,Cherries,2003,2003,7021,Annual value,LCU,11108.0,A,Official figure,NZL,False,False
PP,Producer Prices,554,New Zealand,5530,Producer Price (LCU/tonne),01344.02,Cherries,2004,2004,7021,Annual value,LCU,9800.0,A,Official figure,NZL,False,False
PP,Producer Prices,554,New Zealand,5530,Producer Price (LCU/tonne),01344.02,Cherries,2005,2005,7021,Annual value,LCU,9100.0,A,Official figure,NZL,False,False
PP,Producer Prices,554,New Zealand,5530,Producer Price (LCU/tonne),01344.02,Cherries,2006,2006,7021,Annual value,LCU,12340.0,A,Official figure,NZL,False,False
PP,Producer Prices,554,New Zealand,5530,Producer Price (LCU/tonne),01344.02,Cherries,2007,2007,7021,Annual value,LCU,7180.0,A,Official figure,NZL,False,False
PP,Producer Prices,554,New Zealand,5530,Producer Price (LCU/tonne),01344.02,Cherries,2008,2008,7021,Annual value,LCU,7520.0,A,Official figure,NZL,False,False
PP,Producer Prices,554,New Zealand,5530,Producer Price (LCU/tonne),01344.02,Cherries,2009,2009,7021,Annual value,LCU,9300.0,A,Official figure,NZL,False,False
PP,Producer Prices,554,New Zealand,5530,Producer Price (LCU/tonne),01351.01,Currants,1991,1991,7021,Annual value,LCU,1600.0,A,Official figure,NZL,False,False
PP,Producer Prices,554,New Zealand,5530,Producer Price (LCU/tonne),01351.01,Currants,1992,1992,7021,Annual value,LCU,1615.0,A,Official figure,NZL,False,False
PP,Producer Prices,554,New Zealand,5530,Producer Price (LCU/tonne),01351.01,Currants,1993,1993,7021,Annual value,LCU,1595.0,A,Official figure,NZL,False,False
PP,Producer Prices,554,New Zealand,5530,Producer Price (LCU/tonne),01351.01,Currants,1994,1994,7021,Annual value,LCU,1674.0,A,Official figure,NZL,False,False
PP,Producer Prices,554,New Zealand,5530,Producer Price (LCU/tonne),01351.01,Currants,1995,1995,7021,Annual value,LCU,918.0,A,Official figure,NZL,False,False
PP,Producer Prices,554,New Zealand,5530,Producer Price (LCU/tonne),01351.01,Currants,1996,1996,7021,Annual value,LCU,1762.0,A,Official figure,NZL,False,False
PP,Producer Prices,554,New Zealand,5530,Producer Price (LCU/tonne),01351.01,Currants,1997,1997,7021,Annual value,LCU,1041.0,A,Official figure,NZL,False,False
PP,Producer Prices,554,New Zealand,5530,Producer Price (LCU/tonne),01351.01,Currants,1998,1998,7021,Annual value,LCU,1149.0,A,Official figure,NZL,False,False
PP,Producer Prices,554,New Zealand,5530,Producer Price (LCU/tonne),01351.01,Currants,1999,1999,7021,Annual value,LCU,1500.0,A,Official figure,NZL,False,False
PP,Producer Prices,554,New Zealand,5530,Producer Price (LCU/tonne),01351.01,Currants,2000,2000,7021,Annual value,LCU,1750.0,A,Official figure,NZL,False,False
PP,Producer Prices,554,New Zealand,5530,Producer Price (LCU/tonne),01351.01,Currants,2001,2001,7021,Annual value,LCU,1600.0,A,Official figure,NZL,False,False
PP,Producer Prices,554,New Zealand,5530,Producer Price (LCU/tonne),01351.01,Currants,2002,2002,7021,Annual value,LCU,1500.0,A,Official figure,NZL,False,False
PP,Producer Prices,554,New Zealand,5530,Producer Price (LCU/tonne),01351.01,Currants,2003,2003,7021,Annual value,LCU,1400.0,A,Official figure,NZL,False,False
PP,Producer Prices,554,New Zealand,5530,Producer Price (LCU/tonne),01351.01,Currants,2004,2004,7021,Annual value,LCU,1240.0,A,Official figure,NZL,False,False
PP,Producer Prices,554,New Zealand,5530,Producer Price (LCU/tonne),01351.01,Currants,2005,2005,7021,Annual value,LCU,1000.0,A,Official figure,NZL,False,False
PP,Producer Prices,554,New Zealand,5530,Producer Price (LCU/tonne),01351.01,Currants,2006,2006,7021,Annual value,LCU,1240.0,A,Official figure,NZL,False,False
PP,Producer Prices,554,New Zealand,5530,Producer Price (LCU/tonne),01351.01,Currants,2007,2007,7021,Annual value,LCU,1240.0,A,Official figure,NZL,False,False
PP,Producer Prices,554,New Zealand,5530,Producer Price (LCU/tonne),01351.01,Currants,2008,2008,7021,Annual value,LCU,1240.0,A,Official figure,NZL,False,False
PP,Producer Prices,554,New Zealand,5530,Producer Price (LCU/tonne),01351.01,Currants,2009,2009,7021,Annual value,LCU,1240.0,A,Official figure,NZL,False,False
PP,Producer Prices,554,New Zealand,5530,Producer Price (LCU/tonne),21170.02,"Game meat, fresh, chilled or frozen",1991,1991,7021,Annual value,LCU,4190.0,A,Official figure,NZL,False,False
PP,Producer Prices,554,New Zealand,5530,Producer Price (LCU/tonne),21170.02,"Game meat, fresh, chilled or frozen",1992,1992,7021,Annual value,LCU,1724.0,A,Official figure,NZL,False,False
PP,Producer Prices,554,New Zealand,5530,Producer Price (LCU/tonne),21170.02,"Game meat, fresh, chilled or frozen",1993,1993,7021,Annual value,LCU,2565.0,A,Official figure,NZL,False,False
PP,Producer Prices,554,New Zealand,5530,Producer Price (LCU/tonne),21170.02,"Game meat, fresh, chilled or frozen",1994,1994,7021,Annual value,LCU,2385.0,A,Official figure,NZL,False,False
PP,Producer Prices,554,New Zealand,5530,Producer Price (LCU/tonne),21170.02,"Game meat, fresh, chilled or frozen",1995,1995,7021,Annual value,LCU,2557.0,A,Official figure,NZL,False,False
PP,Producer Prices,554,New Zealand,5530,Producer Price (LCU/tonne),21170.02,"Game meat, fresh, chilled or frozen",1996,1996,7021,Annual value,LCU,3536.0,A,Official figure,NZL,False,False
PP,Producer Prices,554,New Zealand,5530,Producer Price (LCU/tonne),21170.02,"Game meat, fresh, chilled or frozen",1997,1997,7021,Annual value,LCU,3487.0,A,Official figure,NZL,False,False
PP,Producer Prices,554,New Zealand,5530,Producer Price (LCU/tonne),21170.02,"Game meat, fresh, chilled or frozen",1998,1998,7021,Annual value,LCU,2647.0,A,Official figure,NZL,False,False
PP,Producer Prices,554,New Zealand,5530,Producer Price (LCU/tonne),21170.02,"Game meat, fresh, chilled or frozen",1999,1999,7021,Annual value,LCU,2400.0,A,Official figure,NZL,False,False
PP,Producer Prices,554,New Zealand,5530,Producer Price (LCU/tonne),21170.02,"Game meat, fresh, chilled or frozen",2000,2000,7021,Annual value,LCU,3080.0,A,Official figure,NZL,False,False
PP,Producer Prices,554,New Zealand,5530,Producer Price (LCU/tonne),21170.02,"Game meat, fresh, chilled or frozen",2001,2001,7021,Annual value,LCU,3778.0,A,Official figure,NZL,False,False
PP,Producer Prices,554,New Zealand,5530,Producer Price (LCU/tonne),21170.02,"Game meat, fresh, chilled or frozen",2002,2002,7021,Annual value,LCU,4085.0,A,Official figure,NZL,False,False
PP,Producer Prices,554,New Zealand,5530,Producer Price (LCU/tonne),21170.02,"Game meat, fresh, chilled or frozen",2003,2003,7021,Annual value,LCU,2425.0,A,Official figure,NZL,False,False
PP,Producer Prices,554,New Zealand,5530,Producer Price (LCU/tonne),21170.02,"Game meat, fresh, chilled or frozen",2004,2004,7021,Annual value,LCU,2188.0,A,Official figure,NZL,False,False
PP,Producer Prices,554,New Zealand,5530,Producer Price (LCU/tonne),21170.02,"Game meat, fresh, chilled or frozen",2005,2005,7021,Annual value,LCU,2136.0,A,Official figure,NZL,False,False
PP,Producer Prices,554,New Zealand,5530,Producer Price (LCU/tonne),21170.02,"Game meat, fresh, chilled or frozen",2006,2006,7021,Annual value,LCU,2051.0,A,Official figure,NZL,False,False
PP,Producer Prices,554,New Zealand,5530,Producer Price (LCU/tonne),21170.02,"Game meat, fresh, chilled or frozen",2007,2007,7021,Annual value,LCU,2586.0,A,Official figure,NZL,False,False
PP,Producer Prices,554,New Zealand,5530,Producer Price (LCU/tonne),21170.02,"Game meat, fresh, chilled or frozen",2008,2008,7021,Annual value,LCU,3355.0,A,Official figure,NZL,False,False
PP,Producer Prices,554,New Zealand,5530,Producer Price (LCU/tonne),21170.02,"Game meat, fresh, chilled or frozen",2009,2009,7021,Annual value,LCU,4499.0,A,Official figure,NZL,False,False
PP,Producer Prices,554,New Zealand,5530,Producer Price (LCU/tonne),21170.02,"Game meat, fresh, chilled or frozen",2010,2010,7021,Annual value,LCU,3857.0,A,Official figure,NZL,False,False
PP,Producer Prices,554,New Zealand,5530,Producer Price (LCU/tonne),21170.02,"Game meat, fresh, chilled or frozen",2011,2011,7021,Annual value,LCU,3908.0,A,Official figure,NZL,False,False
PP,Producer Prices,554,New Zealand,5530,Producer Price (LCU/tonne),21170.02,"Game meat, fresh, chilled or frozen",2012,2012,7021,Annual value,LCU,4129.0,A,Official figure,NZL,False,False
PP,Producer Prices,554,New Zealand,5530,Producer Price (LCU/tonne),21170.02,"Game meat, fresh, chilled or frozen",2013,2013,7021,Annual value,LCU,3584.0,A,Official figure,NZL,False,False
PP,Producer Prices,554,New Zealand,5530,Producer Price (LCU/tonne),21170.02,"Game meat, fresh, chilled or frozen",2014,2014,7021,Annual value,LCU,3247.0,A,Official figure,NZL,False,False
PP,Producer Prices,554,New Zealand,5530,Producer Price (LCU/tonne),21170.02,"Game meat, fresh, chilled or frozen",2015,2015,7021,Annual value,LCU,3241.0,A,Official figure,NZL,False,False
PP,Producer Prices,554,New Zealand,5530,Producer Price (LCU/tonne),21170.02,"Game meat, fresh, chilled or frozen",2016,2016,7021,Annual value,LCU,3704.0,A,Official figure,NZL,False,False
PP,Producer Prices,554,New Zealand,5530,Producer Price (LCU/tonne),21170.02,"Game meat, fresh, chilled or frozen",2017,2017,7021,Annual value,LCU,4031.0,A,Official figure,NZL,False,False
PP,Producer Prices,554,New Zealand,5530,Producer Price (LCU/tonne),21170.02,"Game meat, fresh, chilled or frozen",2018,2018,7021,Annual value,LCU,5041.0,A,Official figure,NZL,False,False
PP,Producer Prices,554,New Zealand,5530,Producer Price (LCU/tonne),21170.02,"Game meat, fresh, chilled or frozen",2019,2019,7021,Annual value,LCU,5274.0,A,Official figure,NZL,False,False
PP,Producer Prices,554,New Zealand,5530,Producer Price (LCU/tonne),21170.02,"Game meat, fresh, chilled or frozen",2020,2020,7021,Annual value,LCU,4200.0,A,Official figure,NZL,False,False
PP,Producer Prices,554,New Zealand,5530,Producer Price (LCU/tonne),21170.02,"Game meat, fresh, chilled or frozen",2021,2021,7021,Annual value,LCU,2938.0,A,Official figure,NZL,False,False
PP,Producer Prices,554,New Zealand,5530,Producer Price (LCU/tonne),21170.02,"Game meat, fresh, chilled or frozen",2022,2022,7021,Annual value,LCU,3722.0,A,Official figure,NZL,False,False
PP,Producer Prices,554,New Zealand,5530,Producer Price (LCU/tonne),21170.02,"Game meat, fresh, chilled or frozen",2023,2023,7021,Annual value,LCU,4516.0,A,Official figure,NZL,False,False
PP,Producer Prices,554,New Zealand,5530,Producer Price (LCU/tonne),21170.02,"Game meat, fresh, chilled or frozen",2024,2024,7021,Annual value,LCU,4452.0,A,Official figure,NZL,False,False
PP,Producer Prices,554,New Zealand,5530,Producer Price (LCU/tonne),01330,Grapes,1997,1997,7021,Annual value,LCU,842.0,A,Official figure,NZL,False,False
PP,Producer Prices,554,New Zealand,5530,Producer Price (LCU/tonne),01330,Grapes,1998,1998,7021,Annual value,LCU,1005.0,A,Official figure,NZL,False,False
PP,Producer Prices,554,New Zealand,5530,Producer Price (LCU/tonne),01330,Grapes,1999,1999,7021,Annual value,LCU,1054.0,A,Official figure,NZL,False,False
PP,Producer Prices,554,New Zealand,5530,Producer Price (LCU/tonne),01330,Grapes,2000,2000,7021,Annual value,LCU,1153.0,A,Official figure,NZL,False,False
PP,Producer Prices,554,New Zealand,5530,Producer Price (LCU/tonne),01330,Grapes,2001,2001,7021,Annual value,LCU,1441.0,A,Official figure,NZL,False,False
PP,Producer Prices,554,New Zealand,5530,Producer Price (LCU/tonne),01330,Grapes,2002,2002,7021,Annual value,LCU,1634.0,A,Official figure,NZL,False,False
PP,Producer Prices,554,New Zealand,5530,Producer Price (LCU/tonne),01330,Grapes,2003,2003,7021,Annual value,LCU,1929.0,A,Official figure,NZL,False,False
PP,Producer Prices,554,New Zealand,5530,Producer Price (LCU/tonne),01330,Grapes,2004,2004,7021,Annual value,LCU,1811.0,A,Official figure,NZL,False,False
PP,Producer Prices,554,New Zealand,5530,Producer Price (LCU/tonne),01330,Grapes,2005,2005,7021,Annual value,LCU,1792.0,A,Official figure,NZL,False,False
PP,Producer Prices,554,New Zealand,5530,Producer Price (LCU/tonne),01330,Grapes,2006,2006,7021,Annual value,LCU,2022.0,A,Official figure,NZL,False,False
PP,Producer Prices,554,New Zealand,5530,Producer Price (LCU/tonne),01330,Grapes,2007,2007,7021,Annual value,LCU,1981.0,A,Official figure,NZL,False,False
PP,Producer Prices,554,New Zealand,5530,Producer Price (LCU/tonne),01330,Grapes,2008,2008,7021,Annual value,LCU,2160.0,A,Official figure,NZL,False,False
PP,Producer Prices,554,New Zealand,5530,Producer Price (LCU/tonne),01330,Grapes,2009,2009,7021,Annual value,LCU,1630.0,A,Official figure,NZL,False,False
PP,Producer Prices,554,New Zealand,5530,Producer Price (LCU/tonne),01290.01,Green corn (maize),2000,2000,7021,Annual value,LCU,150.0,A,Official figure,NZL,False,False
PP,Producer Prices,554,New Zealand,5530,Producer Price (LCU/tonne),01290.01,Green corn (maize),2001,2001,7021,Annual value,LCU,135.0,A,Official figure,NZL,False,False
PP,Producer Prices,554,New Zealand,5530,Producer Price (LCU/tonne),01252,Green garlic,1997,1997,7021,Annual value,LCU,6300.0,X,Figure from external organization,NZL,True,False
PP,Producer Prices,554,New Zealand,5530,Producer Price (LCU/tonne),0231,"Hen eggs in shell, fresh",1991,1991,7021,Annual value,LCU,2385.0,A,Official figure,NZL,False,False
PP,Producer Prices,554,New Zealand,5530,Producer Price (LCU/tonne),0231,"Hen eggs in shell, fresh",1992,1992,7021,Annual value,LCU,2364.0,A,Official figure,NZL,False,False
PP,Producer Prices,554,New Zealand,5530,Producer Price (LCU/tonne),0231,"Hen eggs in shell, fresh",1993,1993,7021,Annual value,LCU,2242.0,A,Official figure,NZL,False,False
PP,Producer Prices,554,New Zealand,5530,Producer Price (LCU/tonne),0231,"Hen eggs in shell, fresh",1994,1994,7021,Annual value,LCU,2238.0,A,Official figure,NZL,False,False
PP,Producer Prices,554,New Zealand,5530,Producer Price (LCU/tonne),0231,"Hen eggs in shell, fresh",1995,1995,7021,Annual value,LCU,2175.0,A,Official figure,NZL,False,False
PP,Producer Prices,554,New Zealand,5530,Producer Price (LCU/tonne),0231,"Hen eggs in shell, fresh",1996,1996,7021,Annual value,LCU,2128.0,A,Official figure,NZL,False,False
PP,Producer Prices,554,New Zealand,5530,Producer Price (LCU/tonne),0231,"Hen eggs in shell, fresh",1997,1997,7021,Annual value,LCU,2158.0,A,Official figure,NZL,False,False
PP,Producer Prices,554,New Zealand,5530,Producer Price (LCU/tonne),0231,"Hen eggs in shell, fresh",1998,1998,7021,Annual value,LCU,2188.0,A,Official figure,NZL,False,False
PP,Producer Prices,554,New Zealand,5530,Producer Price (LCU/tonne),0231,"Hen eggs in shell, fresh",1999,1999,7021,Annual value,LCU,2150.0,A,Official figure,NZL,False,False
PP,Producer Prices,554,New Zealand,5530,Producer Price (LCU/tonne),0231,"Hen eggs in shell, fresh",2000,2000,7021,Annual value,LCU,1964.0,A,Official figure,NZL,False,False
PP,Producer Prices,554,New Zealand,5530,Producer Price (LCU/tonne),0231,"Hen eggs in shell, fresh",2001,2001,7021,Annual value,LCU,2679.0,A,Official figure,NZL,False,False
PP,Producer Prices,554,New Zealand,5530,Producer Price (LCU/tonne),0231,"Hen eggs in shell, fresh",2002,2002,7021,Annual value,LCU,2705.0,A,Official figure,NZL,False,False
PP,Producer Prices,554,New Zealand,5530,Producer Price (LCU/tonne),0231,"Hen eggs in shell, fresh",2003,2003,7021,Annual value,LCU,2732.0,A,Official figure,NZL,False,False
PP,Producer Prices,554,New Zealand,5530,Producer Price (LCU/tonne),01659,Hop cones,1991,1991,7021,Annual value,LCU,9000.0,A,Official figure,NZL,False,False
PP,Producer Prices,554,New Zealand,5530,Producer Price (LCU/tonne),01659,Hop cones,1992,1992,7021,Annual value,LCU,9000.0,A,Official figure,NZL,False,False
PP,Producer Prices,554,New Zealand,5530,Producer Price (LCU/tonne),01659,Hop cones,1993,1993,7021,Annual value,LCU,10000.0,A,Official figure,NZL,False,False
PP,Producer Prices,554,New Zealand,5530,Producer Price (LCU/tonne),01659,Hop cones,1994,1994,7021,Annual value,LCU,10000.0,A,Official figure,NZL,False,False
PP,Producer Prices,554,New Zealand,5530,Producer Price (LCU/tonne),01659,Hop cones,1995,1995,7021,Annual value,LCU,10000.0,A,Official figure,NZL,False,False
PP,Producer Prices,554,New Zealand,5530,Producer Price (LCU/tonne),01659,Hop cones,1996,1996,7021,Annual value,LCU,8500.0,A,Official figure,NZL,False,False
PP,Producer Prices,554,New Zealand,5530,Producer Price (LCU/tonne),01659,Hop cones,1997,1997,7021,Annual value,LCU,7700.0,A,Official figure,NZL,False,False
PP,Producer Prices,554,New Zealand,5530,Producer Price (LCU/tonne),01659,Hop cones,1998,1998,7021,Annual value,LCU,7700.0,A,Official figure,NZL,False,False
PP,Producer Prices,554,New Zealand,5530,Producer Price (LCU/tonne),01659,Hop cones,1999,1999,7021,Annual value,LCU,8300.0,A,Official figure,NZL,False,False
PP,Producer Prices,554,New Zealand,5530,Producer Price (LCU/tonne),01659,Hop cones,2000,2000,7021,Annual value,LCU,8100.0,A,Official figure,NZL,False,False
PP,Producer Prices,554,New Zealand,5530,Producer Price (LCU/tonne),01659,Hop cones,2001,2001,7021,Annual value,LCU,9000.0,A,Official figure,NZL,False,False
PP,Producer Prices,554,New Zealand,5530,Producer Price (LCU/tonne),01659,Hop cones,2002,2002,7021,Annual value,LCU,9600.0,A,Official figure,NZL,False,False
PP,Producer Prices,554,New Zealand,5530,Producer Price (LCU/tonne),01659,Hop cones,2003,2003,7021,Annual value,LCU,9600.0,A,Official figure,NZL,False,False
PP,Producer Prices,554,New Zealand,5530,Producer Price (LCU/tonne),01352,Kiwi fruit,1991,1991,7021,Annual value,LCU,1600.0,A,Official figure,NZL,False,False
PP,Producer Prices,554,New Zealand,5530,Producer Price (LCU/tonne),01352,Kiwi fruit,1992,1992,7021,Annual value,LCU,1069.0,A,Official figure,NZL,False,False
PP,Producer Prices,554,New Zealand,5530,Producer Price (LCU/tonne),01352,Kiwi fruit,1993,1993,7021,Annual value,LCU,1194.0,A,Official figure,NZL,False,False
PP,Producer Prices,554,New Zealand,5530,Producer Price (LCU/tonne),01352,Kiwi fruit,1994,1994,7021,Annual value,LCU,1361.0,A,Official figure,NZL,False,False
PP,Producer Prices,554,New Zealand,5530,Producer Price (LCU/tonne),01352,Kiwi fruit,1995,1995,7021,Annual value,LCU,1171.0,A,Official figure,NZL,False,False
PP,Producer Prices,554,New Zealand,5530,Producer Price (LCU/tonne),01352,Kiwi fruit,1996,1996,7021,Annual value,LCU,1209.0,A,Official figure,NZL,False,False
PP,Producer Prices,554,New Zealand,5530,Producer Price (LCU/tonne),01352,Kiwi fruit,1997,1997,7021,Annual value,LCU,1197.0,A,Official figure,NZL,False,False
PP,Producer Prices,554,New Zealand,5530,Producer Price (LCU/tonne),01352,Kiwi fruit,1998,1998,7021,Annual value,LCU,1540.0,A,Official figure,NZL,False,False
PP,Producer Prices,554,New Zealand,5530,Producer Price (LCU/tonne),01352,Kiwi fruit,1999,1999,7021,Annual value,LCU,1850.0,A,Official figure,NZL,False,False
PP,Producer Prices,554,New Zealand,5530,Producer Price (LCU/tonne),01352,Kiwi fruit,2000,2000,7021,Annual value,LCU,1550.0,A,Official figure,NZL,False,False
PP,Producer Prices,554,New Zealand,5530,Producer Price (LCU/tonne),01352,Kiwi fruit,2001,2001,7021,Annual value,LCU,1650.0,A,Official figure,NZL,False,False
PP,Producer Prices,554,New Zealand,5530,Producer Price (LCU/tonne),01352,Kiwi fruit,2002,2002,7021,Annual value,LCU,1265.0,A,Official figure,NZL,False,False
PP,Producer Prices,554,New Zealand,5530,Producer Price (LCU/tonne),01352,Kiwi fruit,2003,2003,7021,Annual value,LCU,1610.0,A,Official figure,NZL,False,False
PP,Producer Prices,554,New Zealand,5530,Producer Price (LCU/tonne),01352,Kiwi fruit,2004,2004,7021,Annual value,LCU,1800.0,A,Official figure,NZL,False,False
PP,Producer Prices,554,New Zealand,5530,Producer Price (LCU/tonne),01352,Kiwi fruit,2005,2005,7021,Annual value,LCU,1265.0,A,Official figure,NZL,False,False
PP,Producer Prices,554,New Zealand,5530,Producer Price (LCU/tonne),01352,Kiwi fruit,2006,2006,7021,Annual value,LCU,1070.0,A,Official figure,NZL,False,False
PP,Producer Prices,554,New Zealand,5530,Producer Price (LCU/tonne),01352,Kiwi fruit,2007,2007,7021,Annual value,LCU,1205.0,A,Official figure,NZL,False,False
PP,Producer Prices,554,New Zealand,5530,Producer Price (LCU/tonne),01352,Kiwi fruit,2008,2008,7021,Annual value,LCU,945.0,A,Official figure,NZL,False,False
PP,Producer Prices,554,New Zealand,5530,Producer Price (LCU/tonne),01352,Kiwi fruit,2009,2009,7021,Annual value,LCU,1135.0,A,Official figure,NZL,False,False
PP,Producer Prices,554,New Zealand,5530,Producer Price (LCU/tonne),01352,Kiwi fruit,2010,2010,7021,Annual value,LCU,1285.0,A,Official figure,NZL,False,False
PP,Producer Prices,554,New Zealand,5530,Producer Price (LCU/tonne),01352,Kiwi fruit,2011,2011,7021,Annual value,LCU,1465.0,A,Official figure,NZL,False,False
PP,Producer Prices,554,New Zealand,5530,Producer Price (LCU/tonne),01352,Kiwi fruit,2012,2012,7021,Annual value,LCU,1155.0,A,Official figure,NZL,False,False
PP,Producer Prices,554,New Zealand,5530,Producer Price (LCU/tonne),01352,Kiwi fruit,2013,2013,7021,Annual value,LCU,1690.0,A,Official figure,NZL,False,False
PP,Producer Prices,554,New Zealand,5530,Producer Price (LCU/tonne),01352,Kiwi fruit,2014,2014,7021,Annual value,LCU,1725.0,A,Official figure,NZL,False,False
PP,Producer Prices,554,New Zealand,5530,Producer Price (LCU/tonne),01352,Kiwi fruit,2015,2015,7021,Annual value,LCU,1875.0,A,Official figure,NZL,False,False
PP,Producer Prices,554,New Zealand,5530,Producer Price (LCU/tonne),01352,Kiwi fruit,2016,2016,7021,Annual value,LCU,1665.0,A,Official figure,NZL,False,False
PP,Producer Prices,554,New Zealand,5530,Producer Price (LCU/tonne),01352,Kiwi fruit,2017,2017,7021,Annual value,LCU,1625.0,A,Official figure,NZL,False,False
PP,Producer Prices,554,New Zealand,5530,Producer Price (LCU/tonne),01352,Kiwi fruit,2018,2018,7021,Annual value,LCU,2280.0,A,Official figure,NZL,False,False
PP,Producer Prices,554,New Zealand,5530,Producer Price (LCU/tonne),01352,Kiwi fruit,2019,2019,7021,Annual value,LCU,2302.2,A,Official figure,NZL,False,False
PP,Producer Prices,554,New Zealand,5530,Producer Price (LCU/tonne),01352,Kiwi fruit,2020,2020,7021,Annual value,LCU,2533.6,A,Official figure,NZL,False,False
PP,Producer Prices,554,New Zealand,5530,Producer Price (LCU/tonne),01352,Kiwi fruit,2021,2021,7021,Annual value,LCU,2860.0,A,Official figure,NZL,False,False
PP,Producer Prices,554,New Zealand,5530,Producer Price (LCU/tonne),01352,Kiwi fruit,2022,2022,7021,Annual value,LCU,2590.0,A,Official figure,NZL,False,False
PP,Producer Prices,554,New Zealand,5530,Producer Price (LCU/tonne),01352,Kiwi fruit,2023,2023,7021,Annual value,LCU,2340.0,A,Official figure,NZL,False,False
PP,Producer Prices,554,New Zealand,5530,Producer Price (LCU/tonne),01352,Kiwi fruit,2024,2024,7021,Annual value,LCU,3295.0,A,Official figure,NZL,False,False
PP,Producer Prices,554,New Zealand,5530,Producer Price (LCU/tonne),01322,Lemons and limes,1991,1991,7021,Annual value,LCU,800.0,A,Official figure,NZL,False,False
PP,Producer Prices,554,New Zealand,5530,Producer Price (LCU/tonne),01322,Lemons and limes,1992,1992,7021,Annual value,LCU,1400.0,A,Official figure,NZL,False,False
PP,Producer Prices,554,New Zealand,5530,Producer Price (LCU/tonne),01322,Lemons and limes,1993,1993,7021,Annual value,LCU,1200.0,A,Official figure,NZL,False,False
PP,Producer Prices,554,New Zealand,5530,Producer Price (LCU/tonne),01322,Lemons and limes,1994,1994,7021,Annual value,LCU,1200.0,A,Official figure,NZL,False,False
PP,Producer Prices,554,New Zealand,5530,Producer Price (LCU/tonne),01322,Lemons and limes,1995,1995,7021,Annual value,LCU,500.0,A,Official figure,NZL,False,False
PP,Producer Prices,554,New Zealand,5530,Producer Price (LCU/tonne),01322,Lemons and limes,1996,1996,7021,Annual value,LCU,800.0,A,Official figure,NZL,False,False
PP,Producer Prices,554,New Zealand,5530,Producer Price (LCU/tonne),01322,Lemons and limes,1997,1997,7021,Annual value,LCU,800.0,A,Official figure,NZL,False,False
PP,Producer Prices,554,New Zealand,5530,Producer Price (LCU/tonne),01322,Lemons and limes,1998,1998,7021,Annual value,LCU,1000.0,A,Official figure,NZL,False,False
PP,Producer Prices,554,New Zealand,5530,Producer Price (LCU/tonne),01322,Lemons and limes,1999,1999,7021,Annual value,LCU,998.0,A,Official figure,NZL,False,False
PP,Producer Prices,554,New Zealand,5530,Producer Price (LCU/tonne),01322,Lemons and limes,2000,2000,7021,Annual value,LCU,931.0,A,Official figure,NZL,False,False
PP,Producer Prices,554,New Zealand,5530,Producer Price (LCU/tonne),01322,Lemons and limes,2001,2001,7021,Annual value,LCU,1057.0,A,Official figure,NZL,False,False
PP,Producer Prices,554,New Zealand,5530,Producer Price (LCU/tonne),01322,Lemons and limes,2002,2002,7021,Annual value,LCU,952.0,A,Official figure,NZL,False,False
PP,Producer Prices,554,New Zealand,5530,Producer Price (LCU/tonne),01322,Lemons and limes,2003,2003,7021,Annual value,LCU,762.0,A,Official figure,NZL,False,False
PP,Producer Prices,554,New Zealand,5530,Producer Price (LCU/tonne),01322,Lemons and limes,2004,2004,7021,Annual value,LCU,700.0,A,Official figure,NZL,False,False
PP,Producer Prices,554,New Zealand,5530,Producer Price (LCU/tonne),01322,Lemons and limes,2005,2005,7021,Annual value,LCU,740.0,A,Official figure,NZL,False,False
PP,Producer Prices,554,New Zealand,5530,Producer Price (LCU/tonne),01322,Lemons and limes,2006,2006,7021,Annual value,LCU,500.0,A,Official figure,NZL,False,False
PP,Producer Prices,554,New Zealand,5530,Producer Price (LCU/tonne),01322,Lemons and limes,2007,2007,7021,Annual value,LCU,1080.0,A,Official figure,NZL,False,False
PP,Producer Prices,554,New Zealand,5530,Producer Price (LCU/tonne),01322,Lemons and limes,2008,2008,7021,Annual value,LCU,1050.0,A,Official figure,NZL,False,False
PP,Producer Prices,554,New Zealand,5530,Producer Price (LCU/tonne),01214,Lettuce and chicory,1991,1991,7021,Annual value,LCU,900.0,A,Official figure,NZL,False,False
PP,Producer Prices,554,New Zealand,5530,Producer Price (LCU/tonne),01214,Lettuce and chicory,1992,1992,7021,Annual value,LCU,500.0,A,Official figure,NZL,False,False
PP,Producer Prices,554,New Zealand,5530,Producer Price (LCU/tonne),01214,Lettuce and chicory,1993,1993,7021,Annual value,LCU,500.0,A,Official figure,NZL,False,False
PP,Producer Prices,554,New Zealand,5530,Producer Price (LCU/tonne),01214,Lettuce and chicory,1994,1994,7021,Annual value,LCU,1100.0,A,Official figure,NZL,False,False
PP,Producer Prices,554,New Zealand,5530,Producer Price (LCU/tonne),01214,Lettuce and chicory,1995,1995,7021,Annual value,LCU,1100.0,A,Official figure,NZL,False,False
PP,Producer Prices,554,New Zealand,5530,Producer Price (LCU/tonne),01214,Lettuce and chicory,1996,1996,7021,Annual value,LCU,900.0,A,Official figure,NZL,False,False
PP,Producer Prices,554,New Zealand,5530,Producer Price (LCU/tonne),01214,Lettuce and chicory,1997,1997,7021,Annual value,LCU,800.0,A,Official figure,NZL,False,False
PP,Producer Prices,554,New Zealand,5530,Producer Price (LCU/tonne),01214,Lettuce and chicory,1998,1998,7021,Annual value,LCU,800.0,A,Official figure,NZL,False,False
PP,Producer Prices,554,New Zealand,5530,Producer Price (LCU/tonne),01214,Lettuce and chicory,1999,1999,7021,Annual value,LCU,750.0,A,Official figure,NZL,False,False
PP,Producer Prices,554,New Zealand,5530,Producer Price (LCU/tonne),01214,Lettuce and chicory,2000,2000,7021,Annual value,LCU,800.0,A,Official figure,NZL,False,False
PP,Producer Prices,554,New Zealand,5530,Producer Price (LCU/tonne),01214,Lettuce and chicory,2001,2001,7021,Annual value,LCU,650.0,A,Official figure,NZL,False,False
PP,Producer Prices,554,New Zealand,5530,Producer Price (LCU/tonne),01214,Lettuce and chicory,2002,2002,7021,Annual value,LCU,650.0,A,Official figure,NZL,False,False
PP,Producer Prices,554,New Zealand,5530,Producer Price (LCU/tonne),01214,Lettuce and chicory,2003,2003,7021,Annual value,LCU,690.0,A,Official figure,NZL,False,False
PP,Producer Prices,554,New Zealand,5530,Producer Price (LCU/tonne),0112,Maize (corn),1991,1991,7021,Annual value,LCU,250.0,A,Official figure,NZL,False,False
PP,Producer Prices,554,New Zealand,5530,Producer Price (LCU/tonne),0112,Maize (corn),1992,1992,7021,Annual value,LCU,250.0,A,Official figure,NZL,False,False
PP,Producer Prices,554,New Zealand,5530,Producer Price (LCU/tonne),0112,Maize (corn),1993,1993,7021,Annual value,LCU,265.0,A,Official figure,NZL,False,False
PP,Producer Prices,554,New Zealand,5530,Producer Price (LCU/tonne),0112,Maize (corn),1994,1994,7021,Annual value,LCU,275.0,A,Official figure,NZL,False,False
PP,Producer Prices,554,New Zealand,5530,Producer Price (LCU/tonne),0112,Maize (corn),1995,1995,7021,Annual value,LCU,275.0,A,Official figure,NZL,False,False
PP,Producer Prices,554,New Zealand,5530,Producer Price (LCU/tonne),0112,Maize (corn),1996,1996,7021,Annual value,LCU,278.0,A,Official figure,NZL,False,False
PP,Producer Prices,554,New Zealand,5530,Producer Price (LCU/tonne),0112,Maize (corn),1997,1997,7021,Annual value,LCU,250.0,A,Official figure,NZL,False,False
PP,Producer Prices,554,New Zealand,5530,Producer Price (LCU/tonne),0112,Maize (corn),1998,1998,7021,Annual value,LCU,245.0,A,Official figure,NZL,False,False
PP,Producer Prices,554,New Zealand,5530,Producer Price (LCU/tonne),0112,Maize (corn),1999,1999,7021,Annual value,LCU,245.0,A,Official figure,NZL,False,False
PP,Producer Prices,554,New Zealand,5530,Producer Price (LCU/tonne),0112,Maize (corn),2000,2000,7021,Annual value,LCU,242.0,A,Official figure,NZL,False,False
PP,Producer Prices,554,New Zealand,5530,Producer Price (LCU/tonne),0112,Maize (corn),2001,2001,7021,Annual value,LCU,251.0,A,Official figure,NZL,False,False
PP,Producer Prices,554,New Zealand,5530,Producer Price (LCU/tonne),0112,Maize (corn),2002,2002,7021,Annual value,LCU,293.0,A,Official figure,NZL,False,False
PP,Producer Prices,554,New Zealand,5530,Producer Price (LCU/tonne),0112,Maize (corn),2003,2003,7021,Annual value,LCU,309.0,A,Official figure,NZL,False,False
PP,Producer Prices,554,New Zealand,5530,Producer Price (LCU/tonne),0112,Maize (corn),2004,2004,7021,Annual value,LCU,260.0,A,Official figure,NZL,False,False
PP,Producer Prices,554,New Zealand,5530,Producer Price (LCU/tonne),0112,Maize (corn),2005,2005,7021,Annual value,LCU,260.0,A,Official figure,NZL,False,False
PP,Producer Prices,554,New Zealand,5530,Producer Price (LCU/tonne),0112,Maize (corn),2006,2006,7021,Annual value,LCU,270.0,A,Official figure,NZL,False,False
PP,Producer Prices,554,New Zealand,5530,Producer Price (LCU/tonne),0112,Maize (corn),2007,2007,7021,Annual value,LCU,295.0,A,Official figure,NZL,False,False
PP,Producer Prices,554,New Zealand,5530,Producer Price (LCU/tonne),0112,Maize (corn),2008,2008,7021,Annual value,LCU,365.0,A,Official figure,NZL,False,False
PP,Producer Prices,554,New Zealand,5530,Producer Price (LCU/tonne),0112,Maize (corn),2009,2009,7021,Annual value,LCU,460.0,A,Official figure,NZL,False,False
PP,Producer Prices,554,New Zealand,5530,Producer Price (LCU/tonne),0112,Maize (corn),2010,2010,7021,Annual value,LCU,320.0,A,Official figure,NZL,False,False
PP,Producer Prices,554,New Zealand,5530,Producer Price (LCU/tonne),0112,Maize (corn),2011,2011,7021,Annual value,LCU,463.0,A,Official figure,NZL,False,False
PP,Producer Prices,554,New Zealand,5530,Producer Price (LCU/tonne),0112,Maize (corn),2012,2012,7021,Annual value,LCU,482.0,A,Official figure,NZL,False,False
PP,Producer Prices,554,New Zealand,5530,Producer Price (LCU/tonne),0112,Maize (corn),2013,2013,7021,Annual value,LCU,524.0,A,Official figure,NZL,False,False
PP,Producer Prices,554,New Zealand,5530,Producer Price (LCU/tonne),0112,Maize (corn),2014,2014,7021,Annual value,LCU,454.0,A,Official figure,NZL,False,False
PP,Producer Prices,554,New Zealand,5530,Producer Price (LCU/tonne),0112,Maize (corn),2015,2015,7021,Annual value,LCU,437.0,A,Official figure,NZL,False,False
PP,Producer Prices,554,New Zealand,5530,Producer Price (LCU/tonne),0112,Maize (corn),2016,2016,7021,Annual value,LCU,350.0,A,Official figure,NZL,False,False
PP,Producer Prices,554,New Zealand,5530,Producer Price (LCU/tonne),0112,Maize (corn),2017,2017,7021,Annual value,LCU,358.0,A,Official figure,NZL,False,False
PP,Producer Prices,554,New Zealand,5530,Producer Price (LCU/tonne),0112,Maize (corn),2018,2018,7021,Annual value,LCU,308.6,A,Official figure,NZL,False,False
PP,Producer Prices,554,New Zealand,5530,Producer Price (LCU/tonne),0112,Maize (corn),2019,2019,7021,Annual value,LCU,429.0,A,Official figure,NZL,False,False
PP,Producer Prices,554,New Zealand,5530,Producer Price (LCU/tonne),0112,Maize (corn),2020,2020,7021,Annual value,LCU,420.1,A,Official figure,NZL,False,False
PP,Producer Prices,554,New Zealand,5530,Producer Price (LCU/tonne),0112,Maize (corn),2021,2021,7021,Annual value,LCU,435.0,A,Official figure,NZL,False,False
PP,Producer Prices,554,New Zealand,5530,Producer Price (LCU/tonne),0112,Maize (corn),2022,2022,7021,Annual value,LCU,482.0,A,Official figure,NZL,False,False
PP,Producer Prices,554,New Zealand,5530,Producer Price (LCU/tonne),0112,Maize (corn),2023,2023,7021,Annual value,LCU,684.0,A,Official figure,NZL,False,False
PP,Producer Prices,554,New Zealand,5530,Producer Price (LCU/tonne),0112,Maize (corn),2024,2024,7021,Annual value,LCU,532.0,A,Official figure,NZL,False,False
PP,Producer Prices,554,New Zealand,5530,Producer Price (LCU/tonne),21111.01b,"Meat of cattle with the bone, fresh or chilled (biological)",1991,1991,7021,Annual value,LCU,1084.0,A,Official figure,NZL,False,False
PP,Producer Prices,554,New Zealand,5530,Producer Price (LCU/tonne),21111.01b,"Meat of cattle with the bone, fresh or chilled (biological)",1992,1992,7021,Annual value,LCU,1058.0,A,Official figure,NZL,False,False
PP,Producer Prices,554,New Zealand,5530,Producer Price (LCU/tonne),21111.01b,"Meat of cattle with the bone, fresh or chilled (biological)",1993,1993,7021,Annual value,LCU,1109.0,A,Official figure,NZL,False,False
PP,Producer Prices,554,New Zealand,5530,Producer Price (LCU/tonne),21111.01b,"Meat of cattle with the bone, fresh or chilled (biological)",1994,1994,7021,Annual value,LCU,1000.0,A,Official figure,NZL,False,False
PP,Producer Prices,554,New Zealand,5530,Producer Price (LCU/tonne),21111.01b,"Meat of cattle with the bone, fresh or chilled (biological)",1995,1995,7021,Annual value,LCU,1142.0,A,Official figure,NZL,False,False
PP,Producer Prices,554,New Zealand,5530,Producer Price (LCU/tonne),21111.01b,"Meat of cattle with the bone, fresh or chilled (biological)",1996,1996,7021,Annual value,LCU,819.0,A,Official figure,NZL,False,False
PP,Producer Prices,554,New Zealand,5530,Producer Price (LCU/tonne),21111.01b,"Meat of cattle with the bone, fresh or chilled (biological)",1997,1997,7021,Annual value,LCU,862.0,A,Official figure,NZL,False,False
PP,Producer Prices,554,New Zealand,5530,Producer Price (LCU/tonne),21111.01b,"Meat of cattle with the bone, fresh or chilled (biological)",1998,1998,7021,Annual value,LCU,996.0,A,Official figure,NZL,False,False
PP,Producer Prices,554,New Zealand,5530,Producer Price (LCU/tonne),21111.01b,"Meat of cattle with the bone, fresh or chilled (biological)",1999,1999,7021,Annual value,LCU,1147.0,A,Official figure,NZL,False,False
PP,Producer Prices,554,New Zealand,5530,Producer Price (LCU/tonne),21111.01b,"Meat of cattle with the bone, fresh or chilled (biological)",2000,2000,7021,Annual value,LCU,1490.0,A,Official figure,NZL,False,False
PP,Producer Prices,554,New Zealand,5530,Producer Price (LCU/tonne),21111.01b,"Meat of cattle with the bone, fresh or chilled (biological)",2001,2001,7021,Annual value,LCU,1804.0,A,Official figure,NZL,False,False
PP,Producer Prices,554,New Zealand,5530,Producer Price (LCU/tonne),21111.01b,"Meat of cattle with the bone, fresh or chilled (biological)",2002,2002,7021,Annual value,LCU,1812.0,A,Official figure,NZL,False,False
PP,Producer Prices,554,New Zealand,5530,Producer Price (LCU/tonne),21111.01b,"Meat of cattle with the bone, fresh or chilled (biological)",2003,2003,7021,Annual value,LCU,1327.0,A,Official figure,NZL,False,False
PP,Producer Prices,554,New Zealand,5530,Producer Price (LCU/tonne),21111.01b,"Meat of cattle with the bone, fresh or chilled (biological)",2004,2004,7021,Annual value,LCU,1361.0,A,Official figure,NZL,False,False
PP,Producer Prices,554,New Zealand,5530,Producer Price (LCU/tonne),21111.01b,"Meat of cattle with the bone, fresh or chilled (biological)",2005,2005,7021,Annual value,LCU,1467.0,A,Official figure,NZL,False,False
PP,Producer Prices,554,New Zealand,5530,Producer Price (LCU/tonne),21111.01b,"Meat of cattle with the bone, fresh or chilled (biological)",2006,2006,7021,Annual value,LCU,1471.0,A,Official figure,NZL,False,False
PP,Producer Prices,554,New Zealand,5530,Producer Price (LCU/tonne),21111.01b,"Meat of cattle with the bone, fresh or chilled (biological)",2007,2007,7021,Annual value,LCU,1469.0,A,Official figure,NZL,False,False
PP,Producer Prices,554,New Zealand,5530,Producer Price (LCU/tonne),21111.01b,"Meat of cattle with the bone, fresh or chilled (biological)",2008,2008,7021,Annual value,LCU,1573.0,A,Official figure,NZL,False,False
PP,Producer Prices,554,New Zealand,5530,Producer Price (LCU/tonne),21111.01b,"Meat of cattle with the bone, fresh or chilled (biological)",2009,2009,7021,Annual value,LCU,1607.0,A,Official figure,NZL,False,False
PP,Producer Prices,554,New Zealand,5530,Producer Price (LCU/tonne),21111.01b,"Meat of cattle with the bone, fresh or chilled (biological)",2010,2010,7021,Annual value,LCU,1564.0,A,Official figure,NZL,False,False
PP,Producer Prices,554,New Zealand,5530,Producer Price (LCU/tonne),21111.01b,"Meat of cattle with the bone, fresh or chilled (biological)",2011,2011,7021,Annual value,LCU,1932.0,A,Official figure,NZL,False,False
PP,Producer Prices,554,New Zealand,5530,Producer Price (LCU/tonne),21111.01b,"Meat of cattle with the bone, fresh or chilled (biological)",2012,2012,7021,Annual value,LCU,1926.0,A,Official figure,NZL,False,False
PP,Producer Prices,554,New Zealand,5530,Producer Price (LCU/tonne),21111.01b,"Meat of cattle with the bone, fresh or chilled (biological)",2013,2013,7021,Annual value,LCU,1874.0,A,Official figure,NZL,False,False
PP,Producer Prices,554,New Zealand,5530,Producer Price (LCU/tonne),21111.01b,"Meat of cattle with the bone, fresh or chilled (biological)",2014,2014,7021,Annual value,LCU,1796.0,A,Official figure,NZL,False,False
PP,Producer Prices,554,New Zealand,5530,Producer Price (LCU/tonne),21111.01b,"Meat of cattle with the bone, fresh or chilled (biological)",2015,2015,7021,Annual value,LCU,2328.0,A,Official figure,NZL,False,False
PP,Producer Prices,554,New Zealand,5530,Producer Price (LCU/tonne),21111.01b,"Meat of cattle with the bone, fresh or chilled (biological)",2016,2016,7021,Annual value,LCU,2377.0,A,Official figure,NZL,False,False
PP,Producer Prices,554,New Zealand,5530,Producer Price (LCU/tonne),21111.01b,"Meat of cattle with the bone, fresh or chilled (biological)",2017,2017,7021,Annual value,LCU,2459.0,A,Official figure,NZL,False,False
PP,Producer Prices,554,New Zealand,5530,Producer Price (LCU/tonne),21111.01b,"Meat of cattle with the bone, fresh or chilled (biological)",2018,2018,7021,Annual value,LCU,2461.0,A,Official figure,NZL,False,False
PP,Producer Prices,554,New Zealand,5530,Producer Price (LCU/tonne),21111.01b,"Meat of cattle with the bone, fresh or chilled (biological)",2019,2019,7021,Annual value,LCU,2395.0,A,Official figure,NZL,False,False
PP,Producer Prices,554,New Zealand,5530,Producer Price (LCU/tonne),21111.01b,"Meat of cattle with the bone, fresh or chilled (biological)",2020,2020,7021,Annual value,LCU,2382.0,A,Official figure,NZL,False,False
PP,Producer Prices,554,New Zealand,5530,Producer Price (LCU/tonne),21111.01b,"Meat of cattle with the bone, fresh or chilled (biological)",2021,2021,7021,Annual value,LCU,2347.0,A,Official figure,NZL,False,False
PP,Producer Prices,554,New Zealand,5530,Producer Price (LCU/tonne),21111.01b,"Meat of cattle with the bone, fresh or chilled (biological)",2022,2022,7021,Annual value,LCU,2756.0,A,Official figure,NZL,False,False
PP,Producer Prices,554,New Zealand,5530,Producer Price (LCU/tonne),21111.01b,"Meat of cattle with the bone, fresh or chilled (biological)",2023,2023,7021,Annual value,LCU,2634.0,A,Official figure,NZL,False,False
PP,Producer Prices,554,New Zealand,5530,Producer Price (LCU/tonne),21121b,"Meat of chickens, fresh or chilled (biological)",1991,1991,7021,Annual value,LCU,1515.0,A,Official figure,NZL,False,False
PP,Producer Prices,554,New Zealand,5530,Producer Price (LCU/tonne),21121b,"Meat of chickens, fresh or chilled (biological)",1992,1992,7021,Annual value,LCU,1485.0,A,Official figure,NZL,False,False
PP,Producer Prices,554,New Zealand,5530,Producer Price (LCU/tonne),21121b,"Meat of chickens, fresh or chilled (biological)",1993,1993,7021,Annual value,LCU,1463.0,A,Official figure,NZL,False,False
PP,Producer Prices,554,New Zealand,5530,Producer Price (LCU/tonne),21121b,"Meat of chickens, fresh or chilled (biological)",1994,1994,7021,Annual value,LCU,1457.0,A,Official figure,NZL,False,False
PP,Producer Prices,554,New Zealand,5530,Producer Price (LCU/tonne),21121b,"Meat of chickens, fresh or chilled (biological)",1995,1995,7021,Annual value,LCU,1465.0,A,Official figure,NZL,False,False
PP,Producer Prices,554,New Zealand,5530,Producer Price (LCU/tonne),21121b,"Meat of chickens, fresh or chilled (biological)",1996,1996,7021,Annual value,LCU,1440.0,A,Official figure,NZL,False,False
PP,Producer Prices,554,New Zealand,5530,Producer Price (LCU/tonne),21121b,"Meat of chickens, fresh or chilled (biological)",1997,1997,7021,Annual value,LCU,1397.0,A,Official figure,NZL,False,False
PP,Producer Prices,554,New Zealand,5530,Producer Price (LCU/tonne),21121b,"Meat of chickens, fresh or chilled (biological)",1998,1998,7021,Annual value,LCU,1436.0,A,Official figure,NZL,False,False
PP,Producer Prices,554,New Zealand,5530,Producer Price (LCU/tonne),21121b,"Meat of chickens, fresh or chilled (biological)",1999,1999,7021,Annual value,LCU,1424.0,A,Official figure,NZL,False,False
PP,Producer Prices,554,New Zealand,5530,Producer Price (LCU/tonne),21121b,"Meat of chickens, fresh or chilled (biological)",2000,2000,7021,Annual value,LCU,1409.0,A,Official figure,NZL,False,False
PP,Producer Prices,554,New Zealand,5530,Producer Price (LCU/tonne),21121b,"Meat of chickens, fresh or chilled (biological)",2001,2001,7021,Annual value,LCU,1424.0,A,Official figure,NZL,False,False
PP,Producer Prices,554,New Zealand,5530,Producer Price (LCU/tonne),21121b,"Meat of chickens, fresh or chilled (biological)",2002,2002,7021,Annual value,LCU,1462.0,A,Official figure,NZL,False,False
PP,Producer Prices,554,New Zealand,5530,Producer Price (LCU/tonne),21121b,"Meat of chickens, fresh or chilled (biological)",2003,2003,7021,Annual value,LCU,1566.0,A,Official figure,NZL,False,False
PP,Producer Prices,554,New Zealand,5530,Producer Price (LCU/tonne),21121b,"Meat of chickens, fresh or chilled (biological)",2004,2004,7021,Annual value,LCU,1585.0,A,Official figure,NZL,False,False
PP,Producer Prices,554,New Zealand,5530,Producer Price (LCU/tonne),21121b,"Meat of chickens, fresh or chilled (biological)",2005,2005,7021,Annual value,LCU,1568.0,A,Official figure,NZL,False,False
PP,Producer Prices,554,New Zealand,5530,Producer Price (LCU/tonne),21121b,"Meat of chickens, fresh or chilled (biological)",2006,2006,7021,Annual value,LCU,1589.0,A,Official figure,NZL,False,False
PP,Producer Prices,554,New Zealand,5530,Producer Price (LCU/tonne),21121b,"Meat of chickens, fresh or chilled (biological)",2007,2007,7021,Annual value,LCU,1604.0,A,Official figure,NZL,False,False
PP,Producer Prices,554,New Zealand,5530,Producer Price (LCU/tonne),21121b,"Meat of chickens, fresh or chilled (biological)",2008,2008,7021,Annual value,LCU,1698.0,A,Official figure,NZL,False,False
PP,Producer Prices,554,New Zealand,5530,Producer Price (LCU/tonne),21121b,"Meat of chickens, fresh or chilled (biological)",2009,2009,7021,Annual value,LCU,1786.0,A,Official figure,NZL,False,False
PP,Producer Prices,554,New Zealand,5530,Producer Price (LCU/tonne),21121b,"Meat of chickens, fresh or chilled (biological)",2010,2010,7021,Annual value,LCU,1832.0,A,Official figure,NZL,False,False
PP,Producer Prices,554,New Zealand,5530,Producer Price (LCU/tonne),21121b,"Meat of chickens, fresh or chilled (biological)",2011,2011,7021,Annual value,LCU,1841.0,A,Official figure,NZL,False,False
PP,Producer Prices,554,New Zealand,5530,Producer Price (LCU/tonne),21121b,"Meat of chickens, fresh or chilled (biological)",2012,2012,7021,Annual value,LCU,1866.0,A,Official figure,NZL,False,False
PP,Producer Prices,554,New Zealand,5530,Producer Price (LCU/tonne),21121b,"Meat of chickens, fresh or chilled (biological)",2013,2013,7021,Annual value,LCU,1930.0,A,Official figure,NZL,False,False
PP,Producer Prices,554,New Zealand,5530,Producer Price (LCU/tonne),21121b,"Meat of chickens, fresh or chilled (biological)",2014,2014,7021,Annual value,LCU,1922.0,A,Official figure,NZL,False,False
PP,Producer Prices,554,New Zealand,5530,Producer Price (LCU/tonne),21121b,"Meat of chickens, fresh or chilled (biological)",2015,2015,7021,Annual value,LCU,1922.0,A,Official figure,NZL,False,False
PP,Producer Prices,554,New Zealand,5530,Producer Price (LCU/tonne),21121b,"Meat of chickens, fresh or chilled (biological)",2016,2016,7021,Annual value,LCU,1915.0,A,Official figure,NZL,False,False
PP,Producer Prices,554,New Zealand,5530,Producer Price (LCU/tonne),21121b,"Meat of chickens, fresh or chilled (biological)",2017,2017,7021,Annual value,LCU,1851.0,A,Official figure,NZL,False,False
PP,Producer Prices,554,New Zealand,5530,Producer Price (LCU/tonne),21121b,"Meat of chickens, fresh or chilled (biological)",2018,2018,7021,Annual value,LCU,1828.0,A,Official figure,NZL,False,False
PP,Producer Prices,554,New Zealand,5530,Producer Price (LCU/tonne),21121b,"Meat of chickens, fresh or chilled (biological)",2019,2019,7021,Annual value,LCU,1836.8,A,Official figure,NZL,False,False
PP,Producer Prices,554,New Zealand,5530,Producer Price (LCU/tonne),21121b,"Meat of chickens, fresh or chilled (biological)",2020,2020,7021,Annual value,LCU,1859.0,A,Official figure,NZL,False,False
PP,Producer Prices,554,New Zealand,5530,Producer Price (LCU/tonne),21121b,"Meat of chickens, fresh or chilled (biological)",2021,2021,7021,Annual value,LCU,1900.0,A,Official figure,NZL,False,False
PP,Producer Prices,554,New Zealand,5530,Producer Price (LCU/tonne),21121b,"Meat of chickens, fresh or chilled (biological)",2022,2022,7021,Annual value,LCU,2056.0,A,Official figure,NZL,False,False
PP,Producer Prices,554,New Zealand,5530,Producer Price (LCU/tonne),21121b,"Meat of chickens, fresh or chilled (biological)",2023,2023,7021,Annual value,LCU,2313.0,A,Official figure,NZL,False,False
PP,Producer Prices,554,New Zealand,5530,Producer Price (LCU/tonne),21121b,"Meat of chickens, fresh or chilled (biological)",2024,2024,7021,Annual value,LCU,2369.0,A,Official figure,NZL,False,False
PP,Producer Prices,554,New Zealand,5530,Producer Price (LCU/tonne),21113.01b,"Meat of pig with the bone, fresh or chilled (biological)",1991,1991,7021,Annual value,LCU,2189.0,A,Official figure,NZL,False,False
PP,Producer Prices,554,New Zealand,5530,Producer Price (LCU/tonne),21113.01b,"Meat of pig with the bone, fresh or chilled (biological)",1992,1992,7021,Annual value,LCU,2066.0,A,Official figure,NZL,False,False
PP,Producer Prices,554,New Zealand,5530,Producer Price (LCU/tonne),21113.01b,"Meat of pig with the bone, fresh or chilled (biological)",1993,1993,7021,Annual value,LCU,2174.0,A,Official figure,NZL,False,False
PP,Producer Prices,554,New Zealand,5530,Producer Price (LCU/tonne),21113.01b,"Meat of pig with the bone, fresh or chilled (biological)",1994,1994,7021,Annual value,LCU,2246.0,A,Official figure,NZL,False,False
PP,Producer Prices,554,New Zealand,5530,Producer Price (LCU/tonne),21113.01b,"Meat of pig with the bone, fresh or chilled (biological)",1995,1995,7021,Annual value,LCU,2048.0,A,Official figure,NZL,False,False
PP,Producer Prices,554,New Zealand,5530,Producer Price (LCU/tonne),21113.01b,"Meat of pig with the bone, fresh or chilled (biological)",1996,1996,7021,Annual value,LCU,2093.0,A,Official figure,NZL,False,False
PP,Producer Prices,554,New Zealand,5530,Producer Price (LCU/tonne),21113.01b,"Meat of pig with the bone, fresh or chilled (biological)",1997,1997,7021,Annual value,LCU,2106.0,A,Official figure,NZL,False,False
PP,Producer Prices,554,New Zealand,5530,Producer Price (LCU/tonne),21113.01b,"Meat of pig with the bone, fresh or chilled (biological)",1998,1998,7021,Annual value,LCU,1994.0,A,Official figure,NZL,False,False
PP,Producer Prices,554,New Zealand,5530,Producer Price (LCU/tonne),21113.01b,"Meat of pig with the bone, fresh or chilled (biological)",1999,1999,7021,Annual value,LCU,1843.0,A,Official figure,NZL,False,False
PP,Producer Prices,554,New Zealand,5530,Producer Price (LCU/tonne),21113.01b,"Meat of pig with the bone, fresh or chilled (biological)",2000,2000,7021,Annual value,LCU,2175.0,A,Official figure,NZL,False,False
PP,Producer Prices,554,New Zealand,5530,Producer Price (LCU/tonne),21113.01b,"Meat of pig with the bone, fresh or chilled (biological)",2001,2001,7021,Annual value,LCU,2475.0,A,Official figure,NZL,False,False
PP,Producer Prices,554,New Zealand,5530,Producer Price (LCU/tonne),21113.01b,"Meat of pig with the bone, fresh or chilled (biological)",2002,2002,7021,Annual value,LCU,2713.0,A,Official figure,NZL,False,False
PP,Producer Prices,554,New Zealand,5530,Producer Price (LCU/tonne),21113.01b,"Meat of pig with the bone, fresh or chilled (biological)",2003,2003,7021,Annual value,LCU,2429.0,A,Official figure,NZL,False,False
PP,Producer Prices,554,New Zealand,5530,Producer Price (LCU/tonne),21113.01b,"Meat of pig with the bone, fresh or chilled (biological)",2004,2004,7021,Annual value,LCU,2197.0,A,Official figure,NZL,False,False
PP,Producer Prices,554,New Zealand,5530,Producer Price (LCU/tonne),21113.01b,"Meat of pig with the bone, fresh or chilled (biological)",2005,2005,7021,Annual value,LCU,2341.0,A,Official figure,NZL,False,False
PP,Producer Prices,554,New Zealand,5530,Producer Price (LCU/tonne),21113.01b,"Meat of pig with the bone, fresh or chilled (biological)",2006,2006,7021,Annual value,LCU,2291.0,A,Official figure,NZL,False,False
PP,Producer Prices,554,New Zealand,5530,Producer Price (LCU/tonne),21113.01b,"Meat of pig with the bone, fresh or chilled (biological)",2007,2007,7021,Annual value,LCU,2413.0,A,Official figure,NZL,False,False
PP,Producer Prices,554,New Zealand,5530,Producer Price (LCU/tonne),21113.01b,"Meat of pig with the bone, fresh or chilled (biological)",2008,2008,7021,Annual value,LCU,2318.0,A,Official figure,NZL,False,False
PP,Producer Prices,554,New Zealand,5530,Producer Price (LCU/tonne),21113.01b,"Meat of pig with the bone, fresh or chilled (biological)",2009,2009,7021,Annual value,LCU,2949.0,A,Official figure,NZL,False,False
PP,Producer Prices,554,New Zealand,5530,Producer Price (LCU/tonne),21113.01b,"Meat of pig with the bone, fresh or chilled (biological)",2010,2010,7021,Annual value,LCU,2661.0,A,Official figure,NZL,False,False
PP,Producer Prices,554,New Zealand,5530,Producer Price (LCU/tonne),21113.01b,"Meat of pig with the bone, fresh or chilled (biological)",2011,2011,7021,Annual value,LCU,2671.0,A,Official figure,NZL,False,False
PP,Producer Prices,554,New Zealand,5530,Producer Price (LCU/tonne),21113.01b,"Meat of pig with the bone, fresh or chilled (biological)",2012,2012,7021,Annual value,LCU,2558.0,A,Official figure,NZL,False,False
PP,Producer Prices,554,New Zealand,5530,Producer Price (LCU/tonne),21113.01b,"Meat of pig with the bone, fresh or chilled (biological)",2013,2013,7021,Annual value,LCU,2841.0,A,Official figure,NZL,False,False
PP,Producer Prices,554,New Zealand,5530,Producer Price (LCU/tonne),21113.01b,"Meat of pig with the bone, fresh or chilled (biological)",2014,2014,7021,Annual value,LCU,2758.0,A,Official figure,NZL,False,False
PP,Producer Prices,554,New Zealand,5530,Producer Price (LCU/tonne),21113.01b,"Meat of pig with the bone, fresh or chilled (biological)",2015,2015,7021,Annual value,LCU,3021.0,A,Official figure,NZL,False,False
PP,Producer Prices,554,New Zealand,5530,Producer Price (LCU/tonne),21113.01b,"Meat of pig with the bone, fresh or chilled (biological)",2016,2016,7021,Annual value,LCU,2909.0,A,Official figure,NZL,False,False
PP,Producer Prices,554,New Zealand,5530,Producer Price (LCU/tonne),21113.01b,"Meat of pig with the bone, fresh or chilled (biological)",2017,2017,7021,Annual value,LCU,2509.0,A,Official figure,NZL,False,False
PP,Producer Prices,554,New Zealand,5530,Producer Price (LCU/tonne),21113.01b,"Meat of pig with the bone, fresh or chilled (biological)",2018,2018,7021,Annual value,LCU,2553.3,A,Official figure,NZL,False,False
PP,Producer Prices,554,New Zealand,5530,Producer Price (LCU/tonne),21113.01b,"Meat of pig with the bone, fresh or chilled (biological)",2019,2019,7021,Annual value,LCU,2584.2,A,Official figure,NZL,False,False
PP,Producer Prices,554,New Zealand,5530,Producer Price (LCU/tonne),21113.01b,"Meat of pig with the bone, fresh or chilled (biological)",2020,2020,7021,Annual value,LCU,2835.0,A,Official figure,NZL,False,False
PP,Producer Prices,554,New Zealand,5530,Producer Price (LCU/tonne),21113.01b,"Meat of pig with the bone, fresh or chilled (biological)",2021,2021,7021,Annual value,LCU,3001.0,A,Official figure,NZL,False,False
PP,Producer Prices,554,New Zealand,5530,Producer Price (LCU/tonne),21113.01b,"Meat of pig with the bone, fresh or chilled (biological)",2022,2022,7021,Annual value,LCU,3165.0,A,Official figure,NZL,False,False
PP,Producer Prices,554,New Zealand,5530,Producer Price (LCU/tonne),21113.01b,"Meat of pig with the bone, fresh or chilled (biological)",2023,2023,7021,Annual value,LCU,3572.0,A,Official figure,NZL,False,False
PP,Producer Prices,554,New Zealand,5530,Producer Price (LCU/tonne),21113.01b,"Meat of pig with the bone, fresh or chilled (biological)",2024,2024,7021,Annual value,LCU,3912.0,A,Official figure,NZL,False,False
PP,Producer Prices,554,New Zealand,5530,Producer Price (LCU/tonne),21115b,"Meat of sheep, fresh or chilled (biological)",1991,1991,7021,Annual value,LCU,935.0,A,Official figure,NZL,False,False
PP,Producer Prices,554,New Zealand,5530,Producer Price (LCU/tonne),21115b,"Meat of sheep, fresh or chilled (biological)",1992,1992,7021,Annual value,LCU,992.0,A,Official figure,NZL,False,False
PP,Producer Prices,554,New Zealand,5530,Producer Price (LCU/tonne),21115b,"Meat of sheep, fresh or chilled (biological)",1993,1993,7021,Annual value,LCU,1341.0,A,Official figure,NZL,False,False
PP,Producer Prices,554,New Zealand,5530,Producer Price (LCU/tonne),21115b,"Meat of sheep, fresh or chilled (biological)",1994,1994,7021,Annual value,LCU,1296.0,A,Official figure,NZL,False,False
PP,Producer Prices,554,New Zealand,5530,Producer Price (LCU/tonne),21115b,"Meat of sheep, fresh or chilled (biological)",1995,1995,7021,Annual value,LCU,881.0,A,Official figure,NZL,False,False
PP,Producer Prices,554,New Zealand,5530,Producer Price (LCU/tonne),21115b,"Meat of sheep, fresh or chilled (biological)",1996,1996,7021,Annual value,LCU,957.0,A,Official figure,NZL,False,False
PP,Producer Prices,554,New Zealand,5530,Producer Price (LCU/tonne),21115b,"Meat of sheep, fresh or chilled (biological)",1997,1997,7021,Annual value,LCU,1147.0,A,Official figure,NZL,False,False
PP,Producer Prices,554,New Zealand,5530,Producer Price (LCU/tonne),21115b,"Meat of sheep, fresh or chilled (biological)",1998,1998,7021,Annual value,LCU,1044.0,A,Official figure,NZL,False,False
PP,Producer Prices,554,New Zealand,5530,Producer Price (LCU/tonne),21115b,"Meat of sheep, fresh or chilled (biological)",1999,1999,7021,Annual value,LCU,1075.0,A,Official figure,NZL,False,False
PP,Producer Prices,554,New Zealand,5530,Producer Price (LCU/tonne),21115b,"Meat of sheep, fresh or chilled (biological)",2000,2000,7021,Annual value,LCU,1248.0,A,Official figure,NZL,False,False
PP,Producer Prices,554,New Zealand,5530,Producer Price (LCU/tonne),21115b,"Meat of sheep, fresh or chilled (biological)",2001,2001,7021,Annual value,LCU,1580.0,A,Official figure,NZL,False,False
PP,Producer Prices,554,New Zealand,5530,Producer Price (LCU/tonne),21115b,"Meat of sheep, fresh or chilled (biological)",2002,2002,7021,Annual value,LCU,1757.0,A,Official figure,NZL,False,False
PP,Producer Prices,554,New Zealand,5530,Producer Price (LCU/tonne),21115b,"Meat of sheep, fresh or chilled (biological)",2003,2003,7021,Annual value,LCU,1586.0,A,Official figure,NZL,False,False
PP,Producer Prices,554,New Zealand,5530,Producer Price (LCU/tonne),21115b,"Meat of sheep, fresh or chilled (biological)",2004,2004,7021,Annual value,LCU,1567.0,A,Official figure,NZL,False,False
PP,Producer Prices,554,New Zealand,5530,Producer Price (LCU/tonne),21115b,"Meat of sheep, fresh or chilled (biological)",2005,2005,7021,Annual value,LCU,1619.0,A,Official figure,NZL,False,False
PP,Producer Prices,554,New Zealand,5530,Producer Price (LCU/tonne),21115b,"Meat of sheep, fresh or chilled (biological)",2006,2006,7021,Annual value,LCU,1371.0,A,Official figure,NZL,False,False
PP,Producer Prices,554,New Zealand,5530,Producer Price (LCU/tonne),21115b,"Meat of sheep, fresh or chilled (biological)",2007,2007,7021,Annual value,LCU,1316.0,A,Official figure,NZL,False,False
PP,Producer Prices,554,New Zealand,5530,Producer Price (LCU/tonne),21115b,"Meat of sheep, fresh or chilled (biological)",2008,2008,7021,Annual value,LCU,1413.0,A,Official figure,NZL,False,False
PP,Producer Prices,554,New Zealand,5530,Producer Price (LCU/tonne),21115b,"Meat of sheep, fresh or chilled (biological)",2009,2009,7021,Annual value,LCU,2082.0,A,Official figure,NZL,False,False
PP,Producer Prices,554,New Zealand,5530,Producer Price (LCU/tonne),21115b,"Meat of sheep, fresh or chilled (biological)",2010,2010,7021,Annual value,LCU,1924.0,A,Official figure,NZL,False,False
PP,Producer Prices,554,New Zealand,5530,Producer Price (LCU/tonne),21115b,"Meat of sheep, fresh or chilled (biological)",2011,2011,7021,Annual value,LCU,2637.0,A,Official figure,NZL,False,False
PP,Producer Prices,554,New Zealand,5530,Producer Price (LCU/tonne),21115b,"Meat of sheep, fresh or chilled (biological)",2012,2012,7021,Annual value,LCU,2570.0,A,Official figure,NZL,False,False
PP,Producer Prices,554,New Zealand,5530,Producer Price (LCU/tonne),21115b,"Meat of sheep, fresh or chilled (biological)",2013,2013,7021,Annual value,LCU,1956.0,A,Official figure,NZL,False,False
PP,Producer Prices,554,New Zealand,5530,Producer Price (LCU/tonne),21115b,"Meat of sheep, fresh or chilled (biological)",2014,2014,7021,Annual value,LCU,2271.0,A,Official figure,NZL,False,False
PP,Producer Prices,554,New Zealand,5530,Producer Price (LCU/tonne),21115b,"Meat of sheep, fresh or chilled (biological)",2015,2015,7021,Annual value,LCU,2160.0,A,Official figure,NZL,False,False
PP,Producer Prices,554,New Zealand,5530,Producer Price (LCU/tonne),21115b,"Meat of sheep, fresh or chilled (biological)",2016,2016,7021,Annual value,LCU,2091.0,A,Official figure,NZL,False,False
PP,Producer Prices,554,New Zealand,5530,Producer Price (LCU/tonne),21115b,"Meat of sheep, fresh or chilled (biological)",2017,2017,7021,Annual value,LCU,2373.0,A,Official figure,NZL,False,False
PP,Producer Prices,554,New Zealand,5530,Producer Price (LCU/tonne),21115b,"Meat of sheep, fresh or chilled (biological)",2018,2018,7021,Annual value,LCU,3032.0,A,Official figure,NZL,False,False
PP,Producer Prices,554,New Zealand,5530,Producer Price (LCU/tonne),21115b,"Meat of sheep, fresh or chilled (biological)",2019,2019,7021,Annual value,LCU,3163.0,A,Official figure,NZL,False,False
PP,Producer Prices,554,New Zealand,5530,Producer Price (LCU/tonne),21115b,"Meat of sheep, fresh or chilled (biological)",2020,2020,7021,Annual value,LCU,3121.0,A,Official figure,NZL,False,False
PP,Producer Prices,554,New Zealand,5530,Producer Price (LCU/tonne),21115b,"Meat of sheep, fresh or chilled (biological)",2021,2021,7021,Annual value,LCU,2980.0,A,Official figure,NZL,False,False
PP,Producer Prices,554,New Zealand,5530,Producer Price (LCU/tonne),21115b,"Meat of sheep, fresh or chilled (biological)",2022,2022,7021,Annual value,LCU,3659.0,A,Official figure,NZL,False,False
PP,Producer Prices,554,New Zealand,5530,Producer Price (LCU/tonne),21115b,"Meat of sheep, fresh or chilled (biological)",2023,2023,7021,Annual value,LCU,3066.0,A,Official figure,NZL,False,False
PP,Producer Prices,554,New Zealand,5530,Producer Price (LCU/tonne),01270,Mushrooms and truffles,1991,1991,7021,Annual value,LCU,4500.0,A,Official figure,NZL,False,False
PP,Producer Prices,554,New Zealand,5530,Producer Price (LCU/tonne),01270,Mushrooms and truffles,1992,1992,7021,Annual value,LCU,4000.0,A,Official figure,NZL,False,False
PP,Producer Prices,554,New Zealand,5530,Producer Price (LCU/tonne),01270,Mushrooms and truffles,1993,1993,7021,Annual value,LCU,4000.0,A,Official figure,NZL,False,False
PP,Producer Prices,554,New Zealand,5530,Producer Price (LCU/tonne),01270,Mushrooms and truffles,1994,1994,7021,Annual value,LCU,4000.0,A,Official figure,NZL,False,False
PP,Producer Prices,554,New Zealand,5530,Producer Price (LCU/tonne),01270,Mushrooms and truffles,1995,1995,7021,Annual value,LCU,3500.0,A,Official figure,NZL,False,False
PP,Producer Prices,554,New Zealand,5530,Producer Price (LCU/tonne),01270,Mushrooms and truffles,1996,1996,7021,Annual value,LCU,3500.0,A,Official figure,NZL,False,False
PP,Producer Prices,554,New Zealand,5530,Producer Price (LCU/tonne),01270,Mushrooms and truffles,1997,1997,7021,Annual value,LCU,3500.0,A,Official figure,NZL,False,False
PP,Producer Prices,554,New Zealand,5530,Producer Price (LCU/tonne),01270,Mushrooms and truffles,1998,1998,7021,Annual value,LCU,3500.0,A,Official figure,NZL,False,False
PP,Producer Prices,554,New Zealand,5530,Producer Price (LCU/tonne),01270,Mushrooms and truffles,1999,1999,7021,Annual value,LCU,3500.0,A,Official figure,NZL,False,False
PP,Producer Prices,554,New Zealand,5530,Producer Price (LCU/tonne),01270,Mushrooms and truffles,2000,2000,7021,Annual value,LCU,3500.0,A,Official figure,NZL,False,False
PP,Producer Prices,554,New Zealand,5530,Producer Price (LCU/tonne),01270,Mushrooms and truffles,2001,2001,7021,Annual value,LCU,3500.0,A,Official figure,NZL,False,False
PP,Producer Prices,554,New Zealand,5530,Producer Price (LCU/tonne),02910,Natural honey,1991,1991,7021,Annual value,LCU,2000.0,A,Official figure,NZL,False,False
PP,Producer Prices,554,New Zealand,5530,Producer Price (LCU/tonne),02910,Natural honey,1992,1992,7021,Annual value,LCU,2000.0,A,Official figure,NZL,False,False
PP,Producer Prices,554,New Zealand,5530,Producer Price (LCU/tonne),02910,Natural honey,1993,1993,7021,Annual value,LCU,2000.0,A,Official figure,NZL,False,False
PP,Producer Prices,554,New Zealand,5530,Producer Price (LCU/tonne),02910,Natural honey,1994,1994,7021,Annual value,LCU,2100.0,A,Official figure,NZL,False,False
PP,Producer Prices,554,New Zealand,5530,Producer Price (LCU/tonne),02910,Natural honey,1995,1995,7021,Annual value,LCU,1950.0,A,Official figure,NZL,False,False
PP,Producer Prices,554,New Zealand,5530,Producer Price (LCU/tonne),02910,Natural honey,1996,1996,7021,Annual value,LCU,2100.0,A,Official figure,NZL,False,False
PP,Producer Prices,554,New Zealand,5530,Producer Price (LCU/tonne),02910,Natural honey,1997,1997,7021,Annual value,LCU,2150.0,A,Official figure,NZL,False,False
PP,Producer Prices,554,New Zealand,5530,Producer Price (LCU/tonne),02910,Natural honey,1998,1998,7021,Annual value,LCU,2300.0,A,Official figure,NZL,False,False
PP,Producer Prices,554,New Zealand,5530,Producer Price (LCU/tonne),02910,Natural honey,1999,1999,7021,Annual value,LCU,2500.0,A,Official figure,NZL,False,False
PP,Producer Prices,554,New Zealand,5530,Producer Price (LCU/tonne),02910,Natural honey,2000,2000,7021,Annual value,LCU,2500.0,A,Official figure,NZL,False,False
PP,Producer Prices,554,New Zealand,5530,Producer Price (LCU/tonne),02910,Natural honey,2001,2001,7021,Annual value,LCU,2600.0,A,Official figure,NZL,False,False
PP,Producer Prices,554,New Zealand,5530,Producer Price (LCU/tonne),02910,Natural honey,2002,2002,7021,Annual value,LCU,3500.0,A,Official figure,NZL,False,False
PP,Producer Prices,554,New Zealand,5530,Producer Price (LCU/tonne),02910,Natural honey,2003,2003,7021,Annual value,LCU,4500.0,A,Official figure,NZL,False,True
PP,Producer Prices,554,New Zealand,5530,Producer Price (LCU/tonne),0117,Oats,1991,1991,7021,Annual value,LCU,215.0,A,Official figure,NZL,False,False
PP,Producer Prices,554,New Zealand,5530,Producer Price (LCU/tonne),0117,Oats,1992,1992,7021,Annual value,LCU,215.0,A,Official figure,NZL,False,False
PP,Producer Prices,554,New Zealand,5530,Producer Price (LCU/tonne),0117,Oats,1993,1993,7021,Annual value,LCU,220.0,A,Official figure,NZL,False,False
PP,Producer Prices,554,New Zealand,5530,Producer Price (LCU/tonne),0117,Oats,1994,1994,7021,Annual value,LCU,240.0,A,Official figure,NZL,False,False
PP,Producer Prices,554,New Zealand,5530,Producer Price (LCU/tonne),0117,Oats,1995,1995,7021,Annual value,LCU,240.0,A,Official figure,NZL,False,False
PP,Producer Prices,554,New Zealand,5530,Producer Price (LCU/tonne),0117,Oats,1996,1996,7021,Annual value,LCU,220.0,A,Official figure,NZL,False,False
PP,Producer Prices,554,New Zealand,5530,Producer Price (LCU/tonne),0117,Oats,1997,1997,7021,Annual value,LCU,250.0,A,Official figure,NZL,False,False
PP,Producer Prices,554,New Zealand,5530,Producer Price (LCU/tonne),0117,Oats,1998,1998,7021,Annual value,LCU,215.0,A,Official figure,NZL,False,False
PP,Producer Prices,554,New Zealand,5530,Producer Price (LCU/tonne),0117,Oats,1999,1999,7021,Annual value,LCU,198.0,A,Official figure,NZL,False,False
PP,Producer Prices,554,New Zealand,5530,Producer Price (LCU/tonne),0117,Oats,2000,2000,7021,Annual value,LCU,192.0,A,Official figure,NZL,False,False
PP,Producer Prices,554,New Zealand,5530,Producer Price (LCU/tonne),0117,Oats,2001,2001,7021,Annual value,LCU,200.0,A,Official figure,NZL,False,False
PP,Producer Prices,554,New Zealand,5530,Producer Price (LCU/tonne),0117,Oats,2002,2002,7021,Annual value,LCU,250.0,A,Official figure,NZL,False,False
PP,Producer Prices,554,New Zealand,5530,Producer Price (LCU/tonne),0117,Oats,2003,2003,7021,Annual value,LCU,300.0,A,Official figure,NZL,False,False
PP,Producer Prices,554,New Zealand,5530,Producer Price (LCU/tonne),0117,Oats,2004,2004,7021,Annual value,LCU,290.0,A,Official figure,NZL,False,False
PP,Producer Prices,554,New Zealand,5530,Producer Price (LCU/tonne),0117,Oats,2005,2005,7021,Annual value,LCU,290.0,A,Official figure,NZL,False,False
PP,Producer Prices,554,New Zealand,5530,Producer Price (LCU/tonne),0117,Oats,2006,2006,7021,Annual value,LCU,290.0,A,Official figure,NZL,False,False
PP,Producer Prices,554,New Zealand,5530,Producer Price (LCU/tonne),0117,Oats,2007,2007,7021,Annual value,LCU,321.0,A,Official figure,NZL,False,False
PP,Producer Prices,554,New Zealand,5530,Producer Price (LCU/tonne),0117,Oats,2008,2008,7021,Annual value,LCU,387.0,A,Official figure,NZL,False,False
PP,Producer Prices,554,New Zealand,5530,Producer Price (LCU/tonne),0117,Oats,2009,2009,7021,Annual value,LCU,529.0,A,Official figure,NZL,False,False
PP,Producer Prices,554,New Zealand,5530,Producer Price (LCU/tonne),0117,Oats,2010,2010,7021,Annual value,LCU,427.0,A,Official figure,NZL,False,False
PP,Producer Prices,554,New Zealand,5530,Producer Price (LCU/tonne),0117,Oats,2011,2011,7021,Annual value,LCU,366.0,A,Official figure,NZL,False,False
PP,Producer Prices,554,New Zealand,5530,Producer Price (LCU/tonne),0117,Oats,2012,2012,7021,Annual value,LCU,473.0,A,Official figure,NZL,False,False
PP,Producer Prices,554,New Zealand,5530,Producer Price (LCU/tonne),0117,Oats,2013,2013,7021,Annual value,LCU,412.0,A,Official figure,NZL,False,False
PP,Producer Prices,554,New Zealand,5530,Producer Price (LCU/tonne),0117,Oats,2014,2014,7021,Annual value,LCU,451.0,A,Official figure,NZL,False,False
PP,Producer Prices,554,New Zealand,5530,Producer Price (LCU/tonne),0117,Oats,2015,2015,7021,Annual value,LCU,420.0,A,Official figure,NZL,False,False
PP,Producer Prices,554,New Zealand,5530,Producer Price (LCU/tonne),0117,Oats,2016,2016,7021,Annual value,LCU,400.0,A,Official figure,NZL,False,False
PP,Producer Prices,554,New Zealand,5530,Producer Price (LCU/tonne),0117,Oats,2017,2017,7021,Annual value,LCU,400.0,A,Official figure,NZL,False,False
PP,Producer Prices,554,New Zealand,5530,Producer Price (LCU/tonne),0117,Oats,2018,2018,7021,Annual value,LCU,320.0,A,Official figure,NZL,False,False
PP,Producer Prices,554,New Zealand,5530,Producer Price (LCU/tonne),0117,Oats,2019,2019,7021,Annual value,LCU,370.0,A,Official figure,NZL,False,False
PP,Producer Prices,554,New Zealand,5530,Producer Price (LCU/tonne),0117,Oats,2020,2020,7021,Annual value,LCU,388.4,A,Official figure,NZL,False,False
PP,Producer Prices,554,New Zealand,5530,Producer Price (LCU/tonne),0117,Oats,2021,2021,7021,Annual value,LCU,399.0,A,Official figure,NZL,False,False
PP,Producer Prices,554,New Zealand,5530,Producer Price (LCU/tonne),0117,Oats,2022,2022,7021,Annual value,LCU,454.0,A,Official figure,NZL,False,False
PP,Producer Prices,554,New Zealand,5530,Producer Price (LCU/tonne),0117,Oats,2023,2023,7021,Annual value,LCU,615.0,A,Official figure,NZL,False,False
PP,Producer Prices,554,New Zealand,5530,Producer Price (LCU/tonne),0117,Oats,2024,2024,7021,Annual value,LCU,546.0,A,Official figure,NZL,False,False
PP,Producer Prices,554,New Zealand,5530,Producer Price (LCU/tonne),01253.02,"Onions and shallots, dry (excluding dehydrated)",1991,1991,7021,Annual value,LCU,520.0,A,Official figure,NZL,False,False
PP,Producer Prices,554,New Zealand,5530,Producer Price (LCU/tonne),01253.02,"Onions and shallots, dry (excluding dehydrated)",1992,1992,7021,Annual value,LCU,250.0,A,Official figure,NZL,False,False
PP,Producer Prices,554,New Zealand,5530,Producer Price (LCU/tonne),01253.02,"Onions and shallots, dry (excluding dehydrated)",1993,1993,7021,Annual value,LCU,400.0,A,Official figure,NZL,False,False
PP,Producer Prices,554,New Zealand,5530,Producer Price (LCU/tonne),01253.02,"Onions and shallots, dry (excluding dehydrated)",1994,1994,7021,Annual value,LCU,600.0,A,Official figure,NZL,False,False
PP,Producer Prices,554,New Zealand,5530,Producer Price (LCU/tonne),01253.02,"Onions and shallots, dry (excluding dehydrated)",1995,1995,7021,Annual value,LCU,600.0,A,Official figure,NZL,False,False
PP,Producer Prices,554,New Zealand,5530,Producer Price (LCU/tonne),01253.02,"Onions and shallots, dry (excluding dehydrated)",1996,1996,7021,Annual value,LCU,600.0,A,Official figure,NZL,False,False
PP,Producer Prices,554,New Zealand,5530,Producer Price (LCU/tonne),01253.02,"Onions and shallots, dry (excluding dehydrated)",1997,1997,7021,Annual value,LCU,250.0,A,Official figure,NZL,False,False
PP,Producer Prices,554,New Zealand,5530,Producer Price (LCU/tonne),01253.02,"Onions and shallots, dry (excluding dehydrated)",1998,1998,7021,Annual value,LCU,700.0,A,Official figure,NZL,False,False
PP,Producer Prices,554,New Zealand,5530,Producer Price (LCU/tonne),01253.02,"Onions and shallots, dry (excluding dehydrated)",1999,1999,7021,Annual value,LCU,575.0,A,Official figure,NZL,False,False
PP,Producer Prices,554,New Zealand,5530,Producer Price (LCU/tonne),01253.02,"Onions and shallots, dry (excluding dehydrated)",2000,2000,7021,Annual value,LCU,150.0,A,Official figure,NZL,False,False
PP,Producer Prices,554,New Zealand,5530,Producer Price (LCU/tonne),01253.02,"Onions and shallots, dry (excluding dehydrated)",2001,2001,7021,Annual value,LCU,375.0,A,Official figure,NZL,False,False
PP,Producer Prices,554,New Zealand,5530,Producer Price (LCU/tonne),01253.02,"Onions and shallots, dry (excluding dehydrated)",2002,2002,7021,Annual value,LCU,350.0,A,Official figure,NZL,False,False
PP,Producer Prices,554,New Zealand,5530,Producer Price (LCU/tonne),01253.02,"Onions and shallots, dry (excluding dehydrated)",2003,2003,7021,Annual value,LCU,350.0,A,Official figure,NZL,False,False
PP,Producer Prices,554,New Zealand,5530,Producer Price (LCU/tonne),01253.02,"Onions and shallots, dry (excluding dehydrated)",2004,2004,7021,Annual value,LCU,210.0,A,Official figure,NZL,False,False
PP,Producer Prices,554,New Zealand,5530,Producer Price (LCU/tonne),01253.02,"Onions and shallots, dry (excluding dehydrated)",2005,2005,7021,Annual value,LCU,325.0,A,Official figure,NZL,False,False
PP,Producer Prices,554,New Zealand,5530,Producer Price (LCU/tonne),01253.02,"Onions and shallots, dry (excluding dehydrated)",2006,2006,7021,Annual value,LCU,325.0,A,Official figure,NZL,False,False
PP,Producer Prices,554,New Zealand,5530,Producer Price (LCU/tonne),01253.02,"Onions and shallots, dry (excluding dehydrated)",2007,2007,7021,Annual value,LCU,440.0,A,Official figure,NZL,False,False
PP,Producer Prices,554,New Zealand,5530,Producer Price (LCU/tonne),01253.02,"Onions and shallots, dry (excluding dehydrated)",2008,2008,7021,Annual value,LCU,350.0,A,Official figure,NZL,False,False
PP,Producer Prices,554,New Zealand,5530,Producer Price (LCU/tonne),01253.02,"Onions and shallots, dry (excluding dehydrated)",2009,2009,7021,Annual value,LCU,350.0,A,Official figure,NZL,False,False
PP,Producer Prices,554,New Zealand,5530,Producer Price (LCU/tonne),01323,Oranges,1991,1991,7021,Annual value,LCU,600.0,A,Official figure,NZL,False,False
PP,Producer Prices,554,New Zealand,5530,Producer Price (LCU/tonne),01323,Oranges,1992,1992,7021,Annual value,LCU,600.0,A,Official figure,NZL,False,False
PP,Producer Prices,554,New Zealand,5530,Producer Price (LCU/tonne),01323,Oranges,1993,1993,7021,Annual value,LCU,450.0,A,Official figure,NZL,False,False
PP,Producer Prices,554,New Zealand,5530,Producer Price (LCU/tonne),01323,Oranges,1994,1994,7021,Annual value,LCU,450.0,A,Official figure,NZL,False,False
PP,Producer Prices,554,New Zealand,5530,Producer Price (LCU/tonne),01323,Oranges,1995,1995,7021,Annual value,LCU,300.0,A,Official figure,NZL,False,False
PP,Producer Prices,554,New Zealand,5530,Producer Price (LCU/tonne),01323,Oranges,1996,1996,7021,Annual value,LCU,300.0,A,Official figure,NZL,False,False
PP,Producer Prices,554,New Zealand,5530,Producer Price (LCU/tonne),01323,Oranges,1997,1997,7021,Annual value,LCU,300.0,A,Official figure,NZL,False,False
PP,Producer Prices,554,New Zealand,5530,Producer Price (LCU/tonne),01323,Oranges,1998,1998,7021,Annual value,LCU,350.0,A,Official figure,NZL,False,False
PP,Producer Prices,554,New Zealand,5530,Producer Price (LCU/tonne),01323,Oranges,1999,1999,7021,Annual value,LCU,500.0,A,Official figure,NZL,False,False
PP,Producer Prices,554,New Zealand,5530,Producer Price (LCU/tonne),01323,Oranges,2000,2000,7021,Annual value,LCU,550.0,A,Official figure,NZL,False,False
PP,Producer Prices,554,New Zealand,5530,Producer Price (LCU/tonne),01323,Oranges,2001,2001,7021,Annual value,LCU,550.0,A,Official figure,NZL,False,False
PP,Producer Prices,554,New Zealand,5530,Producer Price (LCU/tonne),01323,Oranges,2002,2002,7021,Annual value,LCU,500.0,A,Official figure,NZL,False,False
PP,Producer Prices,554,New Zealand,5530,Producer Price (LCU/tonne),01323,Oranges,2003,2003,7021,Annual value,LCU,500.0,A,Official figure,NZL,False,False
PP,Producer Prices,554,New Zealand,5530,Producer Price (LCU/tonne),01323,Oranges,2004,2004,7021,Annual value,LCU,300.0,A,Official figure,NZL,False,False
PP,Producer Prices,554,New Zealand,5530,Producer Price (LCU/tonne),01323,Oranges,2005,2005,7021,Annual value,LCU,350.0,A,Official figure,NZL,False,False
PP,Producer Prices,554,New Zealand,5530,Producer Price (LCU/tonne),01241.90,"Other beans, green",2002,2002,7021,Annual value,LCU,210.0,A,Official figure,NZL,False,False
PP,Producer Prices,554,New Zealand,5530,Producer Price (LCU/tonne),01241.90,"Other beans, green",2003,2003,7021,Annual value,LCU,210.0,A,Official figure,NZL,False,False
PP,Producer Prices,554,New Zealand,5530,Producer Price (LCU/tonne),01355.90,Other berries and fruits of the genus vaccinium n.e.c.,1991,1991,7021,Annual value,LCU,4600.0,A,Official figure,NZL,False,False
PP,Producer Prices,554,New Zealand,5530,Producer Price (LCU/tonne),01355.90,Other berries and fruits of the genus vaccinium n.e.c.,1992,1992,7021,Annual value,LCU,4600.0,A,Official figure,NZL,False,False
PP,Producer Prices,554,New Zealand,5530,Producer Price (LCU/tonne),01355.90,Other berries and fruits of the genus vaccinium n.e.c.,1993,1993,7021,Annual value,LCU,4528.0,A,Official figure,NZL,False,False
PP,Producer Prices,554,New Zealand,5530,Producer Price (LCU/tonne),01355.90,Other berries and fruits of the genus vaccinium n.e.c.,1994,1994,7021,Annual value,LCU,3418.0,A,Official figure,NZL,False,False
PP,Producer Prices,554,New Zealand,5530,Producer Price (LCU/tonne),01355.90,Other berries and fruits of the genus vaccinium n.e.c.,1995,1995,7021,Annual value,LCU,3870.0,A,Official figure,NZL,False,False
PP,Producer Prices,554,New Zealand,5530,Producer Price (LCU/tonne),01355.90,Other berries and fruits of the genus vaccinium n.e.c.,1996,1996,7021,Annual value,LCU,4573.0,A,Official figure,NZL,False,False
PP,Producer Prices,554,New Zealand,5530,Producer Price (LCU/tonne),01355.90,Other berries and fruits of the genus vaccinium n.e.c.,1997,1997,7021,Annual value,LCU,5064.0,A,Official figure,NZL,False,False
PP,Producer Prices,554,New Zealand,5530,Producer Price (LCU/tonne),01355.90,Other berries and fruits of the genus vaccinium n.e.c.,1998,1998,7021,Annual value,LCU,4645.0,A,Official figure,NZL,False,False
PP,Producer Prices,554,New Zealand,5530,Producer Price (LCU/tonne),01355.90,Other berries and fruits of the genus vaccinium n.e.c.,1999,1999,7021,Annual value,LCU,6768.0,A,Official figure,NZL,False,False
PP,Producer Prices,554,New Zealand,5530,Producer Price (LCU/tonne),01355.90,Other berries and fruits of the genus vaccinium n.e.c.,2000,2000,7021,Annual value,LCU,7370.0,A,Official figure,NZL,False,False
PP,Producer Prices,554,New Zealand,5530,Producer Price (LCU/tonne),01355.90,Other berries and fruits of the genus vaccinium n.e.c.,2001,2001,7021,Annual value,LCU,9000.0,A,Official figure,NZL,False,False
PP,Producer Prices,554,New Zealand,5530,Producer Price (LCU/tonne),01355.90,Other berries and fruits of the genus vaccinium n.e.c.,2002,2002,7021,Annual value,LCU,10193.0,A,Official figure,NZL,False,False
PP,Producer Prices,554,New Zealand,5530,Producer Price (LCU/tonne),01355.90,Other berries and fruits of the genus vaccinium n.e.c.,2003,2003,7021,Annual value,LCU,8080.3,A,Official figure,NZL,False,False
PP,Producer Prices,554,New Zealand,5530,Producer Price (LCU/tonne),01345,Peaches and nectarines,1991,1991,7021,Annual value,LCU,1000.0,A,Official figure,NZL,False,False
PP,Producer Prices,554,New Zealand,5530,Producer Price (LCU/tonne),01345,Peaches and nectarines,1992,1992,7021,Annual value,LCU,956.0,A,Official figure,NZL,False,False
PP,Producer Prices,554,New Zealand,5530,Producer Price (LCU/tonne),01345,Peaches and nectarines,1993,1993,7021,Annual value,LCU,1281.0,A,Official figure,NZL,False,False
PP,Producer Prices,554,New Zealand,5530,Producer Price (LCU/tonne),01345,Peaches and nectarines,1994,1994,7021,Annual value,LCU,824.0,A,Official figure,NZL,False,False
PP,Producer Prices,554,New Zealand,5530,Producer Price (LCU/tonne),01345,Peaches and nectarines,1995,1995,7021,Annual value,LCU,841.0,A,Official figure,NZL,False,False
PP,Producer Prices,554,New Zealand,5530,Producer Price (LCU/tonne),01345,Peaches and nectarines,1996,1996,7021,Annual value,LCU,831.0,A,Official figure,NZL,False,False
PP,Producer Prices,554,New Zealand,5530,Producer Price (LCU/tonne),01345,Peaches and nectarines,1997,1997,7021,Annual value,LCU,866.0,A,Official figure,NZL,False,False
PP,Producer Prices,554,New Zealand,5530,Producer Price (LCU/tonne),01345,Peaches and nectarines,1998,1998,7021,Annual value,LCU,878.0,A,Official figure,NZL,False,False
PP,Producer Prices,554,New Zealand,5530,Producer Price (LCU/tonne),01345,Peaches and nectarines,1999,1999,7021,Annual value,LCU,1189.0,A,Official figure,NZL,False,False
PP,Producer Prices,554,New Zealand,5530,Producer Price (LCU/tonne),01345,Peaches and nectarines,2000,2000,7021,Annual value,LCU,966.0,A,Official figure,NZL,False,False
PP,Producer Prices,554,New Zealand,5530,Producer Price (LCU/tonne),01345,Peaches and nectarines,2001,2001,7021,Annual value,LCU,1501.0,A,Official figure,NZL,False,False
PP,Producer Prices,554,New Zealand,5530,Producer Price (LCU/tonne),01345,Peaches and nectarines,2002,2002,7021,Annual value,LCU,901.0,A,Official figure,NZL,False,False
PP,Producer Prices,554,New Zealand,5530,Producer Price (LCU/tonne),01345,Peaches and nectarines,2003,2003,7021,Annual value,LCU,2697.0,A,Official figure,NZL,False,False
PP,Producer Prices,554,New Zealand,5530,Producer Price (LCU/tonne),01345,Peaches and nectarines,2004,2004,7021,Annual value,LCU,1400.0,A,Official figure,NZL,False,False
PP,Producer Prices,554,New Zealand,5530,Producer Price (LCU/tonne),01345,Peaches and nectarines,2005,2005,7021,Annual value,LCU,1600.0,A,Official figure,NZL,False,False
PP,Producer Prices,554,New Zealand,5530,Producer Price (LCU/tonne),01342.01,Pears,1991,1991,7021,Annual value,LCU,690.0,A,Official figure,NZL,False,False
PP,Producer Prices,554,New Zealand,5530,Producer Price (LCU/tonne),01342.01,Pears,1992,1992,7021,Annual value,LCU,580.0,A,Official figure,NZL,False,False
PP,Producer Prices,554,New Zealand,5530,Producer Price (LCU/tonne),01342.01,Pears,1993,1993,7021,Annual value,LCU,280.0,A,Official figure,NZL,False,False
PP,Producer Prices,554,New Zealand,5530,Producer Price (LCU/tonne),01342.01,Pears,1994,1994,7021,Annual value,LCU,460.0,A,Official figure,NZL,False,False
PP,Producer Prices,554,New Zealand,5530,Producer Price (LCU/tonne),01342.01,Pears,1995,1995,7021,Annual value,LCU,510.0,A,Official figure,NZL,False,False
PP,Producer Prices,554,New Zealand,5530,Producer Price (LCU/tonne),01342.01,Pears,1996,1996,7021,Annual value,LCU,390.0,A,Official figure,NZL,False,False
PP,Producer Prices,554,New Zealand,5530,Producer Price (LCU/tonne),01342.01,Pears,1997,1997,7021,Annual value,LCU,380.0,A,Official figure,NZL,False,False
PP,Producer Prices,554,New Zealand,5530,Producer Price (LCU/tonne),01342.01,Pears,1998,1998,7021,Annual value,LCU,490.0,A,Official figure,NZL,False,False
PP,Producer Prices,554,New Zealand,5530,Producer Price (LCU/tonne),01705,"Peas, dry",1991,1991,7021,Annual value,LCU,350.0,A,Official figure,NZL,False,False
PP,Producer Prices,554,New Zealand,5530,Producer Price (LCU/tonne),01705,"Peas, dry",1992,1992,7021,Annual value,LCU,355.0,A,Official figure,NZL,False,False
PP,Producer Prices,554,New Zealand,5530,Producer Price (LCU/tonne),01705,"Peas, dry",1993,1993,7021,Annual value,LCU,360.0,A,Official figure,NZL,False,False
PP,Producer Prices,554,New Zealand,5530,Producer Price (LCU/tonne),01705,"Peas, dry",1994,1994,7021,Annual value,LCU,360.0,A,Official figure,NZL,False,False
PP,Producer Prices,554,New Zealand,5530,Producer Price (LCU/tonne),01705,"Peas, dry",1995,1995,7021,Annual value,LCU,365.0,A,Official figure,NZL,False,False
PP,Producer Prices,554,New Zealand,5530,Producer Price (LCU/tonne),01705,"Peas, dry",1996,1996,7021,Annual value,LCU,353.0,A,Official figure,NZL,False,False
PP,Producer Prices,554,New Zealand,5530,Producer Price (LCU/tonne),01705,"Peas, dry",1997,1997,7021,Annual value,LCU,378.0,A,Official figure,NZL,False,False
PP,Producer Prices,554,New Zealand,5530,Producer Price (LCU/tonne),01705,"Peas, dry",1998,1998,7021,Annual value,LCU,406.0,A,Official figure,NZL,False,False
PP,Producer Prices,554,New Zealand,5530,Producer Price (LCU/tonne),01705,"Peas, dry",1999,1999,7021,Annual value,LCU,324.0,A,Official figure,NZL,False,False
PP,Producer Prices,554,New Zealand,5530,Producer Price (LCU/tonne),01705,"Peas, dry",2000,2000,7021,Annual value,LCU,283.0,A,Official figure,NZL,False,False
PP,Producer Prices,554,New Zealand,5530,Producer Price (LCU/tonne),01705,"Peas, dry",2001,2001,7021,Annual value,LCU,355.0,A,Official figure,NZL,False,False
PP,Producer Prices,554,New Zealand,5530,Producer Price (LCU/tonne),01705,"Peas, dry",2002,2002,7021,Annual value,LCU,386.0,A,Official figure,NZL,False,False
PP,Producer Prices,554,New Zealand,5530,Producer Price (LCU/tonne),01705,"Peas, dry",2003,2003,7021,Annual value,LCU,473.0,A,Official figure,NZL,False,False
PP,Producer Prices,554,New Zealand,5530,Producer Price (LCU/tonne),01705,"Peas, dry",2004,2004,7021,Annual value,LCU,517.0,A,Official figure,NZL,False,False
PP,Producer Prices,554,New Zealand,5530,Producer Price (LCU/tonne),01705,"Peas, dry",2005,2005,7021,Annual value,LCU,523.0,A,Official figure,NZL,False,False
PP,Producer Prices,554,New Zealand,5530,Producer Price (LCU/tonne),01705,"Peas, dry",2006,2006,7021,Annual value,LCU,480.0,A,Official figure,NZL,False,False
PP,Producer Prices,554,New Zealand,5530,Producer Price (LCU/tonne),01705,"Peas, dry",2007,2007,7021,Annual value,LCU,531.0,A,Official figure,NZL,False,False
PP,Producer Prices,554,New Zealand,5530,Producer Price (LCU/tonne),01705,"Peas, dry",2008,2008,7021,Annual value,LCU,640.0,A,Official figure,NZL,False,False
PP,Producer Prices,554,New Zealand,5530,Producer Price (LCU/tonne),01705,"Peas, dry",2009,2009,7021,Annual value,LCU,876.0,A,Official figure,NZL,False,False
PP,Producer Prices,554,New Zealand,5530,Producer Price (LCU/tonne),01705,"Peas, dry",2010,2010,7021,Annual value,LCU,707.0,A,Official figure,NZL,False,False
PP,Producer Prices,554,New Zealand,5530,Producer Price (LCU/tonne),01242,"Peas, green",1994,1994,7021,Annual value,LCU,300.0,A,Official figure,NZL,False,False
PP,Producer Prices,554,New Zealand,5530,Producer Price (LCU/tonne),01242,"Peas, green",1995,1995,7021,Annual value,LCU,300.0,A,Official figure,NZL,False,False
PP,Producer Prices,554,New Zealand,5530,Producer Price (LCU/tonne),01242,"Peas, green",1996,1996,7021,Annual value,LCU,300.0,A,Official figure,NZL,False,False
PP,Producer Prices,554,New Zealand,5530,Producer Price (LCU/tonne),01242,"Peas, green",1997,1997,7021,Annual value,LCU,300.0,A,Official figure,NZL,False,False
PP,Producer Prices,554,New Zealand,5530,Producer Price (LCU/tonne),01242,"Peas, green",1998,1998,7021,Annual value,LCU,300.0,A,Official figure,NZL,False,False
PP,Producer Prices,554,New Zealand,5530,Producer Price (LCU/tonne),01242,"Peas, green",1999,1999,7021,Annual value,LCU,300.0,A,Official figure,NZL,False,False
PP,Producer Prices,554,New Zealand,5530,Producer Price (LCU/tonne),01242,"Peas, green",2000,2000,7021,Annual value,LCU,300.0,A,Official figure,NZL,False,False
PP,Producer Prices,554,New Zealand,5530,Producer Price (LCU/tonne),01242,"Peas, green",2001,2001,7021,Annual value,LCU,300.0,A,Official figure,NZL,False,False
PP,Producer Prices,554,New Zealand,5530,Producer Price (LCU/tonne),01242,"Peas, green",2002,2002,7021,Annual value,LCU,315.0,A,Official figure,NZL,False,False
PP,Producer Prices,554,New Zealand,5530,Producer Price (LCU/tonne),01242,"Peas, green",2003,2003,7021,Annual value,LCU,290.0,A,Official figure,NZL,False,False
PP,Producer Prices,554,New Zealand,5530,Producer Price (LCU/tonne),01242,"Peas, green",2004,2004,7021,Annual value,LCU,258.0,A,Official figure,NZL,False,True
PP,Producer Prices,554,New Zealand,5530,Producer Price (LCU/tonne),01242,"Peas, green",2005,2005,7021,Annual value,LCU,330.0,A,Official figure,NZL,False,True
PP,Producer Prices,554,New Zealand,5530,Producer Price (LCU/tonne),01242,"Peas, green",2006,2006,7021,Annual value,LCU,330.0,A,Official figure,NZL,False,True
PP,Producer Prices,554,New Zealand,5530,Producer Price (LCU/tonne),01242,"Peas, green",2007,2007,7021,Annual value,LCU,265.0,A,Official figure,NZL,False,True
PP,Producer Prices,554,New Zealand,5530,Producer Price (LCU/tonne),01242,"Peas, green",2008,2008,7021,Annual value,LCU,265.0,A,Official figure,NZL,False,True
PP,Producer Prices,554,New Zealand,5530,Producer Price (LCU/tonne),01242,"Peas, green",2009,2009,7021,Annual value,LCU,380.0,A,Official figure,NZL,False,True
PP,Producer Prices,554,New Zealand,5530,Producer Price (LCU/tonne),01359.01,Persimmons,2007,2007,7021,Annual value,LCU,2340.0,A,Official figure,NZL,False,False
PP,Producer Prices,554,New Zealand,5530,Producer Price (LCU/tonne),01359.01,Persimmons,2008,2008,7021,Annual value,LCU,1920.0,A,Official figure,NZL,False,False
PP,Producer Prices,554,New Zealand,5530,Producer Price (LCU/tonne),01359.01,Persimmons,2009,2009,7021,Annual value,LCU,2190.0,A,Official figure,NZL,False,False
PP,Producer Prices,554,New Zealand,5530,Producer Price (LCU/tonne),01346,Plums and sloes,1991,1991,7021,Annual value,LCU,1000.0,A,Official figure,NZL,False,False
PP,Producer Prices,554,New Zealand,5530,Producer Price (LCU/tonne),01346,Plums and sloes,1992,1992,7021,Annual value,LCU,1022.0,A,Official figure,NZL,False,False
PP,Producer Prices,554,New Zealand,5530,Producer Price (LCU/tonne),01346,Plums and sloes,1993,1993,7021,Annual value,LCU,1047.0,A,Official figure,NZL,False,False
PP,Producer Prices,554,New Zealand,5530,Producer Price (LCU/tonne),01346,Plums and sloes,1994,1994,7021,Annual value,LCU,1047.0,A,Official figure,NZL,False,False
PP,Producer Prices,554,New Zealand,5530,Producer Price (LCU/tonne),01346,Plums and sloes,1995,1995,7021,Annual value,LCU,1191.0,A,Official figure,NZL,False,False
PP,Producer Prices,554,New Zealand,5530,Producer Price (LCU/tonne),01346,Plums and sloes,1996,1996,7021,Annual value,LCU,1010.0,A,Official figure,NZL,False,False
PP,Producer Prices,554,New Zealand,5530,Producer Price (LCU/tonne),01346,Plums and sloes,1997,1997,7021,Annual value,LCU,1023.0,A,Official figure,NZL,False,False
PP,Producer Prices,554,New Zealand,5530,Producer Price (LCU/tonne),01346,Plums and sloes,1998,1998,7021,Annual value,LCU,1003.0,A,Official figure,NZL,False,False
PP,Producer Prices,554,New Zealand,5530,Producer Price (LCU/tonne),01346,Plums and sloes,1999,1999,7021,Annual value,LCU,1714.0,A,Official figure,NZL,False,False
PP,Producer Prices,554,New Zealand,5530,Producer Price (LCU/tonne),01346,Plums and sloes,2000,2000,7021,Annual value,LCU,1474.0,A,Official figure,NZL,False,False
PP,Producer Prices,554,New Zealand,5530,Producer Price (LCU/tonne),01346,Plums and sloes,2001,2001,7021,Annual value,LCU,3165.0,A,Official figure,NZL,False,False
PP,Producer Prices,554,New Zealand,5530,Producer Price (LCU/tonne),01346,Plums and sloes,2002,2002,7021,Annual value,LCU,2244.0,A,Official figure,NZL,False,False
PP,Producer Prices,554,New Zealand,5530,Producer Price (LCU/tonne),01346,Plums and sloes,2003,2003,7021,Annual value,LCU,3564.0,A,Official figure,NZL,False,False
PP,Producer Prices,554,New Zealand,5530,Producer Price (LCU/tonne),01346,Plums and sloes,2004,2004,7021,Annual value,LCU,2100.0,A,Official figure,NZL,False,False
PP,Producer Prices,554,New Zealand,5530,Producer Price (LCU/tonne),01346,Plums and sloes,2005,2005,7021,Annual value,LCU,2800.0,A,Official figure,NZL,False,False
PP,Producer Prices,554,New Zealand,5530,Producer Price (LCU/tonne),01321,Pomelos and grapefruits,1991,1991,7021,Annual value,LCU,250.0,A,Official figure,NZL,False,False
PP,Producer Prices,554,New Zealand,5530,Producer Price (LCU/tonne),01321,Pomelos and grapefruits,1992,1992,7021,Annual value,LCU,300.0,A,Official figure,NZL,False,False
PP,Producer Prices,554,New Zealand,5530,Producer Price (LCU/tonne),01321,Pomelos and grapefruits,1993,1993,7021,Annual value,LCU,350.0,A,Official figure,NZL,False,False
PP,Producer Prices,554,New Zealand,5530,Producer Price (LCU/tonne),01321,Pomelos and grapefruits,1994,1994,7021,Annual value,LCU,350.0,A,Official figure,NZL,False,False
PP,Producer Prices,554,New Zealand,5530,Producer Price (LCU/tonne),01321,Pomelos and grapefruits,1995,1995,7021,Annual value,LCU,500.0,A,Official figure,NZL,False,False
PP,Producer Prices,554,New Zealand,5530,Producer Price (LCU/tonne),01321,Pomelos and grapefruits,1996,1996,7021,Annual value,LCU,200.0,A,Official figure,NZL,False,False
PP,Producer Prices,554,New Zealand,5530,Producer Price (LCU/tonne),01321,Pomelos and grapefruits,1997,1997,7021,Annual value,LCU,200.0,A,Official figure,NZL,False,False
PP,Producer Prices,554,New Zealand,5530,Producer Price (LCU/tonne),01321,Pomelos and grapefruits,1998,1998,7021,Annual value,LCU,200.0,A,Official figure,NZL,False,False
PP,Producer Prices,554,New Zealand,5530,Producer Price (LCU/tonne),01321,Pomelos and grapefruits,1999,1999,7021,Annual value,LCU,200.0,A,Official figure,NZL,False,False
PP,Producer Prices,554,New Zealand,5530,Producer Price (LCU/tonne),01321,Pomelos and grapefruits,2000,2000,7021,Annual value,LCU,200.0,A,Official figure,NZL,False,False
PP,Producer Prices,554,New Zealand,5530,Producer Price (LCU/tonne),01321,Pomelos and grapefruits,2001,2001,7021,Annual value,LCU,200.0,A,Official figure,NZL,False,False
PP,Producer Prices,554,New Zealand,5530,Producer Price (LCU/tonne),01321,Pomelos and grapefruits,2002,2002,7021,Annual value,LCU,200.0,A,Official figure,NZL,False,False
PP,Producer Prices,554,New Zealand,5530,Producer Price (LCU/tonne),01321,Pomelos and grapefruits,2003,2003,7021,Annual value,LCU,200.0,A,Official figure,NZL,False,False
PP,Producer Prices,554,New Zealand,5530,Producer Price (LCU/tonne),01321,Pomelos and grapefruits,2004,2004,7021,Annual value,LCU,400.0,A,Official figure,NZL,False,False
PP,Producer Prices,554,New Zealand,5530,Producer Price (LCU/tonne),01321,Pomelos and grapefruits,2005,2005,7021,Annual value,LCU,400.0,A,Official figure,NZL,False,False
PP,Producer Prices,554,New Zealand,5530,Producer Price (LCU/tonne),01510,Potatoes,1991,1991,7021,Annual value,LCU,300.0,A,Official figure,NZL,False,False
PP,Producer Prices,554,New Zealand,5530,Producer Price (LCU/tonne),01510,Potatoes,1992,1992,7021,Annual value,LCU,325.0,A,Official figure,NZL,False,False
PP,Producer Prices,554,New Zealand,5530,Producer Price (LCU/tonne),01510,Potatoes,1993,1993,7021,Annual value,LCU,350.0,A,Official figure,NZL,False,False
PP,Producer Prices,554,New Zealand,5530,Producer Price (LCU/tonne),01510,Potatoes,1994,1994,7021,Annual value,LCU,250.0,A,Official figure,NZL,False,False
PP,Producer Prices,554,New Zealand,5530,Producer Price (LCU/tonne),01510,Potatoes,1995,1995,7021,Annual value,LCU,390.0,A,Official figure,NZL,False,False
PP,Producer Prices,554,New Zealand,5530,Producer Price (LCU/tonne),01510,Potatoes,1996,1996,7021,Annual value,LCU,375.0,A,Official figure,NZL,False,False
PP,Producer Prices,554,New Zealand,5530,Producer Price (LCU/tonne),01510,Potatoes,1997,1997,7021,Annual value,LCU,255.0,A,Official figure,NZL,False,False
PP,Producer Prices,554,New Zealand,5530,Producer Price (LCU/tonne),01510,Potatoes,1998,1998,7021,Annual value,LCU,350.0,A,Official figure,NZL,False,False
PP,Producer Prices,554,New Zealand,5530,Producer Price (LCU/tonne),01510,Potatoes,1999,1999,7021,Annual value,LCU,360.0,A,Official figure,NZL,False,False
PP,Producer Prices,554,New Zealand,5530,Producer Price (LCU/tonne),01510,Potatoes,2000,2000,7021,Annual value,LCU,175.0,A,Official figure,NZL,False,False
PP,Producer Prices,554,New Zealand,5530,Producer Price (LCU/tonne),01510,Potatoes,2001,2001,7021,Annual value,LCU,275.0,A,Official figure,NZL,False,False
PP,Producer Prices,554,New Zealand,5530,Producer Price (LCU/tonne),01510,Potatoes,2002,2002,7021,Annual value,LCU,210.0,A,Official figure,NZL,False,False
PP,Producer Prices,554,New Zealand,5530,Producer Price (LCU/tonne),01510,Potatoes,2003,2003,7021,Annual value,LCU,210.0,A,Official figure,NZL,False,False
PP,Producer Prices,554,New Zealand,5530,Producer Price (LCU/tonne),01510,Potatoes,2004,2004,7021,Annual value,LCU,230.0,A,Official figure,NZL,False,False
PP,Producer Prices,554,New Zealand,5530,Producer Price (LCU/tonne),01510,Potatoes,2005,2005,7021,Annual value,LCU,250.0,A,Official figure,NZL,False,False
PP,Producer Prices,554,New Zealand,5530,Producer Price (LCU/tonne),01510,Potatoes,2006,2006,7021,Annual value,LCU,250.0,A,Official figure,NZL,False,False
PP,Producer Prices,554,New Zealand,5530,Producer Price (LCU/tonne),01510,Potatoes,2007,2007,7021,Annual value,LCU,330.0,A,Official figure,NZL,False,False
PP,Producer Prices,554,New Zealand,5530,Producer Price (LCU/tonne),01510,Potatoes,2008,2008,7021,Annual value,LCU,570.0,A,Official figure,NZL,False,False
PP,Producer Prices,554,New Zealand,5530,Producer Price (LCU/tonne),01510,Potatoes,2009,2009,7021,Annual value,LCU,360.0,A,Official figure,NZL,False,False
PP,Producer Prices,554,New Zealand,5530,Producer Price (LCU/tonne),01235,"Pumpkins, squash and gourds",1991,1991,7021,Annual value,LCU,500.0,A,Official figure,NZL,False,False
PP,Producer Prices,554,New Zealand,5530,Producer Price (LCU/tonne),01235,"Pumpkins, squash and gourds",1992,1992,7021,Annual value,LCU,800.0,A,Official figure,NZL,False,False
PP,Producer Prices,554,New Zealand,5530,Producer Price (LCU/tonne),01235,"Pumpkins, squash and gourds",1993,1993,7021,Annual value,LCU,900.0,A,Official figure,NZL,False,False
PP,Producer Prices,554,New Zealand,5530,Producer Price (LCU/tonne),01235,"Pumpkins, squash and gourds",1994,1994,7021,Annual value,LCU,700.0,A,Official figure,NZL,False,False
PP,Producer Prices,554,New Zealand,5530,Producer Price (LCU/tonne),01235,"Pumpkins, squash and gourds",1995,1995,7021,Annual value,LCU,800.0,A,Official figure,NZL,False,False
PP,Producer Prices,554,New Zealand,5530,Producer Price (LCU/tonne),01235,"Pumpkins, squash and gourds",1996,1996,7021,Annual value,LCU,300.0,A,Official figure,NZL,False,False
PP,Producer Prices,554,New Zealand,5530,Producer Price (LCU/tonne),01235,"Pumpkins, squash and gourds",1997,1997,7021,Annual value,LCU,500.0,A,Official figure,NZL,False,False
PP,Producer Prices,554,New Zealand,5530,Producer Price (LCU/tonne),01235,"Pumpkins, squash and gourds",1998,1998,7021,Annual value,LCU,600.0,A,Official figure,NZL,False,False
PP,Producer Prices,554,New Zealand,5530,Producer Price (LCU/tonne),01235,"Pumpkins, squash and gourds",1999,1999,7021,Annual value,LCU,600.0,A,Official figure,NZL,False,False
PP,Producer Prices,554,New Zealand,5530,Producer Price (LCU/tonne),01235,"Pumpkins, squash and gourds",2000,2000,7021,Annual value,LCU,600.0,A,Official figure,NZL,False,False
PP,Producer Prices,554,New Zealand,5530,Producer Price (LCU/tonne),01235,"Pumpkins, squash and gourds",2001,2001,7021,Annual value,LCU,700.0,A,Official figure,NZL,False,False
PP,Producer Prices,554,New Zealand,5530,Producer Price (LCU/tonne),01235,"Pumpkins, squash and gourds",2002,2002,7021,Annual value,LCU,450.0,A,Official figure,NZL,False,False
PP,Producer Prices,554,New Zealand,5530,Producer Price (LCU/tonne),01235,"Pumpkins, squash and gourds",2003,2003,7021,Annual value,LCU,400.0,A,Official figure,NZL,False,False
PP,Producer Prices,554,New Zealand,5530,Producer Price (LCU/tonne),01235,"Pumpkins, squash and gourds",2004,2004,7021,Annual value,LCU,400.0,A,Official figure,NZL,False,False
PP,Producer Prices,554,New Zealand,5530,Producer Price (LCU/tonne),01235,"Pumpkins, squash and gourds",2005,2005,7021,Annual value,LCU,400.0,A,Official figure,NZL,False,False
PP,Producer Prices,554,New Zealand,5530,Producer Price (LCU/tonne),01235,"Pumpkins, squash and gourds",2006,2006,7021,Annual value,LCU,400.0,A,Official figure,NZL,False,False
PP,Producer Prices,554,New Zealand,5530,Producer Price (LCU/tonne),01235,"Pumpkins, squash and gourds",2007,2007,7021,Annual value,LCU,400.0,A,Official figure,NZL,False,False
PP,Producer Prices,554,New Zealand,5530,Producer Price (LCU/tonne),01235,"Pumpkins, squash and gourds",2008,2008,7021,Annual value,LCU,450.0,A,Official figure,NZL,False,False
PP,Producer Prices,554,New Zealand,5530,Producer Price (LCU/tonne),01235,"Pumpkins, squash and gourds",2009,2009,7021,Annual value,LCU,500.0,A,Official figure,NZL,False,False
PP,Producer Prices,554,New Zealand,5530,Producer Price (LCU/tonne),01353.01,Raspberries,1991,1991,7021,Annual value,LCU,3500.0,A,Official figure,NZL,False,False
PP,Producer Prices,554,New Zealand,5530,Producer Price (LCU/tonne),01353.01,Raspberries,1992,1992,7021,Annual value,LCU,3394.0,A,Official figure,NZL,False,False
PP,Producer Prices,554,New Zealand,5530,Producer Price (LCU/tonne),01353.01,Raspberries,1993,1993,7021,Annual value,LCU,3702.0,A,Official figure,NZL,False,False
PP,Producer Prices,554,New Zealand,5530,Producer Price (LCU/tonne),01353.01,Raspberries,1994,1994,7021,Annual value,LCU,3555.0,A,Official figure,NZL,False,False
PP,Producer Prices,554,New Zealand,5530,Producer Price (LCU/tonne),01353.01,Raspberries,1995,1995,7021,Annual value,LCU,3539.0,A,Official figure,NZL,False,False
PP,Producer Prices,554,New Zealand,5530,Producer Price (LCU/tonne),01353.01,Raspberries,1996,1996,7021,Annual value,LCU,3000.0,A,Official figure,NZL,False,False
PP,Producer Prices,554,New Zealand,5530,Producer Price (LCU/tonne),01353.01,Raspberries,1997,1997,7021,Annual value,LCU,3000.0,A,Official figure,NZL,False,False
PP,Producer Prices,554,New Zealand,5530,Producer Price (LCU/tonne),01353.01,Raspberries,1998,1998,7021,Annual value,LCU,3000.0,A,Official figure,NZL,False,False
PP,Producer Prices,554,New Zealand,5530,Producer Price (LCU/tonne),01353.01,Raspberries,1999,1999,7021,Annual value,LCU,4632.0,A,Official figure,NZL,False,False
PP,Producer Prices,554,New Zealand,5530,Producer Price (LCU/tonne),01353.01,Raspberries,2000,2000,7021,Annual value,LCU,3696.0,A,Official figure,NZL,False,False
PP,Producer Prices,554,New Zealand,5530,Producer Price (LCU/tonne),01353.01,Raspberries,2001,2001,7021,Annual value,LCU,3892.9,A,Official figure,NZL,False,False
PP,Producer Prices,554,New Zealand,5530,Producer Price (LCU/tonne),01353.01,Raspberries,2002,2002,7021,Annual value,LCU,3863.1,A,Official figure,NZL,False,False
PP,Producer Prices,554,New Zealand,5530,Producer Price (LCU/tonne),01353.01,Raspberries,2003,2003,7021,Annual value,LCU,3824.5,A,Official figure,NZL,False,False
PP,Producer Prices,554,New Zealand,5530,Producer Price (LCU/tonne),02211,Raw milk of cattle,1991,1991,7021,Annual value,LCU,196.0,A,Official figure,NZL,False,False
PP,Producer Prices,554,New Zealand,5530,Producer Price (LCU/tonne),02211,Raw milk of cattle,1992,1992,7021,Annual value,LCU,270.0,A,Official figure,NZL,False,False
PP,Producer Prices,554,New Zealand,5530,Producer Price (LCU/tonne),02211,Raw milk of cattle,1993,1993,7021,Annual value,LCU,296.0,A,Official figure,NZL,False,False
PP,Producer Prices,554,New Zealand,5530,Producer Price (LCU/tonne),02211,Raw milk of cattle,1994,1994,7021,Annual value,LCU,269.0,A,Official figure,NZL,False,False
PP,Producer Prices,554,New Zealand,5530,Producer Price (LCU/tonne),02211,Raw milk of cattle,1995,1995,7021,Annual value,LCU,282.0,A,Official figure,NZL,False,False
PP,Producer Prices,554,New Zealand,5530,Producer Price (LCU/tonne),02211,Raw milk of cattle,1996,1996,7021,Annual value,LCU,324.0,A,Official figure,NZL,False,False
PP,Producer Prices,554,New Zealand,5530,Producer Price (LCU/tonne),02211,Raw milk of cattle,1997,1997,7021,Annual value,LCU,296.0,A,Official figure,NZL,False,False
PP,Producer Prices,554,New Zealand,5530,Producer Price (LCU/tonne),02211,Raw milk of cattle,1998,1998,7021,Annual value,LCU,277.0,A,Official figure,NZL,False,False
PP,Producer Prices,554,New Zealand,5530,Producer Price (LCU/tonne),02211,Raw milk of cattle,1999,1999,7021,Annual value,LCU,290.0,A,Official figure,NZL,False,False
PP,Producer Prices,554,New Zealand,5530,Producer Price (LCU/tonne),02211,Raw milk of cattle,2000,2000,7021,Annual value,LCU,309.0,A,Official figure,NZL,False,False
PP,Producer Prices,554,New Zealand,5530,Producer Price (LCU/tonne),02211,Raw milk of cattle,2001,2001,7021,Annual value,LCU,410.0,A,Official figure,NZL,False,False
PP,Producer Prices,554,New Zealand,5530,Producer Price (LCU/tonne),02211,Raw milk of cattle,2002,2002,7021,Annual value,LCU,434.0,A,Official figure,NZL,False,False
PP,Producer Prices,554,New Zealand,5530,Producer Price (LCU/tonne),02211,Raw milk of cattle,2003,2003,7021,Annual value,LCU,301.0,A,Official figure,NZL,False,False
PP,Producer Prices,554,New Zealand,5530,Producer Price (LCU/tonne),02211,Raw milk of cattle,2004,2004,7021,Annual value,LCU,350.0,A,Official figure,NZL,False,False
PP,Producer Prices,554,New Zealand,5530,Producer Price (LCU/tonne),02211,Raw milk of cattle,2005,2005,7021,Annual value,LCU,380.0,A,Official figure,NZL,False,False
PP,Producer Prices,554,New Zealand,5530,Producer Price (LCU/tonne),02211,Raw milk of cattle,2006,2006,7021,Annual value,LCU,340.0,A,Official figure,NZL,False,False
PP,Producer Prices,554,New Zealand,5530,Producer Price (LCU/tonne),02211,Raw milk of cattle,2007,2007,7021,Annual value,LCU,377.0,A,Official figure,NZL,False,False
PP,Producer Prices,554,New Zealand,5530,Producer Price (LCU/tonne),02211,Raw milk of cattle,2008,2008,7021,Annual value,LCU,633.0,A,Official figure,NZL,False,False
PP,Producer Prices,554,New Zealand,5530,Producer Price (LCU/tonne),02211,Raw milk of cattle,2009,2009,7021,Annual value,LCU,426.0,A,Official figure,NZL,False,False
PP,Producer Prices,554,New Zealand,5530,Producer Price (LCU/tonne),02211,Raw milk of cattle,2010,2010,7021,Annual value,LCU,523.0,A,Official figure,NZL,False,False
PP,Producer Prices,554,New Zealand,5530,Producer Price (LCU/tonne),02211,Raw milk of cattle,2011,2011,7021,Annual value,LCU,648.0,A,Official figure,NZL,False,False
PP,Producer Prices,554,New Zealand,5530,Producer Price (LCU/tonne),02211,Raw milk of cattle,2012,2012,7021,Annual value,LCU,526.0,A,Official figure,NZL,False,False
PP,Producer Prices,554,New Zealand,5530,Producer Price (LCU/tonne),02211,Raw milk of cattle,2013,2013,7021,Annual value,LCU,504.0,A,Official figure,NZL,False,False
PP,Producer Prices,554,New Zealand,5530,Producer Price (LCU/tonne),02211,Raw milk of cattle,2014,2014,7021,Annual value,LCU,696.0,A,Official figure,NZL,False,False
PP,Producer Prices,554,New Zealand,5530,Producer Price (LCU/tonne),02211,Raw milk of cattle,2015,2015,7021,Annual value,LCU,382.0,A,Official figure,NZL,False,False
PP,Producer Prices,554,New Zealand,5530,Producer Price (LCU/tonne),02211,Raw milk of cattle,2016,2016,7021,Annual value,LCU,351.0,A,Official figure,NZL,False,False
PP,Producer Prices,554,New Zealand,5530,Producer Price (LCU/tonne),02211,Raw milk of cattle,2017,2017,7021,Annual value,LCU,527.0,A,Official figure,NZL,False,False
PP,Producer Prices,554,New Zealand,5530,Producer Price (LCU/tonne),02211,Raw milk of cattle,2018,2018,7021,Annual value,LCU,575.0,A,Official figure,NZL,False,False
PP,Producer Prices,554,New Zealand,5530,Producer Price (LCU/tonne),02211,Raw milk of cattle,2019,2019,7021,Annual value,LCU,545.0,A,Official figure,NZL,False,False
PP,Producer Prices,554,New Zealand,5530,Producer Price (LCU/tonne),02211,Raw milk of cattle,2020,2020,7021,Annual value,LCU,588.0,A,Official figure,NZL,False,False
PP,Producer Prices,554,New Zealand,5530,Producer Price (LCU/tonne),02211,Raw milk of cattle,2021,2021,7021,Annual value,LCU,614.0,A,Official figure,NZL,False,False
PP,Producer Prices,554,New Zealand,5530,Producer Price (LCU/tonne),02211,Raw milk of cattle,2022,2022,7021,Annual value,LCU,767.0,A,Official figure,NZL,False,False
PP,Producer Prices,554,New Zealand,5530,Producer Price (LCU/tonne),02211,Raw milk of cattle,2023,2023,7021,Annual value,LCU,676.0,A,Official figure,NZL,False,False
PP,Producer Prices,554,New Zealand,5530,Producer Price (LCU/tonne),02211,Raw milk of cattle,2024,2024,7021,Annual value,LCU,652.0,A,Official figure,NZL,False,False
PP,Producer Prices,554,New Zealand,5530,Producer Price (LCU/tonne),02941,"Shorn wool, greasy, including fleece-washed shorn wool",1991,1991,7021,Annual value,LCU,3162.0,A,Official figure,NZL,False,False
PP,Producer Prices,554,New Zealand,5530,Producer Price (LCU/tonne),02941,"Shorn wool, greasy, including fleece-washed shorn wool",1992,1992,7021,Annual value,LCU,3276.0,A,Official figure,NZL,False,False
PP,Producer Prices,554,New Zealand,5530,Producer Price (LCU/tonne),02941,"Shorn wool, greasy, including fleece-washed shorn wool",1993,1993,7021,Annual value,LCU,3268.0,A,Official figure,NZL,False,False
PP,Producer Prices,554,New Zealand,5530,Producer Price (LCU/tonne),02941,"Shorn wool, greasy, including fleece-washed shorn wool",1994,1994,7021,Annual value,LCU,3124.0,A,Official figure,NZL,False,False
PP,Producer Prices,554,New Zealand,5530,Producer Price (LCU/tonne),02941,"Shorn wool, greasy, including fleece-washed shorn wool",1995,1995,7021,Annual value,LCU,4148.0,A,Official figure,NZL,False,False
PP,Producer Prices,554,New Zealand,5530,Producer Price (LCU/tonne),02941,"Shorn wool, greasy, including fleece-washed shorn wool",1996,1996,7021,Annual value,LCU,3715.0,A,Official figure,NZL,False,False
PP,Producer Prices,554,New Zealand,5530,Producer Price (LCU/tonne),02941,"Shorn wool, greasy, including fleece-washed shorn wool",1997,1997,7021,Annual value,LCU,3332.0,A,Official figure,NZL,False,False
PP,Producer Prices,554,New Zealand,5530,Producer Price (LCU/tonne),02941,"Shorn wool, greasy, including fleece-washed shorn wool",1998,1998,7021,Annual value,LCU,3375.0,A,Official figure,NZL,False,False
PP,Producer Prices,554,New Zealand,5530,Producer Price (LCU/tonne),02941,"Shorn wool, greasy, including fleece-washed shorn wool",1999,1999,7021,Annual value,LCU,3040.0,A,Official figure,NZL,False,False
PP,Producer Prices,554,New Zealand,5530,Producer Price (LCU/tonne),02941,"Shorn wool, greasy, including fleece-washed shorn wool",2000,2000,7021,Annual value,LCU,3299.0,A,Official figure,NZL,False,False
PP,Producer Prices,554,New Zealand,5530,Producer Price (LCU/tonne),02941,"Shorn wool, greasy, including fleece-washed shorn wool",2001,2001,7021,Annual value,LCU,3932.0,A,Official figure,NZL,False,False
PP,Producer Prices,554,New Zealand,5530,Producer Price (LCU/tonne),02941,"Shorn wool, greasy, including fleece-washed shorn wool",2002,2002,7021,Annual value,LCU,3853.0,A,Official figure,NZL,False,False
PP,Producer Prices,554,New Zealand,5530,Producer Price (LCU/tonne),02941,"Shorn wool, greasy, including fleece-washed shorn wool",2003,2003,7021,Annual value,LCU,4140.0,A,Official figure,NZL,False,False
PP,Producer Prices,554,New Zealand,5530,Producer Price (LCU/tonne),02941,"Shorn wool, greasy, including fleece-washed shorn wool",2004,2004,7021,Annual value,LCU,3515.0,A,Official figure,NZL,False,False
PP,Producer Prices,554,New Zealand,5530,Producer Price (LCU/tonne),02941,"Shorn wool, greasy, including fleece-washed shorn wool",2005,2005,7021,Annual value,LCU,3041.0,A,Official figure,NZL,False,False
PP,Producer Prices,554,New Zealand,5530,Producer Price (LCU/tonne),02941,"Shorn wool, greasy, including fleece-washed shorn wool",2006,2006,7021,Annual value,LCU,2743.0,A,Official figure,NZL,False,False
PP,Producer Prices,554,New Zealand,5530,Producer Price (LCU/tonne),02941,"Shorn wool, greasy, including fleece-washed shorn wool",2007,2007,7021,Annual value,LCU,2789.0,A,Official figure,NZL,False,False
PP,Producer Prices,554,New Zealand,5530,Producer Price (LCU/tonne),02941,"Shorn wool, greasy, including fleece-washed shorn wool",2008,2008,7021,Annual value,LCU,2833.0,A,Official figure,NZL,False,False
PP,Producer Prices,554,New Zealand,5530,Producer Price (LCU/tonne),02941,"Shorn wool, greasy, including fleece-washed shorn wool",2009,2009,7021,Annual value,LCU,3116.0,A,Official figure,NZL,False,False
PP,Producer Prices,554,New Zealand,5530,Producer Price (LCU/tonne),02941,"Shorn wool, greasy, including fleece-washed shorn wool",2010,2010,7021,Annual value,LCU,3156.0,A,Official figure,NZL,False,False
PP,Producer Prices,554,New Zealand,5530,Producer Price (LCU/tonne),02941,"Shorn wool, greasy, including fleece-washed shorn wool",2011,2011,7021,Annual value,LCU,4699.0,A,Official figure,NZL,False,False
PP,Producer Prices,554,New Zealand,5530,Producer Price (LCU/tonne),02941,"Shorn wool, greasy, including fleece-washed shorn wool",2012,2012,7021,Annual value,LCU,4982.0,A,Official figure,NZL,False,False
PP,Producer Prices,554,New Zealand,5530,Producer Price (LCU/tonne),02941,"Shorn wool, greasy, including fleece-washed shorn wool",2013,2013,7021,Annual value,LCU,3743.0,A,Official figure,NZL,False,False
PP,Producer Prices,554,New Zealand,5530,Producer Price (LCU/tonne),02941,"Shorn wool, greasy, including fleece-washed shorn wool",2014,2014,7021,Annual value,LCU,4312.0,A,Official figure,NZL,False,False
PP,Producer Prices,554,New Zealand,5530,Producer Price (LCU/tonne),02941,"Shorn wool, greasy, including fleece-washed shorn wool",2015,2015,7021,Annual value,LCU,4431.0,A,Official figure,NZL,False,False
PP,Producer Prices,554,New Zealand,5530,Producer Price (LCU/tonne),02941,"Shorn wool, greasy, including fleece-washed shorn wool",2016,2016,7021,Annual value,LCU,4908.0,A,Official figure,NZL,False,False
PP,Producer Prices,554,New Zealand,5530,Producer Price (LCU/tonne),02941,"Shorn wool, greasy, including fleece-washed shorn wool",2017,2017,7021,Annual value,LCU,3780.0,A,Official figure,NZL,False,False
PP,Producer Prices,554,New Zealand,5530,Producer Price (LCU/tonne),02941,"Shorn wool, greasy, including fleece-washed shorn wool",2018,2018,7021,Annual value,LCU,3790.5,A,Official figure,NZL,False,False
PP,Producer Prices,554,New Zealand,5530,Producer Price (LCU/tonne),02941,"Shorn wool, greasy, including fleece-washed shorn wool",2019,2019,7021,Annual value,LCU,3810.0,A,Official figure,NZL,False,False
PP,Producer Prices,554,New Zealand,5530,Producer Price (LCU/tonne),02941,"Shorn wool, greasy, including fleece-washed shorn wool",2020,2020,7021,Annual value,LCU,3320.0,A,Official figure,NZL,False,False
PP,Producer Prices,554,New Zealand,5530,Producer Price (LCU/tonne),02941,"Shorn wool, greasy, including fleece-washed shorn wool",2021,2021,7021,Annual value,LCU,2540.0,A,Official figure,NZL,False,False
PP,Producer Prices,554,New Zealand,5530,Producer Price (LCU/tonne),02941,"Shorn wool, greasy, including fleece-washed shorn wool",2022,2022,7021,Annual value,LCU,3370.0,A,Official figure,NZL,False,False
PP,Producer Prices,554,New Zealand,5530,Producer Price (LCU/tonne),02941,"Shorn wool, greasy, including fleece-washed shorn wool",2023,2023,7021,Annual value,LCU,3200.0,A,Official figure,NZL,False,False
PP,Producer Prices,554,New Zealand,5530,Producer Price (LCU/tonne),02941,"Shorn wool, greasy, including fleece-washed shorn wool",2024,2024,7021,Annual value,LCU,2920.0,A,Official figure,NZL,False,False
PP,Producer Prices,554,New Zealand,5530,Producer Price (LCU/tonne),01354,Strawberries,1991,1991,7021,Annual value,LCU,3000.0,A,Official figure,NZL,False,False
PP,Producer Prices,554,New Zealand,5530,Producer Price (LCU/tonne),01354,Strawberries,1992,1992,7021,Annual value,LCU,4004.0,A,Official figure,NZL,False,False
PP,Producer Prices,554,New Zealand,5530,Producer Price (LCU/tonne),01354,Strawberries,1993,1993,7021,Annual value,LCU,4137.0,A,Official figure,NZL,False,False
PP,Producer Prices,554,New Zealand,5530,Producer Price (LCU/tonne),01354,Strawberries,1994,1994,7021,Annual value,LCU,4072.0,A,Official figure,NZL,False,False
PP,Producer Prices,554,New Zealand,5530,Producer Price (LCU/tonne),01354,Strawberries,1995,1995,7021,Annual value,LCU,3763.0,A,Official figure,NZL,False,False
PP,Producer Prices,554,New Zealand,5530,Producer Price (LCU/tonne),01354,Strawberries,1996,1996,7021,Annual value,LCU,4183.0,A,Official figure,NZL,False,False
PP,Producer Prices,554,New Zealand,5530,Producer Price (LCU/tonne),01354,Strawberries,1997,1997,7021,Annual value,LCU,3682.0,A,Official figure,NZL,False,False
PP,Producer Prices,554,New Zealand,5530,Producer Price (LCU/tonne),01354,Strawberries,1998,1998,7021,Annual value,LCU,3675.0,A,Official figure,NZL,False,False
PP,Producer Prices,554,New Zealand,5530,Producer Price (LCU/tonne),01354,Strawberries,1999,1999,7021,Annual value,LCU,3686.0,A,Official figure,NZL,False,False
PP,Producer Prices,554,New Zealand,5530,Producer Price (LCU/tonne),01354,Strawberries,2000,2000,7021,Annual value,LCU,4455.0,A,Official figure,NZL,False,False
PP,Producer Prices,554,New Zealand,5530,Producer Price (LCU/tonne),01354,Strawberries,2001,2001,7021,Annual value,LCU,4455.0,A,Official figure,NZL,False,False
PP,Producer Prices,554,New Zealand,5530,Producer Price (LCU/tonne),01354,Strawberries,2002,2002,7021,Annual value,LCU,4703.0,A,Official figure,NZL,False,False
PP,Producer Prices,554,New Zealand,5530,Producer Price (LCU/tonne),01354,Strawberries,2003,2003,7021,Annual value,LCU,4704.0,A,Official figure,NZL,False,False
PP,Producer Prices,554,New Zealand,5530,Producer Price (LCU/tonne),01354,Strawberries,2004,2004,7021,Annual value,LCU,4800.0,A,Official figure,NZL,False,False
PP,Producer Prices,554,New Zealand,5530,Producer Price (LCU/tonne),01354,Strawberries,2005,2005,7021,Annual value,LCU,3870.0,A,Official figure,NZL,False,False
PP,Producer Prices,554,New Zealand,5530,Producer Price (LCU/tonne),01354,Strawberries,2006,2006,7021,Annual value,LCU,4000.0,A,Official figure,NZL,False,False
PP,Producer Prices,554,New Zealand,5530,Producer Price (LCU/tonne),01354,Strawberries,2007,2007,7021,Annual value,LCU,4250.0,A,Official figure,NZL,False,False
PP,Producer Prices,554,New Zealand,5530,Producer Price (LCU/tonne),01354,Strawberries,2008,2008,7021,Annual value,LCU,4180.0,A,Official figure,NZL,False,False
PP,Producer Prices,554,New Zealand,5530,Producer Price (LCU/tonne),01354,Strawberries,2009,2009,7021,Annual value,LCU,3850.0,A,Official figure,NZL,False,False
PP,Producer Prices,554,New Zealand,5530,Producer Price (LCU/tonne),01530,Sweet potatoes,1991,1991,7021,Annual value,LCU,480.0,A,Official figure,NZL,False,False
PP,Producer Prices,554,New Zealand,5530,Producer Price (LCU/tonne),01530,Sweet potatoes,1992,1992,7021,Annual value,LCU,490.0,A,Official figure,NZL,False,False
PP,Producer Prices,554,New Zealand,5530,Producer Price (LCU/tonne),01530,Sweet potatoes,1995,1995,7021,Annual value,LCU,1800.0,A,Official figure,NZL,False,False
PP,Producer Prices,554,New Zealand,5530,Producer Price (LCU/tonne),01530,Sweet potatoes,1996,1996,7021,Annual value,LCU,2200.0,A,Official figure,NZL,False,False
PP,Producer Prices,554,New Zealand,5530,Producer Price (LCU/tonne),01530,Sweet potatoes,1997,1997,7021,Annual value,LCU,2200.0,A,Official figure,NZL,False,False
PP,Producer Prices,554,New Zealand,5530,Producer Price (LCU/tonne),01530,Sweet potatoes,1998,1998,7021,Annual value,LCU,1700.0,A,Official figure,NZL,False,False
PP,Producer Prices,554,New Zealand,5530,Producer Price (LCU/tonne),01530,Sweet potatoes,2000,2000,7021,Annual value,LCU,1250.0,A,Official figure,NZL,False,False
PP,Producer Prices,554,New Zealand,5530,Producer Price (LCU/tonne),01530,Sweet potatoes,2001,2001,7021,Annual value,LCU,1250.0,A,Official figure,NZL,False,False
PP,Producer Prices,554,New Zealand,5530,Producer Price (LCU/tonne),01324,"Tangerines, mandarins, clementines",1991,1991,7021,Annual value,LCU,2000.0,A,Official figure,NZL,False,False
PP,Producer Prices,554,New Zealand,5530,Producer Price (LCU/tonne),01324,"Tangerines, mandarins, clementines",1992,1992,7021,Annual value,LCU,3000.0,A,Official figure,NZL,False,False
PP,Producer Prices,554,New Zealand,5530,Producer Price (LCU/tonne),01324,"Tangerines, mandarins, clementines",1993,1993,7021,Annual value,LCU,1300.0,A,Official figure,NZL,False,False
PP,Producer Prices,554,New Zealand,5530,Producer Price (LCU/tonne),01324,"Tangerines, mandarins, clementines",1994,1994,7021,Annual value,LCU,1500.0,A,Official figure,NZL,False,False
PP,Producer Prices,554,New Zealand,5530,Producer Price (LCU/tonne),01324,"Tangerines, mandarins, clementines",1995,1995,7021,Annual value,LCU,1500.0,A,Official figure,NZL,False,False
PP,Producer Prices,554,New Zealand,5530,Producer Price (LCU/tonne),01324,"Tangerines, mandarins, clementines",1996,1996,7021,Annual value,LCU,1750.0,A,Official figure,NZL,False,False
PP,Producer Prices,554,New Zealand,5530,Producer Price (LCU/tonne),01324,"Tangerines, mandarins, clementines",1997,1997,7021,Annual value,LCU,1800.0,A,Official figure,NZL,False,False
PP,Producer Prices,554,New Zealand,5530,Producer Price (LCU/tonne),01324,"Tangerines, mandarins, clementines",1998,1998,7021,Annual value,LCU,1900.0,A,Official figure,NZL,False,False
PP,Producer Prices,554,New Zealand,5530,Producer Price (LCU/tonne),01324,"Tangerines, mandarins, clementines",1999,1999,7021,Annual value,LCU,2800.0,A,Official figure,NZL,False,False
PP,Producer Prices,554,New Zealand,5530,Producer Price (LCU/tonne),01324,"Tangerines, mandarins, clementines",2000,2000,7021,Annual value,LCU,2600.0,A,Official figure,NZL,False,False
PP,Producer Prices,554,New Zealand,5530,Producer Price (LCU/tonne),01324,"Tangerines, mandarins, clementines",2001,2001,7021,Annual value,LCU,1862.0,A,Official figure,NZL,False,False
PP,Producer Prices,554,New Zealand,5530,Producer Price (LCU/tonne),01324,"Tangerines, mandarins, clementines",2002,2002,7021,Annual value,LCU,1922.0,A,Official figure,NZL,False,False
PP,Producer Prices,554,New Zealand,5530,Producer Price (LCU/tonne),01324,"Tangerines, mandarins, clementines",2003,2003,7021,Annual value,LCU,1577.0,A,Official figure,NZL,False,False
PP,Producer Prices,554,New Zealand,5530,Producer Price (LCU/tonne),01324,"Tangerines, mandarins, clementines",2004,2004,7021,Annual value,LCU,1150.0,A,Official figure,NZL,False,False
PP,Producer Prices,554,New Zealand,5530,Producer Price (LCU/tonne),01324,"Tangerines, mandarins, clementines",2005,2005,7021,Annual value,LCU,1080.0,A,Official figure,NZL,False,False
PP,Producer Prices,554,New Zealand,5530,Producer Price (LCU/tonne),01324,"Tangerines, mandarins, clementines",2006,2006,7021,Annual value,LCU,1000.0,A,Official figure,NZL,False,False
PP,Producer Prices,554,New Zealand,5530,Producer Price (LCU/tonne),01324,"Tangerines, mandarins, clementines",2007,2007,7021,Annual value,LCU,1120.0,A,Official figure,NZL,False,False
PP,Producer Prices,554,New Zealand,5530,Producer Price (LCU/tonne),01324,"Tangerines, mandarins, clementines",2008,2008,7021,Annual value,LCU,1150.0,A,Official figure,NZL,False,False
PP,Producer Prices,554,New Zealand,5530,Producer Price (LCU/tonne),01970,Unmanufactured tobacco,1991,1991,7021,Annual value,LCU,6600.0,A,Official figure,NZL,False,False
PP,Producer Prices,554,New Zealand,5530,Producer Price (LCU/tonne),01970,Unmanufactured tobacco,1992,1992,7021,Annual value,LCU,6700.0,A,Official figure,NZL,False,False
PP,Producer Prices,554,New Zealand,5530,Producer Price (LCU/tonne),01970,Unmanufactured tobacco,1993,1993,7021,Annual value,LCU,6700.0,A,Official figure,NZL,False,False
PP,Producer Prices,554,New Zealand,5530,Producer Price (LCU/tonne),01970,Unmanufactured tobacco,1994,1994,7021,Annual value,LCU,6800.0,A,Official figure,NZL,False,False
PP,Producer Prices,554,New Zealand,5530,Producer Price (LCU/tonne),0111,Wheat,1991,1991,7021,Annual value,LCU,290.0,A,Official figure,NZL,False,False
PP,Producer Prices,554,New Zealand,5530,Producer Price (LCU/tonne),0111,Wheat,1992,1992,7021,Annual value,LCU,250.0,A,Official figure,NZL,False,False
PP,Producer Prices,554,New Zealand,5530,Producer Price (LCU/tonne),0111,Wheat,1993,1993,7021,Annual value,LCU,272.0,A,Official figure,NZL,False,False
PP,Producer Prices,554,New Zealand,5530,Producer Price (LCU/tonne),0111,Wheat,1994,1994,7021,Annual value,LCU,272.0,A,Official figure,NZL,False,False
PP,Producer Prices,554,New Zealand,5530,Producer Price (LCU/tonne),0111,Wheat,1995,1995,7021,Annual value,LCU,275.0,A,Official figure,NZL,False,False
PP,Producer Prices,554,New Zealand,5530,Producer Price (LCU/tonne),0111,Wheat,1996,1996,7021,Annual value,LCU,278.0,A,Official figure,NZL,False,False
PP,Producer Prices,554,New Zealand,5530,Producer Price (LCU/tonne),0111,Wheat,1997,1997,7021,Annual value,LCU,294.0,A,Official figure,NZL,False,False
PP,Producer Prices,554,New Zealand,5530,Producer Price (LCU/tonne),0111,Wheat,1998,1998,7021,Annual value,LCU,263.0,A,Official figure,NZL,False,False
PP,Producer Prices,554,New Zealand,5530,Producer Price (LCU/tonne),0111,Wheat,1999,1999,7021,Annual value,LCU,246.0,A,Official figure,NZL,False,False
PP,Producer Prices,554,New Zealand,5530,Producer Price (LCU/tonne),0111,Wheat,2000,2000,7021,Annual value,LCU,241.0,A,Official figure,NZL,False,False
PP,Producer Prices,554,New Zealand,5530,Producer Price (LCU/tonne),0111,Wheat,2001,2001,7021,Annual value,LCU,252.0,A,Official figure,NZL,False,False
PP,Producer Prices,554,New Zealand,5530,Producer Price (LCU/tonne),0111,Wheat,2002,2002,7021,Annual value,LCU,276.0,A,Official figure,NZL,False,False
PP,Producer Prices,554,New Zealand,5530,Producer Price (LCU/tonne),0111,Wheat,2003,2003,7021,Annual value,LCU,302.0,A,Official figure,NZL,False,False
PP,Producer Prices,554,New Zealand,5530,Producer Price (LCU/tonne),0111,Wheat,2004,2004,7021,Annual value,LCU,279.0,A,Official figure,NZL,False,False
PP,Producer Prices,554,New Zealand,5530,Producer Price (LCU/tonne),0111,Wheat,2005,2005,7021,Annual value,LCU,260.0,A,Official figure,NZL,False,False
PP,Producer Prices,554,New Zealand,5530,Producer Price (LCU/tonne),0111,Wheat,2006,2006,7021,Annual value,LCU,257.0,A,Official figure,NZL,False,False
PP,Producer Prices,554,New Zealand,5530,Producer Price (LCU/tonne),0111,Wheat,2007,2007,7021,Annual value,LCU,281.0,A,Official figure,NZL,False,False
PP,Producer Prices,554,New Zealand,5530,Producer Price (LCU/tonne),0111,Wheat,2008,2008,7021,Annual value,LCU,366.0,A,Official figure,NZL,False,False
PP,Producer Prices,554,New Zealand,5530,Producer Price (LCU/tonne),0111,Wheat,2009,2009,7021,Annual value,LCU,500.9,A,Official figure,NZL,False,False
PP,Producer Prices,554,New Zealand,5530,Producer Price (LCU/tonne),0111,Wheat,2010,2010,7021,Annual value,LCU,406.6,A,Official figure,NZL,False,False
PP,Producer Prices,554,New Zealand,5530,Producer Price (LCU/tonne),0111,Wheat,2011,2011,7021,Annual value,LCU,346.0,A,Official figure,NZL,False,False
PP,Producer Prices,554,New Zealand,5530,Producer Price (LCU/tonne),0111,Wheat,2012,2012,7021,Annual value,LCU,418.0,A,Official figure,NZL,False,False
PP,Producer Prices,554,New Zealand,5530,Producer Price (LCU/tonne),0111,Wheat,2013,2013,7021,Annual value,LCU,398.0,A,Official figure,NZL,False,False
PP,Producer Prices,554,New Zealand,5530,Producer Price (LCU/tonne),0111,Wheat,2014,2014,7021,Annual value,LCU,434.0,A,Official figure,NZL,False,False
PP,Producer Prices,554,New Zealand,5530,Producer Price (LCU/tonne),0111,Wheat,2015,2015,7021,Annual value,LCU,353.0,A,Official figure,NZL,False,False
PP,Producer Prices,554,New Zealand,5530,Producer Price (LCU/tonne),0111,Wheat,2016,2016,7021,Annual value,LCU,304.0,A,Official figure,NZL,False,False
PP,Producer Prices,554,New Zealand,5530,Producer Price (LCU/tonne),0111,Wheat,2017,2017,7021,Annual value,LCU,300.0,A,Official figure,NZL,False,False
PP,Producer Prices,554,New Zealand,5530,Producer Price (LCU/tonne),0111,Wheat,2018,2018,7021,Annual value,LCU,371.0,A,Official figure,NZL,False,False
PP,Producer Prices,554,New Zealand,5530,Producer Price (LCU/tonne),0111,Wheat,2019,2019,7021,Annual value,LCU,450.0,A,Official figure,NZL,False,False
PP,Producer Prices,554,New Zealand,5530,Producer Price (LCU/tonne),0111,Wheat,2020,2020,7021,Annual value,LCU,416.0,A,Official figure,NZL,False,False
PP,Producer Prices,554,New Zealand,5530,Producer Price (LCU/tonne),0111,Wheat,2021,2021,7021,Annual value,LCU,458.0,A,Official figure,NZL,False,False
PP,Producer Prices,554,New Zealand,5530,Producer Price (LCU/tonne),0111,Wheat,2022,2022,7021,Annual value,LCU,495.0,A,Official figure,NZL,False,False
PP,Producer Prices,554,New Zealand,5530,Producer Price (LCU/tonne),0111,Wheat,2023,2023,7021,Annual value,LCU,623.0,A,Official figure,NZL,False,False
PP,Producer Prices,554,New Zealand,5530,Producer Price (LCU/tonne),0111,Wheat,2024,2024,7021,Annual value,LCU,510.0,A,Official figure,NZL,False,False
