Domain Code,Domain,Area Code (M49),country,Element Code,element,Item Code (CPC),item,Year Code,year,Months Code,month,unit,value,flag,flag_description,iso3,is_imputed,is_outlier,ffpi_food,ffpi_meat,ffpi_dairy,ffpi_cereals,ffpi_oils,ffpi_sugar,food_import_pct,ghi_2025
PP,Producer Prices,36,Australia,5532,Producer Price (USD/tonne),01371,"Almonds, in shell",1991,1991,7021,Annual value,USD,3768.6,A,Official figure,AUS,False,False,62.34528439011702,81.47466716487295,45.46032558544059,57.863819886673106,49.00795416086814,55.480617553691815,5.21988857452739,
PP,Producer Prices,36,Australia,5532,Producer Price (USD/tonne),01371,"Almonds, in shell",1992,1992,7021,Annual value,USD,3636.8,A,Official figure,AUS,False,False,64.22555868464649,78.38728862271715,54.8015933451503,60.9576514895015,52.991996389394096,56.04274688194544,5.04326421093316,
PP,Producer Prices,36,Australia,5532,Producer Price (USD/tonne),01371,"Almonds, in shell",1993,1993,7021,Annual value,USD,3506.8,A,Official figure,AUS,False,False,62.259404847966515,75.01403295972897,48.61651615517863,59.01858803408094,53.966480634247155,62.03019780031652,4.98707923344647,
PP,Producer Prices,36,Australia,5532,Producer Price (USD/tonne),01371,"Almonds, in shell",1994,1994,7021,Annual value,USD,4730.4,A,Official figure,AUS,False,False,67.26054679350919,76.29710199787732,47.42020205529957,61.936823654585105,71.86775375736012,74.94370090074824,4.99933415639271,
PP,Producer Prices,36,Australia,5532,Producer Price (USD/tonne),01371,"Almonds, in shell",1995,1995,7021,Annual value,USD,4203.0,A,Official figure,AUS,False,False,76.8287850116353,85.24932673337705,62.72510536671231,70.8474665240566,79.95838810789446,82.19981067004032,4.95654793299687,
PP,Producer Prices,36,Australia,5532,Producer Price (USD/tonne),01371,"Almonds, in shell",1996,1996,7021,Annual value,USD,6229.1,A,Official figure,AUS,False,False,77.82086308655745,84.34557234442748,61.619550783954395,83.65592765127325,69.93519294281285,73.98962818765723,4.85290173072787,
PP,Producer Prices,36,Australia,5532,Producer Price (USD/tonne),01371,"Almonds, in shell",1997,1997,7021,Annual value,USD,4928.1,A,Official figure,AUS,False,False,70.75682380399682,79.31706264103354,59.44728416757198,66.51116723257967,70.68473461622513,70.38581190707349,4.91017735786183,
PP,Producer Prices,36,Australia,5532,Producer Price (USD/tonne),01371,"Almonds, in shell",1998,1998,7021,Annual value,USD,3951.4,A,Official figure,AUS,False,False,64.8237651326436,66.27116245186038,55.776184862258724,58.90385220966683,83.88543382429606,55.22279355165295,4.73775638168852,
PP,Producer Prices,36,Australia,5532,Producer Price (USD/tonne),01371,"Almonds, in shell",1999,1999,7021,Annual value,USD,3335.6,A,Official figure,AUS,False,False,55.38494745729497,62.42928865091984,48.31192059218944,53.12085523046289,58.22698225943004,38.798878860400684,4.80438445813991,
PP,Producer Prices,36,Australia,5532,Producer Price (USD/tonne),01371,"Almonds, in shell",2000,2000,7021,Annual value,USD,2632.1,A,Official figure,AUS,False,False,53.658254311091945,61.295380665724906,54.46468606873116,51.41600714746175,42.89305770905415,50.612781624475126,4.5542072874505,
PP,Producer Prices,36,Australia,5532,Producer Price (USD/tonne),01371,"Almonds, in shell",2001,2001,7021,Annual value,USD,2239.5,A,Official figure,AUS,False,False,55.353759430433776,62.905581984538294,60.88469474046613,51.84540600513508,42.481465934354574,53.47099426092313,4.94222006021166,
PP,Producer Prices,36,Australia,5532,Producer Price (USD/tonne),01371,"Almonds, in shell",2002,2002,7021,Annual value,USD,2396.0,A,Official figure,AUS,False,False,53.432698046969534,56.102316657369585,46.09884987045724,55.57542707086668,55.144333609249486,42.632850317668414,4.86917660836693,
PP,Producer Prices,36,Australia,5532,Producer Price (USD/tonne),01371,"Almonds, in shell",2003,2003,7021,Annual value,USD,3599.4,A,Official figure,AUS,False,False,58.11559303636253,59.31684044946804,54.48407776395476,59.38331088130321,62.630981044686195,43.854657616127014,5.13440054748237,
PP,Producer Prices,36,Australia,5532,Producer Price (USD/tonne),01371,"Almonds, in shell",2004,2004,7021,Annual value,USD,4515.5,A,Official figure,AUS,False,False,65.89944729053757,68.6029390549955,69.84888089256499,64.00158065193195,69.61163025660183,44.346000561265534,4.80423147775813,
PP,Producer Prices,36,Australia,5532,Producer Price (USD/tonne),01371,"Almonds, in shell",2005,2005,7021,Annual value,USD,4979.1,A,Official figure,AUS,False,False,67.6467997866706,72.57908938487195,77.21006263097178,60.766594200041034,64.39872945308146,61.19575106393876,4.74464612990827,
PP,Producer Prices,36,Australia,5532,Producer Price (USD/tonne),01371,"Almonds, in shell",2006,2006,7021,Annual value,USD,6333.0,A,Official figure,AUS,False,False,72.85198153556445,71.39005672414655,73.05336517091054,71.22837696143655,70.5451171722111,91.39314395266837,4.77072459573134,
PP,Producer Prices,36,Australia,5532,Producer Price (USD/tonne),01371,"Almonds, in shell",2007,2007,7021,Annual value,USD,5991.3,A,Official figure,AUS,False,False,94.55025065074518,77.75672729408136,122.39946263841763,100.90811631831873,107.3148060387481,62.36914297123817,5.03584938131912,
PP,Producer Prices,36,Australia,5532,Producer Price (USD/tonne),01371,"Almonds, in shell",2009,2009,7021,Annual value,USD,3852.8,A,Official figure,AUS,False,False,91.78785298482406,81.60267222893671,91.405730315563,97.1899325654129,94.42735946277953,112.2254832184969,5.59123716369561,
PP,Producer Prices,36,Australia,5532,Producer Price (USD/tonne),01371,"Almonds, in shell",2011,2011,7021,Annual value,USD,5115.2,A,Official figure,AUS,False,False,131.77593256915614,105.02246669637043,129.89070190611824,142.15740841093506,156.4798891014947,160.90057382271044,5.14219569199562,
PP,Producer Prices,36,Australia,5532,Producer Price (USD/tonne),01371,"Almonds, in shell",2012,2012,7021,Annual value,USD,4328.0,A,Official figure,AUS,False,False,122.75022327595461,104.69498650707051,111.65677557794167,137.3983528628098,138.30661545629084,133.31863424562349,5.05458500868273,
PP,Producer Prices,36,Australia,5532,Producer Price (USD/tonne),01371,"Almonds, in shell",2013,2013,7021,Annual value,USD,5356.0,A,Official figure,AUS,False,False,120.14390446093925,106.21599274087434,140.90691300197804,129.1108717873773,119.49987300357218,109.45334619156017,5.68920960549791,
PP,Producer Prices,36,Australia,5532,Producer Price (USD/tonne),01371,"Almonds, in shell",2014,2014,7021,Annual value,USD,5571.7,A,Official figure,AUS,False,False,114.98315043593857,112.11017428857667,130.20652445334494,115.8182908031581,110.6162614969274,105.19538929713728,6.19615490124291,
PP,Producer Prices,36,Australia,5532,Producer Price (USD/tonne),01371,"Almonds, in shell",2015,2015,7021,Annual value,USD,6110.8,A,Official figure,AUS,False,False,93.0638125181246,96.78279749075053,87.1451487854646,95.87342014077292,89.94109402113435,83.1811851391223,6.56255914980785,
PP,Producer Prices,36,Australia,5532,Producer Price (USD/tonne),01371,"Almonds, in shell",2016,2016,7021,Annual value,USD,7143.1,A,Official figure,AUS,False,False,91.95303704593685,91.10702822067289,82.64832676119045,88.30828905606897,99.44264448193826,111.62342556374044,7.10054987790893,
PP,Producer Prices,36,Australia,5532,Producer Price (USD/tonne),01371,"Almonds, in shell",2017,2017,7021,Annual value,USD,5244.7,A,Official figure,AUS,False,False,97.9325465965461,97.47103081764828,108.01127219003995,90.98426329355082,101.90947584276995,99.11220417429126,6.48222765314289,
PP,Producer Prices,36,Australia,5532,Producer Price (USD/tonne),01371,"Almonds, in shell",2018,2018,7021,Annual value,USD,4753.4,A,Official figure,AUS,False,False,95.75177402259017,94.39851038295467,107.2716875332135,100.82233026984352,87.76107702264312,77.40205315573543,6.52594691958162,
PP,Producer Prices,36,Australia,5532,Producer Price (USD/tonne),01371,"Almonds, in shell",2019,2019,7021,Annual value,USD,5192.9,A,Official figure,AUS,False,False,94.93129436453303,99.4754122501492,102.81578202753263,96.60386371200734,83.23927616454294,78.61501498294437,7.16469389675818,
PP,Producer Prices,36,Australia,5532,Producer Price (USD/tonne),01371,"Almonds, in shell",2020,2020,7021,Annual value,USD,4899.2,A,Official figure,AUS,False,False,98.05250486501859,95.316293513863,101.8142204334863,103.1167289201083,99.44353567977252,79.52871763805308,7.59766516403535,
PP,Producer Prices,36,Australia,5532,Producer Price (USD/tonne),01371,"Almonds, in shell",2021,2021,7021,Annual value,USD,3675.8,A,Official figure,AUS,False,False,125.73406972850047,107.53442746784815,119.59735631930364,131.1533847436843,164.85113256482796,109.33464293018675,6.44421129042264,
PP,Producer Prices,36,Australia,5532,Producer Price (USD/tonne),01371,"Almonds, in shell",2022,2022,7021,Annual value,USD,4020.5,A,Official figure,AUS,False,False,144.50986636550888,118.33551230992974,149.51050848913766,154.66510013039058,187.77977941529275,114.45579634923097,6.14945900451023,
PP,Producer Prices,36,Australia,5532,Producer Price (USD/tonne),01371,"Almonds, in shell",2023,2023,7021,Annual value,USD,3363.6,A,Official figure,AUS,False,False,124.51966645168862,114.10852024490974,123.72456940111083,130.87805882527132,126.29144514063518,144.9803113652603,6.12272392365969,
PP,Producer Prices,36,Australia,5532,Producer Price (USD/tonne),01371,"Almonds, in shell",2024,2024,7021,Annual value,USD,3741.5,A,Official figure,AUS,False,False,121.9819961575273,117.25906623977029,129.71297215949022,113.47684568733492,138.06843188494958,125.71292330063521,6.44767390132498,
PP,Producer Prices,36,Australia,5532,Producer Price (USD/tonne),01654,"Anise, badian, coriander, cumin, caraway, fennel and juniper berries, raw",2006,2006,7021,Annual value,USD,1521.1,A,Official figure,AUS,False,False,72.85198153556445,71.39005672414655,73.05336517091054,71.22837696143655,70.5451171722111,91.39314395266837,4.77072459573134,
PP,Producer Prices,36,Australia,5532,Producer Price (USD/tonne),01654,"Anise, badian, coriander, cumin, caraway, fennel and juniper berries, raw",2007,2007,7021,Annual value,USD,1422.5,A,Official figure,AUS,False,False,94.55025065074518,77.75672729408136,122.39946263841763,100.90811631831873,107.3148060387481,62.36914297123817,5.03584938131912,
PP,Producer Prices,36,Australia,5532,Producer Price (USD/tonne),01654,"Anise, badian, coriander, cumin, caraway, fennel and juniper berries, raw",2008,2008,7021,Annual value,USD,1535.0,A,Official figure,AUS,False,False,117.73787331863998,90.84433092873273,132.33661799232738,137.64181782223199,141.07285693456427,79.19536905542518,4.80642380862477,
PP,Producer Prices,36,Australia,5532,Producer Price (USD/tonne),01654,"Anise, badian, coriander, cumin, caraway, fennel and juniper berries, raw",2009,2009,7021,Annual value,USD,1411.6,A,Official figure,AUS,False,False,91.78785298482406,81.60267222893671,91.405730315563,97.1899325654129,94.42735946277953,112.2254832184969,5.59123716369561,
PP,Producer Prices,36,Australia,5532,Producer Price (USD/tonne),01654,"Anise, badian, coriander, cumin, caraway, fennel and juniper berries, raw",2011,2011,7021,Annual value,USD,2475.6,A,Official figure,AUS,False,False,131.77593256915614,105.02246669637043,129.89070190611824,142.15740841093506,156.4798891014947,160.90057382271044,5.14219569199562,
PP,Producer Prices,36,Australia,5532,Producer Price (USD/tonne),01654,"Anise, badian, coriander, cumin, caraway, fennel and juniper berries, raw",2023,2023,7021,Annual value,USD,1910.5,A,Official figure,AUS,False,False,124.51966645168862,114.10852024490974,123.72456940111083,130.87805882527132,126.29144514063518,144.9803113652603,6.12272392365969,
PP,Producer Prices,36,Australia,5532,Producer Price (USD/tonne),01341,Apples,1991,1991,7021,Annual value,USD,492.3,A,Official figure,AUS,False,False,62.34528439011702,81.47466716487295,45.46032558544059,57.863819886673106,49.00795416086814,55.480617553691815,5.21988857452739,
PP,Producer Prices,36,Australia,5532,Producer Price (USD/tonne),01341,Apples,1992,1992,7021,Annual value,USD,625.7,A,Official figure,AUS,False,False,64.22555868464649,78.38728862271715,54.8015933451503,60.9576514895015,52.991996389394096,56.04274688194544,5.04326421093316,
PP,Producer Prices,36,Australia,5532,Producer Price (USD/tonne),01341,Apples,1993,1993,7021,Annual value,USD,546.7,A,Official figure,AUS,False,False,62.259404847966515,75.01403295972897,48.61651615517863,59.01858803408094,53.966480634247155,62.03019780031652,4.98707923344647,
PP,Producer Prices,36,Australia,5532,Producer Price (USD/tonne),01341,Apples,1994,1994,7021,Annual value,USD,565.9,A,Official figure,AUS,False,False,67.26054679350919,76.29710199787732,47.42020205529957,61.936823654585105,71.86775375736012,74.94370090074824,4.99933415639271,
PP,Producer Prices,36,Australia,5532,Producer Price (USD/tonne),01341,Apples,1995,1995,7021,Annual value,USD,631.6,A,Official figure,AUS,False,False,76.8287850116353,85.24932673337705,62.72510536671231,70.8474665240566,79.95838810789446,82.19981067004032,4.95654793299687,
PP,Producer Prices,36,Australia,5532,Producer Price (USD/tonne),01341,Apples,1996,1996,7021,Annual value,USD,853.0,A,Official figure,AUS,False,False,77.82086308655745,84.34557234442748,61.619550783954395,83.65592765127325,69.93519294281285,73.98962818765723,4.85290173072787,
PP,Producer Prices,36,Australia,5532,Producer Price (USD/tonne),01341,Apples,1997,1997,7021,Annual value,USD,794.1,A,Official figure,AUS,False,False,70.75682380399682,79.31706264103354,59.44728416757198,66.51116723257967,70.68473461622513,70.38581190707349,4.91017735786183,
PP,Producer Prices,36,Australia,5532,Producer Price (USD/tonne),01341,Apples,1998,1998,7021,Annual value,USD,552.8,A,Official figure,AUS,False,False,64.8237651326436,66.27116245186038,55.776184862258724,58.90385220966683,83.88543382429606,55.22279355165295,4.73775638168852,
PP,Producer Prices,36,Australia,5532,Producer Price (USD/tonne),01341,Apples,1999,1999,7021,Annual value,USD,619.4,A,Official figure,AUS,False,False,55.38494745729497,62.42928865091984,48.31192059218944,53.12085523046289,58.22698225943004,38.798878860400684,4.80438445813991,
PP,Producer Prices,36,Australia,5532,Producer Price (USD/tonne),01341,Apples,2000,2000,7021,Annual value,USD,496.3,A,Official figure,AUS,False,False,53.658254311091945,61.295380665724906,54.46468606873116,51.41600714746175,42.89305770905415,50.612781624475126,4.5542072874505,
PP,Producer Prices,36,Australia,5532,Producer Price (USD/tonne),01341,Apples,2001,2001,7021,Annual value,USD,450.0,A,Official figure,AUS,False,False,55.353759430433776,62.905581984538294,60.88469474046613,51.84540600513508,42.481465934354574,53.47099426092313,4.94222006021166,
PP,Producer Prices,36,Australia,5532,Producer Price (USD/tonne),01341,Apples,2002,2002,7021,Annual value,USD,592.2,A,Official figure,AUS,False,False,53.432698046969534,56.102316657369585,46.09884987045724,55.57542707086668,55.144333609249486,42.632850317668414,4.86917660836693,
PP,Producer Prices,36,Australia,5532,Producer Price (USD/tonne),01341,Apples,2003,2003,7021,Annual value,USD,758.8,A,Official figure,AUS,False,False,58.11559303636253,59.31684044946804,54.48407776395476,59.38331088130321,62.630981044686195,43.854657616127014,5.13440054748237,
PP,Producer Prices,36,Australia,5532,Producer Price (USD/tonne),01341,Apples,2004,2004,7021,Annual value,USD,1059.0,A,Official figure,AUS,False,False,65.89944729053757,68.6029390549955,69.84888089256499,64.00158065193195,69.61163025660183,44.346000561265534,4.80423147775813,
PP,Producer Prices,36,Australia,5532,Producer Price (USD/tonne),01341,Apples,2005,2005,7021,Annual value,USD,1237.1,A,Official figure,AUS,False,False,67.6467997866706,72.57908938487195,77.21006263097178,60.766594200041034,64.39872945308146,61.19575106393876,4.74464612990827,
PP,Producer Prices,36,Australia,5532,Producer Price (USD/tonne),01341,Apples,2006,2006,7021,Annual value,USD,978.9,A,Official figure,AUS,False,False,72.85198153556445,71.39005672414655,73.05336517091054,71.22837696143655,70.5451171722111,91.39314395266837,4.77072459573134,
PP,Producer Prices,36,Australia,5532,Producer Price (USD/tonne),01341,Apples,2007,2007,7021,Annual value,USD,1497.8,A,Official figure,AUS,False,False,94.55025065074518,77.75672729408136,122.39946263841763,100.90811631831873,107.3148060387481,62.36914297123817,5.03584938131912,
PP,Producer Prices,36,Australia,5532,Producer Price (USD/tonne),01341,Apples,2008,2008,7021,Annual value,USD,1543.4,A,Official figure,AUS,False,False,117.73787331863998,90.84433092873273,132.33661799232738,137.64181782223199,141.07285693456427,79.19536905542518,4.80642380862477,
PP,Producer Prices,36,Australia,5532,Producer Price (USD/tonne),01341,Apples,2009,2009,7021,Annual value,USD,1435.0,A,Official figure,AUS,False,False,91.78785298482406,81.60267222893671,91.405730315563,97.1899325654129,94.42735946277953,112.2254832184969,5.59123716369561,
PP,Producer Prices,36,Australia,5532,Producer Price (USD/tonne),01341,Apples,2010,2010,7021,Annual value,USD,1394.3,A,Official figure,AUS,False,False,106.87404108388505,91.39347096403203,111.89896716658724,107.49931237044449,121.95018353123997,131.72406046543753,5.30683575119913,
PP,Producer Prices,36,Australia,5532,Producer Price (USD/tonne),01341,Apples,2011,2011,7021,Annual value,USD,2052.7,A,Official figure,AUS,False,False,131.77593256915614,105.02246669637043,129.89070190611824,142.15740841093506,156.4798891014947,160.90057382271044,5.14219569199562,
PP,Producer Prices,36,Australia,5532,Producer Price (USD/tonne),01341,Apples,2012,2012,7021,Annual value,USD,1667.0,A,Official figure,AUS,False,False,122.75022327595461,104.69498650707051,111.65677557794167,137.3983528628098,138.30661545629084,133.31863424562349,5.05458500868273,
PP,Producer Prices,36,Australia,5532,Producer Price (USD/tonne),01341,Apples,2013,2013,7021,Annual value,USD,1475.1,A,Official figure,AUS,False,False,120.14390446093925,106.21599274087434,140.90691300197804,129.1108717873773,119.49987300357218,109.45334619156017,5.68920960549791,
PP,Producer Prices,36,Australia,5532,Producer Price (USD/tonne),01341,Apples,2014,2014,7021,Annual value,USD,1465.7,A,Official figure,AUS,False,False,114.98315043593857,112.11017428857667,130.20652445334494,115.8182908031581,110.6162614969274,105.19538929713728,6.19615490124291,
PP,Producer Prices,36,Australia,5532,Producer Price (USD/tonne),01341,Apples,2015,2015,7021,Annual value,USD,1414.6,A,Official figure,AUS,False,False,93.0638125181246,96.78279749075053,87.1451487854646,95.87342014077292,89.94109402113435,83.1811851391223,6.56255914980785,
PP,Producer Prices,36,Australia,5532,Producer Price (USD/tonne),01341,Apples,2016,2016,7021,Annual value,USD,1303.1,A,Official figure,AUS,False,False,91.95303704593685,91.10702822067289,82.64832676119045,88.30828905606897,99.44264448193826,111.62342556374044,7.10054987790893,
PP,Producer Prices,36,Australia,5532,Producer Price (USD/tonne),01341,Apples,2017,2017,7021,Annual value,USD,1250.0,A,Official figure,AUS,False,False,97.9325465965461,97.47103081764828,108.01127219003995,90.98426329355082,101.90947584276995,99.11220417429126,6.48222765314289,
PP,Producer Prices,36,Australia,5532,Producer Price (USD/tonne),01341,Apples,2018,2018,7021,Annual value,USD,1366.5,A,Official figure,AUS,False,False,95.75177402259017,94.39851038295467,107.2716875332135,100.82233026984352,87.76107702264312,77.40205315573543,6.52594691958162,
PP,Producer Prices,36,Australia,5532,Producer Price (USD/tonne),01341,Apples,2019,2019,7021,Annual value,USD,1344.4,A,Official figure,AUS,False,False,94.93129436453303,99.4754122501492,102.81578202753263,96.60386371200734,83.23927616454294,78.61501498294437,7.16469389675818,
PP,Producer Prices,36,Australia,5532,Producer Price (USD/tonne),01341,Apples,2020,2020,7021,Annual value,USD,1420.0,A,Official figure,AUS,False,False,98.05250486501859,95.316293513863,101.8142204334863,103.1167289201083,99.44353567977252,79.52871763805308,7.59766516403535,
PP,Producer Prices,36,Australia,5532,Producer Price (USD/tonne),01341,Apples,2021,2021,7021,Annual value,USD,1913.6,A,Official figure,AUS,False,False,125.73406972850047,107.53442746784815,119.59735631930364,131.1533847436843,164.85113256482796,109.33464293018675,6.44421129042264,
PP,Producer Prices,36,Australia,5532,Producer Price (USD/tonne),01341,Apples,2022,2022,7021,Annual value,USD,1490.5,A,Official figure,AUS,False,False,144.50986636550888,118.33551230992974,149.51050848913766,154.66510013039058,187.77977941529275,114.45579634923097,6.14945900451023,
PP,Producer Prices,36,Australia,5532,Producer Price (USD/tonne),01341,Apples,2023,2023,7021,Annual value,USD,1507.3,A,Official figure,AUS,False,False,124.51966645168862,114.10852024490974,123.72456940111083,130.87805882527132,126.29144514063518,144.9803113652603,6.12272392365969,
PP,Producer Prices,36,Australia,5532,Producer Price (USD/tonne),01341,Apples,2024,2024,7021,Annual value,USD,1528.2,A,Official figure,AUS,False,False,121.9819961575273,117.25906623977029,129.71297215949022,113.47684568733492,138.06843188494958,125.71292330063521,6.44767390132498,
PP,Producer Prices,36,Australia,5532,Producer Price (USD/tonne),01343,Apricots,1991,1991,7021,Annual value,USD,727.6,A,Official figure,AUS,False,False,62.34528439011702,81.47466716487295,45.46032558544059,57.863819886673106,49.00795416086814,55.480617553691815,5.21988857452739,
PP,Producer Prices,36,Australia,5532,Producer Price (USD/tonne),01343,Apricots,1992,1992,7021,Annual value,USD,774.8,A,Official figure,AUS,False,False,64.22555868464649,78.38728862271715,54.8015933451503,60.9576514895015,52.991996389394096,56.04274688194544,5.04326421093316,
PP,Producer Prices,36,Australia,5532,Producer Price (USD/tonne),01343,Apricots,1993,1993,7021,Annual value,USD,705.9,A,Official figure,AUS,False,False,62.259404847966515,75.01403295972897,48.61651615517863,59.01858803408094,53.966480634247155,62.03019780031652,4.98707923344647,
PP,Producer Prices,36,Australia,5532,Producer Price (USD/tonne),01343,Apricots,1994,1994,7021,Annual value,USD,934.4,A,Official figure,AUS,False,False,67.26054679350919,76.29710199787732,47.42020205529957,61.936823654585105,71.86775375736012,74.94370090074824,4.99933415639271,
PP,Producer Prices,36,Australia,5532,Producer Price (USD/tonne),01343,Apricots,1995,1995,7021,Annual value,USD,716.1,A,Official figure,AUS,False,False,76.8287850116353,85.24932673337705,62.72510536671231,70.8474665240566,79.95838810789446,82.19981067004032,4.95654793299687,
PP,Producer Prices,36,Australia,5532,Producer Price (USD/tonne),01343,Apricots,1996,1996,7021,Annual value,USD,1112.0,A,Official figure,AUS,False,False,77.82086308655745,84.34557234442748,61.619550783954395,83.65592765127325,69.93519294281285,73.98962818765723,4.85290173072787,
PP,Producer Prices,36,Australia,5532,Producer Price (USD/tonne),01343,Apricots,1997,1997,7021,Annual value,USD,1120.7,A,Official figure,AUS,False,False,70.75682380399682,79.31706264103354,59.44728416757198,66.51116723257967,70.68473461622513,70.38581190707349,4.91017735786183,
PP,Producer Prices,36,Australia,5532,Producer Price (USD/tonne),01343,Apricots,1998,1998,7021,Annual value,USD,980.0,A,Official figure,AUS,False,False,64.8237651326436,66.27116245186038,55.776184862258724,58.90385220966683,83.88543382429606,55.22279355165295,4.73775638168852,
PP,Producer Prices,36,Australia,5532,Producer Price (USD/tonne),01343,Apricots,1999,1999,7021,Annual value,USD,838.7,A,Official figure,AUS,False,False,55.38494745729497,62.42928865091984,48.31192059218944,53.12085523046289,58.22698225943004,38.798878860400684,4.80438445813991,
PP,Producer Prices,36,Australia,5532,Producer Price (USD/tonne),01343,Apricots,2000,2000,7021,Annual value,USD,928.2,A,Official figure,AUS,False,False,53.658254311091945,61.295380665724906,54.46468606873116,51.41600714746175,42.89305770905415,50.612781624475126,4.5542072874505,
PP,Producer Prices,36,Australia,5532,Producer Price (USD/tonne),01343,Apricots,2001,2001,7021,Annual value,USD,739.6,A,Official figure,AUS,False,False,55.353759430433776,62.905581984538294,60.88469474046613,51.84540600513508,42.481465934354574,53.47099426092313,4.94222006021166,
PP,Producer Prices,36,Australia,5532,Producer Price (USD/tonne),01343,Apricots,2002,2002,7021,Annual value,USD,793.2,A,Official figure,AUS,False,False,53.432698046969534,56.102316657369585,46.09884987045724,55.57542707086668,55.144333609249486,42.632850317668414,4.86917660836693,
PP,Producer Prices,36,Australia,5532,Producer Price (USD/tonne),01343,Apricots,2003,2003,7021,Annual value,USD,810.7,A,Official figure,AUS,False,False,58.11559303636253,59.31684044946804,54.48407776395476,59.38331088130321,62.630981044686195,43.854657616127014,5.13440054748237,
PP,Producer Prices,36,Australia,5532,Producer Price (USD/tonne),01343,Apricots,2004,2004,7021,Annual value,USD,1662.1,A,Official figure,AUS,False,False,65.89944729053757,68.6029390549955,69.84888089256499,64.00158065193195,69.61163025660183,44.346000561265534,4.80423147775813,
PP,Producer Prices,36,Australia,5532,Producer Price (USD/tonne),01343,Apricots,2005,2005,7021,Annual value,USD,1122.6,A,Official figure,AUS,False,False,67.6467997866706,72.57908938487195,77.21006263097178,60.766594200041034,64.39872945308146,61.19575106393876,4.74464612990827,
PP,Producer Prices,36,Australia,5532,Producer Price (USD/tonne),01343,Apricots,2006,2006,7021,Annual value,USD,1061.8,A,Official figure,AUS,False,False,72.85198153556445,71.39005672414655,73.05336517091054,71.22837696143655,70.5451171722111,91.39314395266837,4.77072459573134,
PP,Producer Prices,36,Australia,5532,Producer Price (USD/tonne),01343,Apricots,2007,2007,7021,Annual value,USD,2309.5,A,Official figure,AUS,False,False,94.55025065074518,77.75672729408136,122.39946263841763,100.90811631831873,107.3148060387481,62.36914297123817,5.03584938131912,
PP,Producer Prices,36,Australia,5532,Producer Price (USD/tonne),01343,Apricots,2009,2009,7021,Annual value,USD,1817.2,A,Official figure,AUS,False,False,91.78785298482406,81.60267222893671,91.405730315563,97.1899325654129,94.42735946277953,112.2254832184969,5.59123716369561,
PP,Producer Prices,36,Australia,5532,Producer Price (USD/tonne),01343,Apricots,2011,2011,7021,Annual value,USD,1598.8,A,Official figure,AUS,False,False,131.77593256915614,105.02246669637043,129.89070190611824,142.15740841093506,156.4798891014947,160.90057382271044,5.14219569199562,
PP,Producer Prices,36,Australia,5532,Producer Price (USD/tonne),01343,Apricots,2016,2016,7021,Annual value,USD,2045.8,A,Official figure,AUS,False,False,91.95303704593685,91.10702822067289,82.64832676119045,88.30828905606897,99.44264448193826,111.62342556374044,7.10054987790893,
PP,Producer Prices,36,Australia,5532,Producer Price (USD/tonne),01343,Apricots,2017,2017,7021,Annual value,USD,1002.5,A,Official figure,AUS,False,False,97.9325465965461,97.47103081764828,108.01127219003995,90.98426329355082,101.90947584276995,99.11220417429126,6.48222765314289,
PP,Producer Prices,36,Australia,5532,Producer Price (USD/tonne),01343,Apricots,2018,2018,7021,Annual value,USD,1210.4,A,Official figure,AUS,False,False,95.75177402259017,94.39851038295467,107.2716875332135,100.82233026984352,87.76107702264312,77.40205315573543,6.52594691958162,
PP,Producer Prices,36,Australia,5532,Producer Price (USD/tonne),01343,Apricots,2019,2019,7021,Annual value,USD,1507.1,A,Official figure,AUS,False,False,94.93129436453303,99.4754122501492,102.81578202753263,96.60386371200734,83.23927616454294,78.61501498294437,7.16469389675818,
PP,Producer Prices,36,Australia,5532,Producer Price (USD/tonne),01343,Apricots,2023,2023,7021,Annual value,USD,2529.6,A,Official figure,AUS,False,False,124.51966645168862,114.10852024490974,123.72456940111083,130.87805882527132,126.29144514063518,144.9803113652603,6.12272392365969,
PP,Producer Prices,36,Australia,5532,Producer Price (USD/tonne),01343,Apricots,2024,2024,7021,Annual value,USD,2349.1,A,Official figure,AUS,False,False,121.9819961575273,117.25906623977029,129.71297215949022,113.47684568733492,138.06843188494958,125.71292330063521,6.44767390132498,
PP,Producer Prices,36,Australia,5532,Producer Price (USD/tonne),01211,Asparagus,1991,1991,7021,Annual value,USD,2628.2,A,Official figure,AUS,False,False,62.34528439011702,81.47466716487295,45.46032558544059,57.863819886673106,49.00795416086814,55.480617553691815,5.21988857452739,
PP,Producer Prices,36,Australia,5532,Producer Price (USD/tonne),01211,Asparagus,1992,1992,7021,Annual value,USD,3616.2,A,Official figure,AUS,False,False,64.22555868464649,78.38728862271715,54.8015933451503,60.9576514895015,52.991996389394096,56.04274688194544,5.04326421093316,
PP,Producer Prices,36,Australia,5532,Producer Price (USD/tonne),01211,Asparagus,1993,1993,7021,Annual value,USD,3377.6,A,Official figure,AUS,False,False,62.259404847966515,75.01403295972897,48.61651615517863,59.01858803408094,53.966480634247155,62.03019780031652,4.98707923344647,
PP,Producer Prices,36,Australia,5532,Producer Price (USD/tonne),01211,Asparagus,1994,1994,7021,Annual value,USD,4199.6,A,Official figure,AUS,False,False,67.26054679350919,76.29710199787732,47.42020205529957,61.936823654585105,71.86775375736012,74.94370090074824,4.99933415639271,
PP,Producer Prices,36,Australia,5532,Producer Price (USD/tonne),01211,Asparagus,1995,1995,7021,Annual value,USD,4340.1,A,Official figure,AUS,False,False,76.8287850116353,85.24932673337705,62.72510536671231,70.8474665240566,79.95838810789446,82.19981067004032,4.95654793299687,
PP,Producer Prices,36,Australia,5532,Producer Price (USD/tonne),01211,Asparagus,1996,1996,7021,Annual value,USD,3986.3,A,Official figure,AUS,False,False,77.82086308655745,84.34557234442748,61.619550783954395,83.65592765127325,69.93519294281285,73.98962818765723,4.85290173072787,
PP,Producer Prices,36,Australia,5532,Producer Price (USD/tonne),01211,Asparagus,1997,1997,7021,Annual value,USD,3534.3,A,Official figure,AUS,False,False,70.75682380399682,79.31706264103354,59.44728416757198,66.51116723257967,70.68473461622513,70.38581190707349,4.91017735786183,
PP,Producer Prices,36,Australia,5532,Producer Price (USD/tonne),01211,Asparagus,1998,1998,7021,Annual value,USD,3223.3,A,Official figure,AUS,False,False,64.8237651326436,66.27116245186038,55.776184862258724,58.90385220966683,83.88543382429606,55.22279355165295,4.73775638168852,
PP,Producer Prices,36,Australia,5532,Producer Price (USD/tonne),01211,Asparagus,1999,1999,7021,Annual value,USD,3843.3,A,Official figure,AUS,False,False,55.38494745729497,62.42928865091984,48.31192059218944,53.12085523046289,58.22698225943004,38.798878860400684,4.80438445813991,
PP,Producer Prices,36,Australia,5532,Producer Price (USD/tonne),01211,Asparagus,2000,2000,7021,Annual value,USD,3387.0,A,Official figure,AUS,False,False,53.658254311091945,61.295380665724906,54.46468606873116,51.41600714746175,42.89305770905415,50.612781624475126,4.5542072874505,
PP,Producer Prices,36,Australia,5532,Producer Price (USD/tonne),01211,Asparagus,2001,2001,7021,Annual value,USD,2398.8,A,Official figure,AUS,False,False,55.353759430433776,62.905581984538294,60.88469474046613,51.84540600513508,42.481465934354574,53.47099426092313,4.94222006021166,
PP,Producer Prices,36,Australia,5532,Producer Price (USD/tonne),01211,Asparagus,2002,2002,7021,Annual value,USD,2565.0,A,Official figure,AUS,False,False,53.432698046969534,56.102316657369585,46.09884987045724,55.57542707086668,55.144333609249486,42.632850317668414,4.86917660836693,
PP,Producer Prices,36,Australia,5532,Producer Price (USD/tonne),01211,Asparagus,2003,2003,7021,Annual value,USD,3099.4,A,Official figure,AUS,False,False,58.11559303636253,59.31684044946804,54.48407776395476,59.38331088130321,62.630981044686195,43.854657616127014,5.13440054748237,
PP,Producer Prices,36,Australia,5532,Producer Price (USD/tonne),01211,Asparagus,2004,2004,7021,Annual value,USD,3299.1,A,Official figure,AUS,False,False,65.89944729053757,68.6029390549955,69.84888089256499,64.00158065193195,69.61163025660183,44.346000561265534,4.80423147775813,
PP,Producer Prices,36,Australia,5532,Producer Price (USD/tonne),01211,Asparagus,2005,2005,7021,Annual value,USD,3275.4,A,Official figure,AUS,False,False,67.6467997866706,72.57908938487195,77.21006263097178,60.766594200041034,64.39872945308146,61.19575106393876,4.74464612990827,
PP,Producer Prices,36,Australia,5532,Producer Price (USD/tonne),01211,Asparagus,2006,2006,7021,Annual value,USD,3604.7,A,Official figure,AUS,False,False,72.85198153556445,71.39005672414655,73.05336517091054,71.22837696143655,70.5451171722111,91.39314395266837,4.77072459573134,
PP,Producer Prices,36,Australia,5532,Producer Price (USD/tonne),01211,Asparagus,2007,2007,7021,Annual value,USD,3902.7,A,Official figure,AUS,False,False,94.55025065074518,77.75672729408136,122.39946263841763,100.90811631831873,107.3148060387481,62.36914297123817,5.03584938131912,
PP,Producer Prices,36,Australia,5532,Producer Price (USD/tonne),01211,Asparagus,2008,2008,7021,Annual value,USD,3888.7,A,Official figure,AUS,False,False,117.73787331863998,90.84433092873273,132.33661799232738,137.64181782223199,141.07285693456427,79.19536905542518,4.80642380862477,
PP,Producer Prices,36,Australia,5532,Producer Price (USD/tonne),01211,Asparagus,2009,2009,7021,Annual value,USD,5023.4,A,Official figure,AUS,False,False,91.78785298482406,81.60267222893671,91.405730315563,97.1899325654129,94.42735946277953,112.2254832184969,5.59123716369561,
PP,Producer Prices,36,Australia,5532,Producer Price (USD/tonne),01211,Asparagus,2011,2011,7021,Annual value,USD,6897.6,A,Official figure,AUS,False,True,131.77593256915614,105.02246669637043,129.89070190611824,142.15740841093506,156.4798891014947,160.90057382271044,5.14219569199562,
PP,Producer Prices,36,Australia,5532,Producer Price (USD/tonne),01211,Asparagus,2023,2023,7021,Annual value,USD,7439.0,A,Official figure,AUS,False,True,124.51966645168862,114.10852024490974,123.72456940111083,130.87805882527132,126.29144514063518,144.9803113652603,6.12272392365969,
PP,Producer Prices,36,Australia,5532,Producer Price (USD/tonne),01211,Asparagus,2024,2024,7021,Annual value,USD,7584.5,A,Official figure,AUS,False,True,121.9819961575273,117.25906623977029,129.71297215949022,113.47684568733492,138.06843188494958,125.71292330063521,6.44767390132498,
PP,Producer Prices,36,Australia,5532,Producer Price (USD/tonne),01311,Avocados,1997,1997,7021,Annual value,USD,1558.6,A,Official figure,AUS,False,False,70.75682380399682,79.31706264103354,59.44728416757198,66.51116723257967,70.68473461622513,70.38581190707349,4.91017735786183,
PP,Producer Prices,36,Australia,5532,Producer Price (USD/tonne),01311,Avocados,1998,1998,7021,Annual value,USD,1426.0,A,Official figure,AUS,False,False,64.8237651326436,66.27116245186038,55.776184862258724,58.90385220966683,83.88543382429606,55.22279355165295,4.73775638168852,
PP,Producer Prices,36,Australia,5532,Producer Price (USD/tonne),01311,Avocados,1999,1999,7021,Annual value,USD,1374.2,A,Official figure,AUS,False,False,55.38494745729497,62.42928865091984,48.31192059218944,53.12085523046289,58.22698225943004,38.798878860400684,4.80438445813991,
PP,Producer Prices,36,Australia,5532,Producer Price (USD/tonne),01311,Avocados,2000,2000,7021,Annual value,USD,1333.5,A,Official figure,AUS,False,False,53.658254311091945,61.295380665724906,54.46468606873116,51.41600714746175,42.89305770905415,50.612781624475126,4.5542072874505,
PP,Producer Prices,36,Australia,5532,Producer Price (USD/tonne),01311,Avocados,2001,2001,7021,Annual value,USD,1003.4,A,Official figure,AUS,False,False,55.353759430433776,62.905581984538294,60.88469474046613,51.84540600513508,42.481465934354574,53.47099426092313,4.94222006021166,
PP,Producer Prices,36,Australia,5532,Producer Price (USD/tonne),01311,Avocados,2002,2002,7021,Annual value,USD,1314.8,A,Official figure,AUS,False,False,53.432698046969534,56.102316657369585,46.09884987045724,55.57542707086668,55.144333609249486,42.632850317668414,4.86917660836693,
PP,Producer Prices,36,Australia,5532,Producer Price (USD/tonne),01311,Avocados,2003,2003,7021,Annual value,USD,1472.2,A,Official figure,AUS,False,False,58.11559303636253,59.31684044946804,54.48407776395476,59.38331088130321,62.630981044686195,43.854657616127014,5.13440054748237,
PP,Producer Prices,36,Australia,5532,Producer Price (USD/tonne),01311,Avocados,2004,2004,7021,Annual value,USD,1816.5,A,Official figure,AUS,False,False,65.89944729053757,68.6029390549955,69.84888089256499,64.00158065193195,69.61163025660183,44.346000561265534,4.80423147775813,
PP,Producer Prices,36,Australia,5532,Producer Price (USD/tonne),01311,Avocados,2005,2005,7021,Annual value,USD,2115.4,A,Official figure,AUS,False,False,67.6467997866706,72.57908938487195,77.21006263097178,60.766594200041034,64.39872945308146,61.19575106393876,4.74464612990827,
PP,Producer Prices,36,Australia,5532,Producer Price (USD/tonne),01311,Avocados,2006,2006,7021,Annual value,USD,1784.7,A,Official figure,AUS,False,False,72.85198153556445,71.39005672414655,73.05336517091054,71.22837696143655,70.5451171722111,91.39314395266837,4.77072459573134,
PP,Producer Prices,36,Australia,5532,Producer Price (USD/tonne),01311,Avocados,2007,2007,7021,Annual value,USD,2184.0,A,Official figure,AUS,False,False,94.55025065074518,77.75672729408136,122.39946263841763,100.90811631831873,107.3148060387481,62.36914297123817,5.03584938131912,
PP,Producer Prices,36,Australia,5532,Producer Price (USD/tonne),01311,Avocados,2009,2009,7021,Annual value,USD,2222.8,A,Official figure,AUS,False,False,91.78785298482406,81.60267222893671,91.405730315563,97.1899325654129,94.42735946277953,112.2254832184969,5.59123716369561,
PP,Producer Prices,36,Australia,5532,Producer Price (USD/tonne),01311,Avocados,2011,2011,7021,Annual value,USD,2991.3,A,Official figure,AUS,False,False,131.77593256915614,105.02246669637043,129.89070190611824,142.15740841093506,156.4798891014947,160.90057382271044,5.14219569199562,
PP,Producer Prices,36,Australia,5532,Producer Price (USD/tonne),01311,Avocados,2012,2012,7021,Annual value,USD,2671.4,A,Official figure,AUS,False,False,122.75022327595461,104.69498650707051,111.65677557794167,137.3983528628098,138.30661545629084,133.31863424562349,5.05458500868273,
PP,Producer Prices,36,Australia,5532,Producer Price (USD/tonne),01311,Avocados,2013,2013,7021,Annual value,USD,4013.2,A,Official figure,AUS,False,False,120.14390446093925,106.21599274087434,140.90691300197804,129.1108717873773,119.49987300357218,109.45334619156017,5.68920960549791,
PP,Producer Prices,36,Australia,5532,Producer Price (USD/tonne),01311,Avocados,2014,2014,7021,Annual value,USD,4419.7,A,Official figure,AUS,False,False,114.98315043593857,112.11017428857667,130.20652445334494,115.8182908031581,110.6162614969274,105.19538929713728,6.19615490124291,
PP,Producer Prices,36,Australia,5532,Producer Price (USD/tonne),01311,Avocados,2015,2015,7021,Annual value,USD,3362.7,A,Official figure,AUS,False,False,93.0638125181246,96.78279749075053,87.1451487854646,95.87342014077292,89.94109402113435,83.1811851391223,6.56255914980785,
PP,Producer Prices,36,Australia,5532,Producer Price (USD/tonne),01311,Avocados,2016,2016,7021,Annual value,USD,3632.1,A,Official figure,AUS,False,False,91.95303704593685,91.10702822067289,82.64832676119045,88.30828905606897,99.44264448193826,111.62342556374044,7.10054987790893,
PP,Producer Prices,36,Australia,5532,Producer Price (USD/tonne),01311,Avocados,2017,2017,7021,Annual value,USD,4059.0,A,Official figure,AUS,False,False,97.9325465965461,97.47103081764828,108.01127219003995,90.98426329355082,101.90947584276995,99.11220417429126,6.48222765314289,
PP,Producer Prices,36,Australia,5532,Producer Price (USD/tonne),01311,Avocados,2018,2018,7021,Annual value,USD,4762.4,A,Official figure,AUS,False,False,95.75177402259017,94.39851038295467,107.2716875332135,100.82233026984352,87.76107702264312,77.40205315573543,6.52594691958162,
PP,Producer Prices,36,Australia,5532,Producer Price (USD/tonne),01311,Avocados,2019,2019,7021,Annual value,USD,3039.3,A,Official figure,AUS,False,False,94.93129436453303,99.4754122501492,102.81578202753263,96.60386371200734,83.23927616454294,78.61501498294437,7.16469389675818,
PP,Producer Prices,36,Australia,5532,Producer Price (USD/tonne),01311,Avocados,2020,2020,7021,Annual value,USD,2916.5,A,Official figure,AUS,False,False,98.05250486501859,95.316293513863,101.8142204334863,103.1167289201083,99.44353567977252,79.52871763805308,7.59766516403535,
PP,Producer Prices,36,Australia,5532,Producer Price (USD/tonne),01311,Avocados,2021,2021,7021,Annual value,USD,2936.2,A,Official figure,AUS,False,False,125.73406972850047,107.53442746784815,119.59735631930364,131.1533847436843,164.85113256482796,109.33464293018675,6.44421129042264,
PP,Producer Prices,36,Australia,5532,Producer Price (USD/tonne),01311,Avocados,2023,2023,7021,Annual value,USD,3228.4,A,Official figure,AUS,False,False,124.51966645168862,114.10852024490974,123.72456940111083,130.87805882527132,126.29144514063518,144.9803113652603,6.12272392365969,
PP,Producer Prices,36,Australia,5532,Producer Price (USD/tonne),01311,Avocados,2024,2024,7021,Annual value,USD,2575.6,A,Official figure,AUS,False,False,121.9819961575273,117.25906623977029,129.71297215949022,113.47684568733492,138.06843188494958,125.71292330063521,6.44767390132498,
PP,Producer Prices,36,Australia,5532,Producer Price (USD/tonne),01312,Bananas,1991,1991,7021,Annual value,USD,1110.0,A,Official figure,AUS,False,False,62.34528439011702,81.47466716487295,45.46032558544059,57.863819886673106,49.00795416086814,55.480617553691815,5.21988857452739,
PP,Producer Prices,36,Australia,5532,Producer Price (USD/tonne),01312,Bananas,1992,1992,7021,Annual value,USD,1120.7,A,Official figure,AUS,False,False,64.22555868464649,78.38728862271715,54.8015933451503,60.9576514895015,52.991996389394096,56.04274688194544,5.04326421093316,
PP,Producer Prices,36,Australia,5532,Producer Price (USD/tonne),01312,Bananas,1993,1993,7021,Annual value,USD,952.7,A,Official figure,AUS,False,False,62.259404847966515,75.01403295972897,48.61651615517863,59.01858803408094,53.966480634247155,62.03019780031652,4.98707923344647,
PP,Producer Prices,36,Australia,5532,Producer Price (USD/tonne),01312,Bananas,1994,1994,7021,Annual value,USD,677.8,A,Official figure,AUS,False,False,67.26054679350919,76.29710199787732,47.42020205529957,61.936823654585105,71.86775375736012,74.94370090074824,4.99933415639271,
PP,Producer Prices,36,Australia,5532,Producer Price (USD/tonne),01312,Bananas,1995,1995,7021,Annual value,USD,907.3,A,Official figure,AUS,False,False,76.8287850116353,85.24932673337705,62.72510536671231,70.8474665240566,79.95838810789446,82.19981067004032,4.95654793299687,
PP,Producer Prices,36,Australia,5532,Producer Price (USD/tonne),01312,Bananas,1996,1996,7021,Annual value,USD,799.8,A,Official figure,AUS,False,False,77.82086308655745,84.34557234442748,61.619550783954395,83.65592765127325,69.93519294281285,73.98962818765723,4.85290173072787,
PP,Producer Prices,36,Australia,5532,Producer Price (USD/tonne),01312,Bananas,1997,1997,7021,Annual value,USD,805.3,A,Official figure,AUS,False,False,70.75682380399682,79.31706264103354,59.44728416757198,66.51116723257967,70.68473461622513,70.38581190707349,4.91017735786183,
PP,Producer Prices,36,Australia,5532,Producer Price (USD/tonne),01312,Bananas,1998,1998,7021,Annual value,USD,648.9,A,Official figure,AUS,False,False,64.8237651326436,66.27116245186038,55.776184862258724,58.90385220966683,83.88543382429606,55.22279355165295,4.73775638168852,
PP,Producer Prices,36,Australia,5532,Producer Price (USD/tonne),01312,Bananas,1999,1999,7021,Annual value,USD,763.3,A,Official figure,AUS,False,False,55.38494745729497,62.42928865091984,48.31192059218944,53.12085523046289,58.22698225943004,38.798878860400684,4.80438445813991,
PP,Producer Prices,36,Australia,5532,Producer Price (USD/tonne),01312,Bananas,2000,2000,7021,Annual value,USD,640.6,A,Official figure,AUS,False,False,53.658254311091945,61.295380665724906,54.46468606873116,51.41600714746175,42.89305770905415,50.612781624475126,4.5542072874505,
PP,Producer Prices,36,Australia,5532,Producer Price (USD/tonne),01312,Bananas,2001,2001,7021,Annual value,USD,589.6,A,Official figure,AUS,False,False,55.353759430433776,62.905581984538294,60.88469474046613,51.84540600513508,42.481465934354574,53.47099426092313,4.94222006021166,
PP,Producer Prices,36,Australia,5532,Producer Price (USD/tonne),01312,Bananas,2002,2002,7021,Annual value,USD,720.4,A,Official figure,AUS,False,False,53.432698046969534,56.102316657369585,46.09884987045724,55.57542707086668,55.144333609249486,42.632850317668414,4.86917660836693,
PP,Producer Prices,36,Australia,5532,Producer Price (USD/tonne),01312,Bananas,2003,2003,7021,Annual value,USD,788.0,A,Official figure,AUS,False,False,58.11559303636253,59.31684044946804,54.48407776395476,59.38331088130321,62.630981044686195,43.854657616127014,5.13440054748237,
PP,Producer Prices,36,Australia,5532,Producer Price (USD/tonne),01312,Bananas,2004,2004,7021,Annual value,USD,816.3,A,Official figure,AUS,False,False,65.89944729053757,68.6029390549955,69.84888089256499,64.00158065193195,69.61163025660183,44.346000561265534,4.80423147775813,
PP,Producer Prices,36,Australia,5532,Producer Price (USD/tonne),01312,Bananas,2005,2005,7021,Annual value,USD,940.1,A,Official figure,AUS,False,False,67.6467997866706,72.57908938487195,77.21006263097178,60.766594200041034,64.39872945308146,61.19575106393876,4.74464612990827,
PP,Producer Prices,36,Australia,5532,Producer Price (USD/tonne),01312,Bananas,2006,2006,7021,Annual value,USD,1730.5,A,Official figure,AUS,False,False,72.85198153556445,71.39005672414655,73.05336517091054,71.22837696143655,70.5451171722111,91.39314395266837,4.77072459573134,
PP,Producer Prices,36,Australia,5532,Producer Price (USD/tonne),01312,Bananas,2007,2007,7021,Annual value,USD,3375.5,A,Official figure,AUS,False,True,94.55025065074518,77.75672729408136,122.39946263841763,100.90811631831873,107.3148060387481,62.36914297123817,5.03584938131912,
PP,Producer Prices,36,Australia,5532,Producer Price (USD/tonne),01312,Bananas,2008,2008,7021,Annual value,USD,1571.9,A,Official figure,AUS,False,False,117.73787331863998,90.84433092873273,132.33661799232738,137.64181782223199,141.07285693456427,79.19536905542518,4.80642380862477,
PP,Producer Prices,36,Australia,5532,Producer Price (USD/tonne),01312,Bananas,2009,2009,7021,Annual value,USD,1233.8,A,Official figure,AUS,False,False,91.78785298482406,81.60267222893671,91.405730315563,97.1899325654129,94.42735946277953,112.2254832184969,5.59123716369561,
PP,Producer Prices,36,Australia,5532,Producer Price (USD/tonne),01312,Bananas,2010,2010,7021,Annual value,USD,1481.4,A,Official figure,AUS,False,False,106.87404108388505,91.39347096403203,111.89896716658724,107.49931237044449,121.95018353123997,131.72406046543753,5.30683575119913,
PP,Producer Prices,36,Australia,5532,Producer Price (USD/tonne),01312,Bananas,2011,2011,7021,Annual value,USD,1608.1,A,Official figure,AUS,False,False,131.77593256915614,105.02246669637043,129.89070190611824,142.15740841093506,156.4798891014947,160.90057382271044,5.14219569199562,
PP,Producer Prices,36,Australia,5532,Producer Price (USD/tonne),01312,Bananas,2012,2012,7021,Annual value,USD,1692.9,A,Official figure,AUS,False,False,122.75022327595461,104.69498650707051,111.65677557794167,137.3983528628098,138.30661545629084,133.31863424562349,5.05458500868273,
PP,Producer Prices,36,Australia,5532,Producer Price (USD/tonne),01312,Bananas,2013,2013,7021,Annual value,USD,1433.6,A,Official figure,AUS,False,False,120.14390446093925,106.21599274087434,140.90691300197804,129.1108717873773,119.49987300357218,109.45334619156017,5.68920960549791,
PP,Producer Prices,36,Australia,5532,Producer Price (USD/tonne),01312,Bananas,2014,2014,7021,Annual value,USD,1208.8,A,Official figure,AUS,False,False,114.98315043593857,112.11017428857667,130.20652445334494,115.8182908031581,110.6162614969274,105.19538929713728,6.19615490124291,
PP,Producer Prices,36,Australia,5532,Producer Price (USD/tonne),01312,Bananas,2015,2015,7021,Annual value,USD,1356.0,A,Official figure,AUS,False,False,93.0638125181246,96.78279749075053,87.1451487854646,95.87342014077292,89.94109402113435,83.1811851391223,6.56255914980785,
PP,Producer Prices,36,Australia,5532,Producer Price (USD/tonne),01312,Bananas,2016,2016,7021,Annual value,USD,858.6,A,Official figure,AUS,False,False,91.95303704593685,91.10702822067289,82.64832676119045,88.30828905606897,99.44264448193826,111.62342556374044,7.10054987790893,
PP,Producer Prices,36,Australia,5532,Producer Price (USD/tonne),01312,Bananas,2017,2017,7021,Annual value,USD,999.4,A,Official figure,AUS,False,False,97.9325465965461,97.47103081764828,108.01127219003995,90.98426329355082,101.90947584276995,99.11220417429126,6.48222765314289,
PP,Producer Prices,36,Australia,5532,Producer Price (USD/tonne),01312,Bananas,2018,2018,7021,Annual value,USD,974.3,A,Official figure,AUS,False,False,95.75177402259017,94.39851038295467,107.2716875332135,100.82233026984352,87.76107702264312,77.40205315573543,6.52594691958162,
PP,Producer Prices,36,Australia,5532,Producer Price (USD/tonne),01312,Bananas,2019,2019,7021,Annual value,USD,1100.4,A,Official figure,AUS,False,False,94.93129436453303,99.4754122501492,102.81578202753263,96.60386371200734,83.23927616454294,78.61501498294437,7.16469389675818,
PP,Producer Prices,36,Australia,5532,Producer Price (USD/tonne),01312,Bananas,2020,2020,7021,Annual value,USD,1195.8,A,Official figure,AUS,False,False,98.05250486501859,95.316293513863,101.8142204334863,103.1167289201083,99.44353567977252,79.52871763805308,7.59766516403535,
PP,Producer Prices,36,Australia,5532,Producer Price (USD/tonne),01312,Bananas,2021,2021,7021,Annual value,USD,1427.3,A,Official figure,AUS,False,False,125.73406972850047,107.53442746784815,119.59735631930364,131.1533847436843,164.85113256482796,109.33464293018675,6.44421129042264,
PP,Producer Prices,36,Australia,5532,Producer Price (USD/tonne),01312,Bananas,2022,2022,7021,Annual value,USD,1324.3,A,Official figure,AUS,False,False,144.50986636550888,118.33551230992974,149.51050848913766,154.66510013039058,187.77977941529275,114.45579634923097,6.14945900451023,
PP,Producer Prices,36,Australia,5532,Producer Price (USD/tonne),01312.01,Bananas cavendish,2021,2021,7021,Annual value,USD,1427.0,A,Official figure,AUS,False,False,125.73406972850047,107.53442746784815,119.59735631930364,131.1533847436843,164.85113256482796,109.33464293018675,6.44421129042264,
PP,Producer Prices,36,Australia,5532,Producer Price (USD/tonne),01312.01,Bananas cavendish,2022,2022,7021,Annual value,USD,1324.0,A,Official figure,AUS,False,False,144.50986636550888,118.33551230992974,149.51050848913766,154.66510013039058,187.77977941529275,114.45579634923097,6.14945900451023,
PP,Producer Prices,36,Australia,5532,Producer Price (USD/tonne),01312.01,Bananas cavendish,2023,2023,7021,Annual value,USD,1036.0,A,Official figure,AUS,False,False,124.51966645168862,114.10852024490974,123.72456940111083,130.87805882527132,126.29144514063518,144.9803113652603,6.12272392365969,
PP,Producer Prices,36,Australia,5532,Producer Price (USD/tonne),01312.01,Bananas cavendish,2024,2024,7021,Annual value,USD,1249.0,A,Official figure,AUS,False,False,121.9819961575273,117.25906623977029,129.71297215949022,113.47684568733492,138.06843188494958,125.71292330063521,6.44767390132498,
PP,Producer Prices,36,Australia,5532,Producer Price (USD/tonne),0115,Barley,1991,1991,7021,Annual value,USD,107.5,A,Official figure,AUS,False,False,62.34528439011702,81.47466716487295,45.46032558544059,57.863819886673106,49.00795416086814,55.480617553691815,5.21988857452739,
PP,Producer Prices,36,Australia,5532,Producer Price (USD/tonne),0115,Barley,1992,1992,7021,Annual value,USD,110.2,A,Official figure,AUS,False,False,64.22555868464649,78.38728862271715,54.8015933451503,60.9576514895015,52.991996389394096,56.04274688194544,5.04326421093316,
PP,Producer Prices,36,Australia,5532,Producer Price (USD/tonne),0115,Barley,1993,1993,7021,Annual value,USD,100.0,A,Official figure,AUS,False,False,62.259404847966515,75.01403295972897,48.61651615517863,59.01858803408094,53.966480634247155,62.03019780031652,4.98707923344647,
PP,Producer Prices,36,Australia,5532,Producer Price (USD/tonne),0115,Barley,1994,1994,7021,Annual value,USD,92.9,A,Official figure,AUS,False,False,67.26054679350919,76.29710199787732,47.42020205529957,61.936823654585105,71.86775375736012,74.94370090074824,4.99933415639271,
PP,Producer Prices,36,Australia,5532,Producer Price (USD/tonne),0115,Barley,1995,1995,7021,Annual value,USD,157.9,A,Official figure,AUS,False,False,76.8287850116353,85.24932673337705,62.72510536671231,70.8474665240566,79.95838810789446,82.19981067004032,4.95654793299687,
PP,Producer Prices,36,Australia,5532,Producer Price (USD/tonne),0115,Barley,1996,1996,7021,Annual value,USD,171.4,A,Official figure,AUS,False,False,77.82086308655745,84.34557234442748,61.619550783954395,83.65592765127325,69.93519294281285,73.98962818765723,4.85290173072787,
PP,Producer Prices,36,Australia,5532,Producer Price (USD/tonne),0115,Barley,1997,1997,7021,Annual value,USD,144.7,A,Official figure,AUS,False,False,70.75682380399682,79.31706264103354,59.44728416757198,66.51116723257967,70.68473461622513,70.38581190707349,4.91017735786183,
PP,Producer Prices,36,Australia,5532,Producer Price (USD/tonne),0115,Barley,1998,1998,7021,Annual value,USD,99.9,A,Official figure,AUS,False,False,64.8237651326436,66.27116245186038,55.776184862258724,58.90385220966683,83.88543382429606,55.22279355165295,4.73775638168852,
PP,Producer Prices,36,Australia,5532,Producer Price (USD/tonne),0115,Barley,1999,1999,7021,Annual value,USD,90.3,A,Official figure,AUS,False,False,55.38494745729497,62.42928865091984,48.31192059218944,53.12085523046289,58.22698225943004,38.798878860400684,4.80438445813991,
PP,Producer Prices,36,Australia,5532,Producer Price (USD/tonne),0115,Barley,2000,2000,7021,Annual value,USD,99.7,A,Official figure,AUS,False,False,53.658254311091945,61.295380665724906,54.46468606873116,51.41600714746175,42.89305770905415,50.612781624475126,4.5542072874505,
PP,Producer Prices,36,Australia,5532,Producer Price (USD/tonne),0115,Barley,2001,2001,7021,Annual value,USD,102.9,A,Official figure,AUS,False,False,55.353759430433776,62.905581984538294,60.88469474046613,51.84540600513508,42.481465934354574,53.47099426092313,4.94222006021166,
PP,Producer Prices,36,Australia,5532,Producer Price (USD/tonne),0115,Barley,2002,2002,7021,Annual value,USD,113.0,A,Official figure,AUS,False,False,53.432698046969534,56.102316657369585,46.09884987045724,55.57542707086668,55.144333609249486,42.632850317668414,4.86917660836693,
PP,Producer Prices,36,Australia,5532,Producer Price (USD/tonne),0115,Barley,2003,2003,7021,Annual value,USD,165.4,A,Official figure,AUS,False,False,58.11559303636253,59.31684044946804,54.48407776395476,59.38331088130321,62.630981044686195,43.854657616127014,5.13440054748237,
PP,Producer Prices,36,Australia,5532,Producer Price (USD/tonne),0115,Barley,2004,2004,7021,Annual value,USD,124.3,A,Official figure,AUS,False,False,65.89944729053757,68.6029390549955,69.84888089256499,64.00158065193195,69.61163025660183,44.346000561265534,4.80423147775813,
PP,Producer Prices,36,Australia,5532,Producer Price (USD/tonne),0115,Barley,2005,2005,7021,Annual value,USD,121.4,A,Official figure,AUS,False,False,67.6467997866706,72.57908938487195,77.21006263097178,60.766594200041034,64.39872945308146,61.19575106393876,4.74464612990827,
PP,Producer Prices,36,Australia,5532,Producer Price (USD/tonne),0115,Barley,2006,2006,7021,Annual value,USD,112.2,A,Official figure,AUS,False,False,72.85198153556445,71.39005672414655,73.05336517091054,71.22837696143655,70.5451171722111,91.39314395266837,4.77072459573134,
PP,Producer Prices,36,Australia,5532,Producer Price (USD/tonne),0115,Barley,2007,2007,7021,Annual value,USD,204.2,A,Official figure,AUS,False,False,94.55025065074518,77.75672729408136,122.39946263841763,100.90811631831873,107.3148060387481,62.36914297123817,5.03584938131912,
PP,Producer Prices,36,Australia,5532,Producer Price (USD/tonne),0115,Barley,2008,2008,7021,Annual value,USD,262.5,A,Official figure,AUS,False,False,117.73787331863998,90.84433092873273,132.33661799232738,137.64181782223199,141.07285693456427,79.19536905542518,4.80642380862477,
PP,Producer Prices,36,Australia,5532,Producer Price (USD/tonne),0115,Barley,2009,2009,7021,Annual value,USD,180.2,A,Official figure,AUS,False,False,91.78785298482406,81.60267222893671,91.405730315563,97.1899325654129,94.42735946277953,112.2254832184969,5.59123716369561,
PP,Producer Prices,36,Australia,5532,Producer Price (USD/tonne),0115,Barley,2010,2010,7021,Annual value,USD,157.8,A,Official figure,AUS,False,False,106.87404108388505,91.39347096403203,111.89896716658724,107.49931237044449,121.95018353123997,131.72406046543753,5.30683575119913,
PP,Producer Prices,36,Australia,5532,Producer Price (USD/tonne),0115,Barley,2011,2011,7021,Annual value,USD,222.8,A,Official figure,AUS,False,False,131.77593256915614,105.02246669637043,129.89070190611824,142.15740841093506,156.4798891014947,160.90057382271044,5.14219569199562,
PP,Producer Prices,36,Australia,5532,Producer Price (USD/tonne),0115,Barley,2012,2012,7021,Annual value,USD,217.4,A,Official figure,AUS,False,False,122.75022327595461,104.69498650707051,111.65677557794167,137.3983528628098,138.30661545629084,133.31863424562349,5.05458500868273,
PP,Producer Prices,36,Australia,5532,Producer Price (USD/tonne),0115,Barley,2013,2013,7021,Annual value,USD,266.4,A,Official figure,AUS,False,False,120.14390446093925,106.21599274087434,140.90691300197804,129.1108717873773,119.49987300357218,109.45334619156017,5.68920960549791,
PP,Producer Prices,36,Australia,5532,Producer Price (USD/tonne),0115,Barley,2014,2014,7021,Annual value,USD,240.7,A,Official figure,AUS,False,False,114.98315043593857,112.11017428857667,130.20652445334494,115.8182908031581,110.6162614969274,105.19538929713728,6.19615490124291,
PP,Producer Prices,36,Australia,5532,Producer Price (USD/tonne),0115,Barley,2015,2015,7021,Annual value,USD,210.4,A,Official figure,AUS,False,False,93.0638125181246,96.78279749075053,87.1451487854646,95.87342014077292,89.94109402113435,83.1811851391223,6.56255914980785,
PP,Producer Prices,36,Australia,5532,Producer Price (USD/tonne),0115,Barley,2016,2016,7021,Annual value,USD,188.1,A,Official figure,AUS,False,False,91.95303704593685,91.10702822067289,82.64832676119045,88.30828905606897,99.44264448193826,111.62342556374044,7.10054987790893,
PP,Producer Prices,36,Australia,5532,Producer Price (USD/tonne),0115,Barley,2017,2017,7021,Annual value,USD,151.0,A,Official figure,AUS,False,False,97.9325465965461,97.47103081764828,108.01127219003995,90.98426329355082,101.90947584276995,99.11220417429126,6.48222765314289,
PP,Producer Prices,36,Australia,5532,Producer Price (USD/tonne),0115,Barley,2018,2018,7021,Annual value,USD,183.8,A,Official figure,AUS,False,False,95.75177402259017,94.39851038295467,107.2716875332135,100.82233026984352,87.76107702264312,77.40205315573543,6.52594691958162,
PP,Producer Prices,36,Australia,5532,Producer Price (USD/tonne),0115,Barley,2019,2019,7021,Annual value,USD,237.7,A,Official figure,AUS,False,False,94.93129436453303,99.4754122501492,102.81578202753263,96.60386371200734,83.23927616454294,78.61501498294437,7.16469389675818,
PP,Producer Prices,36,Australia,5532,Producer Price (USD/tonne),0115,Barley,2020,2020,7021,Annual value,USD,204.3,A,Official figure,AUS,False,False,98.05250486501859,95.316293513863,101.8142204334863,103.1167289201083,99.44353567977252,79.52871763805308,7.59766516403535,
PP,Producer Prices,36,Australia,5532,Producer Price (USD/tonne),0115,Barley,2021,2021,7021,Annual value,USD,191.2,A,Official figure,AUS,False,False,125.73406972850047,107.53442746784815,119.59735631930364,131.1533847436843,164.85113256482796,109.33464293018675,6.44421129042264,
PP,Producer Prices,36,Australia,5532,Producer Price (USD/tonne),0115,Barley,2022,2022,7021,Annual value,USD,210.2,A,Official figure,AUS,False,False,144.50986636550888,118.33551230992974,149.51050848913766,154.66510013039058,187.77977941529275,114.45579634923097,6.14945900451023,
PP,Producer Prices,36,Australia,5532,Producer Price (USD/tonne),0115,Barley,2023,2023,7021,Annual value,USD,184.5,A,Official figure,AUS,False,False,124.51966645168862,114.10852024490974,123.72456940111083,130.87805882527132,126.29144514063518,144.9803113652603,6.12272392365969,
PP,Producer Prices,36,Australia,5532,Producer Price (USD/tonne),0115,Barley,2024,2024,7021,Annual value,USD,190.7,A,Official figure,AUS,False,False,121.9819961575273,117.25906623977029,129.71297215949022,113.47684568733492,138.06843188494958,125.71292330063521,6.44767390132498,
PP,Producer Prices,36,Australia,5532,Producer Price (USD/tonne),01701,"Beans, dry",1993,1993,7021,Annual value,USD,307.4,A,Official figure,AUS,False,False,62.259404847966515,75.01403295972897,48.61651615517863,59.01858803408094,53.966480634247155,62.03019780031652,4.98707923344647,
PP,Producer Prices,36,Australia,5532,Producer Price (USD/tonne),01701,"Beans, dry",1994,1994,7021,Annual value,USD,397.0,A,Official figure,AUS,False,False,67.26054679350919,76.29710199787732,47.42020205529957,61.936823654585105,71.86775375736012,74.94370090074824,4.99933415639271,
PP,Producer Prices,36,Australia,5532,Producer Price (USD/tonne),01701,"Beans, dry",1995,1995,7021,Annual value,USD,188.3,A,Official figure,AUS,False,False,76.8287850116353,85.24932673337705,62.72510536671231,70.8474665240566,79.95838810789446,82.19981067004032,4.95654793299687,
PP,Producer Prices,36,Australia,5532,Producer Price (USD/tonne),01701,"Beans, dry",1996,1996,7021,Annual value,USD,439.8,A,Official figure,AUS,False,False,77.82086308655745,84.34557234442748,61.619550783954395,83.65592765127325,69.93519294281285,73.98962818765723,4.85290173072787,
PP,Producer Prices,36,Australia,5532,Producer Price (USD/tonne),01701,"Beans, dry",1997,1997,7021,Annual value,USD,418.6,A,Official figure,AUS,False,False,70.75682380399682,79.31706264103354,59.44728416757198,66.51116723257967,70.68473461622513,70.38581190707349,4.91017735786183,
PP,Producer Prices,36,Australia,5532,Producer Price (USD/tonne),01701,"Beans, dry",1998,1998,7021,Annual value,USD,348.7,A,Official figure,AUS,False,False,64.8237651326436,66.27116245186038,55.776184862258724,58.90385220966683,83.88543382429606,55.22279355165295,4.73775638168852,
PP,Producer Prices,36,Australia,5532,Producer Price (USD/tonne),01701,"Beans, dry",1999,1999,7021,Annual value,USD,273.6,A,Official figure,AUS,False,False,55.38494745729497,62.42928865091984,48.31192059218944,53.12085523046289,58.22698225943004,38.798878860400684,4.80438445813991,
PP,Producer Prices,36,Australia,5532,Producer Price (USD/tonne),01701,"Beans, dry",2000,2000,7021,Annual value,USD,282.9,A,Official figure,AUS,False,False,53.658254311091945,61.295380665724906,54.46468606873116,51.41600714746175,42.89305770905415,50.612781624475126,4.5542072874505,
PP,Producer Prices,36,Australia,5532,Producer Price (USD/tonne),01701,"Beans, dry",2001,2001,7021,Annual value,USD,271.5,A,Official figure,AUS,False,False,55.353759430433776,62.905581984538294,60.88469474046613,51.84540600513508,42.481465934354574,53.47099426092313,4.94222006021166,
PP,Producer Prices,36,Australia,5532,Producer Price (USD/tonne),01701,"Beans, dry",2002,2002,7021,Annual value,USD,325.4,A,Official figure,AUS,False,False,53.432698046969534,56.102316657369585,46.09884987045724,55.57542707086668,55.144333609249486,42.632850317668414,4.86917660836693,
PP,Producer Prices,36,Australia,5532,Producer Price (USD/tonne),01701,"Beans, dry",2003,2003,7021,Annual value,USD,348.9,A,Official figure,AUS,False,False,58.11559303636253,59.31684044946804,54.48407776395476,59.38331088130321,62.630981044686195,43.854657616127014,5.13440054748237,
PP,Producer Prices,36,Australia,5532,Producer Price (USD/tonne),01701,"Beans, dry",2004,2004,7021,Annual value,USD,337.6,A,Official figure,AUS,False,False,65.89944729053757,68.6029390549955,69.84888089256499,64.00158065193195,69.61163025660183,44.346000561265534,4.80423147775813,
PP,Producer Prices,36,Australia,5532,Producer Price (USD/tonne),01701,"Beans, dry",2005,2005,7021,Annual value,USD,373.4,A,Official figure,AUS,False,False,67.6467997866706,72.57908938487195,77.21006263097178,60.766594200041034,64.39872945308146,61.19575106393876,4.74464612990827,
PP,Producer Prices,36,Australia,5532,Producer Price (USD/tonne),01701,"Beans, dry",2006,2006,7021,Annual value,USD,176.2,A,Official figure,AUS,False,False,72.85198153556445,71.39005672414655,73.05336517091054,71.22837696143655,70.5451171722111,91.39314395266837,4.77072459573134,
PP,Producer Prices,36,Australia,5532,Producer Price (USD/tonne),01701,"Beans, dry",2007,2007,7021,Annual value,USD,354.8,A,Official figure,AUS,False,False,94.55025065074518,77.75672729408136,122.39946263841763,100.90811631831873,107.3148060387481,62.36914297123817,5.03584938131912,
PP,Producer Prices,36,Australia,5532,Producer Price (USD/tonne),01701,"Beans, dry",2009,2009,7021,Annual value,USD,317.4,A,Official figure,AUS,False,False,91.78785298482406,81.60267222893671,91.405730315563,97.1899325654129,94.42735946277953,112.2254832184969,5.59123716369561,
PP,Producer Prices,36,Australia,5532,Producer Price (USD/tonne),01701,"Beans, dry",2011,2011,7021,Annual value,USD,411.6,A,Official figure,AUS,False,False,131.77593256915614,105.02246669637043,129.89070190611824,142.15740841093506,156.4798891014947,160.90057382271044,5.14219569199562,
PP,Producer Prices,36,Australia,5532,Producer Price (USD/tonne),02960.01,Beeswax,1997,1997,7021,Annual value,USD,4067.2,A,Official figure,AUS,False,False,70.75682380399682,79.31706264103354,59.44728416757198,66.51116723257967,70.68473461622513,70.38581190707349,4.91017735786183,
PP,Producer Prices,36,Australia,5532,Producer Price (USD/tonne),02960.01,Beeswax,1998,1998,7021,Annual value,USD,3304.4,A,Official figure,AUS,False,False,64.8237651326436,66.27116245186038,55.776184862258724,58.90385220966683,83.88543382429606,55.22279355165295,4.73775638168852,
PP,Producer Prices,36,Australia,5532,Producer Price (USD/tonne),02960.01,Beeswax,1999,1999,7021,Annual value,USD,3464.6,A,Official figure,AUS,False,False,55.38494745729497,62.42928865091984,48.31192059218944,53.12085523046289,58.22698225943004,38.798878860400684,4.80438445813991,
PP,Producer Prices,36,Australia,5532,Producer Price (USD/tonne),02960.01,Beeswax,2000,2000,7021,Annual value,USD,2759.7,A,Official figure,AUS,False,False,53.658254311091945,61.295380665724906,54.46468606873116,51.41600714746175,42.89305770905415,50.612781624475126,4.5542072874505,
PP,Producer Prices,36,Australia,5532,Producer Price (USD/tonne),02960.01,Beeswax,2001,2001,7021,Annual value,USD,2441.2,A,Official figure,AUS,False,False,55.353759430433776,62.905581984538294,60.88469474046613,51.84540600513508,42.481465934354574,53.47099426092313,4.94222006021166,
PP,Producer Prices,36,Australia,5532,Producer Price (USD/tonne),01702,"Broad beans and horse beans, dry",1993,1993,7021,Annual value,USD,163.9,A,Official figure,AUS,False,False,62.259404847966515,75.01403295972897,48.61651615517863,59.01858803408094,53.966480634247155,62.03019780031652,4.98707923344647,
PP,Producer Prices,36,Australia,5532,Producer Price (USD/tonne),01702,"Broad beans and horse beans, dry",1994,1994,7021,Annual value,USD,166.7,A,Official figure,AUS,False,False,67.26054679350919,76.29710199787732,47.42020205529957,61.936823654585105,71.86775375736012,74.94370090074824,4.99933415639271,
PP,Producer Prices,36,Australia,5532,Producer Price (USD/tonne),01702,"Broad beans and horse beans, dry",1995,1995,7021,Annual value,USD,209.0,A,Official figure,AUS,False,False,76.8287850116353,85.24932673337705,62.72510536671231,70.8474665240566,79.95838810789446,82.19981067004032,4.95654793299687,
PP,Producer Prices,36,Australia,5532,Producer Price (USD/tonne),01702,"Broad beans and horse beans, dry",1996,1996,7021,Annual value,USD,222.2,A,Official figure,AUS,False,False,77.82086308655745,84.34557234442748,61.619550783954395,83.65592765127325,69.93519294281285,73.98962818765723,4.85290173072787,
PP,Producer Prices,36,Australia,5532,Producer Price (USD/tonne),01702,"Broad beans and horse beans, dry",1997,1997,7021,Annual value,USD,190.7,A,Official figure,AUS,False,False,70.75682380399682,79.31706264103354,59.44728416757198,66.51116723257967,70.68473461622513,70.38581190707349,4.91017735786183,
PP,Producer Prices,36,Australia,5532,Producer Price (USD/tonne),01702,"Broad beans and horse beans, dry",1998,1998,7021,Annual value,USD,163.3,A,Official figure,AUS,False,False,64.8237651326436,66.27116245186038,55.776184862258724,58.90385220966683,83.88543382429606,55.22279355165295,4.73775638168852,
PP,Producer Prices,36,Australia,5532,Producer Price (USD/tonne),01702,"Broad beans and horse beans, dry",1999,1999,7021,Annual value,USD,155.5,A,Official figure,AUS,False,False,55.38494745729497,62.42928865091984,48.31192059218944,53.12085523046289,58.22698225943004,38.798878860400684,4.80438445813991,
PP,Producer Prices,36,Australia,5532,Producer Price (USD/tonne),01702,"Broad beans and horse beans, dry",2000,2000,7021,Annual value,USD,149.0,A,Official figure,AUS,False,False,53.658254311091945,61.295380665724906,54.46468606873116,51.41600714746175,42.89305770905415,50.612781624475126,4.5542072874505,
PP,Producer Prices,36,Australia,5532,Producer Price (USD/tonne),01702,"Broad beans and horse beans, dry",2001,2001,7021,Annual value,USD,150.5,A,Official figure,AUS,False,False,55.353759430433776,62.905581984538294,60.88469474046613,51.84540600513508,42.481465934354574,53.47099426092313,4.94222006021166,
PP,Producer Prices,36,Australia,5532,Producer Price (USD/tonne),01702,"Broad beans and horse beans, dry",2002,2002,7021,Annual value,USD,152.1,A,Official figure,AUS,False,False,53.432698046969534,56.102316657369585,46.09884987045724,55.57542707086668,55.144333609249486,42.632850317668414,4.86917660836693,
PP,Producer Prices,36,Australia,5532,Producer Price (USD/tonne),01702,"Broad beans and horse beans, dry",2003,2003,7021,Annual value,USD,212.1,A,Official figure,AUS,False,False,58.11559303636253,59.31684044946804,54.48407776395476,59.38331088130321,62.630981044686195,43.854657616127014,5.13440054748237,
PP,Producer Prices,36,Australia,5532,Producer Price (USD/tonne),01702,"Broad beans and horse beans, dry",2004,2004,7021,Annual value,USD,179.4,A,Official figure,AUS,False,False,65.89944729053757,68.6029390549955,69.84888089256499,64.00158065193195,69.61163025660183,44.346000561265534,4.80423147775813,
PP,Producer Prices,36,Australia,5532,Producer Price (USD/tonne),01702,"Broad beans and horse beans, dry",2005,2005,7021,Annual value,USD,218.4,A,Official figure,AUS,False,False,67.6467997866706,72.57908938487195,77.21006263097178,60.766594200041034,64.39872945308146,61.19575106393876,4.74464612990827,
PP,Producer Prices,36,Australia,5532,Producer Price (USD/tonne),01702,"Broad beans and horse beans, dry",2007,2007,7021,Annual value,USD,246.8,A,Official figure,AUS,False,False,94.55025065074518,77.75672729408136,122.39946263841763,100.90811631831873,107.3148060387481,62.36914297123817,5.03584938131912,
PP,Producer Prices,36,Australia,5532,Producer Price (USD/tonne),01702,"Broad beans and horse beans, dry",2011,2011,7021,Annual value,USD,318.7,A,Official figure,AUS,False,False,131.77593256915614,105.02246669637043,129.89070190611824,142.15740841093506,156.4798891014947,160.90057382271044,5.14219569199562,
PP,Producer Prices,36,Australia,5532,Producer Price (USD/tonne),01212,Cabbages,1991,1991,7021,Annual value,USD,296.0,A,Official figure,AUS,False,False,62.34528439011702,81.47466716487295,45.46032558544059,57.863819886673106,49.00795416086814,55.480617553691815,5.21988857452739,
PP,Producer Prices,36,Australia,5532,Producer Price (USD/tonne),01212,Cabbages,1992,1992,7021,Annual value,USD,191.7,A,Official figure,AUS,False,False,64.22555868464649,78.38728862271715,54.8015933451503,60.9576514895015,52.991996389394096,56.04274688194544,5.04326421093316,
PP,Producer Prices,36,Australia,5532,Producer Price (USD/tonne),01212,Cabbages,1993,1993,7021,Annual value,USD,197.2,A,Official figure,AUS,False,False,62.259404847966515,75.01403295972897,48.61651615517863,59.01858803408094,53.966480634247155,62.03019780031652,4.98707923344647,
PP,Producer Prices,36,Australia,5532,Producer Price (USD/tonne),01212,Cabbages,1994,1994,7021,Annual value,USD,220.8,A,Official figure,AUS,False,False,67.26054679350919,76.29710199787732,47.42020205529957,61.936823654585105,71.86775375736012,74.94370090074824,4.99933415639271,
PP,Producer Prices,36,Australia,5532,Producer Price (USD/tonne),01212,Cabbages,1995,1995,7021,Annual value,USD,284.6,A,Official figure,AUS,False,False,76.8287850116353,85.24932673337705,62.72510536671231,70.8474665240566,79.95838810789446,82.19981067004032,4.95654793299687,
PP,Producer Prices,36,Australia,5532,Producer Price (USD/tonne),01212,Cabbages,1996,1996,7021,Annual value,USD,274.7,A,Official figure,AUS,False,False,77.82086308655745,84.34557234442748,61.619550783954395,83.65592765127325,69.93519294281285,73.98962818765723,4.85290173072787,
PP,Producer Prices,36,Australia,5532,Producer Price (USD/tonne),01212,Cabbages,1997,1997,7021,Annual value,USD,296.9,A,Official figure,AUS,False,False,70.75682380399682,79.31706264103354,59.44728416757198,66.51116723257967,70.68473461622513,70.38581190707349,4.91017735786183,
PP,Producer Prices,36,Australia,5532,Producer Price (USD/tonne),01212,Cabbages,1998,1998,7021,Annual value,USD,260.1,A,Official figure,AUS,False,False,64.8237651326436,66.27116245186038,55.776184862258724,58.90385220966683,83.88543382429606,55.22279355165295,4.73775638168852,
PP,Producer Prices,36,Australia,5532,Producer Price (USD/tonne),01212,Cabbages,1999,1999,7021,Annual value,USD,262.6,A,Official figure,AUS,False,False,55.38494745729497,62.42928865091984,48.31192059218944,53.12085523046289,58.22698225943004,38.798878860400684,4.80438445813991,
PP,Producer Prices,36,Australia,5532,Producer Price (USD/tonne),01212,Cabbages,2000,2000,7021,Annual value,USD,204.7,A,Official figure,AUS,False,False,53.658254311091945,61.295380665724906,54.46468606873116,51.41600714746175,42.89305770905415,50.612781624475126,4.5542072874505,
PP,Producer Prices,36,Australia,5532,Producer Price (USD/tonne),01212,Cabbages,2001,2001,7021,Annual value,USD,247.2,A,Official figure,AUS,False,False,55.353759430433776,62.905581984538294,60.88469474046613,51.84540600513508,42.481465934354574,53.47099426092313,4.94222006021166,
PP,Producer Prices,36,Australia,5532,Producer Price (USD/tonne),01212,Cabbages,2002,2002,7021,Annual value,USD,196.1,A,Official figure,AUS,False,False,53.432698046969534,56.102316657369585,46.09884987045724,55.57542707086668,55.144333609249486,42.632850317668414,4.86917660836693,
PP,Producer Prices,36,Australia,5532,Producer Price (USD/tonne),01212,Cabbages,2006,2006,7021,Annual value,USD,596.4,A,Official figure,AUS,False,False,72.85198153556445,71.39005672414655,73.05336517091054,71.22837696143655,70.5451171722111,91.39314395266837,4.77072459573134,
PP,Producer Prices,36,Australia,5532,Producer Price (USD/tonne),01212,Cabbages,2007,2007,7021,Annual value,USD,598.3,A,Official figure,AUS,False,False,94.55025065074518,77.75672729408136,122.39946263841763,100.90811631831873,107.3148060387481,62.36914297123817,5.03584938131912,
PP,Producer Prices,36,Australia,5532,Producer Price (USD/tonne),01212,Cabbages,2008,2008,7021,Annual value,USD,678.6,A,Official figure,AUS,False,False,117.73787331863998,90.84433092873273,132.33661799232738,137.64181782223199,141.07285693456427,79.19536905542518,4.80642380862477,
PP,Producer Prices,36,Australia,5532,Producer Price (USD/tonne),01212,Cabbages,2009,2009,7021,Annual value,USD,441.4,A,Official figure,AUS,False,False,91.78785298482406,81.60267222893671,91.405730315563,97.1899325654129,94.42735946277953,112.2254832184969,5.59123716369561,
PP,Producer Prices,36,Australia,5532,Producer Price (USD/tonne),01212,Cabbages,2014,2014,7021,Annual value,USD,679.7,A,Official figure,AUS,False,False,114.98315043593857,112.11017428857667,130.20652445334494,115.8182908031581,110.6162614969274,105.19538929713728,6.19615490124291,
PP,Producer Prices,36,Australia,5532,Producer Price (USD/tonne),01212,Cabbages,2016,2016,7021,Annual value,USD,608.1,A,Official figure,AUS,False,False,91.95303704593685,91.10702822067289,82.64832676119045,88.30828905606897,99.44264448193826,111.62342556374044,7.10054987790893,
PP,Producer Prices,36,Australia,5532,Producer Price (USD/tonne),01212,Cabbages,2017,2017,7021,Annual value,USD,666.8,A,Official figure,AUS,False,False,97.9325465965461,97.47103081764828,108.01127219003995,90.98426329355082,101.90947584276995,99.11220417429126,6.48222765314289,
PP,Producer Prices,36,Australia,5532,Producer Price (USD/tonne),01212,Cabbages,2018,2018,7021,Annual value,USD,567.1,A,Official figure,AUS,False,False,95.75177402259017,94.39851038295467,107.2716875332135,100.82233026984352,87.76107702264312,77.40205315573543,6.52594691958162,
PP,Producer Prices,36,Australia,5532,Producer Price (USD/tonne),01212,Cabbages,2019,2019,7021,Annual value,USD,556.8,A,Official figure,AUS,False,False,94.93129436453303,99.4754122501492,102.81578202753263,96.60386371200734,83.23927616454294,78.61501498294437,7.16469389675818,
PP,Producer Prices,36,Australia,5532,Producer Price (USD/tonne),01212,Cabbages,2020,2020,7021,Annual value,USD,600.8,A,Official figure,AUS,False,False,98.05250486501859,95.316293513863,101.8142204334863,103.1167289201083,99.44353567977252,79.52871763805308,7.59766516403535,
PP,Producer Prices,36,Australia,5532,Producer Price (USD/tonne),01212,Cabbages,2021,2021,7021,Annual value,USD,596.1,A,Official figure,AUS,False,False,125.73406972850047,107.53442746784815,119.59735631930364,131.1533847436843,164.85113256482796,109.33464293018675,6.44421129042264,
PP,Producer Prices,36,Australia,5532,Producer Price (USD/tonne),01212,Cabbages,2023,2023,7021,Annual value,USD,631.1,A,Official figure,AUS,False,False,124.51966645168862,114.10852024490974,123.72456940111083,130.87805882527132,126.29144514063518,144.9803113652603,6.12272392365969,
PP,Producer Prices,36,Australia,5532,Producer Price (USD/tonne),01212,Cabbages,2024,2024,7021,Annual value,USD,579.6,A,Official figure,AUS,False,False,121.9819961575273,117.25906623977029,129.71297215949022,113.47684568733492,138.06843188494958,125.71292330063521,6.44767390132498,
PP,Producer Prices,36,Australia,5532,Producer Price (USD/tonne),01195,Canary seed,1991,1991,7021,Annual value,USD,97.4,A,Official figure,AUS,False,False,62.34528439011702,81.47466716487295,45.46032558544059,57.863819886673106,49.00795416086814,55.480617553691815,5.21988857452739,
PP,Producer Prices,36,Australia,5532,Producer Price (USD/tonne),01195,Canary seed,1992,1992,7021,Annual value,USD,101.3,A,Official figure,AUS,False,False,64.22555868464649,78.38728862271715,54.8015933451503,60.9576514895015,52.991996389394096,56.04274688194544,5.04326421093316,
PP,Producer Prices,36,Australia,5532,Producer Price (USD/tonne),01195,Canary seed,1993,1993,7021,Annual value,USD,88.4,A,Official figure,AUS,False,False,62.259404847966515,75.01403295972897,48.61651615517863,59.01858803408094,53.966480634247155,62.03019780031652,4.98707923344647,
PP,Producer Prices,36,Australia,5532,Producer Price (USD/tonne),01195,Canary seed,1994,1994,7021,Annual value,USD,96.5,A,Official figure,AUS,False,False,67.26054679350919,76.29710199787732,47.42020205529957,61.936823654585105,71.86775375736012,74.94370090074824,4.99933415639271,
PP,Producer Prices,36,Australia,5532,Producer Price (USD/tonne),01195,Canary seed,1995,1995,7021,Annual value,USD,143.8,A,Official figure,AUS,False,False,76.8287850116353,85.24932673337705,62.72510536671231,70.8474665240566,79.95838810789446,82.19981067004032,4.95654793299687,
PP,Producer Prices,36,Australia,5532,Producer Price (USD/tonne),01195,Canary seed,1996,1996,7021,Annual value,USD,158.1,A,Official figure,AUS,False,False,77.82086308655745,84.34557234442748,61.619550783954395,83.65592765127325,69.93519294281285,73.98962818765723,4.85290173072787,
PP,Producer Prices,36,Australia,5532,Producer Price (USD/tonne),01195,Canary seed,1997,1997,7021,Annual value,USD,117.3,A,Official figure,AUS,False,False,70.75682380399682,79.31706264103354,59.44728416757198,66.51116723257967,70.68473461622513,70.38581190707349,4.91017735786183,
PP,Producer Prices,36,Australia,5532,Producer Price (USD/tonne),01195,Canary seed,1998,1998,7021,Annual value,USD,107.4,A,Official figure,AUS,False,False,64.8237651326436,66.27116245186038,55.776184862258724,58.90385220966683,83.88543382429606,55.22279355165295,4.73775638168852,
PP,Producer Prices,36,Australia,5532,Producer Price (USD/tonne),01195,Canary seed,1999,1999,7021,Annual value,USD,77.4,A,Official figure,AUS,False,False,55.38494745729497,62.42928865091984,48.31192059218944,53.12085523046289,58.22698225943004,38.798878860400684,4.80438445813991,
PP,Producer Prices,36,Australia,5532,Producer Price (USD/tonne),01195,Canary seed,2000,2000,7021,Annual value,USD,73.1,A,Official figure,AUS,False,False,53.658254311091945,61.295380665724906,54.46468606873116,51.41600714746175,42.89305770905415,50.612781624475126,4.5542072874505,
PP,Producer Prices,36,Australia,5532,Producer Price (USD/tonne),01195,Canary seed,2001,2001,7021,Annual value,USD,77.6,A,Official figure,AUS,False,False,55.353759430433776,62.905581984538294,60.88469474046613,51.84540600513508,42.481465934354574,53.47099426092313,4.94222006021166,
PP,Producer Prices,36,Australia,5532,Producer Price (USD/tonne),01195,Canary seed,2002,2002,7021,Annual value,USD,105.9,A,Official figure,AUS,False,False,53.432698046969534,56.102316657369585,46.09884987045724,55.57542707086668,55.144333609249486,42.632850317668414,4.86917660836693,
PP,Producer Prices,36,Australia,5532,Producer Price (USD/tonne),01195,Canary seed,2003,2003,7021,Annual value,USD,167.3,A,Official figure,AUS,False,False,58.11559303636253,59.31684044946804,54.48407776395476,59.38331088130321,62.630981044686195,43.854657616127014,5.13440054748237,
PP,Producer Prices,36,Australia,5532,Producer Price (USD/tonne),01195,Canary seed,2004,2004,7021,Annual value,USD,112.5,A,Official figure,AUS,False,False,65.89944729053757,68.6029390549955,69.84888089256499,64.00158065193195,69.61163025660183,44.346000561265534,4.80423147775813,
PP,Producer Prices,36,Australia,5532,Producer Price (USD/tonne),01195,Canary seed,2005,2005,7021,Annual value,USD,116.1,A,Official figure,AUS,False,False,67.6467997866706,72.57908938487195,77.21006263097178,60.766594200041034,64.39872945308146,61.19575106393876,4.74464612990827,
PP,Producer Prices,36,Australia,5532,Producer Price (USD/tonne),01195,Canary seed,2006,2006,7021,Annual value,USD,107.7,A,Official figure,AUS,False,False,72.85198153556445,71.39005672414655,73.05336517091054,71.22837696143655,70.5451171722111,91.39314395266837,4.77072459573134,
PP,Producer Prices,36,Australia,5532,Producer Price (USD/tonne),01195,Canary seed,2007,2007,7021,Annual value,USD,186.6,A,Official figure,AUS,False,True,94.55025065074518,77.75672729408136,122.39946263841763,100.90811631831873,107.3148060387481,62.36914297123817,5.03584938131912,
PP,Producer Prices,36,Australia,5532,Producer Price (USD/tonne),01229,Cantaloupes and other melons,1991,1991,7021,Annual value,USD,581.1,A,Official figure,AUS,False,False,62.34528439011702,81.47466716487295,45.46032558544059,57.863819886673106,49.00795416086814,55.480617553691815,5.21988857452739,
PP,Producer Prices,36,Australia,5532,Producer Price (USD/tonne),01229,Cantaloupes and other melons,1992,1992,7021,Annual value,USD,448.0,A,Official figure,AUS,False,False,64.22555868464649,78.38728862271715,54.8015933451503,60.9576514895015,52.991996389394096,56.04274688194544,5.04326421093316,
PP,Producer Prices,36,Australia,5532,Producer Price (USD/tonne),01229,Cantaloupes and other melons,1993,1993,7021,Annual value,USD,440.6,A,Official figure,AUS,False,False,62.259404847966515,75.01403295972897,48.61651615517863,59.01858803408094,53.966480634247155,62.03019780031652,4.98707923344647,
PP,Producer Prices,36,Australia,5532,Producer Price (USD/tonne),01229,Cantaloupes and other melons,1994,1994,7021,Annual value,USD,532.3,A,Official figure,AUS,False,False,67.26054679350919,76.29710199787732,47.42020205529957,61.936823654585105,71.86775375736012,74.94370090074824,4.99933415639271,
PP,Producer Prices,36,Australia,5532,Producer Price (USD/tonne),01229,Cantaloupes and other melons,1995,1995,7021,Annual value,USD,518.1,A,Official figure,AUS,False,False,76.8287850116353,85.24932673337705,62.72510536671231,70.8474665240566,79.95838810789446,82.19981067004032,4.95654793299687,
PP,Producer Prices,36,Australia,5532,Producer Price (USD/tonne),01229,Cantaloupes and other melons,1996,1996,7021,Annual value,USD,586.1,A,Official figure,AUS,False,False,77.82086308655745,84.34557234442748,61.619550783954395,83.65592765127325,69.93519294281285,73.98962818765723,4.85290173072787,
PP,Producer Prices,36,Australia,5532,Producer Price (USD/tonne),01229,Cantaloupes and other melons,1997,1997,7021,Annual value,USD,552.9,A,Official figure,AUS,False,False,70.75682380399682,79.31706264103354,59.44728416757198,66.51116723257967,70.68473461622513,70.38581190707349,4.91017735786183,
PP,Producer Prices,36,Australia,5532,Producer Price (USD/tonne),01229,Cantaloupes and other melons,1998,1998,7021,Annual value,USD,467.4,A,Official figure,AUS,False,False,64.8237651326436,66.27116245186038,55.776184862258724,58.90385220966683,83.88543382429606,55.22279355165295,4.73775638168852,
PP,Producer Prices,36,Australia,5532,Producer Price (USD/tonne),01229,Cantaloupes and other melons,1999,1999,7021,Annual value,USD,542.0,A,Official figure,AUS,False,False,55.38494745729497,62.42928865091984,48.31192059218944,53.12085523046289,58.22698225943004,38.798878860400684,4.80438445813991,
PP,Producer Prices,36,Australia,5532,Producer Price (USD/tonne),01229,Cantaloupes and other melons,2000,2000,7021,Annual value,USD,453.4,A,Official figure,AUS,False,False,53.658254311091945,61.295380665724906,54.46468606873116,51.41600714746175,42.89305770905415,50.612781624475126,4.5542072874505,
PP,Producer Prices,36,Australia,5532,Producer Price (USD/tonne),01229,Cantaloupes and other melons,2001,2001,7021,Annual value,USD,434.5,A,Official figure,AUS,False,False,55.353759430433776,62.905581984538294,60.88469474046613,51.84540600513508,42.481465934354574,53.47099426092313,4.94222006021166,
PP,Producer Prices,36,Australia,5532,Producer Price (USD/tonne),01229,Cantaloupes and other melons,2002,2002,7021,Annual value,USD,495.0,A,Official figure,AUS,False,False,53.432698046969534,56.102316657369585,46.09884987045724,55.57542707086668,55.144333609249486,42.632850317668414,4.86917660836693,
PP,Producer Prices,36,Australia,5532,Producer Price (USD/tonne),01229,Cantaloupes and other melons,2003,2003,7021,Annual value,USD,570.1,A,Official figure,AUS,False,False,58.11559303636253,59.31684044946804,54.48407776395476,59.38331088130321,62.630981044686195,43.854657616127014,5.13440054748237,
PP,Producer Prices,36,Australia,5532,Producer Price (USD/tonne),01229,Cantaloupes and other melons,2004,2004,7021,Annual value,USD,678.8,A,Official figure,AUS,False,False,65.89944729053757,68.6029390549955,69.84888089256499,64.00158065193195,69.61163025660183,44.346000561265534,4.80423147775813,
PP,Producer Prices,36,Australia,5532,Producer Price (USD/tonne),01229,Cantaloupes and other melons,2005,2005,7021,Annual value,USD,699.5,A,Official figure,AUS,False,False,67.6467997866706,72.57908938487195,77.21006263097178,60.766594200041034,64.39872945308146,61.19575106393876,4.74464612990827,
PP,Producer Prices,36,Australia,5532,Producer Price (USD/tonne),01229,Cantaloupes and other melons,2006,2006,7021,Annual value,USD,821.6,A,Official figure,AUS,False,False,72.85198153556445,71.39005672414655,73.05336517091054,71.22837696143655,70.5451171722111,91.39314395266837,4.77072459573134,
PP,Producer Prices,36,Australia,5532,Producer Price (USD/tonne),01229,Cantaloupes and other melons,2007,2007,7021,Annual value,USD,895.3,A,Official figure,AUS,False,False,94.55025065074518,77.75672729408136,122.39946263841763,100.90811631831873,107.3148060387481,62.36914297123817,5.03584938131912,
PP,Producer Prices,36,Australia,5532,Producer Price (USD/tonne),01229,Cantaloupes and other melons,2008,2008,7021,Annual value,USD,951.2,A,Official figure,AUS,False,False,117.73787331863998,90.84433092873273,132.33661799232738,137.64181782223199,141.07285693456427,79.19536905542518,4.80642380862477,
PP,Producer Prices,36,Australia,5532,Producer Price (USD/tonne),01229,Cantaloupes and other melons,2009,2009,7021,Annual value,USD,840.0,A,Official figure,AUS,False,False,91.78785298482406,81.60267222893671,91.405730315563,97.1899325654129,94.42735946277953,112.2254832184969,5.59123716369561,
PP,Producer Prices,36,Australia,5532,Producer Price (USD/tonne),01229,Cantaloupes and other melons,2015,2015,7021,Annual value,USD,195.3,A,Official figure,AUS,False,False,93.0638125181246,96.78279749075053,87.1451487854646,95.87342014077292,89.94109402113435,83.1811851391223,6.56255914980785,
PP,Producer Prices,36,Australia,5532,Producer Price (USD/tonne),01229,Cantaloupes and other melons,2016,2016,7021,Annual value,USD,637.1,A,Official figure,AUS,False,False,91.95303704593685,91.10702822067289,82.64832676119045,88.30828905606897,99.44264448193826,111.62342556374044,7.10054987790893,
PP,Producer Prices,36,Australia,5532,Producer Price (USD/tonne),01229,Cantaloupes and other melons,2017,2017,7021,Annual value,USD,642.3,A,Official figure,AUS,False,False,97.9325465965461,97.47103081764828,108.01127219003995,90.98426329355082,101.90947584276995,99.11220417429126,6.48222765314289,
PP,Producer Prices,36,Australia,5532,Producer Price (USD/tonne),01229,Cantaloupes and other melons,2018,2018,7021,Annual value,USD,561.1,A,Official figure,AUS,False,False,95.75177402259017,94.39851038295467,107.2716875332135,100.82233026984352,87.76107702264312,77.40205315573543,6.52594691958162,
PP,Producer Prices,36,Australia,5532,Producer Price (USD/tonne),01229,Cantaloupes and other melons,2019,2019,7021,Annual value,USD,584.6,A,Official figure,AUS,False,False,94.93129436453303,99.4754122501492,102.81578202753263,96.60386371200734,83.23927616454294,78.61501498294437,7.16469389675818,
PP,Producer Prices,36,Australia,5532,Producer Price (USD/tonne),01229,Cantaloupes and other melons,2020,2020,7021,Annual value,USD,594.4,A,Official figure,AUS,False,False,98.05250486501859,95.316293513863,101.8142204334863,103.1167289201083,99.44353567977252,79.52871763805308,7.59766516403535,
PP,Producer Prices,36,Australia,5532,Producer Price (USD/tonne),01229,Cantaloupes and other melons,2021,2021,7021,Annual value,USD,639.2,A,Official figure,AUS,False,False,125.73406972850047,107.53442746784815,119.59735631930364,131.1533847436843,164.85113256482796,109.33464293018675,6.44421129042264,
PP,Producer Prices,36,Australia,5532,Producer Price (USD/tonne),01229,Cantaloupes and other melons,2023,2023,7021,Annual value,USD,990.5,A,Official figure,AUS,False,False,124.51966645168862,114.10852024490974,123.72456940111083,130.87805882527132,126.29144514063518,144.9803113652603,6.12272392365969,
PP,Producer Prices,36,Australia,5532,Producer Price (USD/tonne),01229,Cantaloupes and other melons,2024,2024,7021,Annual value,USD,1059.6,A,Official figure,AUS,False,False,121.9819961575273,117.25906623977029,129.71297215949022,113.47684568733492,138.06843188494958,125.71292330063521,6.44767390132498,
PP,Producer Prices,36,Australia,5532,Producer Price (USD/tonne),01251,Carrots and turnips,1991,1991,7021,Annual value,USD,342.7,A,Official figure,AUS,False,False,62.34528439011702,81.47466716487295,45.46032558544059,57.863819886673106,49.00795416086814,55.480617553691815,5.21988857452739,
PP,Producer Prices,36,Australia,5532,Producer Price (USD/tonne),01251,Carrots and turnips,1992,1992,7021,Annual value,USD,323.1,A,Official figure,AUS,False,False,64.22555868464649,78.38728862271715,54.8015933451503,60.9576514895015,52.991996389394096,56.04274688194544,5.04326421093316,
PP,Producer Prices,36,Australia,5532,Producer Price (USD/tonne),01251,Carrots and turnips,1993,1993,7021,Annual value,USD,325.7,A,Official figure,AUS,False,False,62.259404847966515,75.01403295972897,48.61651615517863,59.01858803408094,53.966480634247155,62.03019780031652,4.98707923344647,
PP,Producer Prices,36,Australia,5532,Producer Price (USD/tonne),01251,Carrots and turnips,1994,1994,7021,Annual value,USD,340.0,A,Official figure,AUS,False,False,67.26054679350919,76.29710199787732,47.42020205529957,61.936823654585105,71.86775375736012,74.94370090074824,4.99933415639271,
PP,Producer Prices,36,Australia,5532,Producer Price (USD/tonne),01251,Carrots and turnips,1995,1995,7021,Annual value,USD,412.1,A,Official figure,AUS,False,False,76.8287850116353,85.24932673337705,62.72510536671231,70.8474665240566,79.95838810789446,82.19981067004032,4.95654793299687,
PP,Producer Prices,36,Australia,5532,Producer Price (USD/tonne),01251,Carrots and turnips,1996,1996,7021,Annual value,USD,427.3,A,Official figure,AUS,False,False,77.82086308655745,84.34557234442748,61.619550783954395,83.65592765127325,69.93519294281285,73.98962818765723,4.85290173072787,
PP,Producer Prices,36,Australia,5532,Producer Price (USD/tonne),01251,Carrots and turnips,1997,1997,7021,Annual value,USD,409.7,A,Official figure,AUS,False,False,70.75682380399682,79.31706264103354,59.44728416757198,66.51116723257967,70.68473461622513,70.38581190707349,4.91017735786183,
PP,Producer Prices,36,Australia,5532,Producer Price (USD/tonne),01251,Carrots and turnips,1998,1998,7021,Annual value,USD,354.9,A,Official figure,AUS,False,False,64.8237651326436,66.27116245186038,55.776184862258724,58.90385220966683,83.88543382429606,55.22279355165295,4.73775638168852,
PP,Producer Prices,36,Australia,5532,Producer Price (USD/tonne),01251,Carrots and turnips,1999,1999,7021,Annual value,USD,420.0,A,Official figure,AUS,False,False,55.38494745729497,62.42928865091984,48.31192059218944,53.12085523046289,58.22698225943004,38.798878860400684,4.80438445813991,
PP,Producer Prices,36,Australia,5532,Producer Price (USD/tonne),01251,Carrots and turnips,2000,2000,7021,Annual value,USD,316.0,A,Official figure,AUS,False,False,53.658254311091945,61.295380665724906,54.46468606873116,51.41600714746175,42.89305770905415,50.612781624475126,4.5542072874505,
PP,Producer Prices,36,Australia,5532,Producer Price (USD/tonne),01251,Carrots and turnips,2001,2001,7021,Annual value,USD,304.1,A,Official figure,AUS,False,False,55.353759430433776,62.905581984538294,60.88469474046613,51.84540600513508,42.481465934354574,53.47099426092313,4.94222006021166,
PP,Producer Prices,36,Australia,5532,Producer Price (USD/tonne),01251,Carrots and turnips,2002,2002,7021,Annual value,USD,325.4,A,Official figure,AUS,False,False,53.432698046969534,56.102316657369585,46.09884987045724,55.57542707086668,55.144333609249486,42.632850317668414,4.86917660836693,
PP,Producer Prices,36,Australia,5532,Producer Price (USD/tonne),01251,Carrots and turnips,2003,2003,7021,Annual value,USD,343.1,A,Official figure,AUS,False,False,58.11559303636253,59.31684044946804,54.48407776395476,59.38331088130321,62.630981044686195,43.854657616127014,5.13440054748237,
PP,Producer Prices,36,Australia,5532,Producer Price (USD/tonne),01251,Carrots and turnips,2004,2004,7021,Annual value,USD,364.0,A,Official figure,AUS,False,False,65.89944729053757,68.6029390549955,69.84888089256499,64.00158065193195,69.61163025660183,44.346000561265534,4.80423147775813,
PP,Producer Prices,36,Australia,5532,Producer Price (USD/tonne),01251,Carrots and turnips,2005,2005,7021,Annual value,USD,400.9,A,Official figure,AUS,False,False,67.6467997866706,72.57908938487195,77.21006263097178,60.766594200041034,64.39872945308146,61.19575106393876,4.74464612990827,
PP,Producer Prices,36,Australia,5532,Producer Price (USD/tonne),01251,Carrots and turnips,2006,2006,7021,Annual value,USD,444.3,A,Official figure,AUS,False,False,72.85198153556445,71.39005672414655,73.05336517091054,71.22837696143655,70.5451171722111,91.39314395266837,4.77072459573134,
PP,Producer Prices,36,Australia,5532,Producer Price (USD/tonne),01251,Carrots and turnips,2007,2007,7021,Annual value,USD,488.7,A,Official figure,AUS,False,False,94.55025065074518,77.75672729408136,122.39946263841763,100.90811631831873,107.3148060387481,62.36914297123817,5.03584938131912,
PP,Producer Prices,36,Australia,5532,Producer Price (USD/tonne),01251,Carrots and turnips,2008,2008,7021,Annual value,USD,579.6,A,Official figure,AUS,False,False,117.73787331863998,90.84433092873273,132.33661799232738,137.64181782223199,141.07285693456427,79.19536905542518,4.80642380862477,
PP,Producer Prices,36,Australia,5532,Producer Price (USD/tonne),01251,Carrots and turnips,2009,2009,7021,Annual value,USD,538.9,A,Official figure,AUS,False,False,91.78785298482406,81.60267222893671,91.405730315563,97.1899325654129,94.42735946277953,112.2254832184969,5.59123716369561,
PP,Producer Prices,36,Australia,5532,Producer Price (USD/tonne),01251,Carrots and turnips,2010,2010,7021,Annual value,USD,602.7,A,Official figure,AUS,False,False,106.87404108388505,91.39347096403203,111.89896716658724,107.49931237044449,121.95018353123997,131.72406046543753,5.30683575119913,
PP,Producer Prices,36,Australia,5532,Producer Price (USD/tonne),01251,Carrots and turnips,2011,2011,7021,Annual value,USD,600.3,A,Official figure,AUS,False,False,131.77593256915614,105.02246669637043,129.89070190611824,142.15740841093506,156.4798891014947,160.90057382271044,5.14219569199562,
PP,Producer Prices,36,Australia,5532,Producer Price (USD/tonne),01251,Carrots and turnips,2012,2012,7021,Annual value,USD,697.9,A,Official figure,AUS,False,False,122.75022327595461,104.69498650707051,111.65677557794167,137.3983528628098,138.30661545629084,133.31863424562349,5.05458500868273,
PP,Producer Prices,36,Australia,5532,Producer Price (USD/tonne),01251,Carrots and turnips,2013,2013,7021,Annual value,USD,689.3,A,Official figure,AUS,False,False,120.14390446093925,106.21599274087434,140.90691300197804,129.1108717873773,119.49987300357218,109.45334619156017,5.68920960549791,
PP,Producer Prices,36,Australia,5532,Producer Price (USD/tonne),01251,Carrots and turnips,2014,2014,7021,Annual value,USD,488.6,A,Official figure,AUS,False,False,114.98315043593857,112.11017428857667,130.20652445334494,115.8182908031581,110.6162614969274,105.19538929713728,6.19615490124291,
PP,Producer Prices,36,Australia,5532,Producer Price (USD/tonne),01251,Carrots and turnips,2015,2015,7021,Annual value,USD,416.2,A,Official figure,AUS,False,False,93.0638125181246,96.78279749075053,87.1451487854646,95.87342014077292,89.94109402113435,83.1811851391223,6.56255914980785,
PP,Producer Prices,36,Australia,5532,Producer Price (USD/tonne),01251,Carrots and turnips,2016,2016,7021,Annual value,USD,492.9,A,Official figure,AUS,False,False,91.95303704593685,91.10702822067289,82.64832676119045,88.30828905606897,99.44264448193826,111.62342556374044,7.10054987790893,
PP,Producer Prices,36,Australia,5532,Producer Price (USD/tonne),01251,Carrots and turnips,2017,2017,7021,Annual value,USD,620.8,A,Official figure,AUS,False,False,97.9325465965461,97.47103081764828,108.01127219003995,90.98426329355082,101.90947584276995,99.11220417429126,6.48222765314289,
PP,Producer Prices,36,Australia,5532,Producer Price (USD/tonne),01251,Carrots and turnips,2018,2018,7021,Annual value,USD,634.3,A,Official figure,AUS,False,False,95.75177402259017,94.39851038295467,107.2716875332135,100.82233026984352,87.76107702264312,77.40205315573543,6.52594691958162,
PP,Producer Prices,36,Australia,5532,Producer Price (USD/tonne),01251,Carrots and turnips,2019,2019,7021,Annual value,USD,624.3,A,Official figure,AUS,False,False,94.93129436453303,99.4754122501492,102.81578202753263,96.60386371200734,83.23927616454294,78.61501498294437,7.16469389675818,
PP,Producer Prices,36,Australia,5532,Producer Price (USD/tonne),01251,Carrots and turnips,2020,2020,7021,Annual value,USD,634.4,A,Official figure,AUS,False,False,98.05250486501859,95.316293513863,101.8142204334863,103.1167289201083,99.44353567977252,79.52871763805308,7.59766516403535,
PP,Producer Prices,36,Australia,5532,Producer Price (USD/tonne),01251,Carrots and turnips,2021,2021,7021,Annual value,USD,691.9,A,Official figure,AUS,False,False,125.73406972850047,107.53442746784815,119.59735631930364,131.1533847436843,164.85113256482796,109.33464293018675,6.44421129042264,
PP,Producer Prices,36,Australia,5532,Producer Price (USD/tonne),01251,Carrots and turnips,2023,2023,7021,Annual value,USD,578.2,A,Official figure,AUS,False,False,124.51966645168862,114.10852024490974,123.72456940111083,130.87805882527132,126.29144514063518,144.9803113652603,6.12272392365969,
PP,Producer Prices,36,Australia,5532,Producer Price (USD/tonne),01251,Carrots and turnips,2024,2024,7021,Annual value,USD,529.3,A,Official figure,AUS,False,False,121.9819961575273,117.25906623977029,129.71297215949022,113.47684568733492,138.06843188494958,125.71292330063521,6.44767390132498,
PP,Producer Prices,36,Australia,5532,Producer Price (USD/tonne),01213,Cauliflowers and broccoli,1991,1991,7021,Annual value,USD,347.4,A,Official figure,AUS,False,False,62.34528439011702,81.47466716487295,45.46032558544059,57.863819886673106,49.00795416086814,55.480617553691815,5.21988857452739,
PP,Producer Prices,36,Australia,5532,Producer Price (USD/tonne),01213,Cauliflowers and broccoli,1992,1992,7021,Annual value,USD,395.1,A,Official figure,AUS,False,False,64.22555868464649,78.38728862271715,54.8015933451503,60.9576514895015,52.991996389394096,56.04274688194544,5.04326421093316,
PP,Producer Prices,36,Australia,5532,Producer Price (USD/tonne),01213,Cauliflowers and broccoli,1993,1993,7021,Annual value,USD,346.1,A,Official figure,AUS,False,False,62.259404847966515,75.01403295972897,48.61651615517863,59.01858803408094,53.966480634247155,62.03019780031652,4.98707923344647,
PP,Producer Prices,36,Australia,5532,Producer Price (USD/tonne),01213,Cauliflowers and broccoli,1994,1994,7021,Annual value,USD,403.6,A,Official figure,AUS,False,False,67.26054679350919,76.29710199787732,47.42020205529957,61.936823654585105,71.86775375736012,74.94370090074824,4.99933415639271,
PP,Producer Prices,36,Australia,5532,Producer Price (USD/tonne),01213,Cauliflowers and broccoli,1995,1995,7021,Annual value,USD,498.9,A,Official figure,AUS,False,False,76.8287850116353,85.24932673337705,62.72510536671231,70.8474665240566,79.95838810789446,82.19981067004032,4.95654793299687,
PP,Producer Prices,36,Australia,5532,Producer Price (USD/tonne),01213,Cauliflowers and broccoli,1996,1996,7021,Annual value,USD,532.1,A,Official figure,AUS,False,False,77.82086308655745,84.34557234442748,61.619550783954395,83.65592765127325,69.93519294281285,73.98962818765723,4.85290173072787,
PP,Producer Prices,36,Australia,5532,Producer Price (USD/tonne),01213,Cauliflowers and broccoli,1997,1997,7021,Annual value,USD,554.4,A,Official figure,AUS,False,False,70.75682380399682,79.31706264103354,59.44728416757198,66.51116723257967,70.68473461622513,70.38581190707349,4.91017735786183,
PP,Producer Prices,36,Australia,5532,Producer Price (USD/tonne),01213,Cauliflowers and broccoli,1998,1998,7021,Annual value,USD,462.4,A,Official figure,AUS,False,False,64.8237651326436,66.27116245186038,55.776184862258724,58.90385220966683,83.88543382429606,55.22279355165295,4.73775638168852,
PP,Producer Prices,36,Australia,5532,Producer Price (USD/tonne),01213,Cauliflowers and broccoli,1999,1999,7021,Annual value,USD,488.4,A,Official figure,AUS,False,False,55.38494745729497,62.42928865091984,48.31192059218944,53.12085523046289,58.22698225943004,38.798878860400684,4.80438445813991,
PP,Producer Prices,36,Australia,5532,Producer Price (USD/tonne),01213,Cauliflowers and broccoli,2000,2000,7021,Annual value,USD,425.0,A,Official figure,AUS,False,False,53.658254311091945,61.295380665724906,54.46468606873116,51.41600714746175,42.89305770905415,50.612781624475126,4.5542072874505,
PP,Producer Prices,36,Australia,5532,Producer Price (USD/tonne),01213,Cauliflowers and broccoli,2001,2001,7021,Annual value,USD,364.1,A,Official figure,AUS,False,False,55.353759430433776,62.905581984538294,60.88469474046613,51.84540600513508,42.481465934354574,53.47099426092313,4.94222006021166,
PP,Producer Prices,36,Australia,5532,Producer Price (USD/tonne),01213,Cauliflowers and broccoli,2002,2002,7021,Annual value,USD,348.8,A,Official figure,AUS,False,False,53.432698046969534,56.102316657369585,46.09884987045724,55.57542707086668,55.144333609249486,42.632850317668414,4.86917660836693,
PP,Producer Prices,36,Australia,5532,Producer Price (USD/tonne),01213,Cauliflowers and broccoli,2003,2003,7021,Annual value,USD,522.1,A,Official figure,AUS,False,False,58.11559303636253,59.31684044946804,54.48407776395476,59.38331088130321,62.630981044686195,43.854657616127014,5.13440054748237,
PP,Producer Prices,36,Australia,5532,Producer Price (USD/tonne),01213,Cauliflowers and broccoli,2004,2004,7021,Annual value,USD,537.6,A,Official figure,AUS,False,False,65.89944729053757,68.6029390549955,69.84888089256499,64.00158065193195,69.61163025660183,44.346000561265534,4.80423147775813,
PP,Producer Prices,36,Australia,5532,Producer Price (USD/tonne),01213,Cauliflowers and broccoli,2005,2005,7021,Annual value,USD,487.2,A,Official figure,AUS,False,False,67.6467997866706,72.57908938487195,77.21006263097178,60.766594200041034,64.39872945308146,61.19575106393876,4.74464612990827,
PP,Producer Prices,36,Australia,5532,Producer Price (USD/tonne),01213,Cauliflowers and broccoli,2006,2006,7021,Annual value,USD,521.1,A,Official figure,AUS,False,False,72.85198153556445,71.39005672414655,73.05336517091054,71.22837696143655,70.5451171722111,91.39314395266837,4.77072459573134,
PP,Producer Prices,36,Australia,5532,Producer Price (USD/tonne),01213,Cauliflowers and broccoli,2007,2007,7021,Annual value,USD,631.8,A,Official figure,AUS,False,False,94.55025065074518,77.75672729408136,122.39946263841763,100.90811631831873,107.3148060387481,62.36914297123817,5.03584938131912,
PP,Producer Prices,36,Australia,5532,Producer Price (USD/tonne),01213,Cauliflowers and broccoli,2008,2008,7021,Annual value,USD,610.6,A,Official figure,AUS,False,False,117.73787331863998,90.84433092873273,132.33661799232738,137.64181782223199,141.07285693456427,79.19536905542518,4.80642380862477,
PP,Producer Prices,36,Australia,5532,Producer Price (USD/tonne),01213,Cauliflowers and broccoli,2009,2009,7021,Annual value,USD,552.2,A,Official figure,AUS,False,False,91.78785298482406,81.60267222893671,91.405730315563,97.1899325654129,94.42735946277953,112.2254832184969,5.59123716369561,
PP,Producer Prices,36,Australia,5532,Producer Price (USD/tonne),01213,Cauliflowers and broccoli,2011,2011,7021,Annual value,USD,661.2,A,Official figure,AUS,False,False,131.77593256915614,105.02246669637043,129.89070190611824,142.15740841093506,156.4798891014947,160.90057382271044,5.14219569199562,
PP,Producer Prices,36,Australia,5532,Producer Price (USD/tonne),01213,Cauliflowers and broccoli,2014,2014,7021,Annual value,USD,688.7,A,Official figure,AUS,False,False,114.98315043593857,112.11017428857667,130.20652445334494,115.8182908031581,110.6162614969274,105.19538929713728,6.19615490124291,
PP,Producer Prices,36,Australia,5532,Producer Price (USD/tonne),01213,Cauliflowers and broccoli,2016,2016,7021,Annual value,USD,594.0,A,Official figure,AUS,False,False,91.95303704593685,91.10702822067289,82.64832676119045,88.30828905606897,99.44264448193826,111.62342556374044,7.10054987790893,
PP,Producer Prices,36,Australia,5532,Producer Price (USD/tonne),01213,Cauliflowers and broccoli,2017,2017,7021,Annual value,USD,758.8,A,Official figure,AUS,False,False,97.9325465965461,97.47103081764828,108.01127219003995,90.98426329355082,101.90947584276995,99.11220417429126,6.48222765314289,
PP,Producer Prices,36,Australia,5532,Producer Price (USD/tonne),01213,Cauliflowers and broccoli,2018,2018,7021,Annual value,USD,704.6,A,Official figure,AUS,False,False,95.75177402259017,94.39851038295467,107.2716875332135,100.82233026984352,87.76107702264312,77.40205315573543,6.52594691958162,
PP,Producer Prices,36,Australia,5532,Producer Price (USD/tonne),01213,Cauliflowers and broccoli,2019,2019,7021,Annual value,USD,737.6,A,Official figure,AUS,False,False,94.93129436453303,99.4754122501492,102.81578202753263,96.60386371200734,83.23927616454294,78.61501498294437,7.16469389675818,
PP,Producer Prices,36,Australia,5532,Producer Price (USD/tonne),01213,Cauliflowers and broccoli,2020,2020,7021,Annual value,USD,824.0,A,Official figure,AUS,False,False,98.05250486501859,95.316293513863,101.8142204334863,103.1167289201083,99.44353567977252,79.52871763805308,7.59766516403535,
PP,Producer Prices,36,Australia,5532,Producer Price (USD/tonne),01213,Cauliflowers and broccoli,2021,2021,7021,Annual value,USD,819.9,A,Official figure,AUS,False,False,125.73406972850047,107.53442746784815,119.59735631930364,131.1533847436843,164.85113256482796,109.33464293018675,6.44421129042264,
PP,Producer Prices,36,Australia,5532,Producer Price (USD/tonne),01213,Cauliflowers and broccoli,2023,2023,7021,Annual value,USD,576.8,A,Official figure,AUS,False,False,124.51966645168862,114.10852024490974,123.72456940111083,130.87805882527132,126.29144514063518,144.9803113652603,6.12272392365969,
PP,Producer Prices,36,Australia,5532,Producer Price (USD/tonne),01213,Cauliflowers and broccoli,2024,2024,7021,Annual value,USD,511.1,A,Official figure,AUS,False,False,121.9819961575273,117.25906623977029,129.71297215949022,113.47684568733492,138.06843188494958,125.71292330063521,6.44767390132498,
PP,Producer Prices,36,Australia,5532,Producer Price (USD/tonne),01344.02,Cherries,1991,1991,7021,Annual value,USD,2840.9,A,Official figure,AUS,False,False,62.34528439011702,81.47466716487295,45.46032558544059,57.863819886673106,49.00795416086814,55.480617553691815,5.21988857452739,
PP,Producer Prices,36,Australia,5532,Producer Price (USD/tonne),01344.02,Cherries,1992,1992,7021,Annual value,USD,3114.6,A,Official figure,AUS,False,False,64.22555868464649,78.38728862271715,54.8015933451503,60.9576514895015,52.991996389394096,56.04274688194544,5.04326421093316,
PP,Producer Prices,36,Australia,5532,Producer Price (USD/tonne),01344.02,Cherries,1993,1993,7021,Annual value,USD,2590.8,A,Official figure,AUS,False,False,62.259404847966515,75.01403295972897,48.61651615517863,59.01858803408094,53.966480634247155,62.03019780031652,4.98707923344647,
PP,Producer Prices,36,Australia,5532,Producer Price (USD/tonne),01344.02,Cherries,1994,1994,7021,Annual value,USD,3107.3,A,Official figure,AUS,False,False,67.26054679350919,76.29710199787732,47.42020205529957,61.936823654585105,71.86775375736012,74.94370090074824,4.99933415639271,
PP,Producer Prices,36,Australia,5532,Producer Price (USD/tonne),01344.02,Cherries,1995,1995,7021,Annual value,USD,3482.5,A,Official figure,AUS,False,False,76.8287850116353,85.24932673337705,62.72510536671231,70.8474665240566,79.95838810789446,82.19981067004032,4.95654793299687,
PP,Producer Prices,36,Australia,5532,Producer Price (USD/tonne),01344.02,Cherries,1996,1996,7021,Annual value,USD,3717.9,A,Official figure,AUS,False,False,77.82086308655745,84.34557234442748,61.619550783954395,83.65592765127325,69.93519294281285,73.98962818765723,4.85290173072787,
PP,Producer Prices,36,Australia,5532,Producer Price (USD/tonne),01344.02,Cherries,1997,1997,7021,Annual value,USD,3228.5,A,Official figure,AUS,False,False,70.75682380399682,79.31706264103354,59.44728416757198,66.51116723257967,70.68473461622513,70.38581190707349,4.91017735786183,
PP,Producer Prices,36,Australia,5532,Producer Price (USD/tonne),01344.02,Cherries,1998,1998,7021,Annual value,USD,2550.5,A,Official figure,AUS,False,False,64.8237651326436,66.27116245186038,55.776184862258724,58.90385220966683,83.88543382429606,55.22279355165295,4.73775638168852,
PP,Producer Prices,36,Australia,5532,Producer Price (USD/tonne),01344.02,Cherries,1999,1999,7021,Annual value,USD,3755.0,A,Official figure,AUS,False,False,55.38494745729497,62.42928865091984,48.31192059218944,53.12085523046289,58.22698225943004,38.798878860400684,4.80438445813991,
PP,Producer Prices,36,Australia,5532,Producer Price (USD/tonne),01344.02,Cherries,2000,2000,7021,Annual value,USD,3952.9,A,Official figure,AUS,False,False,53.658254311091945,61.295380665724906,54.46468606873116,51.41600714746175,42.89305770905415,50.612781624475126,4.5542072874505,
PP,Producer Prices,36,Australia,5532,Producer Price (USD/tonne),01344.02,Cherries,2001,2001,7021,Annual value,USD,3656.7,A,Official figure,AUS,False,False,55.353759430433776,62.905581984538294,60.88469474046613,51.84540600513508,42.481465934354574,53.47099426092313,4.94222006021166,
PP,Producer Prices,36,Australia,5532,Producer Price (USD/tonne),01344.02,Cherries,2002,2002,7021,Annual value,USD,4417.1,A,Official figure,AUS,False,False,53.432698046969534,56.102316657369585,46.09884987045724,55.57542707086668,55.144333609249486,42.632850317668414,4.86917660836693,
PP,Producer Prices,36,Australia,5532,Producer Price (USD/tonne),01344.02,Cherries,2003,2003,7021,Annual value,USD,4831.7,A,Official figure,AUS,False,False,58.11559303636253,59.31684044946804,54.48407776395476,59.38331088130321,62.630981044686195,43.854657616127014,5.13440054748237,
PP,Producer Prices,36,Australia,5532,Producer Price (USD/tonne),01344.02,Cherries,2004,2004,7021,Annual value,USD,5824.6,A,Official figure,AUS,False,False,65.89944729053757,68.6029390549955,69.84888089256499,64.00158065193195,69.61163025660183,44.346000561265534,4.80423147775813,
PP,Producer Prices,36,Australia,5532,Producer Price (USD/tonne),01344.02,Cherries,2005,2005,7021,Annual value,USD,6285.0,A,Official figure,AUS,False,False,67.6467997866706,72.57908938487195,77.21006263097178,60.766594200041034,64.39872945308146,61.19575106393876,4.74464612990827,
PP,Producer Prices,36,Australia,5532,Producer Price (USD/tonne),01344.02,Cherries,2006,2006,7021,Annual value,USD,7537.8,A,Official figure,AUS,False,False,72.85198153556445,71.39005672414655,73.05336517091054,71.22837696143655,70.5451171722111,91.39314395266837,4.77072459573134,
PP,Producer Prices,36,Australia,5532,Producer Price (USD/tonne),01344.02,Cherries,2007,2007,7021,Annual value,USD,7003.8,A,Official figure,AUS,False,False,94.55025065074518,77.75672729408136,122.39946263841763,100.90811631831873,107.3148060387481,62.36914297123817,5.03584938131912,
PP,Producer Prices,36,Australia,5532,Producer Price (USD/tonne),01344.02,Cherries,2009,2009,7021,Annual value,USD,7151.8,A,Official figure,AUS,False,False,91.78785298482406,81.60267222893671,91.405730315563,97.1899325654129,94.42735946277953,112.2254832184969,5.59123716369561,
PP,Producer Prices,36,Australia,5532,Producer Price (USD/tonne),01344.02,Cherries,2011,2011,7021,Annual value,USD,9314.4,A,Official figure,AUS,False,False,131.77593256915614,105.02246669637043,129.89070190611824,142.15740841093506,156.4798891014947,160.90057382271044,5.14219569199562,
PP,Producer Prices,36,Australia,5532,Producer Price (USD/tonne),01344.02,Cherries,2012,2012,7021,Annual value,USD,8490.4,A,Official figure,AUS,False,False,122.75022327595461,104.69498650707051,111.65677557794167,137.3983528628098,138.30661545629084,133.31863424562349,5.05458500868273,
PP,Producer Prices,36,Australia,5532,Producer Price (USD/tonne),01344.02,Cherries,2013,2013,7021,Annual value,USD,7178.7,A,Official figure,AUS,False,False,120.14390446093925,106.21599274087434,140.90691300197804,129.1108717873773,119.49987300357218,109.45334619156017,5.68920960549791,
PP,Producer Prices,36,Australia,5532,Producer Price (USD/tonne),01344.02,Cherries,2014,2014,7021,Annual value,USD,9941.7,A,Official figure,AUS,False,False,114.98315043593857,112.11017428857667,130.20652445334494,115.8182908031581,110.6162614969274,105.19538929713728,6.19615490124291,
PP,Producer Prices,36,Australia,5532,Producer Price (USD/tonne),01344.02,Cherries,2015,2015,7021,Annual value,USD,7134.0,A,Official figure,AUS,False,False,93.0638125181246,96.78279749075053,87.1451487854646,95.87342014077292,89.94109402113435,83.1811851391223,6.56255914980785,
PP,Producer Prices,36,Australia,5532,Producer Price (USD/tonne),01344.02,Cherries,2016,2016,7021,Annual value,USD,6983.3,A,Official figure,AUS,False,False,91.95303704593685,91.10702822067289,82.64832676119045,88.30828905606897,99.44264448193826,111.62342556374044,7.10054987790893,
PP,Producer Prices,36,Australia,5532,Producer Price (USD/tonne),01344.02,Cherries,2017,2017,7021,Annual value,USD,9763.5,A,Official figure,AUS,False,False,97.9325465965461,97.47103081764828,108.01127219003995,90.98426329355082,101.90947584276995,99.11220417429126,6.48222765314289,
PP,Producer Prices,36,Australia,5532,Producer Price (USD/tonne),01344.02,Cherries,2018,2018,7021,Annual value,USD,8144.7,A,Official figure,AUS,False,False,95.75177402259017,94.39851038295467,107.2716875332135,100.82233026984352,87.76107702264312,77.40205315573543,6.52594691958162,
PP,Producer Prices,36,Australia,5532,Producer Price (USD/tonne),01344.02,Cherries,2019,2019,7021,Annual value,USD,7409.1,A,Official figure,AUS,False,False,94.93129436453303,99.4754122501492,102.81578202753263,96.60386371200734,83.23927616454294,78.61501498294437,7.16469389675818,
PP,Producer Prices,36,Australia,5532,Producer Price (USD/tonne),01344.02,Cherries,2020,2020,7021,Annual value,USD,9679.3,A,Official figure,AUS,False,False,98.05250486501859,95.316293513863,101.8142204334863,103.1167289201083,99.44353567977252,79.52871763805308,7.59766516403535,
PP,Producer Prices,36,Australia,5532,Producer Price (USD/tonne),01344.02,Cherries,2021,2021,7021,Annual value,USD,9237.0,A,Official figure,AUS,False,False,125.73406972850047,107.53442746784815,119.59735631930364,131.1533847436843,164.85113256482796,109.33464293018675,6.44421129042264,
PP,Producer Prices,36,Australia,5532,Producer Price (USD/tonne),01344.02,Cherries,2023,2023,7021,Annual value,USD,11543.1,A,Official figure,AUS,False,False,124.51966645168862,114.10852024490974,123.72456940111083,130.87805882527132,126.29144514063518,144.9803113652603,6.12272392365969,
PP,Producer Prices,36,Australia,5532,Producer Price (USD/tonne),01344.02,Cherries,2024,2024,7021,Annual value,USD,10389.4,A,Official figure,AUS,False,False,121.9819961575273,117.25906623977029,129.71297215949022,113.47684568733492,138.06843188494958,125.71292330063521,6.44767390132498,
PP,Producer Prices,36,Australia,5532,Producer Price (USD/tonne),01703,"Chick peas, dry",1991,1991,7021,Annual value,USD,234.5,A,Official figure,AUS,False,False,62.34528439011702,81.47466716487295,45.46032558544059,57.863819886673106,49.00795416086814,55.480617553691815,5.21988857452739,
PP,Producer Prices,36,Australia,5532,Producer Price (USD/tonne),01703,"Chick peas, dry",1992,1992,7021,Annual value,USD,184.3,A,Official figure,AUS,False,False,64.22555868464649,78.38728862271715,54.8015933451503,60.9576514895015,52.991996389394096,56.04274688194544,5.04326421093316,
PP,Producer Prices,36,Australia,5532,Producer Price (USD/tonne),01703,"Chick peas, dry",1993,1993,7021,Annual value,USD,200.6,A,Official figure,AUS,False,False,62.259404847966515,75.01403295972897,48.61651615517863,59.01858803408094,53.966480634247155,62.03019780031652,4.98707923344647,
PP,Producer Prices,36,Australia,5532,Producer Price (USD/tonne),01703,"Chick peas, dry",1994,1994,7021,Annual value,USD,274.2,A,Official figure,AUS,False,False,67.26054679350919,76.29710199787732,47.42020205529957,61.936823654585105,71.86775375736012,74.94370090074824,4.99933415639271,
PP,Producer Prices,36,Australia,5532,Producer Price (USD/tonne),01703,"Chick peas, dry",1995,1995,7021,Annual value,USD,367.7,A,Official figure,AUS,False,False,76.8287850116353,85.24932673337705,62.72510536671231,70.8474665240566,79.95838810789446,82.19981067004032,4.95654793299687,
PP,Producer Prices,36,Australia,5532,Producer Price (USD/tonne),01703,"Chick peas, dry",1996,1996,7021,Annual value,USD,285.6,A,Official figure,AUS,False,False,77.82086308655745,84.34557234442748,61.619550783954395,83.65592765127325,69.93519294281285,73.98962818765723,4.85290173072787,
PP,Producer Prices,36,Australia,5532,Producer Price (USD/tonne),01703,"Chick peas, dry",1997,1997,7021,Annual value,USD,205.6,A,Official figure,AUS,False,False,70.75682380399682,79.31706264103354,59.44728416757198,66.51116723257967,70.68473461622513,70.38581190707349,4.91017735786183,
PP,Producer Prices,36,Australia,5532,Producer Price (USD/tonne),01703,"Chick peas, dry",1998,1998,7021,Annual value,USD,235.6,A,Official figure,AUS,False,False,64.8237651326436,66.27116245186038,55.776184862258724,58.90385220966683,83.88543382429606,55.22279355165295,4.73775638168852,
PP,Producer Prices,36,Australia,5532,Producer Price (USD/tonne),01703,"Chick peas, dry",1999,1999,7021,Annual value,USD,247.1,A,Official figure,AUS,False,False,55.38494745729497,62.42928865091984,48.31192059218944,53.12085523046289,58.22698225943004,38.798878860400684,4.80438445813991,
PP,Producer Prices,36,Australia,5532,Producer Price (USD/tonne),01703,"Chick peas, dry",2000,2000,7021,Annual value,USD,196.5,A,Official figure,AUS,False,False,53.658254311091945,61.295380665724906,54.46468606873116,51.41600714746175,42.89305770905415,50.612781624475126,4.5542072874505,
PP,Producer Prices,36,Australia,5532,Producer Price (USD/tonne),01703,"Chick peas, dry",2001,2001,7021,Annual value,USD,239.5,A,Official figure,AUS,False,False,55.353759430433776,62.905581984538294,60.88469474046613,51.84540600513508,42.481465934354574,53.47099426092313,4.94222006021166,
PP,Producer Prices,36,Australia,5532,Producer Price (USD/tonne),01703,"Chick peas, dry",2002,2002,7021,Annual value,USD,258.6,A,Official figure,AUS,False,False,53.432698046969534,56.102316657369585,46.09884987045724,55.57542707086668,55.144333609249486,42.632850317668414,4.86917660836693,
PP,Producer Prices,36,Australia,5532,Producer Price (USD/tonne),01703,"Chick peas, dry",2003,2003,7021,Annual value,USD,315.2,A,Official figure,AUS,False,False,58.11559303636253,59.31684044946804,54.48407776395476,59.38331088130321,62.630981044686195,43.854657616127014,5.13440054748237,
PP,Producer Prices,36,Australia,5532,Producer Price (USD/tonne),01703,"Chick peas, dry",2004,2004,7021,Annual value,USD,227.2,A,Official figure,AUS,False,False,65.89944729053757,68.6029390549955,69.84888089256499,64.00158065193195,69.61163025660183,44.346000561265534,4.80423147775813,
PP,Producer Prices,36,Australia,5532,Producer Price (USD/tonne),01703,"Chick peas, dry",2005,2005,7021,Annual value,USD,203.9,A,Official figure,AUS,False,False,67.6467997866706,72.57908938487195,77.21006263097178,60.766594200041034,64.39872945308146,61.19575106393876,4.74464612990827,
PP,Producer Prices,36,Australia,5532,Producer Price (USD/tonne),01703,"Chick peas, dry",2006,2006,7021,Annual value,USD,281.6,A,Official figure,AUS,False,False,72.85198153556445,71.39005672414655,73.05336517091054,71.22837696143655,70.5451171722111,91.39314395266837,4.77072459573134,
PP,Producer Prices,36,Australia,5532,Producer Price (USD/tonne),01703,"Chick peas, dry",2007,2007,7021,Annual value,USD,500.4,A,Official figure,AUS,False,False,94.55025065074518,77.75672729408136,122.39946263841763,100.90811631831873,107.3148060387481,62.36914297123817,5.03584938131912,
PP,Producer Prices,36,Australia,5532,Producer Price (USD/tonne),01703,"Chick peas, dry",2009,2009,7021,Annual value,USD,351.0,A,Official figure,AUS,False,False,91.78785298482406,81.60267222893671,91.405730315563,97.1899325654129,94.42735946277953,112.2254832184969,5.59123716369561,
PP,Producer Prices,36,Australia,5532,Producer Price (USD/tonne),01703,"Chick peas, dry",2010,2010,7021,Annual value,USD,396.3,A,Official figure,AUS,False,False,106.87404108388505,91.39347096403203,111.89896716658724,107.49931237044449,121.95018353123997,131.72406046543753,5.30683575119913,
PP,Producer Prices,36,Australia,5532,Producer Price (USD/tonne),01703,"Chick peas, dry",2011,2011,7021,Annual value,USD,416.7,A,Official figure,AUS,False,False,131.77593256915614,105.02246669637043,129.89070190611824,142.15740841093506,156.4798891014947,160.90057382271044,5.14219569199562,
PP,Producer Prices,36,Australia,5532,Producer Price (USD/tonne),01703,"Chick peas, dry",2012,2012,7021,Annual value,USD,473.2,A,Official figure,AUS,False,False,122.75022327595461,104.69498650707051,111.65677557794167,137.3983528628098,138.30661545629084,133.31863424562349,5.05458500868273,
PP,Producer Prices,36,Australia,5532,Producer Price (USD/tonne),01703,"Chick peas, dry",2016,2016,7021,Annual value,USD,582.8,A,Official figure,AUS,False,False,91.95303704593685,91.10702822067289,82.64832676119045,88.30828905606897,99.44264448193826,111.62342556374044,7.10054987790893,
PP,Producer Prices,36,Australia,5532,Producer Price (USD/tonne),01703,"Chick peas, dry",2017,2017,7021,Annual value,USD,426.9,A,Official figure,AUS,False,False,97.9325465965461,97.47103081764828,108.01127219003995,90.98426329355082,101.90947584276995,99.11220417429126,6.48222765314289,
PP,Producer Prices,36,Australia,5532,Producer Price (USD/tonne),01703,"Chick peas, dry",2018,2018,7021,Annual value,USD,346.7,A,Official figure,AUS,False,False,95.75177402259017,94.39851038295467,107.2716875332135,100.82233026984352,87.76107702264312,77.40205315573543,6.52594691958162,
PP,Producer Prices,36,Australia,5532,Producer Price (USD/tonne),01703,"Chick peas, dry",2019,2019,7021,Annual value,USD,362.9,A,Official figure,AUS,False,False,94.93129436453303,99.4754122501492,102.81578202753263,96.60386371200734,83.23927616454294,78.61501498294437,7.16469389675818,
PP,Producer Prices,36,Australia,5532,Producer Price (USD/tonne),01703,"Chick peas, dry",2020,2020,7021,Annual value,USD,523.6,A,Official figure,AUS,False,False,98.05250486501859,95.316293513863,101.8142204334863,103.1167289201083,99.44353567977252,79.52871763805308,7.59766516403535,
PP,Producer Prices,36,Australia,5532,Producer Price (USD/tonne),01703,"Chick peas, dry",2021,2021,7021,Annual value,USD,445.4,A,Official figure,AUS,False,False,125.73406972850047,107.53442746784815,119.59735631930364,131.1533847436843,164.85113256482796,109.33464293018675,6.44421129042264,
PP,Producer Prices,36,Australia,5532,Producer Price (USD/tonne),01703,"Chick peas, dry",2023,2023,7021,Annual value,USD,337.0,A,Official figure,AUS,False,False,124.51966645168862,114.10852024490974,123.72456940111083,130.87805882527132,126.29144514063518,144.9803113652603,6.12272392365969,
PP,Producer Prices,36,Australia,5532,Producer Price (USD/tonne),01703,"Chick peas, dry",2024,2024,7021,Annual value,USD,484.0,A,Official figure,AUS,False,False,121.9819961575273,117.25906623977029,129.71297215949022,113.47684568733492,138.06843188494958,125.71292330063521,6.44767390132498,
PP,Producer Prices,36,Australia,5532,Producer Price (USD/tonne),01231,"Chillies and peppers, green (Capsicum spp. and Pimenta spp.)",2001,2001,7021,Annual value,USD,853.4,A,Official figure,AUS,False,False,55.353759430433776,62.905581984538294,60.88469474046613,51.84540600513508,42.481465934354574,53.47099426092313,4.94222006021166,
PP,Producer Prices,36,Australia,5532,Producer Price (USD/tonne),01231,"Chillies and peppers, green (Capsicum spp. and Pimenta spp.)",2002,2002,7021,Annual value,USD,809.5,A,Official figure,AUS,False,False,53.432698046969534,56.102316657369585,46.09884987045724,55.57542707086668,55.144333609249486,42.632850317668414,4.86917660836693,
PP,Producer Prices,36,Australia,5532,Producer Price (USD/tonne),01231,"Chillies and peppers, green (Capsicum spp. and Pimenta spp.)",2003,2003,7021,Annual value,USD,1147.9,A,Official figure,AUS,False,False,58.11559303636253,59.31684044946804,54.48407776395476,59.38331088130321,62.630981044686195,43.854657616127014,5.13440054748237,
PP,Producer Prices,36,Australia,5532,Producer Price (USD/tonne),01231,"Chillies and peppers, green (Capsicum spp. and Pimenta spp.)",2004,2004,7021,Annual value,USD,1513.5,A,Official figure,AUS,False,False,65.89944729053757,68.6029390549955,69.84888089256499,64.00158065193195,69.61163025660183,44.346000561265534,4.80423147775813,
PP,Producer Prices,36,Australia,5532,Producer Price (USD/tonne),01231,"Chillies and peppers, green (Capsicum spp. and Pimenta spp.)",2005,2005,7021,Annual value,USD,1290.6,A,Official figure,AUS,False,False,67.6467997866706,72.57908938487195,77.21006263097178,60.766594200041034,64.39872945308146,61.19575106393876,4.74464612990827,
PP,Producer Prices,36,Australia,5532,Producer Price (USD/tonne),01231,"Chillies and peppers, green (Capsicum spp. and Pimenta spp.)",2006,2006,7021,Annual value,USD,1566.3,A,Official figure,AUS,False,False,72.85198153556445,71.39005672414655,73.05336517091054,71.22837696143655,70.5451171722111,91.39314395266837,4.77072459573134,
PP,Producer Prices,36,Australia,5532,Producer Price (USD/tonne),01231,"Chillies and peppers, green (Capsicum spp. and Pimenta spp.)",2007,2007,7021,Annual value,USD,1899.5,A,Official figure,AUS,False,False,94.55025065074518,77.75672729408136,122.39946263841763,100.90811631831873,107.3148060387481,62.36914297123817,5.03584938131912,
PP,Producer Prices,36,Australia,5532,Producer Price (USD/tonne),01231,"Chillies and peppers, green (Capsicum spp. and Pimenta spp.)",2008,2008,7021,Annual value,USD,2726.1,A,Official figure,AUS,False,False,117.73787331863998,90.84433092873273,132.33661799232738,137.64181782223199,141.07285693456427,79.19536905542518,4.80642380862477,
PP,Producer Prices,36,Australia,5532,Producer Price (USD/tonne),01231,"Chillies and peppers, green (Capsicum spp. and Pimenta spp.)",2009,2009,7021,Annual value,USD,1871.8,A,Official figure,AUS,False,False,91.78785298482406,81.60267222893671,91.405730315563,97.1899325654129,94.42735946277953,112.2254832184969,5.59123716369561,
PP,Producer Prices,36,Australia,5532,Producer Price (USD/tonne),01231,"Chillies and peppers, green (Capsicum spp. and Pimenta spp.)",2011,2011,7021,Annual value,USD,2300.2,A,Official figure,AUS,False,False,131.77593256915614,105.02246669637043,129.89070190611824,142.15740841093506,156.4798891014947,160.90057382271044,5.14219569199562,
PP,Producer Prices,36,Australia,5532,Producer Price (USD/tonne),01231,"Chillies and peppers, green (Capsicum spp. and Pimenta spp.)",2012,2012,7021,Annual value,USD,2391.8,A,Official figure,AUS,False,False,122.75022327595461,104.69498650707051,111.65677557794167,137.3983528628098,138.30661545629084,133.31863424562349,5.05458500868273,
PP,Producer Prices,36,Australia,5532,Producer Price (USD/tonne),01231,"Chillies and peppers, green (Capsicum spp. and Pimenta spp.)",2020,2020,7021,Annual value,USD,1963.0,A,Official figure,AUS,False,False,98.05250486501859,95.316293513863,101.8142204334863,103.1167289201083,99.44353567977252,79.52871763805308,7.59766516403535,
PP,Producer Prices,36,Australia,5532,Producer Price (USD/tonne),01231,"Chillies and peppers, green (Capsicum spp. and Pimenta spp.)",2021,2021,7021,Annual value,USD,1934.6,A,Official figure,AUS,False,False,125.73406972850047,107.53442746784815,119.59735631930364,131.1533847436843,164.85113256482796,109.33464293018675,6.44421129042264,
PP,Producer Prices,36,Australia,5532,Producer Price (USD/tonne),01231,"Chillies and peppers, green (Capsicum spp. and Pimenta spp.)",2023,2023,7021,Annual value,USD,2005.8,A,Official figure,AUS,False,False,124.51966645168862,114.10852024490974,123.72456940111083,130.87805882527132,126.29144514063518,144.9803113652603,6.12272392365969,
PP,Producer Prices,36,Australia,5532,Producer Price (USD/tonne),01231,"Chillies and peppers, green (Capsicum spp. and Pimenta spp.)",2024,2024,7021,Annual value,USD,1961.6,A,Official figure,AUS,False,False,121.9819961575273,117.25906623977029,129.71297215949022,113.47684568733492,138.06843188494958,125.71292330063521,6.44767390132498,
PP,Producer Prices,36,Australia,5532,Producer Price (USD/tonne),01921.02,"Cotton lint, ginned",2015,2015,7021,Annual value,USD,1707.6,A,Official figure,AUS,False,False,93.0638125181246,96.78279749075053,87.1451487854646,95.87342014077292,89.94109402113435,83.1811851391223,6.56255914980785,
PP,Producer Prices,36,Australia,5532,Producer Price (USD/tonne),01921.02,"Cotton lint, ginned",2016,2016,7021,Annual value,USD,1613.9,A,Official figure,AUS,False,False,91.95303704593685,91.10702822067289,82.64832676119045,88.30828905606897,99.44264448193826,111.62342556374044,7.10054987790893,
PP,Producer Prices,36,Australia,5532,Producer Price (USD/tonne),01921.02,"Cotton lint, ginned",2017,2017,7021,Annual value,USD,1863.9,A,Official figure,AUS,False,False,97.9325465965461,97.47103081764828,108.01127219003995,90.98426329355082,101.90947584276995,99.11220417429126,6.48222765314289,
PP,Producer Prices,36,Australia,5532,Producer Price (USD/tonne),01921.02,"Cotton lint, ginned",2018,2018,7021,Annual value,USD,1975.5,A,Official figure,AUS,False,False,95.75177402259017,94.39851038295467,107.2716875332135,100.82233026984352,87.76107702264312,77.40205315573543,6.52594691958162,
PP,Producer Prices,36,Australia,5532,Producer Price (USD/tonne),01921.02,"Cotton lint, ginned",2019,2019,7021,Annual value,USD,1896.4,A,Official figure,AUS,False,False,94.93129436453303,99.4754122501492,102.81578202753263,96.60386371200734,83.23927616454294,78.61501498294437,7.16469389675818,
PP,Producer Prices,36,Australia,5532,Producer Price (USD/tonne),01921.02,"Cotton lint, ginned",2020,2020,7021,Annual value,USD,1512.5,A,Official figure,AUS,False,False,98.05250486501859,95.316293513863,101.8142204334863,103.1167289201083,99.44353567977252,79.52871763805308,7.59766516403535,
PP,Producer Prices,36,Australia,5532,Producer Price (USD/tonne),01921.02,"Cotton lint, ginned",2021,2021,7021,Annual value,USD,1944.7,A,Official figure,AUS,False,False,125.73406972850047,107.53442746784815,119.59735631930364,131.1533847436843,164.85113256482796,109.33464293018675,6.44421129042264,
PP,Producer Prices,36,Australia,5532,Producer Price (USD/tonne),01921.02,"Cotton lint, ginned",2022,2022,7021,Annual value,USD,2284.1,A,Official figure,AUS,False,False,144.50986636550888,118.33551230992974,149.51050848913766,154.66510013039058,187.77977941529275,114.45579634923097,6.14945900451023,
PP,Producer Prices,36,Australia,5532,Producer Price (USD/tonne),01706,"Cow peas, dry",1992,1992,7021,Annual value,USD,491.3,A,Official figure,AUS,False,False,64.22555868464649,78.38728862271715,54.8015933451503,60.9576514895015,52.991996389394096,56.04274688194544,5.04326421093316,
PP,Producer Prices,36,Australia,5532,Producer Price (USD/tonne),01706,"Cow peas, dry",1993,1993,7021,Annual value,USD,616.1,A,Official figure,AUS,False,False,62.259404847966515,75.01403295972897,48.61651615517863,59.01858803408094,53.966480634247155,62.03019780031652,4.98707923344647,
PP,Producer Prices,36,Australia,5532,Producer Price (USD/tonne),01706,"Cow peas, dry",1994,1994,7021,Annual value,USD,329.0,A,Official figure,AUS,False,False,67.26054679350919,76.29710199787732,47.42020205529957,61.936823654585105,71.86775375736012,74.94370090074824,4.99933415639271,
PP,Producer Prices,36,Australia,5532,Producer Price (USD/tonne),01706,"Cow peas, dry",1995,1995,7021,Annual value,USD,326.2,A,Official figure,AUS,False,False,76.8287850116353,85.24932673337705,62.72510536671231,70.8474665240566,79.95838810789446,82.19981067004032,4.95654793299687,
PP,Producer Prices,36,Australia,5532,Producer Price (USD/tonne),01706,"Cow peas, dry",1996,1996,7021,Annual value,USD,352.2,A,Official figure,AUS,False,False,77.82086308655745,84.34557234442748,61.619550783954395,83.65592765127325,69.93519294281285,73.98962818765723,4.85290173072787,
PP,Producer Prices,36,Australia,5532,Producer Price (USD/tonne),01706,"Cow peas, dry",1997,1997,7021,Annual value,USD,215.2,A,Official figure,AUS,False,False,70.75682380399682,79.31706264103354,59.44728416757198,66.51116723257967,70.68473461622513,70.38581190707349,4.91017735786183,
PP,Producer Prices,36,Australia,5532,Producer Price (USD/tonne),01706,"Cow peas, dry",1998,1998,7021,Annual value,USD,213.6,A,Official figure,AUS,False,False,64.8237651326436,66.27116245186038,55.776184862258724,58.90385220966683,83.88543382429606,55.22279355165295,4.73775638168852,
PP,Producer Prices,36,Australia,5532,Producer Price (USD/tonne),01706,"Cow peas, dry",1999,1999,7021,Annual value,USD,167.7,A,Official figure,AUS,False,False,55.38494745729497,62.42928865091984,48.31192059218944,53.12085523046289,58.22698225943004,38.798878860400684,4.80438445813991,
PP,Producer Prices,36,Australia,5532,Producer Price (USD/tonne),01706,"Cow peas, dry",2000,2000,7021,Annual value,USD,144.9,A,Official figure,AUS,False,False,53.658254311091945,61.295380665724906,54.46468606873116,51.41600714746175,42.89305770905415,50.612781624475126,4.5542072874505,
PP,Producer Prices,36,Australia,5532,Producer Price (USD/tonne),01706,"Cow peas, dry",2001,2001,7021,Annual value,USD,191.4,A,Official figure,AUS,False,False,55.353759430433776,62.905581984538294,60.88469474046613,51.84540600513508,42.481465934354574,53.47099426092313,4.94222006021166,
PP,Producer Prices,36,Australia,5532,Producer Price (USD/tonne),01706,"Cow peas, dry",2002,2002,7021,Annual value,USD,163.0,A,Official figure,AUS,False,False,53.432698046969534,56.102316657369585,46.09884987045724,55.57542707086668,55.144333609249486,42.632850317668414,4.86917660836693,
PP,Producer Prices,36,Australia,5532,Producer Price (USD/tonne),01706,"Cow peas, dry",2003,2003,7021,Annual value,USD,259.4,A,Official figure,AUS,False,False,58.11559303636253,59.31684044946804,54.48407776395476,59.38331088130321,62.630981044686195,43.854657616127014,5.13440054748237,
PP,Producer Prices,36,Australia,5532,Producer Price (USD/tonne),01706,"Cow peas, dry",2004,2004,7021,Annual value,USD,251.5,A,Official figure,AUS,False,False,65.89944729053757,68.6029390549955,69.84888089256499,64.00158065193195,69.61163025660183,44.346000561265534,4.80423147775813,
PP,Producer Prices,36,Australia,5532,Producer Price (USD/tonne),01706,"Cow peas, dry",2005,2005,7021,Annual value,USD,292.5,A,Official figure,AUS,False,False,67.6467997866706,72.57908938487195,77.21006263097178,60.766594200041034,64.39872945308146,61.19575106393876,4.74464612990827,
PP,Producer Prices,36,Australia,5532,Producer Price (USD/tonne),01706,"Cow peas, dry",2006,2006,7021,Annual value,USD,173.2,A,Official figure,AUS,False,False,72.85198153556445,71.39005672414655,73.05336517091054,71.22837696143655,70.5451171722111,91.39314395266837,4.77072459573134,
PP,Producer Prices,36,Australia,5532,Producer Price (USD/tonne),01706,"Cow peas, dry",2007,2007,7021,Annual value,USD,343.1,A,Official figure,AUS,False,False,94.55025065074518,77.75672729408136,122.39946263841763,100.90811631831873,107.3148060387481,62.36914297123817,5.03584938131912,
PP,Producer Prices,36,Australia,5532,Producer Price (USD/tonne),01232,Cucumbers and gherkins,1991,1991,7021,Annual value,USD,579.5,A,Official figure,AUS,False,False,62.34528439011702,81.47466716487295,45.46032558544059,57.863819886673106,49.00795416086814,55.480617553691815,5.21988857452739,
PP,Producer Prices,36,Australia,5532,Producer Price (USD/tonne),01232,Cucumbers and gherkins,1992,1992,7021,Annual value,USD,582.4,A,Official figure,AUS,False,False,64.22555868464649,78.38728862271715,54.8015933451503,60.9576514895015,52.991996389394096,56.04274688194544,5.04326421093316,
PP,Producer Prices,36,Australia,5532,Producer Price (USD/tonne),01232,Cucumbers and gherkins,1993,1993,7021,Annual value,USD,565.1,A,Official figure,AUS,False,False,62.259404847966515,75.01403295972897,48.61651615517863,59.01858803408094,53.966480634247155,62.03019780031652,4.98707923344647,
PP,Producer Prices,36,Australia,5532,Producer Price (USD/tonne),01232,Cucumbers and gherkins,1994,1994,7021,Annual value,USD,697.5,A,Official figure,AUS,False,False,67.26054679350919,76.29710199787732,47.42020205529957,61.936823654585105,71.86775375736012,74.94370090074824,4.99933415639271,
PP,Producer Prices,36,Australia,5532,Producer Price (USD/tonne),01232,Cucumbers and gherkins,1995,1995,7021,Annual value,USD,815.4,A,Official figure,AUS,False,False,76.8287850116353,85.24932673337705,62.72510536671231,70.8474665240566,79.95838810789446,82.19981067004032,4.95654793299687,
PP,Producer Prices,36,Australia,5532,Producer Price (USD/tonne),01232,Cucumbers and gherkins,1996,1996,7021,Annual value,USD,845.2,A,Official figure,AUS,False,False,77.82086308655745,84.34557234442748,61.619550783954395,83.65592765127325,69.93519294281285,73.98962818765723,4.85290173072787,
PP,Producer Prices,36,Australia,5532,Producer Price (USD/tonne),01232,Cucumbers and gherkins,1997,1997,7021,Annual value,USD,764.4,A,Official figure,AUS,False,False,70.75682380399682,79.31706264103354,59.44728416757198,66.51116723257967,70.68473461622513,70.38581190707349,4.91017735786183,
PP,Producer Prices,36,Australia,5532,Producer Price (USD/tonne),01232,Cucumbers and gherkins,1998,1998,7021,Annual value,USD,647.1,A,Official figure,AUS,False,False,64.8237651326436,66.27116245186038,55.776184862258724,58.90385220966683,83.88543382429606,55.22279355165295,4.73775638168852,
PP,Producer Prices,36,Australia,5532,Producer Price (USD/tonne),01232,Cucumbers and gherkins,1999,1999,7021,Annual value,USD,709.7,A,Official figure,AUS,False,False,55.38494745729497,62.42928865091984,48.31192059218944,53.12085523046289,58.22698225943004,38.798878860400684,4.80438445813991,
PP,Producer Prices,36,Australia,5532,Producer Price (USD/tonne),01232,Cucumbers and gherkins,2000,2000,7021,Annual value,USD,574.0,A,Official figure,AUS,False,False,53.658254311091945,61.295380665724906,54.46468606873116,51.41600714746175,42.89305770905415,50.612781624475126,4.5542072874505,
PP,Producer Prices,36,Australia,5532,Producer Price (USD/tonne),01232,Cucumbers and gherkins,2001,2001,7021,Annual value,USD,724.1,A,Official figure,AUS,False,False,55.353759430433776,62.905581984538294,60.88469474046613,51.84540600513508,42.481465934354574,53.47099426092313,4.94222006021166,
PP,Producer Prices,36,Australia,5532,Producer Price (USD/tonne),01232,Cucumbers and gherkins,2002,2002,7021,Annual value,USD,700.9,A,Official figure,AUS,False,False,53.432698046969534,56.102316657369585,46.09884987045724,55.57542707086668,55.144333609249486,42.632850317668414,4.86917660836693,
PP,Producer Prices,36,Australia,5532,Producer Price (USD/tonne),01232,Cucumbers and gherkins,2006,2006,7021,Annual value,USD,1935.3,A,Official figure,AUS,False,False,72.85198153556445,71.39005672414655,73.05336517091054,71.22837696143655,70.5451171722111,91.39314395266837,4.77072459573134,
PP,Producer Prices,36,Australia,5532,Producer Price (USD/tonne),01232,Cucumbers and gherkins,2007,2007,7021,Annual value,USD,1824.2,A,Official figure,AUS,False,False,94.55025065074518,77.75672729408136,122.39946263841763,100.90811631831873,107.3148060387481,62.36914297123817,5.03584938131912,
PP,Producer Prices,36,Australia,5532,Producer Price (USD/tonne),01232,Cucumbers and gherkins,2008,2008,7021,Annual value,USD,2021.5,A,Official figure,AUS,False,False,117.73787331863998,90.84433092873273,132.33661799232738,137.64181782223199,141.07285693456427,79.19536905542518,4.80642380862477,
PP,Producer Prices,36,Australia,5532,Producer Price (USD/tonne),01232,Cucumbers and gherkins,2009,2009,7021,Annual value,USD,1840.6,A,Official figure,AUS,False,False,91.78785298482406,81.60267222893671,91.405730315563,97.1899325654129,94.42735946277953,112.2254832184969,5.59123716369561,
PP,Producer Prices,36,Australia,5532,Producer Price (USD/tonne),01232,Cucumbers and gherkins,2014,2014,7021,Annual value,USD,1902.9,A,Official figure,AUS,False,False,114.98315043593857,112.11017428857667,130.20652445334494,115.8182908031581,110.6162614969274,105.19538929713728,6.19615490124291,
PP,Producer Prices,36,Australia,5532,Producer Price (USD/tonne),01232,Cucumbers and gherkins,2023,2023,7021,Annual value,USD,1518.2,A,Official figure,AUS,False,False,124.51966645168862,114.10852024490974,123.72456940111083,130.87805882527132,126.29144514063518,144.9803113652603,6.12272392365969,
PP,Producer Prices,36,Australia,5532,Producer Price (USD/tonne),01232,Cucumbers and gherkins,2024,2024,7021,Annual value,USD,1197.3,A,Official figure,AUS,False,False,121.9819961575273,117.25906623977029,129.71297215949022,113.47684568733492,138.06843188494958,125.71292330063521,6.44767390132498,
PP,Producer Prices,36,Australia,5532,Producer Price (USD/tonne),01351.01,Currants,1991,1991,7021,Annual value,USD,895.8,A,Official figure,AUS,False,False,62.34528439011702,81.47466716487295,45.46032558544059,57.863819886673106,49.00795416086814,55.480617553691815,5.21988857452739,
PP,Producer Prices,36,Australia,5532,Producer Price (USD/tonne),01351.01,Currants,1992,1992,7021,Annual value,USD,844.6,A,Official figure,AUS,False,False,64.22555868464649,78.38728862271715,54.8015933451503,60.9576514895015,52.991996389394096,56.04274688194544,5.04326421093316,
PP,Producer Prices,36,Australia,5532,Producer Price (USD/tonne),01351.01,Currants,1993,1993,7021,Annual value,USD,782.0,A,Official figure,AUS,False,False,62.259404847966515,75.01403295972897,48.61651615517863,59.01858803408094,53.966480634247155,62.03019780031652,4.98707923344647,
PP,Producer Prices,36,Australia,5532,Producer Price (USD/tonne),01351.01,Currants,1994,1994,7021,Annual value,USD,862.7,A,Official figure,AUS,False,False,67.26054679350919,76.29710199787732,47.42020205529957,61.936823654585105,71.86775375736012,74.94370090074824,4.99933415639271,
PP,Producer Prices,36,Australia,5532,Producer Price (USD/tonne),01351.01,Currants,1995,1995,7021,Annual value,USD,889.5,A,Official figure,AUS,False,False,76.8287850116353,85.24932673337705,62.72510536671231,70.8474665240566,79.95838810789446,82.19981067004032,4.95654793299687,
PP,Producer Prices,36,Australia,5532,Producer Price (USD/tonne),01351.01,Currants,1996,1996,7021,Annual value,USD,946.9,A,Official figure,AUS,False,False,77.82086308655745,84.34557234442748,61.619550783954395,83.65592765127325,69.93519294281285,73.98962818765723,4.85290173072787,
PP,Producer Prices,36,Australia,5532,Producer Price (USD/tonne),01351.01,Currants,1997,1997,7021,Annual value,USD,860.9,A,Official figure,AUS,False,False,70.75682380399682,79.31706264103354,59.44728416757198,66.51116723257967,70.68473461622513,70.38581190707349,4.91017735786183,
PP,Producer Prices,36,Australia,5532,Producer Price (USD/tonne),01351.01,Currants,1998,1998,7021,Annual value,USD,728.7,A,Official figure,AUS,False,False,64.8237651326436,66.27116245186038,55.776184862258724,58.90385220966683,83.88543382429606,55.22279355165295,4.73775638168852,
PP,Producer Prices,36,Australia,5532,Producer Price (USD/tonne),01351.01,Currants,1999,1999,7021,Annual value,USD,774.2,A,Official figure,AUS,False,False,55.38494745729497,62.42928865091984,48.31192059218944,53.12085523046289,58.22698225943004,38.798878860400684,4.80438445813991,
PP,Producer Prices,36,Australia,5532,Producer Price (USD/tonne),01351.01,Currants,2000,2000,7021,Annual value,USD,753.7,A,Official figure,AUS,False,False,53.658254311091945,61.295380665724906,54.46468606873116,51.41600714746175,42.89305770905415,50.612781624475126,4.5542072874505,
PP,Producer Prices,36,Australia,5532,Producer Price (USD/tonne),01351.01,Currants,2001,2001,7021,Annual value,USD,682.7,A,Official figure,AUS,False,False,55.353759430433776,62.905581984538294,60.88469474046613,51.84540600513508,42.481465934354574,53.47099426092313,4.94222006021166,
PP,Producer Prices,36,Australia,5532,Producer Price (USD/tonne),01351.01,Currants,2002,2002,7021,Annual value,USD,744.3,A,Official figure,AUS,False,False,53.432698046969534,56.102316657369585,46.09884987045724,55.57542707086668,55.144333609249486,42.632850317668414,4.86917660836693,
PP,Producer Prices,36,Australia,5532,Producer Price (USD/tonne),01351.01,Currants,2003,2003,7021,Annual value,USD,843.1,A,Official figure,AUS,False,False,58.11559303636253,59.31684044946804,54.48407776395476,59.38331088130321,62.630981044686195,43.854657616127014,5.13440054748237,
PP,Producer Prices,36,Australia,5532,Producer Price (USD/tonne),01351.01,Currants,2004,2004,7021,Annual value,USD,963.4,A,Official figure,AUS,False,False,65.89944729053757,68.6029390549955,69.84888089256499,64.00158065193195,69.61163025660183,44.346000561265534,4.80423147775813,
PP,Producer Prices,36,Australia,5532,Producer Price (USD/tonne),01351.01,Currants,2005,2005,7021,Annual value,USD,1053.9,A,Official figure,AUS,False,False,67.6467997866706,72.57908938487195,77.21006263097178,60.766594200041034,64.39872945308146,61.19575106393876,4.74464612990827,
PP,Producer Prices,36,Australia,5532,Producer Price (USD/tonne),01351.01,Currants,2006,2006,7021,Annual value,USD,1106.9,A,Official figure,AUS,False,False,72.85198153556445,71.39005672414655,73.05336517091054,71.22837696143655,70.5451171722111,91.39314395266837,4.77072459573134,
PP,Producer Prices,36,Australia,5532,Producer Price (USD/tonne),01351.01,Currants,2007,2007,7021,Annual value,USD,1230.1,A,Official figure,AUS,False,False,94.55025065074518,77.75672729408136,122.39946263841763,100.90811631831873,107.3148060387481,62.36914297123817,5.03584938131912,
PP,Producer Prices,36,Australia,5532,Producer Price (USD/tonne),01351.01,Currants,2009,2009,7021,Annual value,USD,1185.5,A,Official figure,AUS,False,False,91.78785298482406,81.60267222893671,91.405730315563,97.1899325654129,94.42735946277953,112.2254832184969,5.59123716369561,
PP,Producer Prices,36,Australia,5532,Producer Price (USD/tonne),01351.01,Currants,2011,2011,7021,Annual value,USD,1898.0,A,Official figure,AUS,False,True,131.77593256915614,105.02246669637043,129.89070190611824,142.15740841093506,156.4798891014947,160.90057382271044,5.14219569199562,
PP,Producer Prices,36,Australia,5532,Producer Price (USD/tonne),01314,Dates,2004,2004,7021,Annual value,USD,809.0,A,Official figure,AUS,False,False,65.89944729053757,68.6029390549955,69.84888089256499,64.00158065193195,69.61163025660183,44.346000561265534,4.80423147775813,
PP,Producer Prices,36,Australia,5532,Producer Price (USD/tonne),01314,Dates,2005,2005,7021,Annual value,USD,840.0,A,Official figure,AUS,False,False,67.6467997866706,72.57908938487195,77.21006263097178,60.766594200041034,64.39872945308146,61.19575106393876,4.74464612990827,
PP,Producer Prices,36,Australia,5532,Producer Price (USD/tonne),01314,Dates,2007,2007,7021,Annual value,USD,4183.8,A,Official figure,AUS,False,False,94.55025065074518,77.75672729408136,122.39946263841763,100.90811631831873,107.3148060387481,62.36914297123817,5.03584938131912,
PP,Producer Prices,36,Australia,5532,Producer Price (USD/tonne),01314,Dates,2009,2009,7021,Annual value,USD,3314.6,A,Official figure,AUS,False,False,91.78785298482406,81.60267222893671,91.405730315563,97.1899325654129,94.42735946277953,112.2254832184969,5.59123716369561,
PP,Producer Prices,36,Australia,5532,Producer Price (USD/tonne),01314,Dates,2011,2011,7021,Annual value,USD,3001.7,A,Official figure,AUS,False,False,131.77593256915614,105.02246669637043,129.89070190611824,142.15740841093506,156.4798891014947,160.90057382271044,5.14219569199562,
PP,Producer Prices,36,Australia,5532,Producer Price (USD/tonne),01330,Grapes,1991,1991,7021,Annual value,USD,274.2,A,Official figure,AUS,False,False,62.34528439011702,81.47466716487295,45.46032558544059,57.863819886673106,49.00795416086814,55.480617553691815,5.21988857452739,
PP,Producer Prices,36,Australia,5532,Producer Price (USD/tonne),01330,Grapes,1992,1992,7021,Annual value,USD,297.4,A,Official figure,AUS,False,False,64.22555868464649,78.38728862271715,54.8015933451503,60.9576514895015,52.991996389394096,56.04274688194544,5.04326421093316,
PP,Producer Prices,36,Australia,5532,Producer Price (USD/tonne),01330,Grapes,1993,1993,7021,Annual value,USD,269.3,A,Official figure,AUS,False,False,62.259404847966515,75.01403295972897,48.61651615517863,59.01858803408094,53.966480634247155,62.03019780031652,4.98707923344647,
PP,Producer Prices,36,Australia,5532,Producer Price (USD/tonne),01330,Grapes,1994,1994,7021,Annual value,USD,319.5,A,Official figure,AUS,False,False,67.26054679350919,76.29710199787732,47.42020205529957,61.936823654585105,71.86775375736012,74.94370090074824,4.99933415639271,
PP,Producer Prices,36,Australia,5532,Producer Price (USD/tonne),01330,Grapes,1995,1995,7021,Annual value,USD,460.3,A,Official figure,AUS,False,False,76.8287850116353,85.24932673337705,62.72510536671231,70.8474665240566,79.95838810789446,82.19981067004032,4.95654793299687,
PP,Producer Prices,36,Australia,5532,Producer Price (USD/tonne),01330,Grapes,1996,1996,7021,Annual value,USD,502.4,A,Official figure,AUS,False,False,77.82086308655745,84.34557234442748,61.619550783954395,83.65592765127325,69.93519294281285,73.98962818765723,4.85290173072787,
PP,Producer Prices,36,Australia,5532,Producer Price (USD/tonne),01330,Grapes,1997,1997,7021,Annual value,USD,530.7,A,Official figure,AUS,False,False,70.75682380399682,79.31706264103354,59.44728416757198,66.51116723257967,70.68473461622513,70.38581190707349,4.91017735786183,
PP,Producer Prices,36,Australia,5532,Producer Price (USD/tonne),01330,Grapes,1998,1998,7021,Annual value,USD,552.2,A,Official figure,AUS,False,False,64.8237651326436,66.27116245186038,55.776184862258724,58.90385220966683,83.88543382429606,55.22279355165295,4.73775638168852,
PP,Producer Prices,36,Australia,5532,Producer Price (USD/tonne),01330,Grapes,1999,1999,7021,Annual value,USD,583.9,A,Official figure,AUS,False,False,55.38494745729497,62.42928865091984,48.31192059218944,53.12085523046289,58.22698225943004,38.798878860400684,4.80438445813991,
PP,Producer Prices,36,Australia,5532,Producer Price (USD/tonne),01330,Grapes,2000,2000,7021,Annual value,USD,471.4,A,Official figure,AUS,False,False,53.658254311091945,61.295380665724906,54.46468606873116,51.41600714746175,42.89305770905415,50.612781624475126,4.5542072874505,
PP,Producer Prices,36,Australia,5532,Producer Price (USD/tonne),01330,Grapes,2001,2001,7021,Annual value,USD,485.7,A,Official figure,AUS,False,False,55.353759430433776,62.905581984538294,60.88469474046613,51.84540600513508,42.481465934354574,53.47099426092313,4.94222006021166,
PP,Producer Prices,36,Australia,5532,Producer Price (USD/tonne),01330,Grapes,2002,2002,7021,Annual value,USD,461.3,A,Official figure,AUS,False,False,53.432698046969534,56.102316657369585,46.09884987045724,55.57542707086668,55.144333609249486,42.632850317668414,4.86917660836693,
PP,Producer Prices,36,Australia,5532,Producer Price (USD/tonne),01330,Grapes,2003,2003,7021,Annual value,USD,559.0,A,Official figure,AUS,False,False,58.11559303636253,59.31684044946804,54.48407776395476,59.38331088130321,62.630981044686195,43.854657616127014,5.13440054748237,
PP,Producer Prices,36,Australia,5532,Producer Price (USD/tonne),01330,Grapes,2004,2004,7021,Annual value,USD,603.8,A,Official figure,AUS,False,False,65.89944729053757,68.6029390549955,69.84888089256499,64.00158065193195,69.61163025660183,44.346000561265534,4.80423147775813,
PP,Producer Prices,36,Australia,5532,Producer Price (USD/tonne),01330,Grapes,2005,2005,7021,Annual value,USD,541.4,A,Official figure,AUS,False,False,67.6467997866706,72.57908938487195,77.21006263097178,60.766594200041034,64.39872945308146,61.19575106393876,4.74464612990827,
PP,Producer Prices,36,Australia,5532,Producer Price (USD/tonne),01330,Grapes,2006,2006,7021,Annual value,USD,549.0,A,Official figure,AUS,False,False,72.85198153556445,71.39005672414655,73.05336517091054,71.22837696143655,70.5451171722111,91.39314395266837,4.77072459573134,
PP,Producer Prices,36,Australia,5532,Producer Price (USD/tonne),01330,Grapes,2007,2007,7021,Annual value,USD,649.3,A,Official figure,AUS,False,False,94.55025065074518,77.75672729408136,122.39946263841763,100.90811631831873,107.3148060387481,62.36914297123817,5.03584938131912,
PP,Producer Prices,36,Australia,5532,Producer Price (USD/tonne),01330,Grapes,2008,2008,7021,Annual value,USD,742.3,A,Official figure,AUS,False,False,117.73787331863998,90.84433092873273,132.33661799232738,137.64181782223199,141.07285693456427,79.19536905542518,4.80642380862477,
PP,Producer Prices,36,Australia,5532,Producer Price (USD/tonne),01330,Grapes,2009,2009,7021,Annual value,USD,526.4,A,Official figure,AUS,False,False,91.78785298482406,81.60267222893671,91.405730315563,97.1899325654129,94.42735946277953,112.2254832184969,5.59123716369561,
PP,Producer Prices,36,Australia,5532,Producer Price (USD/tonne),01330,Grapes,2010,2010,7021,Annual value,USD,604.5,A,Official figure,AUS,False,False,106.87404108388505,91.39347096403203,111.89896716658724,107.49931237044449,121.95018353123997,131.72406046543753,5.30683575119913,
PP,Producer Prices,36,Australia,5532,Producer Price (USD/tonne),01330,Grapes,2011,2011,7021,Annual value,USD,609.6,A,Official figure,AUS,False,False,131.77593256915614,105.02246669637043,129.89070190611824,142.15740841093506,156.4798891014947,160.90057382271044,5.14219569199562,
PP,Producer Prices,36,Australia,5532,Producer Price (USD/tonne),01330,Grapes,2012,2012,7021,Annual value,USD,650.2,A,Official figure,AUS,False,False,122.75022327595461,104.69498650707051,111.65677557794167,137.3983528628098,138.30661545629084,133.31863424562349,5.05458500868273,
PP,Producer Prices,36,Australia,5532,Producer Price (USD/tonne),01330,Grapes,2013,2013,7021,Annual value,USD,636.2,A,Official figure,AUS,False,False,120.14390446093925,106.21599274087434,140.90691300197804,129.1108717873773,119.49987300357218,109.45334619156017,5.68920960549791,
PP,Producer Prices,36,Australia,5532,Producer Price (USD/tonne),01330,Grapes,2014,2014,7021,Annual value,USD,580.5,A,Official figure,AUS,False,False,114.98315043593857,112.11017428857667,130.20652445334494,115.8182908031581,110.6162614969274,105.19538929713728,6.19615490124291,
PP,Producer Prices,36,Australia,5532,Producer Price (USD/tonne),01330,Grapes,2015,2015,7021,Annual value,USD,481.6,A,Official figure,AUS,False,False,93.0638125181246,96.78279749075053,87.1451487854646,95.87342014077292,89.94109402113435,83.1811851391223,6.56255914980785,
PP,Producer Prices,36,Australia,5532,Producer Price (USD/tonne),01330,Grapes,2016,2016,7021,Annual value,USD,559.0,A,Official figure,AUS,False,False,91.95303704593685,91.10702822067289,82.64832676119045,88.30828905606897,99.44264448193826,111.62342556374044,7.10054987790893,
PP,Producer Prices,36,Australia,5532,Producer Price (USD/tonne),01330,Grapes,2017,2017,7021,Annual value,USD,619.3,A,Official figure,AUS,False,False,97.9325465965461,97.47103081764828,108.01127219003995,90.98426329355082,101.90947584276995,99.11220417429126,6.48222765314289,
PP,Producer Prices,36,Australia,5532,Producer Price (USD/tonne),01330,Grapes,2018,2018,7021,Annual value,USD,627.6,A,Official figure,AUS,False,False,95.75177402259017,94.39851038295467,107.2716875332135,100.82233026984352,87.76107702264312,77.40205315573543,6.52594691958162,
PP,Producer Prices,36,Australia,5532,Producer Price (USD/tonne),01330,Grapes,2019,2019,7021,Annual value,USD,652.1,A,Official figure,AUS,False,False,94.93129436453303,99.4754122501492,102.81578202753263,96.60386371200734,83.23927616454294,78.61501498294437,7.16469389675818,
PP,Producer Prices,36,Australia,5532,Producer Price (USD/tonne),01330,Grapes,2020,2020,7021,Annual value,USD,704.5,A,Official figure,AUS,False,False,98.05250486501859,95.316293513863,101.8142204334863,103.1167289201083,99.44353567977252,79.52871763805308,7.59766516403535,
PP,Producer Prices,36,Australia,5532,Producer Price (USD/tonne),01330,Grapes,2021,2021,7021,Annual value,USD,718.0,A,Official figure,AUS,False,False,125.73406972850047,107.53442746784815,119.59735631930364,131.1533847436843,164.85113256482796,109.33464293018675,6.44421129042264,
PP,Producer Prices,36,Australia,5532,Producer Price (USD/tonne),01330,Grapes,2022,2022,7021,Annual value,USD,481.2,A,Official figure,AUS,False,False,144.50986636550888,118.33551230992974,149.51050848913766,154.66510013039058,187.77977941529275,114.45579634923097,6.14945900451023,
PP,Producer Prices,36,Australia,5532,Producer Price (USD/tonne),01330,Grapes,2023,2023,7021,Annual value,USD,2619.7,A,Official figure,AUS,False,True,124.51966645168862,114.10852024490974,123.72456940111083,130.87805882527132,126.29144514063518,144.9803113652603,6.12272392365969,
PP,Producer Prices,36,Australia,5532,Producer Price (USD/tonne),01330,Grapes,2024,2024,7021,Annual value,USD,2657.6,A,Official figure,AUS,False,True,121.9819961575273,117.25906623977029,129.71297215949022,113.47684568733492,138.06843188494958,125.71292330063521,6.44767390132498,
PP,Producer Prices,36,Australia,5532,Producer Price (USD/tonne),01290.01,Green corn (maize),2017,2017,7021,Annual value,USD,1150.4,A,Official figure,AUS,False,False,97.9325465965461,97.47103081764828,108.01127219003995,90.98426329355082,101.90947584276995,99.11220417429126,6.48222765314289,
PP,Producer Prices,36,Australia,5532,Producer Price (USD/tonne),01290.01,Green corn (maize),2018,2018,7021,Annual value,USD,1002.7,A,Official figure,AUS,False,False,95.75177402259017,94.39851038295467,107.2716875332135,100.82233026984352,87.76107702264312,77.40205315573543,6.52594691958162,
PP,Producer Prices,36,Australia,5532,Producer Price (USD/tonne),01290.01,Green corn (maize),2019,2019,7021,Annual value,USD,1001.0,A,Official figure,AUS,False,False,94.93129436453303,99.4754122501492,102.81578202753263,96.60386371200734,83.23927616454294,78.61501498294437,7.16469389675818,
PP,Producer Prices,36,Australia,5532,Producer Price (USD/tonne),01290.01,Green corn (maize),2020,2020,7021,Annual value,USD,1375.7,A,Official figure,AUS,False,False,98.05250486501859,95.316293513863,101.8142204334863,103.1167289201083,99.44353567977252,79.52871763805308,7.59766516403535,
PP,Producer Prices,36,Australia,5532,Producer Price (USD/tonne),01290.01,Green corn (maize),2021,2021,7021,Annual value,USD,1316.9,A,Official figure,AUS,False,False,125.73406972850047,107.53442746784815,119.59735631930364,131.1533847436843,164.85113256482796,109.33464293018675,6.44421129042264,
PP,Producer Prices,36,Australia,5532,Producer Price (USD/tonne),0142,"Groundnuts, excluding shelled",1991,1991,7021,Annual value,USD,853.7,A,Official figure,AUS,False,False,62.34528439011702,81.47466716487295,45.46032558544059,57.863819886673106,49.00795416086814,55.480617553691815,5.21988857452739,
PP,Producer Prices,36,Australia,5532,Producer Price (USD/tonne),0142,"Groundnuts, excluding shelled",1992,1992,7021,Annual value,USD,778.5,A,Official figure,AUS,False,False,64.22555868464649,78.38728862271715,54.8015933451503,60.9576514895015,52.991996389394096,56.04274688194544,5.04326421093316,
PP,Producer Prices,36,Australia,5532,Producer Price (USD/tonne),0142,"Groundnuts, excluding shelled",1993,1993,7021,Annual value,USD,690.9,A,Official figure,AUS,False,False,62.259404847966515,75.01403295972897,48.61651615517863,59.01858803408094,53.966480634247155,62.03019780031652,4.98707923344647,
PP,Producer Prices,36,Australia,5532,Producer Price (USD/tonne),0142,"Groundnuts, excluding shelled",1994,1994,7021,Annual value,USD,551.3,A,Official figure,AUS,False,False,67.26054679350919,76.29710199787732,47.42020205529957,61.936823654585105,71.86775375736012,74.94370090074824,4.99933415639271,
PP,Producer Prices,36,Australia,5532,Producer Price (USD/tonne),0142,"Groundnuts, excluding shelled",1995,1995,7021,Annual value,USD,551.5,A,Official figure,AUS,False,False,76.8287850116353,85.24932673337705,62.72510536671231,70.8474665240566,79.95838810789446,82.19981067004032,4.95654793299687,
PP,Producer Prices,36,Australia,5532,Producer Price (USD/tonne),0142,"Groundnuts, excluding shelled",1996,1996,7021,Annual value,USD,571.3,A,Official figure,AUS,False,False,77.82086308655745,84.34557234442748,61.619550783954395,83.65592765127325,69.93519294281285,73.98962818765723,4.85290173072787,
PP,Producer Prices,36,Australia,5532,Producer Price (USD/tonne),0142,"Groundnuts, excluding shelled",1997,1997,7021,Annual value,USD,549.2,A,Official figure,AUS,False,False,70.75682380399682,79.31706264103354,59.44728416757198,66.51116723257967,70.68473461622513,70.38581190707349,4.91017735786183,
PP,Producer Prices,36,Australia,5532,Producer Price (USD/tonne),0142,"Groundnuts, excluding shelled",1998,1998,7021,Annual value,USD,420.9,A,Official figure,AUS,False,False,64.8237651326436,66.27116245186038,55.776184862258724,58.90385220966683,83.88543382429606,55.22279355165295,4.73775638168852,
PP,Producer Prices,36,Australia,5532,Producer Price (USD/tonne),0142,"Groundnuts, excluding shelled",1999,1999,7021,Annual value,USD,425.8,A,Official figure,AUS,False,False,55.38494745729497,62.42928865091984,48.31192059218944,53.12085523046289,58.22698225943004,38.798878860400684,4.80438445813991,
PP,Producer Prices,36,Australia,5532,Producer Price (USD/tonne),0142,"Groundnuts, excluding shelled",2000,2000,7021,Annual value,USD,388.4,A,Official figure,AUS,False,False,53.658254311091945,61.295380665724906,54.46468606873116,51.41600714746175,42.89305770905415,50.612781624475126,4.5542072874505,
PP,Producer Prices,36,Australia,5532,Producer Price (USD/tonne),0142,"Groundnuts, excluding shelled",2001,2001,7021,Annual value,USD,367.2,A,Official figure,AUS,False,False,55.353759430433776,62.905581984538294,60.88469474046613,51.84540600513508,42.481465934354574,53.47099426092313,4.94222006021166,
PP,Producer Prices,36,Australia,5532,Producer Price (USD/tonne),0142,"Groundnuts, excluding shelled",2002,2002,7021,Annual value,USD,380.3,A,Official figure,AUS,False,False,53.432698046969534,56.102316657369585,46.09884987045724,55.57542707086668,55.144333609249486,42.632850317668414,4.86917660836693,
PP,Producer Prices,36,Australia,5532,Producer Price (USD/tonne),0142,"Groundnuts, excluding shelled",2003,2003,7021,Annual value,USD,512.4,A,Official figure,AUS,False,False,58.11559303636253,59.31684044946804,54.48407776395476,59.38331088130321,62.630981044686195,43.854657616127014,5.13440054748237,
PP,Producer Prices,36,Australia,5532,Producer Price (USD/tonne),0142,"Groundnuts, excluding shelled",2004,2004,7021,Annual value,USD,500.1,A,Official figure,AUS,False,False,65.89944729053757,68.6029390549955,69.84888089256499,64.00158065193195,69.61163025660183,44.346000561265534,4.80423147775813,
PP,Producer Prices,36,Australia,5532,Producer Price (USD/tonne),0142,"Groundnuts, excluding shelled",2005,2005,7021,Annual value,USD,504.0,A,Official figure,AUS,False,False,67.6467997866706,72.57908938487195,77.21006263097178,60.766594200041034,64.39872945308146,61.19575106393876,4.74464612990827,
PP,Producer Prices,36,Australia,5532,Producer Price (USD/tonne),0142,"Groundnuts, excluding shelled",2006,2006,7021,Annual value,USD,527.1,A,Official figure,AUS,False,False,72.85198153556445,71.39005672414655,73.05336517091054,71.22837696143655,70.5451171722111,91.39314395266837,4.77072459573134,
PP,Producer Prices,36,Australia,5532,Producer Price (USD/tonne),0142,"Groundnuts, excluding shelled",2007,2007,7021,Annual value,USD,669.4,A,Official figure,AUS,False,False,94.55025065074518,77.75672729408136,122.39946263841763,100.90811631831873,107.3148060387481,62.36914297123817,5.03584938131912,
PP,Producer Prices,36,Australia,5532,Producer Price (USD/tonne),0142,"Groundnuts, excluding shelled",2009,2009,7021,Annual value,USD,709.7,A,Official figure,AUS,False,False,91.78785298482406,81.60267222893671,91.405730315563,97.1899325654129,94.42735946277953,112.2254832184969,5.59123716369561,
PP,Producer Prices,36,Australia,5532,Producer Price (USD/tonne),0142,"Groundnuts, excluding shelled",2011,2011,7021,Annual value,USD,856.1,A,Official figure,AUS,False,False,131.77593256915614,105.02246669637043,129.89070190611824,142.15740841093506,156.4798891014947,160.90057382271044,5.14219569199562,
PP,Producer Prices,36,Australia,5532,Producer Price (USD/tonne),0142,"Groundnuts, excluding shelled",2012,2012,7021,Annual value,USD,942.2,A,Official figure,AUS,False,False,122.75022327595461,104.69498650707051,111.65677557794167,137.3983528628098,138.30661545629084,133.31863424562349,5.05458500868273,
PP,Producer Prices,36,Australia,5532,Producer Price (USD/tonne),0142,"Groundnuts, excluding shelled",2013,2013,7021,Annual value,USD,839.9,A,Official figure,AUS,False,False,120.14390446093925,106.21599274087434,140.90691300197804,129.1108717873773,119.49987300357218,109.45334619156017,5.68920960549791,
PP,Producer Prices,36,Australia,5532,Producer Price (USD/tonne),0142,"Groundnuts, excluding shelled",2014,2014,7021,Annual value,USD,909.5,A,Official figure,AUS,False,False,114.98315043593857,112.11017428857667,130.20652445334494,115.8182908031581,110.6162614969274,105.19538929713728,6.19615490124291,
PP,Producer Prices,36,Australia,5532,Producer Price (USD/tonne),0142,"Groundnuts, excluding shelled",2015,2015,7021,Annual value,USD,744.5,A,Official figure,AUS,False,False,93.0638125181246,96.78279749075053,87.1451487854646,95.87342014077292,89.94109402113435,83.1811851391223,6.56255914980785,
PP,Producer Prices,36,Australia,5532,Producer Price (USD/tonne),0142,"Groundnuts, excluding shelled",2016,2016,7021,Annual value,USD,814.0,A,Official figure,AUS,False,False,91.95303704593685,91.10702822067289,82.64832676119045,88.30828905606897,99.44264448193826,111.62342556374044,7.10054987790893,
PP,Producer Prices,36,Australia,5532,Producer Price (USD/tonne),0142,"Groundnuts, excluding shelled",2017,2017,7021,Annual value,USD,959.6,A,Official figure,AUS,False,False,97.9325465965461,97.47103081764828,108.01127219003995,90.98426329355082,101.90947584276995,99.11220417429126,6.48222765314289,
PP,Producer Prices,36,Australia,5532,Producer Price (USD/tonne),0142,"Groundnuts, excluding shelled",2018,2018,7021,Annual value,USD,993.0,A,Official figure,AUS,False,False,95.75177402259017,94.39851038295467,107.2716875332135,100.82233026984352,87.76107702264312,77.40205315573543,6.52594691958162,
PP,Producer Prices,36,Australia,5532,Producer Price (USD/tonne),0231,"Hen eggs in shell, fresh",1991,1991,7021,Annual value,USD,2529.3,A,Official figure,AUS,False,False,62.34528439011702,81.47466716487295,45.46032558544059,57.863819886673106,49.00795416086814,55.480617553691815,5.21988857452739,
PP,Producer Prices,36,Australia,5532,Producer Price (USD/tonne),0231,"Hen eggs in shell, fresh",1992,1992,7021,Annual value,USD,2303.1,A,Official figure,AUS,False,False,64.22555868464649,78.38728862271715,54.8015933451503,60.9576514895015,52.991996389394096,56.04274688194544,5.04326421093316,
PP,Producer Prices,36,Australia,5532,Producer Price (USD/tonne),0231,"Hen eggs in shell, fresh",1993,1993,7021,Annual value,USD,2138.6,A,Official figure,AUS,False,False,62.259404847966515,75.01403295972897,48.61651615517863,59.01858803408094,53.966480634247155,62.03019780031652,4.98707923344647,
PP,Producer Prices,36,Australia,5532,Producer Price (USD/tonne),0231,"Hen eggs in shell, fresh",1994,1994,7021,Annual value,USD,2173.6,A,Official figure,AUS,False,False,67.26054679350919,76.29710199787732,47.42020205529957,61.936823654585105,71.86775375736012,74.94370090074824,4.99933415639271,
PP,Producer Prices,36,Australia,5532,Producer Price (USD/tonne),0231,"Hen eggs in shell, fresh",1995,1995,7021,Annual value,USD,1471.4,A,Official figure,AUS,False,False,76.8287850116353,85.24932673337705,62.72510536671231,70.8474665240566,79.95838810789446,82.19981067004032,4.95654793299687,
PP,Producer Prices,36,Australia,5532,Producer Price (USD/tonne),0231,"Hen eggs in shell, fresh",1996,1996,7021,Annual value,USD,1770.1,A,Official figure,AUS,False,False,77.82086308655745,84.34557234442748,61.619550783954395,83.65592765127325,69.93519294281285,73.98962818765723,4.85290173072787,
PP,Producer Prices,36,Australia,5532,Producer Price (USD/tonne),0231,"Hen eggs in shell, fresh",1997,1997,7021,Annual value,USD,1765.6,A,Official figure,AUS,False,False,70.75682380399682,79.31706264103354,59.44728416757198,66.51116723257967,70.68473461622513,70.38581190707349,4.91017735786183,
PP,Producer Prices,36,Australia,5532,Producer Price (USD/tonne),0231,"Hen eggs in shell, fresh",1998,1998,7021,Annual value,USD,1742.0,A,Official figure,AUS,False,False,64.8237651326436,66.27116245186038,55.776184862258724,58.90385220966683,83.88543382429606,55.22279355165295,4.73775638168852,
PP,Producer Prices,36,Australia,5532,Producer Price (USD/tonne),0231,"Hen eggs in shell, fresh",1999,1999,7021,Annual value,USD,1740.1,A,Official figure,AUS,False,False,55.38494745729497,62.42928865091984,48.31192059218944,53.12085523046289,58.22698225943004,38.798878860400684,4.80438445813991,
PP,Producer Prices,36,Australia,5532,Producer Price (USD/tonne),0231,"Hen eggs in shell, fresh",2000,2000,7021,Annual value,USD,1510.9,A,Official figure,AUS,False,False,53.658254311091945,61.295380665724906,54.46468606873116,51.41600714746175,42.89305770905415,50.612781624475126,4.5542072874505,
PP,Producer Prices,36,Australia,5532,Producer Price (USD/tonne),0231,"Hen eggs in shell, fresh",2001,2001,7021,Annual value,USD,1285.3,A,Official figure,AUS,False,False,55.353759430433776,62.905581984538294,60.88469474046613,51.84540600513508,42.481465934354574,53.47099426092313,4.94222006021166,
PP,Producer Prices,36,Australia,5532,Producer Price (USD/tonne),0231,"Hen eggs in shell, fresh",2002,2002,7021,Annual value,USD,1407.7,A,Official figure,AUS,False,False,53.432698046969534,56.102316657369585,46.09884987045724,55.57542707086668,55.144333609249486,42.632850317668414,4.86917660836693,
PP,Producer Prices,36,Australia,5532,Producer Price (USD/tonne),0231,"Hen eggs in shell, fresh",2003,2003,7021,Annual value,USD,1533.2,A,Official figure,AUS,False,False,58.11559303636253,59.31684044946804,54.48407776395476,59.38331088130321,62.630981044686195,43.854657616127014,5.13440054748237,
PP,Producer Prices,36,Australia,5532,Producer Price (USD/tonne),0231,"Hen eggs in shell, fresh",2004,2004,7021,Annual value,USD,1938.6,A,Official figure,AUS,False,False,65.89944729053757,68.6029390549955,69.84888089256499,64.00158065193195,69.61163025660183,44.346000561265534,4.80423147775813,
PP,Producer Prices,36,Australia,5532,Producer Price (USD/tonne),0231,"Hen eggs in shell, fresh",2005,2005,7021,Annual value,USD,1874.8,A,Official figure,AUS,False,False,67.6467997866706,72.57908938487195,77.21006263097178,60.766594200041034,64.39872945308146,61.19575106393876,4.74464612990827,
PP,Producer Prices,36,Australia,5532,Producer Price (USD/tonne),0231,"Hen eggs in shell, fresh",2006,2006,7021,Annual value,USD,1711.6,A,Official figure,AUS,False,False,72.85198153556445,71.39005672414655,73.05336517091054,71.22837696143655,70.5451171722111,91.39314395266837,4.77072459573134,
PP,Producer Prices,36,Australia,5532,Producer Price (USD/tonne),0231,"Hen eggs in shell, fresh",2007,2007,7021,Annual value,USD,2054.3,A,Official figure,AUS,False,False,94.55025065074518,77.75672729408136,122.39946263841763,100.90811631831873,107.3148060387481,62.36914297123817,5.03584938131912,
PP,Producer Prices,36,Australia,5532,Producer Price (USD/tonne),0231,"Hen eggs in shell, fresh",2008,2008,7021,Annual value,USD,2414.9,A,Official figure,AUS,False,False,117.73787331863998,90.84433092873273,132.33661799232738,137.64181782223199,141.07285693456427,79.19536905542518,4.80642380862477,
PP,Producer Prices,36,Australia,5532,Producer Price (USD/tonne),0231,"Hen eggs in shell, fresh",2009,2009,7021,Annual value,USD,2268.8,A,Official figure,AUS,False,False,91.78785298482406,81.60267222893671,91.405730315563,97.1899325654129,94.42735946277953,112.2254832184969,5.59123716369561,
PP,Producer Prices,36,Australia,5532,Producer Price (USD/tonne),0231,"Hen eggs in shell, fresh",2010,2010,7021,Annual value,USD,2334.5,A,Official figure,AUS,False,False,106.87404108388505,91.39347096403203,111.89896716658724,107.49931237044449,121.95018353123997,131.72406046543753,5.30683575119913,
PP,Producer Prices,36,Australia,5532,Producer Price (USD/tonne),0231,"Hen eggs in shell, fresh",2011,2011,7021,Annual value,USD,3140.9,A,Official figure,AUS,False,False,131.77593256915614,105.02246669637043,129.89070190611824,142.15740841093506,156.4798891014947,160.90057382271044,5.14219569199562,
PP,Producer Prices,36,Australia,5532,Producer Price (USD/tonne),0231,"Hen eggs in shell, fresh",2012,2012,7021,Annual value,USD,3075.2,A,Official figure,AUS,False,False,122.75022327595461,104.69498650707051,111.65677557794167,137.3983528628098,138.30661545629084,133.31863424562349,5.05458500868273,
PP,Producer Prices,36,Australia,5532,Producer Price (USD/tonne),0231,"Hen eggs in shell, fresh",2013,2013,7021,Annual value,USD,2853.7,A,Official figure,AUS,False,False,120.14390446093925,106.21599274087434,140.90691300197804,129.1108717873773,119.49987300357218,109.45334619156017,5.68920960549791,
PP,Producer Prices,36,Australia,5532,Producer Price (USD/tonne),0231,"Hen eggs in shell, fresh",2014,2014,7021,Annual value,USD,2674.5,A,Official figure,AUS,False,False,114.98315043593857,112.11017428857667,130.20652445334494,115.8182908031581,110.6162614969274,105.19538929713728,6.19615490124291,
PP,Producer Prices,36,Australia,5532,Producer Price (USD/tonne),0231,"Hen eggs in shell, fresh",2015,2015,7021,Annual value,USD,2262.8,A,Official figure,AUS,False,False,93.0638125181246,96.78279749075053,87.1451487854646,95.87342014077292,89.94109402113435,83.1811851391223,6.56255914980785,
PP,Producer Prices,36,Australia,5532,Producer Price (USD/tonne),0231,"Hen eggs in shell, fresh",2016,2016,7021,Annual value,USD,2931.9,A,Official figure,AUS,False,False,91.95303704593685,91.10702822067289,82.64832676119045,88.30828905606897,99.44264448193826,111.62342556374044,7.10054987790893,
PP,Producer Prices,36,Australia,5532,Producer Price (USD/tonne),0231,"Hen eggs in shell, fresh",2017,2017,7021,Annual value,USD,2536.9,A,Official figure,AUS,False,False,97.9325465965461,97.47103081764828,108.01127219003995,90.98426329355082,101.90947584276995,99.11220417429126,6.48222765314289,
PP,Producer Prices,36,Australia,5532,Producer Price (USD/tonne),0231,"Hen eggs in shell, fresh",2018,2018,7021,Annual value,USD,2390.1,A,Official figure,AUS,False,False,95.75177402259017,94.39851038295467,107.2716875332135,100.82233026984352,87.76107702264312,77.40205315573543,6.52594691958162,
PP,Producer Prices,36,Australia,5532,Producer Price (USD/tonne),0231,"Hen eggs in shell, fresh",2019,2019,7021,Annual value,USD,2265.5,A,Official figure,AUS,False,False,94.93129436453303,99.4754122501492,102.81578202753263,96.60386371200734,83.23927616454294,78.61501498294437,7.16469389675818,
PP,Producer Prices,36,Australia,5532,Producer Price (USD/tonne),0231,"Hen eggs in shell, fresh",2020,2020,7021,Annual value,USD,2559.3,A,Official figure,AUS,False,False,98.05250486501859,95.316293513863,101.8142204334863,103.1167289201083,99.44353567977252,79.52871763805308,7.59766516403535,
PP,Producer Prices,36,Australia,5532,Producer Price (USD/tonne),0231,"Hen eggs in shell, fresh",2021,2021,7021,Annual value,USD,2636.2,A,Official figure,AUS,False,False,125.73406972850047,107.53442746784815,119.59735631930364,131.1533847436843,164.85113256482796,109.33464293018675,6.44421129042264,
PP,Producer Prices,36,Australia,5532,Producer Price (USD/tonne),0231,"Hen eggs in shell, fresh",2022,2022,7021,Annual value,USD,2494.1,A,Official figure,AUS,False,False,144.50986636550888,118.33551230992974,149.51050848913766,154.66510013039058,187.77977941529275,114.45579634923097,6.14945900451023,
PP,Producer Prices,36,Australia,5532,Producer Price (USD/tonne),01659,Hop cones,1991,1991,7021,Annual value,USD,4699.5,A,Official figure,AUS,False,False,62.34528439011702,81.47466716487295,45.46032558544059,57.863819886673106,49.00795416086814,55.480617553691815,5.21988857452739,
PP,Producer Prices,36,Australia,5532,Producer Price (USD/tonne),01659,Hop cones,1992,1992,7021,Annual value,USD,3699.2,A,Official figure,AUS,False,False,64.22555868464649,78.38728862271715,54.8015933451503,60.9576514895015,52.991996389394096,56.04274688194544,5.04326421093316,
PP,Producer Prices,36,Australia,5532,Producer Price (USD/tonne),01659,Hop cones,1993,1993,7021,Annual value,USD,3410.3,A,Official figure,AUS,False,False,62.259404847966515,75.01403295972897,48.61651615517863,59.01858803408094,53.966480634247155,62.03019780031652,4.98707923344647,
PP,Producer Prices,36,Australia,5532,Producer Price (USD/tonne),01659,Hop cones,1994,1994,7021,Annual value,USD,3714.9,A,Official figure,AUS,False,False,67.26054679350919,76.29710199787732,47.42020205529957,61.936823654585105,71.86775375736012,74.94370090074824,4.99933415639271,
PP,Producer Prices,36,Australia,5532,Producer Price (USD/tonne),01659,Hop cones,1995,1995,7021,Annual value,USD,3261.6,A,Official figure,AUS,False,False,76.8287850116353,85.24932673337705,62.72510536671231,70.8474665240566,79.95838810789446,82.19981067004032,4.95654793299687,
PP,Producer Prices,36,Australia,5532,Producer Price (USD/tonne),01659,Hop cones,1996,1996,7021,Annual value,USD,4171.0,A,Official figure,AUS,False,False,77.82086308655745,84.34557234442748,61.619550783954395,83.65592765127325,69.93519294281285,73.98962818765723,4.85290173072787,
PP,Producer Prices,36,Australia,5532,Producer Price (USD/tonne),01659,Hop cones,1997,1997,7021,Annual value,USD,3466.0,A,Official figure,AUS,False,False,70.75682380399682,79.31706264103354,59.44728416757198,66.51116723257967,70.68473461622513,70.38581190707349,4.91017735786183,
PP,Producer Prices,36,Australia,5532,Producer Price (USD/tonne),01659,Hop cones,1998,1998,7021,Annual value,USD,2376.5,A,Official figure,AUS,False,False,64.8237651326436,66.27116245186038,55.776184862258724,58.90385220966683,83.88543382429606,55.22279355165295,4.73775638168852,
PP,Producer Prices,36,Australia,5532,Producer Price (USD/tonne),01659,Hop cones,1999,1999,7021,Annual value,USD,3070.4,A,Official figure,AUS,False,False,55.38494745729497,62.42928865091984,48.31192059218944,53.12085523046289,58.22698225943004,38.798878860400684,4.80438445813991,
PP,Producer Prices,36,Australia,5532,Producer Price (USD/tonne),01659,Hop cones,2000,2000,7021,Annual value,USD,2708.1,A,Official figure,AUS,False,False,53.658254311091945,61.295380665724906,54.46468606873116,51.41600714746175,42.89305770905415,50.612781624475126,4.5542072874505,
PP,Producer Prices,36,Australia,5532,Producer Price (USD/tonne),01659,Hop cones,2001,2001,7021,Annual value,USD,2709.2,A,Official figure,AUS,False,False,55.353759430433776,62.905581984538294,60.88469474046613,51.84540600513508,42.481465934354574,53.47099426092313,4.94222006021166,
PP,Producer Prices,36,Australia,5532,Producer Price (USD/tonne),01659,Hop cones,2002,2002,7021,Annual value,USD,2727.4,A,Official figure,AUS,False,False,53.432698046969534,56.102316657369585,46.09884987045724,55.57542707086668,55.144333609249486,42.632850317668414,4.86917660836693,
PP,Producer Prices,36,Australia,5532,Producer Price (USD/tonne),01659,Hop cones,2003,2003,7021,Annual value,USD,3320.5,A,Official figure,AUS,False,False,58.11559303636253,59.31684044946804,54.48407776395476,59.38331088130321,62.630981044686195,43.854657616127014,5.13440054748237,
PP,Producer Prices,36,Australia,5532,Producer Price (USD/tonne),01659,Hop cones,2004,2004,7021,Annual value,USD,5824.6,A,Official figure,AUS,False,False,65.89944729053757,68.6029390549955,69.84888089256499,64.00158065193195,69.61163025660183,44.346000561265534,4.80423147775813,
PP,Producer Prices,36,Australia,5532,Producer Price (USD/tonne),01659,Hop cones,2005,2005,7021,Annual value,USD,5322.8,A,Official figure,AUS,False,False,67.6467997866706,72.57908938487195,77.21006263097178,60.766594200041034,64.39872945308146,61.19575106393876,4.74464612990827,
PP,Producer Prices,36,Australia,5532,Producer Price (USD/tonne),01659,Hop cones,2006,2006,7021,Annual value,USD,3750.1,A,Official figure,AUS,False,False,72.85198153556445,71.39005672414655,73.05336517091054,71.22837696143655,70.5451171722111,91.39314395266837,4.77072459573134,
PP,Producer Prices,36,Australia,5532,Producer Price (USD/tonne),01659,Hop cones,2007,2007,7021,Annual value,USD,4560.4,A,Official figure,AUS,False,False,94.55025065074518,77.75672729408136,122.39946263841763,100.90811631831873,107.3148060387481,62.36914297123817,5.03584938131912,
PP,Producer Prices,36,Australia,5532,Producer Price (USD/tonne),01659,Hop cones,2009,2009,7021,Annual value,USD,14701.4,A,Official figure,AUS,False,True,91.78785298482406,81.60267222893671,91.405730315563,97.1899325654129,94.42735946277953,112.2254832184969,5.59123716369561,
PP,Producer Prices,36,Australia,5532,Producer Price (USD/tonne),01659,Hop cones,2011,2011,7021,Annual value,USD,10583.2,A,Official figure,AUS,False,True,131.77593256915614,105.02246669637043,129.89070190611824,142.15740841093506,156.4798891014947,160.90057382271044,5.14219569199562,
PP,Producer Prices,36,Australia,5532,Producer Price (USD/tonne),01352,Kiwi fruit,1997,1997,7021,Annual value,USD,1298.8,A,Official figure,AUS,False,False,70.75682380399682,79.31706264103354,59.44728416757198,66.51116723257967,70.68473461622513,70.38581190707349,4.91017735786183,
PP,Producer Prices,36,Australia,5532,Producer Price (USD/tonne),01352,Kiwi fruit,1998,1998,7021,Annual value,USD,1011.4,A,Official figure,AUS,False,False,64.8237651326436,66.27116245186038,55.776184862258724,58.90385220966683,83.88543382429606,55.22279355165295,4.73775638168852,
PP,Producer Prices,36,Australia,5532,Producer Price (USD/tonne),01352,Kiwi fruit,1999,1999,7021,Annual value,USD,1245.2,A,Official figure,AUS,False,False,55.38494745729497,62.42928865091984,48.31192059218944,53.12085523046289,58.22698225943004,38.798878860400684,4.80438445813991,
PP,Producer Prices,36,Australia,5532,Producer Price (USD/tonne),01352,Kiwi fruit,2000,2000,7021,Annual value,USD,1310.3,A,Official figure,AUS,False,False,53.658254311091945,61.295380665724906,54.46468606873116,51.41600714746175,42.89305770905415,50.612781624475126,4.5542072874505,
PP,Producer Prices,36,Australia,5532,Producer Price (USD/tonne),01352,Kiwi fruit,2001,2001,7021,Annual value,USD,931.0,A,Official figure,AUS,False,False,55.353759430433776,62.905581984538294,60.88469474046613,51.84540600513508,42.481465934354574,53.47099426092313,4.94222006021166,
PP,Producer Prices,36,Australia,5532,Producer Price (USD/tonne),01352,Kiwi fruit,2002,2002,7021,Annual value,USD,1249.6,A,Official figure,AUS,False,False,53.432698046969534,56.102316657369585,46.09884987045724,55.57542707086668,55.144333609249486,42.632850317668414,4.86917660836693,
PP,Producer Prices,36,Australia,5532,Producer Price (USD/tonne),01352,Kiwi fruit,2003,2003,7021,Annual value,USD,1400.9,A,Official figure,AUS,False,False,58.11559303636253,59.31684044946804,54.48407776395476,59.38331088130321,62.630981044686195,43.854657616127014,5.13440054748237,
PP,Producer Prices,36,Australia,5532,Producer Price (USD/tonne),01352,Kiwi fruit,2004,2004,7021,Annual value,USD,1404.7,A,Official figure,AUS,False,False,65.89944729053757,68.6029390549955,69.84888089256499,64.00158065193195,69.61163025660183,44.346000561265534,4.80423147775813,
PP,Producer Prices,36,Australia,5532,Producer Price (USD/tonne),01352,Kiwi fruit,2005,2005,7021,Annual value,USD,1489.1,A,Official figure,AUS,False,False,67.6467997866706,72.57908938487195,77.21006263097178,60.766594200041034,64.39872945308146,61.19575106393876,4.74464612990827,
PP,Producer Prices,36,Australia,5532,Producer Price (USD/tonne),01352,Kiwi fruit,2006,2006,7021,Annual value,USD,1506.1,A,Official figure,AUS,False,False,72.85198153556445,71.39005672414655,73.05336517091054,71.22837696143655,70.5451171722111,91.39314395266837,4.77072459573134,
PP,Producer Prices,36,Australia,5532,Producer Price (USD/tonne),01352,Kiwi fruit,2007,2007,7021,Annual value,USD,2142.1,A,Official figure,AUS,False,False,94.55025065074518,77.75672729408136,122.39946263841763,100.90811631831873,107.3148060387481,62.36914297123817,5.03584938131912,
PP,Producer Prices,36,Australia,5532,Producer Price (USD/tonne),01352,Kiwi fruit,2009,2009,7021,Annual value,USD,1778.2,A,Official figure,AUS,False,False,91.78785298482406,81.60267222893671,91.405730315563,97.1899325654129,94.42735946277953,112.2254832184969,5.59123716369561,
PP,Producer Prices,36,Australia,5532,Producer Price (USD/tonne),01352,Kiwi fruit,2011,2011,7021,Annual value,USD,2362.1,A,Official figure,AUS,False,False,131.77593256915614,105.02246669637043,129.89070190611824,142.15740841093506,156.4798891014947,160.90057382271044,5.14219569199562,
PP,Producer Prices,36,Australia,5532,Producer Price (USD/tonne),01352,Kiwi fruit,2016,2016,7021,Annual value,USD,1987.0,A,Official figure,AUS,False,False,91.95303704593685,91.10702822067289,82.64832676119045,88.30828905606897,99.44264448193826,111.62342556374044,7.10054987790893,
PP,Producer Prices,36,Australia,5532,Producer Price (USD/tonne),01352,Kiwi fruit,2023,2023,7021,Annual value,USD,3583.8,A,Official figure,AUS,False,False,124.51966645168862,114.10852024490974,123.72456940111083,130.87805882527132,126.29144514063518,144.9803113652603,6.12272392365969,
PP,Producer Prices,36,Australia,5532,Producer Price (USD/tonne),01352,Kiwi fruit,2024,2024,7021,Annual value,USD,2817.2,A,Official figure,AUS,False,False,121.9819961575273,117.25906623977029,129.71297215949022,113.47684568733492,138.06843188494958,125.71292330063521,6.44767390132498,
PP,Producer Prices,36,Australia,5532,Producer Price (USD/tonne),01322,Lemons and limes,1991,1991,7021,Annual value,USD,311.6,A,Official figure,AUS,False,False,62.34528439011702,81.47466716487295,45.46032558544059,57.863819886673106,49.00795416086814,55.480617553691815,5.21988857452739,
PP,Producer Prices,36,Australia,5532,Producer Price (USD/tonne),01322,Lemons and limes,1992,1992,7021,Annual value,USD,408.3,A,Official figure,AUS,False,False,64.22555868464649,78.38728862271715,54.8015933451503,60.9576514895015,52.991996389394096,56.04274688194544,5.04326421093316,
PP,Producer Prices,36,Australia,5532,Producer Price (USD/tonne),01322,Lemons and limes,1993,1993,7021,Annual value,USD,386.2,A,Official figure,AUS,False,False,62.259404847966515,75.01403295972897,48.61651615517863,59.01858803408094,53.966480634247155,62.03019780031652,4.98707923344647,
PP,Producer Prices,36,Australia,5532,Producer Price (USD/tonne),01322,Lemons and limes,1994,1994,7021,Annual value,USD,451.8,A,Official figure,AUS,False,False,67.26054679350919,76.29710199787732,47.42020205529957,61.936823654585105,71.86775375736012,74.94370090074824,4.99933415639271,
PP,Producer Prices,36,Australia,5532,Producer Price (USD/tonne),01322,Lemons and limes,1995,1995,7021,Annual value,USD,413.6,A,Official figure,AUS,False,False,76.8287850116353,85.24932673337705,62.72510536671231,70.8474665240566,79.95838810789446,82.19981067004032,4.95654793299687,
PP,Producer Prices,36,Australia,5532,Producer Price (USD/tonne),01322,Lemons and limes,1996,1996,7021,Annual value,USD,688.6,A,Official figure,AUS,False,False,77.82086308655745,84.34557234442748,61.619550783954395,83.65592765127325,69.93519294281285,73.98962818765723,4.85290173072787,
PP,Producer Prices,36,Australia,5532,Producer Price (USD/tonne),01322,Lemons and limes,1997,1997,7021,Annual value,USD,660.5,A,Official figure,AUS,False,False,70.75682380399682,79.31706264103354,59.44728416757198,66.51116723257967,70.68473461622513,70.38581190707349,4.91017735786183,
PP,Producer Prices,36,Australia,5532,Producer Price (USD/tonne),01322,Lemons and limes,1998,1998,7021,Annual value,USD,496.3,A,Official figure,AUS,False,False,64.8237651326436,66.27116245186038,55.776184862258724,58.90385220966683,83.88543382429606,55.22279355165295,4.73775638168852,
PP,Producer Prices,36,Australia,5532,Producer Price (USD/tonne),01322,Lemons and limes,1999,1999,7021,Annual value,USD,496.8,A,Official figure,AUS,False,False,55.38494745729497,62.42928865091984,48.31192059218944,53.12085523046289,58.22698225943004,38.798878860400684,4.80438445813991,
PP,Producer Prices,36,Australia,5532,Producer Price (USD/tonne),01322,Lemons and limes,2000,2000,7021,Annual value,USD,413.4,A,Official figure,AUS,False,False,53.658254311091945,61.295380665724906,54.46468606873116,51.41600714746175,42.89305770905415,50.612781624475126,4.5542072874505,
PP,Producer Prices,36,Australia,5532,Producer Price (USD/tonne),01322,Lemons and limes,2001,2001,7021,Annual value,USD,356.9,A,Official figure,AUS,False,False,55.353759430433776,62.905581984538294,60.88469474046613,51.84540600513508,42.481465934354574,53.47099426092313,4.94222006021166,
PP,Producer Prices,36,Australia,5532,Producer Price (USD/tonne),01322,Lemons and limes,2002,2002,7021,Annual value,USD,472.7,A,Official figure,AUS,False,False,53.432698046969534,56.102316657369585,46.09884987045724,55.57542707086668,55.144333609249486,42.632850317668414,4.86917660836693,
PP,Producer Prices,36,Australia,5532,Producer Price (USD/tonne),01322,Lemons and limes,2003,2003,7021,Annual value,USD,531.8,A,Official figure,AUS,False,False,58.11559303636253,59.31684044946804,54.48407776395476,59.38331088130321,62.630981044686195,43.854657616127014,5.13440054748237,
PP,Producer Prices,36,Australia,5532,Producer Price (USD/tonne),01322,Lemons and limes,2004,2004,7021,Annual value,USD,801.6,A,Official figure,AUS,False,False,65.89944729053757,68.6029390549955,69.84888089256499,64.00158065193195,69.61163025660183,44.346000561265534,4.80423147775813,
PP,Producer Prices,36,Australia,5532,Producer Price (USD/tonne),01322,Lemons and limes,2005,2005,7021,Annual value,USD,656.8,A,Official figure,AUS,False,False,67.6467997866706,72.57908938487195,77.21006263097178,60.766594200041034,64.39872945308146,61.19575106393876,4.74464612990827,
PP,Producer Prices,36,Australia,5532,Producer Price (USD/tonne),01322,Lemons and limes,2006,2006,7021,Annual value,USD,739.5,A,Official figure,AUS,False,False,72.85198153556445,71.39005672414655,73.05336517091054,71.22837696143655,70.5451171722111,91.39314395266837,4.77072459573134,
PP,Producer Prices,36,Australia,5532,Producer Price (USD/tonne),01322,Lemons and limes,2007,2007,7021,Annual value,USD,1004.1,A,Official figure,AUS,False,False,94.55025065074518,77.75672729408136,122.39946263841763,100.90811631831873,107.3148060387481,62.36914297123817,5.03584938131912,
PP,Producer Prices,36,Australia,5532,Producer Price (USD/tonne),01322,Lemons and limes,2009,2009,7021,Annual value,USD,1371.9,A,Official figure,AUS,False,False,91.78785298482406,81.60267222893671,91.405730315563,97.1899325654129,94.42735946277953,112.2254832184969,5.59123716369561,
PP,Producer Prices,36,Australia,5532,Producer Price (USD/tonne),01322,Lemons and limes,2011,2011,7021,Annual value,USD,2022.8,A,Official figure,AUS,False,False,131.77593256915614,105.02246669637043,129.89070190611824,142.15740841093506,156.4798891014947,160.90057382271044,5.14219569199562,
PP,Producer Prices,36,Australia,5532,Producer Price (USD/tonne),01322,Lemons and limes,2016,2016,7021,Annual value,USD,1777.4,A,Official figure,AUS,False,False,91.95303704593685,91.10702822067289,82.64832676119045,88.30828905606897,99.44264448193826,111.62342556374044,7.10054987790893,
PP,Producer Prices,36,Australia,5532,Producer Price (USD/tonne),01322,Lemons and limes,2023,2023,7021,Annual value,USD,1396.5,A,Official figure,AUS,False,False,124.51966645168862,114.10852024490974,123.72456940111083,130.87805882527132,126.29144514063518,144.9803113652603,6.12272392365969,
PP,Producer Prices,36,Australia,5532,Producer Price (USD/tonne),01322,Lemons and limes,2024,2024,7021,Annual value,USD,1425.4,A,Official figure,AUS,False,False,121.9819961575273,117.25906623977029,129.71297215949022,113.47684568733492,138.06843188494958,125.71292330063521,6.44767390132498,
PP,Producer Prices,36,Australia,5532,Producer Price (USD/tonne),01704,"Lentils, dry",1997,1997,7021,Annual value,USD,325.1,A,Official figure,AUS,False,False,70.75682380399682,79.31706264103354,59.44728416757198,66.51116723257967,70.68473461622513,70.38581190707349,4.91017735786183,
PP,Producer Prices,36,Australia,5532,Producer Price (USD/tonne),01704,"Lentils, dry",1998,1998,7021,Annual value,USD,313.5,A,Official figure,AUS,False,False,64.8237651326436,66.27116245186038,55.776184862258724,58.90385220966683,83.88543382429606,55.22279355165295,4.73775638168852,
PP,Producer Prices,36,Australia,5532,Producer Price (USD/tonne),01704,"Lentils, dry",1999,1999,7021,Annual value,USD,301.3,A,Official figure,AUS,False,False,55.38494745729497,62.42928865091984,48.31192059218944,53.12085523046289,58.22698225943004,38.798878860400684,4.80438445813991,
PP,Producer Prices,36,Australia,5532,Producer Price (USD/tonne),01704,"Lentils, dry",2000,2000,7021,Annual value,USD,270.8,A,Official figure,AUS,False,False,53.658254311091945,61.295380665724906,54.46468606873116,51.41600714746175,42.89305770905415,50.612781624475126,4.5542072874505,
PP,Producer Prices,36,Australia,5532,Producer Price (USD/tonne),01704,"Lentils, dry",2001,2001,7021,Annual value,USD,235.3,A,Official figure,AUS,False,False,55.353759430433776,62.905581984538294,60.88469474046613,51.84540600513508,42.481465934354574,53.47099426092313,4.94222006021166,
PP,Producer Prices,36,Australia,5532,Producer Price (USD/tonne),01704,"Lentils, dry",2002,2002,7021,Annual value,USD,242.3,A,Official figure,AUS,False,False,53.432698046969534,56.102316657369585,46.09884987045724,55.57542707086668,55.144333609249486,42.632850317668414,4.86917660836693,
PP,Producer Prices,36,Australia,5532,Producer Price (USD/tonne),01704,"Lentils, dry",2003,2003,7021,Annual value,USD,330.8,A,Official figure,AUS,False,False,58.11559303636253,59.31684044946804,54.48407776395476,59.38331088130321,62.630981044686195,43.854657616127014,5.13440054748237,
PP,Producer Prices,36,Australia,5532,Producer Price (USD/tonne),01704,"Lentils, dry",2004,2004,7021,Annual value,USD,268.4,A,Official figure,AUS,False,False,65.89944729053757,68.6029390549955,69.84888089256499,64.00158065193195,69.61163025660183,44.346000561265534,4.80423147775813,
PP,Producer Prices,36,Australia,5532,Producer Price (USD/tonne),01704,"Lentils, dry",2005,2005,7021,Annual value,USD,378.0,A,Official figure,AUS,False,False,67.6467997866706,72.57908938487195,77.21006263097178,60.766594200041034,64.39872945308146,61.19575106393876,4.74464612990827,
PP,Producer Prices,36,Australia,5532,Producer Price (USD/tonne),01704,"Lentils, dry",2006,2006,7021,Annual value,USD,326.1,A,Official figure,AUS,False,False,72.85198153556445,71.39005672414655,73.05336517091054,71.22837696143655,70.5451171722111,91.39314395266837,4.77072459573134,
PP,Producer Prices,36,Australia,5532,Producer Price (USD/tonne),01704,"Lentils, dry",2007,2007,7021,Annual value,USD,435.1,A,Official figure,AUS,False,False,94.55025065074518,77.75672729408136,122.39946263841763,100.90811631831873,107.3148060387481,62.36914297123817,5.03584938131912,
PP,Producer Prices,36,Australia,5532,Producer Price (USD/tonne),01704,"Lentils, dry",2009,2009,7021,Annual value,USD,809.6,A,Official figure,AUS,False,False,91.78785298482406,81.60267222893671,91.405730315563,97.1899325654129,94.42735946277953,112.2254832184969,5.59123716369561,
PP,Producer Prices,36,Australia,5532,Producer Price (USD/tonne),01704,"Lentils, dry",2011,2011,7021,Annual value,USD,693.2,A,Official figure,AUS,False,False,131.77593256915614,105.02246669637043,129.89070190611824,142.15740841093506,156.4798891014947,160.90057382271044,5.14219569199562,
PP,Producer Prices,36,Australia,5532,Producer Price (USD/tonne),01704,"Lentils, dry",2016,2016,7021,Annual value,USD,869.0,A,Official figure,AUS,False,False,91.95303704593685,91.10702822067289,82.64832676119045,88.30828905606897,99.44264448193826,111.62342556374044,7.10054987790893,
PP,Producer Prices,36,Australia,5532,Producer Price (USD/tonne),01704,"Lentils, dry",2021,2021,7021,Annual value,USD,531.5,A,Official figure,AUS,False,False,125.73406972850047,107.53442746784815,119.59735631930364,131.1533847436843,164.85113256482796,109.33464293018675,6.44421129042264,
PP,Producer Prices,36,Australia,5532,Producer Price (USD/tonne),01704,"Lentils, dry",2023,2023,7021,Annual value,USD,490.4,A,Official figure,AUS,False,False,124.51966645168862,114.10852024490974,123.72456940111083,130.87805882527132,126.29144514063518,144.9803113652603,6.12272392365969,
PP,Producer Prices,36,Australia,5532,Producer Price (USD/tonne),01704,"Lentils, dry",2024,2024,7021,Annual value,USD,557.8,A,Official figure,AUS,False,False,121.9819961575273,117.25906623977029,129.71297215949022,113.47684568733492,138.06843188494958,125.71292330063521,6.44767390132498,
PP,Producer Prices,36,Australia,5532,Producer Price (USD/tonne),01214,Lettuce and chicory,1991,1991,7021,Annual value,USD,474.4,A,Official figure,AUS,False,False,62.34528439011702,81.47466716487295,45.46032558544059,57.863819886673106,49.00795416086814,55.480617553691815,5.21988857452739,
PP,Producer Prices,36,Australia,5532,Producer Price (USD/tonne),01214,Lettuce and chicory,1992,1992,7021,Annual value,USD,473.7,A,Official figure,AUS,False,False,64.22555868464649,78.38728862271715,54.8015933451503,60.9576514895015,52.991996389394096,56.04274688194544,5.04326421093316,
PP,Producer Prices,36,Australia,5532,Producer Price (USD/tonne),01214,Lettuce and chicory,1993,1993,7021,Annual value,USD,402.6,A,Official figure,AUS,False,False,62.259404847966515,75.01403295972897,48.61651615517863,59.01858803408094,53.966480634247155,62.03019780031652,4.98707923344647,
PP,Producer Prices,36,Australia,5532,Producer Price (USD/tonne),01214,Lettuce and chicory,1994,1994,7021,Annual value,USD,465.7,A,Official figure,AUS,False,False,67.26054679350919,76.29710199787732,47.42020205529957,61.936823654585105,71.86775375736012,74.94370090074824,4.99933415639271,
PP,Producer Prices,36,Australia,5532,Producer Price (USD/tonne),01214,Lettuce and chicory,1995,1995,7021,Annual value,USD,558.2,A,Official figure,AUS,False,False,76.8287850116353,85.24932673337705,62.72510536671231,70.8474665240566,79.95838810789446,82.19981067004032,4.95654793299687,
PP,Producer Prices,36,Australia,5532,Producer Price (USD/tonne),01214,Lettuce and chicory,1996,1996,7021,Annual value,USD,560.3,A,Official figure,AUS,False,False,77.82086308655745,84.34557234442748,61.619550783954395,83.65592765127325,69.93519294281285,73.98962818765723,4.85290173072787,
PP,Producer Prices,36,Australia,5532,Producer Price (USD/tonne),01214,Lettuce and chicory,1997,1997,7021,Annual value,USD,507.7,A,Official figure,AUS,False,False,70.75682380399682,79.31706264103354,59.44728416757198,66.51116723257967,70.68473461622513,70.38581190707349,4.91017735786183,
PP,Producer Prices,36,Australia,5532,Producer Price (USD/tonne),01214,Lettuce and chicory,1998,1998,7021,Annual value,USD,452.9,A,Official figure,AUS,False,False,64.8237651326436,66.27116245186038,55.776184862258724,58.90385220966683,83.88543382429606,55.22279355165295,4.73775638168852,
PP,Producer Prices,36,Australia,5532,Producer Price (USD/tonne),01214,Lettuce and chicory,1999,1999,7021,Annual value,USD,433.6,A,Official figure,AUS,False,False,55.38494745729497,62.42928865091984,48.31192059218944,53.12085523046289,58.22698225943004,38.798878860400684,4.80438445813991,
PP,Producer Prices,36,Australia,5532,Producer Price (USD/tonne),01214,Lettuce and chicory,2000,2000,7021,Annual value,USD,398.3,A,Official figure,AUS,False,False,53.658254311091945,61.295380665724906,54.46468606873116,51.41600714746175,42.89305770905415,50.612781624475126,4.5542072874505,
PP,Producer Prices,36,Australia,5532,Producer Price (USD/tonne),01214,Lettuce and chicory,2001,2001,7021,Annual value,USD,414.8,A,Official figure,AUS,False,False,55.353759430433776,62.905581984538294,60.88469474046613,51.84540600513508,42.481465934354574,53.47099426092313,4.94222006021166,
PP,Producer Prices,36,Australia,5532,Producer Price (USD/tonne),01214,Lettuce and chicory,2002,2002,7021,Annual value,USD,456.4,A,Official figure,AUS,False,False,53.432698046969534,56.102316657369585,46.09884987045724,55.57542707086668,55.144333609249486,42.632850317668414,4.86917660836693,
PP,Producer Prices,36,Australia,5532,Producer Price (USD/tonne),01214,Lettuce and chicory,2003,2003,7021,Annual value,USD,563.6,A,Official figure,AUS,False,False,58.11559303636253,59.31684044946804,54.48407776395476,59.38331088130321,62.630981044686195,43.854657616127014,5.13440054748237,
PP,Producer Prices,36,Australia,5532,Producer Price (USD/tonne),01214,Lettuce and chicory,2004,2004,7021,Annual value,USD,665.6,A,Official figure,AUS,False,False,65.89944729053757,68.6029390549955,69.84888089256499,64.00158065193195,69.61163025660183,44.346000561265534,4.80423147775813,
PP,Producer Prices,36,Australia,5532,Producer Price (USD/tonne),01214,Lettuce and chicory,2005,2005,7021,Annual value,USD,646.8,A,Official figure,AUS,False,False,67.6467997866706,72.57908938487195,77.21006263097178,60.766594200041034,64.39872945308146,61.19575106393876,4.74464612990827,
PP,Producer Prices,36,Australia,5532,Producer Price (USD/tonne),01214,Lettuce and chicory,2006,2006,7021,Annual value,USD,735.7,A,Official figure,AUS,False,False,72.85198153556445,71.39005672414655,73.05336517091054,71.22837696143655,70.5451171722111,91.39314395266837,4.77072459573134,
PP,Producer Prices,36,Australia,5532,Producer Price (USD/tonne),01214,Lettuce and chicory,2007,2007,7021,Annual value,USD,871.9,A,Official figure,AUS,False,False,94.55025065074518,77.75672729408136,122.39946263841763,100.90811631831873,107.3148060387481,62.36914297123817,5.03584938131912,
PP,Producer Prices,36,Australia,5532,Producer Price (USD/tonne),01214,Lettuce and chicory,2008,2008,7021,Annual value,USD,835.4,A,Official figure,AUS,False,False,117.73787331863998,90.84433092873273,132.33661799232738,137.64181782223199,141.07285693456427,79.19536905542518,4.80642380862477,
PP,Producer Prices,36,Australia,5532,Producer Price (USD/tonne),01214,Lettuce and chicory,2009,2009,7021,Annual value,USD,886.0,A,Official figure,AUS,False,False,91.78785298482406,81.60267222893671,91.405730315563,97.1899325654129,94.42735946277953,112.2254832184969,5.59123716369561,
PP,Producer Prices,36,Australia,5532,Producer Price (USD/tonne),01214,Lettuce and chicory,2011,2011,7021,Annual value,USD,1165.6,A,Official figure,AUS,False,False,131.77593256915614,105.02246669637043,129.89070190611824,142.15740841093506,156.4798891014947,160.90057382271044,5.14219569199562,
PP,Producer Prices,36,Australia,5532,Producer Price (USD/tonne),01214,Lettuce and chicory,2012,2012,7021,Annual value,USD,1166.9,A,Official figure,AUS,False,False,122.75022327595461,104.69498650707051,111.65677557794167,137.3983528628098,138.30661545629084,133.31863424562349,5.05458500868273,
PP,Producer Prices,36,Australia,5532,Producer Price (USD/tonne),01214,Lettuce and chicory,2013,2013,7021,Annual value,USD,1136.3,A,Official figure,AUS,False,False,120.14390446093925,106.21599274087434,140.90691300197804,129.1108717873773,119.49987300357218,109.45334619156017,5.68920960549791,
PP,Producer Prices,36,Australia,5532,Producer Price (USD/tonne),01214,Lettuce and chicory,2014,2014,7021,Annual value,USD,1039.3,A,Official figure,AUS,False,False,114.98315043593857,112.11017428857667,130.20652445334494,115.8182908031581,110.6162614969274,105.19538929713728,6.19615490124291,
PP,Producer Prices,36,Australia,5532,Producer Price (USD/tonne),01214,Lettuce and chicory,2015,2015,7021,Annual value,USD,904.5,A,Official figure,AUS,False,False,93.0638125181246,96.78279749075053,87.1451487854646,95.87342014077292,89.94109402113435,83.1811851391223,6.56255914980785,
PP,Producer Prices,36,Australia,5532,Producer Price (USD/tonne),01214,Lettuce and chicory,2016,2016,7021,Annual value,USD,994.6,A,Official figure,AUS,False,False,91.95303704593685,91.10702822067289,82.64832676119045,88.30828905606897,99.44264448193826,111.62342556374044,7.10054987790893,
PP,Producer Prices,36,Australia,5532,Producer Price (USD/tonne),01214,Lettuce and chicory,2017,2017,7021,Annual value,USD,1227.8,A,Official figure,AUS,False,False,97.9325465965461,97.47103081764828,108.01127219003995,90.98426329355082,101.90947584276995,99.11220417429126,6.48222765314289,
PP,Producer Prices,36,Australia,5532,Producer Price (USD/tonne),01214,Lettuce and chicory,2018,2018,7021,Annual value,USD,1016.1,A,Official figure,AUS,False,False,95.75177402259017,94.39851038295467,107.2716875332135,100.82233026984352,87.76107702264312,77.40205315573543,6.52594691958162,
PP,Producer Prices,36,Australia,5532,Producer Price (USD/tonne),01214,Lettuce and chicory,2019,2019,7021,Annual value,USD,1044.8,A,Official figure,AUS,False,False,94.93129436453303,99.4754122501492,102.81578202753263,96.60386371200734,83.23927616454294,78.61501498294437,7.16469389675818,
PP,Producer Prices,36,Australia,5532,Producer Price (USD/tonne),01214,Lettuce and chicory,2020,2020,7021,Annual value,USD,1256.2,A,Official figure,AUS,False,False,98.05250486501859,95.316293513863,101.8142204334863,103.1167289201083,99.44353567977252,79.52871763805308,7.59766516403535,
PP,Producer Prices,36,Australia,5532,Producer Price (USD/tonne),01214,Lettuce and chicory,2021,2021,7021,Annual value,USD,1127.3,A,Official figure,AUS,False,False,125.73406972850047,107.53442746784815,119.59735631930364,131.1533847436843,164.85113256482796,109.33464293018675,6.44421129042264,
PP,Producer Prices,36,Australia,5532,Producer Price (USD/tonne),01214,Lettuce and chicory,2023,2023,7021,Annual value,USD,1114.0,A,Official figure,AUS,False,False,124.51966645168862,114.10852024490974,123.72456940111083,130.87805882527132,126.29144514063518,144.9803113652603,6.12272392365969,
PP,Producer Prices,36,Australia,5532,Producer Price (USD/tonne),01214,Lettuce and chicory,2024,2024,7021,Annual value,USD,990.6,A,Official figure,AUS,False,False,121.9819961575273,117.25906623977029,129.71297215949022,113.47684568733492,138.06843188494958,125.71292330063521,6.44767390132498,
PP,Producer Prices,36,Australia,5532,Producer Price (USD/tonne),01709.02,Lupins,1991,1991,7021,Annual value,USD,128.5,A,Official figure,AUS,False,False,62.34528439011702,81.47466716487295,45.46032558544059,57.863819886673106,49.00795416086814,55.480617553691815,5.21988857452739,
PP,Producer Prices,36,Australia,5532,Producer Price (USD/tonne),01709.02,Lupins,1992,1992,7021,Annual value,USD,129.3,A,Official figure,AUS,False,False,64.22555868464649,78.38728862271715,54.8015933451503,60.9576514895015,52.991996389394096,56.04274688194544,5.04326421093316,
PP,Producer Prices,36,Australia,5532,Producer Price (USD/tonne),01709.02,Lupins,1993,1993,7021,Annual value,USD,133.3,A,Official figure,AUS,False,False,62.259404847966515,75.01403295972897,48.61651615517863,59.01858803408094,53.966480634247155,62.03019780031652,4.98707923344647,
PP,Producer Prices,36,Australia,5532,Producer Price (USD/tonne),01709.02,Lupins,1994,1994,7021,Annual value,USD,133.1,A,Official figure,AUS,False,False,67.26054679350919,76.29710199787732,47.42020205529957,61.936823654585105,71.86775375736012,74.94370090074824,4.99933415639271,
PP,Producer Prices,36,Australia,5532,Producer Price (USD/tonne),01709.02,Lupins,1995,1995,7021,Annual value,USD,137.1,A,Official figure,AUS,False,False,76.8287850116353,85.24932673337705,62.72510536671231,70.8474665240566,79.95838810789446,82.19981067004032,4.95654793299687,
PP,Producer Prices,36,Australia,5532,Producer Price (USD/tonne),01709.02,Lupins,1996,1996,7021,Annual value,USD,140.1,A,Official figure,AUS,False,False,77.82086308655745,84.34557234442748,61.619550783954395,83.65592765127325,69.93519294281285,73.98962818765723,4.85290173072787,
PP,Producer Prices,36,Australia,5532,Producer Price (USD/tonne),01709.02,Lupins,1997,1997,7021,Annual value,USD,152.9,A,Official figure,AUS,False,False,70.75682380399682,79.31706264103354,59.44728416757198,66.51116723257967,70.68473461622513,70.38581190707349,4.91017735786183,
PP,Producer Prices,36,Australia,5532,Producer Price (USD/tonne),01709.02,Lupins,1998,1998,7021,Annual value,USD,123.1,A,Official figure,AUS,False,False,64.8237651326436,66.27116245186038,55.776184862258724,58.90385220966683,83.88543382429606,55.22279355165295,4.73775638168852,
PP,Producer Prices,36,Australia,5532,Producer Price (USD/tonne),01709.02,Lupins,1999,1999,7021,Annual value,USD,92.3,A,Official figure,AUS,False,False,55.38494745729497,62.42928865091984,48.31192059218944,53.12085523046289,58.22698225943004,38.798878860400684,4.80438445813991,
PP,Producer Prices,36,Australia,5532,Producer Price (USD/tonne),01709.02,Lupins,2000,2000,7021,Annual value,USD,84.1,A,Official figure,AUS,False,False,53.658254311091945,61.295380665724906,54.46468606873116,51.41600714746175,42.89305770905415,50.612781624475126,4.5542072874505,
PP,Producer Prices,36,Australia,5532,Producer Price (USD/tonne),01709.02,Lupins,2001,2001,7021,Annual value,USD,106.0,A,Official figure,AUS,False,False,55.353759430433776,62.905581984538294,60.88469474046613,51.84540600513508,42.481465934354574,53.47099426092313,4.94222006021166,
PP,Producer Prices,36,Australia,5532,Producer Price (USD/tonne),01709.02,Lupins,2002,2002,7021,Annual value,USD,135.8,A,Official figure,AUS,False,False,53.432698046969534,56.102316657369585,46.09884987045724,55.57542707086668,55.144333609249486,42.632850317668414,4.86917660836693,
PP,Producer Prices,36,Australia,5532,Producer Price (USD/tonne),01709.02,Lupins,2003,2003,7021,Annual value,USD,188.7,A,Official figure,AUS,False,False,58.11559303636253,59.31684044946804,54.48407776395476,59.38331088130321,62.630981044686195,43.854657616127014,5.13440054748237,
PP,Producer Prices,36,Australia,5532,Producer Price (USD/tonne),01709.02,Lupins,2004,2004,7021,Annual value,USD,173.6,A,Official figure,AUS,False,False,65.89944729053757,68.6029390549955,69.84888089256499,64.00158065193195,69.61163025660183,44.346000561265534,4.80423147775813,
PP,Producer Prices,36,Australia,5532,Producer Price (USD/tonne),01709.02,Lupins,2005,2005,7021,Annual value,USD,157.3,A,Official figure,AUS,False,False,67.6467997866706,72.57908938487195,77.21006263097178,60.766594200041034,64.39872945308146,61.19575106393876,4.74464612990827,
PP,Producer Prices,36,Australia,5532,Producer Price (USD/tonne),01709.02,Lupins,2006,2006,7021,Annual value,USD,146.8,A,Official figure,AUS,False,False,72.85198153556445,71.39005672414655,73.05336517091054,71.22837696143655,70.5451171722111,91.39314395266837,4.77072459573134,
PP,Producer Prices,36,Australia,5532,Producer Price (USD/tonne),01709.02,Lupins,2007,2007,7021,Annual value,USD,221.7,A,Official figure,AUS,False,False,94.55025065074518,77.75672729408136,122.39946263841763,100.90811631831873,107.3148060387481,62.36914297123817,5.03584938131912,
PP,Producer Prices,36,Australia,5532,Producer Price (USD/tonne),01709.02,Lupins,2008,2008,7021,Annual value,USD,281.0,A,Official figure,AUS,False,False,117.73787331863998,90.84433092873273,132.33661799232738,137.64181782223199,141.07285693456427,79.19536905542518,4.80642380862477,
PP,Producer Prices,36,Australia,5532,Producer Price (USD/tonne),01709.02,Lupins,2009,2009,7021,Annual value,USD,218.4,A,Official figure,AUS,False,False,91.78785298482406,81.60267222893671,91.405730315563,97.1899325654129,94.42735946277953,112.2254832184969,5.59123716369561,
PP,Producer Prices,36,Australia,5532,Producer Price (USD/tonne),01709.02,Lupins,2010,2010,7021,Annual value,USD,228.4,A,Official figure,AUS,False,False,106.87404108388505,91.39347096403203,111.89896716658724,107.49931237044449,121.95018353123997,131.72406046543753,5.30683575119913,
PP,Producer Prices,36,Australia,5532,Producer Price (USD/tonne),01709.02,Lupins,2011,2011,7021,Annual value,USD,276.4,A,Official figure,AUS,False,False,131.77593256915614,105.02246669637043,129.89070190611824,142.15740841093506,156.4798891014947,160.90057382271044,5.14219569199562,
PP,Producer Prices,36,Australia,5532,Producer Price (USD/tonne),01709.02,Lupins,2012,2012,7021,Annual value,USD,240.2,A,Official figure,AUS,False,False,122.75022327595461,104.69498650707051,111.65677557794167,137.3983528628098,138.30661545629084,133.31863424562349,5.05458500868273,
PP,Producer Prices,36,Australia,5532,Producer Price (USD/tonne),01709.02,Lupins,2016,2016,7021,Annual value,USD,269.1,A,Official figure,AUS,False,False,91.95303704593685,91.10702822067289,82.64832676119045,88.30828905606897,99.44264448193826,111.62342556374044,7.10054987790893,
PP,Producer Prices,36,Australia,5532,Producer Price (USD/tonne),01709.02,Lupins,2021,2021,7021,Annual value,USD,302.1,A,Official figure,AUS,False,False,125.73406972850047,107.53442746784815,119.59735631930364,131.1533847436843,164.85113256482796,109.33464293018675,6.44421129042264,
PP,Producer Prices,36,Australia,5532,Producer Price (USD/tonne),01709.02,Lupins,2023,2023,7021,Annual value,USD,187.8,A,Official figure,AUS,False,False,124.51966645168862,114.10852024490974,123.72456940111083,130.87805882527132,126.29144514063518,144.9803113652603,6.12272392365969,
PP,Producer Prices,36,Australia,5532,Producer Price (USD/tonne),01709.02,Lupins,2024,2024,7021,Annual value,USD,243.4,A,Official figure,AUS,False,False,121.9819961575273,117.25906623977029,129.71297215949022,113.47684568733492,138.06843188494958,125.71292330063521,6.44767390132498,
PP,Producer Prices,36,Australia,5532,Producer Price (USD/tonne),0112,Maize (corn),1991,1991,7021,Annual value,USD,129.3,A,Official figure,AUS,False,False,62.34528439011702,81.47466716487295,45.46032558544059,57.863819886673106,49.00795416086814,55.480617553691815,5.21988857452739,
PP,Producer Prices,36,Australia,5532,Producer Price (USD/tonne),0112,Maize (corn),1992,1992,7021,Annual value,USD,125.6,A,Official figure,AUS,False,False,64.22555868464649,78.38728862271715,54.8015933451503,60.9576514895015,52.991996389394096,56.04274688194544,5.04326421093316,
PP,Producer Prices,36,Australia,5532,Producer Price (USD/tonne),0112,Maize (corn),1993,1993,7021,Annual value,USD,138.7,A,Official figure,AUS,False,False,62.259404847966515,75.01403295972897,48.61651615517863,59.01858803408094,53.966480634247155,62.03019780031652,4.98707923344647,
PP,Producer Prices,36,Australia,5532,Producer Price (USD/tonne),0112,Maize (corn),1994,1994,7021,Annual value,USD,145.5,A,Official figure,AUS,False,False,67.26054679350919,76.29710199787732,47.42020205529957,61.936823654585105,71.86775375736012,74.94370090074824,4.99933415639271,
PP,Producer Prices,36,Australia,5532,Producer Price (USD/tonne),0112,Maize (corn),1995,1995,7021,Annual value,USD,181.6,A,Official figure,AUS,False,False,76.8287850116353,85.24932673337705,62.72510536671231,70.8474665240566,79.95838810789446,82.19981067004032,4.95654793299687,
PP,Producer Prices,36,Australia,5532,Producer Price (USD/tonne),0112,Maize (corn),1996,1996,7021,Annual value,USD,174.5,A,Official figure,AUS,False,False,77.82086308655745,84.34557234442748,61.619550783954395,83.65592765127325,69.93519294281285,73.98962818765723,4.85290173072787,
PP,Producer Prices,36,Australia,5532,Producer Price (USD/tonne),0112,Maize (corn),1997,1997,7021,Annual value,USD,148.4,A,Official figure,AUS,False,False,70.75682380399682,79.31706264103354,59.44728416757198,66.51116723257967,70.68473461622513,70.38581190707349,4.91017735786183,
PP,Producer Prices,36,Australia,5532,Producer Price (USD/tonne),0112,Maize (corn),1998,1998,7021,Annual value,USD,127.5,A,Official figure,AUS,False,False,64.8237651326436,66.27116245186038,55.776184862258724,58.90385220966683,83.88543382429606,55.22279355165295,4.73775638168852,
PP,Producer Prices,36,Australia,5532,Producer Price (USD/tonne),0112,Maize (corn),1999,1999,7021,Annual value,USD,115.5,A,Official figure,AUS,False,False,55.38494745729497,62.42928865091984,48.31192059218944,53.12085523046289,58.22698225943004,38.798878860400684,4.80438445813991,
PP,Producer Prices,36,Australia,5532,Producer Price (USD/tonne),0112,Maize (corn),2000,2000,7021,Annual value,USD,88.7,A,Official figure,AUS,False,False,53.658254311091945,61.295380665724906,54.46468606873116,51.41600714746175,42.89305770905415,50.612781624475126,4.5542072874505,
PP,Producer Prices,36,Australia,5532,Producer Price (USD/tonne),0112,Maize (corn),2001,2001,7021,Annual value,USD,97.2,A,Official figure,AUS,False,False,55.353759430433776,62.905581984538294,60.88469474046613,51.84540600513508,42.481465934354574,53.47099426092313,4.94222006021166,
PP,Producer Prices,36,Australia,5532,Producer Price (USD/tonne),0112,Maize (corn),2002,2002,7021,Annual value,USD,107.6,A,Official figure,AUS,False,False,53.432698046969534,56.102316657369585,46.09884987045724,55.57542707086668,55.144333609249486,42.632850317668414,4.86917660836693,
PP,Producer Prices,36,Australia,5532,Producer Price (USD/tonne),0112,Maize (corn),2003,2003,7021,Annual value,USD,151.1,A,Official figure,AUS,False,False,58.11559303636253,59.31684044946804,54.48407776395476,59.38331088130321,62.630981044686195,43.854657616127014,5.13440054748237,
PP,Producer Prices,36,Australia,5532,Producer Price (USD/tonne),0112,Maize (corn),2004,2004,7021,Annual value,USD,164.0,A,Official figure,AUS,False,False,65.89944729053757,68.6029390549955,69.84888089256499,64.00158065193195,69.61163025660183,44.346000561265534,4.80423147775813,
PP,Producer Prices,36,Australia,5532,Producer Price (USD/tonne),0112,Maize (corn),2005,2005,7021,Annual value,USD,147.4,A,Official figure,AUS,False,False,67.6467997866706,72.57908938487195,77.21006263097178,60.766594200041034,64.39872945308146,61.19575106393876,4.74464612990827,
PP,Producer Prices,36,Australia,5532,Producer Price (USD/tonne),0112,Maize (corn),2006,2006,7021,Annual value,USD,146.8,A,Official figure,AUS,False,False,72.85198153556445,71.39005672414655,73.05336517091054,71.22837696143655,70.5451171722111,91.39314395266837,4.77072459573134,
PP,Producer Prices,36,Australia,5532,Producer Price (USD/tonne),0112,Maize (corn),2007,2007,7021,Annual value,USD,207.5,A,Official figure,AUS,False,False,94.55025065074518,77.75672729408136,122.39946263841763,100.90811631831873,107.3148060387481,62.36914297123817,5.03584938131912,
PP,Producer Prices,36,Australia,5532,Producer Price (USD/tonne),0112,Maize (corn),2009,2009,7021,Annual value,USD,220.7,A,Official figure,AUS,False,False,91.78785298482406,81.60267222893671,91.405730315563,97.1899325654129,94.42735946277953,112.2254832184969,5.59123716369561,
PP,Producer Prices,36,Australia,5532,Producer Price (USD/tonne),0112,Maize (corn),2011,2011,7021,Annual value,USD,267.2,A,Official figure,AUS,False,False,131.77593256915614,105.02246669637043,129.89070190611824,142.15740841093506,156.4798891014947,160.90057382271044,5.14219569199562,
PP,Producer Prices,36,Australia,5532,Producer Price (USD/tonne),0112,Maize (corn),2012,2012,7021,Annual value,USD,259.9,A,Official figure,AUS,False,False,122.75022327595461,104.69498650707051,111.65677557794167,137.3983528628098,138.30661545629084,133.31863424562349,5.05458500868273,
PP,Producer Prices,36,Australia,5532,Producer Price (USD/tonne),0112,Maize (corn),2013,2013,7021,Annual value,USD,229.8,A,Official figure,AUS,False,False,120.14390446093925,106.21599274087434,140.90691300197804,129.1108717873773,119.49987300357218,109.45334619156017,5.68920960549791,
PP,Producer Prices,36,Australia,5532,Producer Price (USD/tonne),0112,Maize (corn),2014,2014,7021,Annual value,USD,267.7,A,Official figure,AUS,False,False,114.98315043593857,112.11017428857667,130.20652445334494,115.8182908031581,110.6162614969274,105.19538929713728,6.19615490124291,
PP,Producer Prices,36,Australia,5532,Producer Price (USD/tonne),0112,Maize (corn),2015,2015,7021,Annual value,USD,247.9,A,Official figure,AUS,False,False,93.0638125181246,96.78279749075053,87.1451487854646,95.87342014077292,89.94109402113435,83.1811851391223,6.56255914980785,
PP,Producer Prices,36,Australia,5532,Producer Price (USD/tonne),0112,Maize (corn),2016,2016,7021,Annual value,USD,242.3,A,Official figure,AUS,False,False,91.95303704593685,91.10702822067289,82.64832676119045,88.30828905606897,99.44264448193826,111.62342556374044,7.10054987790893,
PP,Producer Prices,36,Australia,5532,Producer Price (USD/tonne),0112,Maize (corn),2017,2017,7021,Annual value,USD,245.3,A,Official figure,AUS,False,False,97.9325465965461,97.47103081764828,108.01127219003995,90.98426329355082,101.90947584276995,99.11220417429126,6.48222765314289,
PP,Producer Prices,36,Australia,5532,Producer Price (USD/tonne),0112,Maize (corn),2018,2018,7021,Annual value,USD,251.8,A,Official figure,AUS,False,False,95.75177402259017,94.39851038295467,107.2716875332135,100.82233026984352,87.76107702264312,77.40205315573543,6.52594691958162,
PP,Producer Prices,36,Australia,5532,Producer Price (USD/tonne),0112,Maize (corn),2019,2019,7021,Annual value,USD,303.1,A,Official figure,AUS,False,False,94.93129436453303,99.4754122501492,102.81578202753263,96.60386371200734,83.23927616454294,78.61501498294437,7.16469389675818,
PP,Producer Prices,36,Australia,5532,Producer Price (USD/tonne),0112,Maize (corn),2020,2020,7021,Annual value,USD,329.8,A,Official figure,AUS,False,False,98.05250486501859,95.316293513863,101.8142204334863,103.1167289201083,99.44353567977252,79.52871763805308,7.59766516403535,
PP,Producer Prices,36,Australia,5532,Producer Price (USD/tonne),0112,Maize (corn),2021,2021,7021,Annual value,USD,278.9,A,Official figure,AUS,False,False,125.73406972850047,107.53442746784815,119.59735631930364,131.1533847436843,164.85113256482796,109.33464293018675,6.44421129042264,
PP,Producer Prices,36,Australia,5532,Producer Price (USD/tonne),0112,Maize (corn),2023,2023,7021,Annual value,USD,276.5,A,Official figure,AUS,False,False,124.51966645168862,114.10852024490974,123.72456940111083,130.87805882527132,126.29144514063518,144.9803113652603,6.12272392365969,
PP,Producer Prices,36,Australia,5532,Producer Price (USD/tonne),0112,Maize (corn),2024,2024,7021,Annual value,USD,249.0,A,Official figure,AUS,False,False,121.9819961575273,117.25906623977029,129.71297215949022,113.47684568733492,138.06843188494958,125.71292330063521,6.44767390132498,
PP,Producer Prices,36,Australia,5532,Producer Price (USD/tonne),01316,"Mangoes, guavas and mangosteens",1991,1991,7021,Annual value,USD,1600.0,A,Official figure,AUS,False,False,62.34528439011702,81.47466716487295,45.46032558544059,57.863819886673106,49.00795416086814,55.480617553691815,5.21988857452739,
PP,Producer Prices,36,Australia,5532,Producer Price (USD/tonne),01316,"Mangoes, guavas and mangosteens",1992,1992,7021,Annual value,USD,1398.3,A,Official figure,AUS,False,False,64.22555868464649,78.38728862271715,54.8015933451503,60.9576514895015,52.991996389394096,56.04274688194544,5.04326421093316,
PP,Producer Prices,36,Australia,5532,Producer Price (USD/tonne),01316,"Mangoes, guavas and mangosteens",1993,1993,7021,Annual value,USD,1266.2,A,Official figure,AUS,False,False,62.259404847966515,75.01403295972897,48.61651615517863,59.01858803408094,53.966480634247155,62.03019780031652,4.98707923344647,
PP,Producer Prices,36,Australia,5532,Producer Price (USD/tonne),01316,"Mangoes, guavas and mangosteens",1994,1994,7021,Annual value,USD,1781.0,A,Official figure,AUS,False,False,67.26054679350919,76.29710199787732,47.42020205529957,61.936823654585105,71.86775375736012,74.94370090074824,4.99933415639271,
PP,Producer Prices,36,Australia,5532,Producer Price (USD/tonne),01316,"Mangoes, guavas and mangosteens",1995,1995,7021,Annual value,USD,1830.9,A,Official figure,AUS,False,False,76.8287850116353,85.24932673337705,62.72510536671231,70.8474665240566,79.95838810789446,82.19981067004032,4.95654793299687,
PP,Producer Prices,36,Australia,5532,Producer Price (USD/tonne),01316,"Mangoes, guavas and mangosteens",1996,1996,7021,Annual value,USD,2105.1,A,Official figure,AUS,False,False,77.82086308655745,84.34557234442748,61.619550783954395,83.65592765127325,69.93519294281285,73.98962818765723,4.85290173072787,
PP,Producer Prices,36,Australia,5532,Producer Price (USD/tonne),01316,"Mangoes, guavas and mangosteens",1997,1997,7021,Annual value,USD,1595.7,A,Official figure,AUS,False,False,70.75682380399682,79.31706264103354,59.44728416757198,66.51116723257967,70.68473461622513,70.38581190707349,4.91017735786183,
PP,Producer Prices,36,Australia,5532,Producer Price (USD/tonne),01316,"Mangoes, guavas and mangosteens",1998,1998,7021,Annual value,USD,1388.3,A,Official figure,AUS,False,False,64.8237651326436,66.27116245186038,55.776184862258724,58.90385220966683,83.88543382429606,55.22279355165295,4.73775638168852,
PP,Producer Prices,36,Australia,5532,Producer Price (USD/tonne),01316,"Mangoes, guavas and mangosteens",1999,1999,7021,Annual value,USD,1625.9,A,Official figure,AUS,False,False,55.38494745729497,62.42928865091984,48.31192059218944,53.12085523046289,58.22698225943004,38.798878860400684,4.80438445813991,
PP,Producer Prices,36,Australia,5532,Producer Price (USD/tonne),01316,"Mangoes, guavas and mangosteens",2000,2000,7021,Annual value,USD,1218.1,A,Official figure,AUS,False,False,53.658254311091945,61.295380665724906,54.46468606873116,51.41600714746175,42.89305770905415,50.612781624475126,4.5542072874505,
PP,Producer Prices,36,Australia,5532,Producer Price (USD/tonne),01316,"Mangoes, guavas and mangosteens",2001,2001,7021,Annual value,USD,1267.2,A,Official figure,AUS,False,False,55.353759430433776,62.905581984538294,60.88469474046613,51.84540600513508,42.481465934354574,53.47099426092313,4.94222006021166,
PP,Producer Prices,36,Australia,5532,Producer Price (USD/tonne),01316,"Mangoes, guavas and mangosteens",2002,2002,7021,Annual value,USD,1298.5,A,Official figure,AUS,False,False,53.432698046969534,56.102316657369585,46.09884987045724,55.57542707086668,55.144333609249486,42.632850317668414,4.86917660836693,
PP,Producer Prices,36,Australia,5532,Producer Price (USD/tonne),01316,"Mangoes, guavas and mangosteens",2003,2003,7021,Annual value,USD,1374.9,A,Official figure,AUS,False,False,58.11559303636253,59.31684044946804,54.48407776395476,59.38331088130321,62.630981044686195,43.854657616127014,5.13440054748237,
PP,Producer Prices,36,Australia,5532,Producer Price (USD/tonne),01316,"Mangoes, guavas and mangosteens",2004,2004,7021,Annual value,USD,1691.5,A,Official figure,AUS,False,False,65.89944729053757,68.6029390549955,69.84888089256499,64.00158065193195,69.61163025660183,44.346000561265534,4.80423147775813,
PP,Producer Prices,36,Australia,5532,Producer Price (USD/tonne),01316,"Mangoes, guavas and mangosteens",2005,2005,7021,Annual value,USD,2207.0,A,Official figure,AUS,False,False,67.6467997866706,72.57908938487195,77.21006263097178,60.766594200041034,64.39872945308146,61.19575106393876,4.74464612990827,
PP,Producer Prices,36,Australia,5532,Producer Price (USD/tonne),01316,"Mangoes, guavas and mangosteens",2006,2006,7021,Annual value,USD,2025.6,A,Official figure,AUS,False,False,72.85198153556445,71.39005672414655,73.05336517091054,71.22837696143655,70.5451171722111,91.39314395266837,4.77072459573134,
PP,Producer Prices,36,Australia,5532,Producer Price (USD/tonne),01316,"Mangoes, guavas and mangosteens",2007,2007,7021,Annual value,USD,1932.9,A,Official figure,AUS,False,False,94.55025065074518,77.75672729408136,122.39946263841763,100.90811631831873,107.3148060387481,62.36914297123817,5.03584938131912,
PP,Producer Prices,36,Australia,5532,Producer Price (USD/tonne),01316,"Mangoes, guavas and mangosteens",2008,2008,7021,Annual value,USD,2088.6,A,Official figure,AUS,False,False,117.73787331863998,90.84433092873273,132.33661799232738,137.64181782223199,141.07285693456427,79.19536905542518,4.80642380862477,
PP,Producer Prices,36,Australia,5532,Producer Price (USD/tonne),01316,"Mangoes, guavas and mangosteens",2009,2009,7021,Annual value,USD,2339.7,A,Official figure,AUS,False,False,91.78785298482406,81.60267222893671,91.405730315563,97.1899325654129,94.42735946277953,112.2254832184969,5.59123716369561,
PP,Producer Prices,36,Australia,5532,Producer Price (USD/tonne),01316,"Mangoes, guavas and mangosteens",2010,2010,7021,Annual value,USD,2339.1,A,Official figure,AUS,False,False,106.87404108388505,91.39347096403203,111.89896716658724,107.49931237044449,121.95018353123997,131.72406046543753,5.30683575119913,
PP,Producer Prices,36,Australia,5532,Producer Price (USD/tonne),01316,"Mangoes, guavas and mangosteens",2011,2011,7021,Annual value,USD,2816.0,A,Official figure,AUS,False,False,131.77593256915614,105.02246669637043,129.89070190611824,142.15740841093506,156.4798891014947,160.90057382271044,5.14219569199562,
PP,Producer Prices,36,Australia,5532,Producer Price (USD/tonne),01316,"Mangoes, guavas and mangosteens",2012,2012,7021,Annual value,USD,2236.5,A,Official figure,AUS,False,False,122.75022327595461,104.69498650707051,111.65677557794167,137.3983528628098,138.30661545629084,133.31863424562349,5.05458500868273,
PP,Producer Prices,36,Australia,5532,Producer Price (USD/tonne),01316,"Mangoes, guavas and mangosteens",2013,2013,7021,Annual value,USD,2594.0,A,Official figure,AUS,False,False,120.14390446093925,106.21599274087434,140.90691300197804,129.1108717873773,119.49987300357218,109.45334619156017,5.68920960549791,
PP,Producer Prices,36,Australia,5532,Producer Price (USD/tonne),01316,"Mangoes, guavas and mangosteens",2014,2014,7021,Annual value,USD,2005.7,A,Official figure,AUS,False,False,114.98315043593857,112.11017428857667,130.20652445334494,115.8182908031581,110.6162614969274,105.19538929713728,6.19615490124291,
PP,Producer Prices,36,Australia,5532,Producer Price (USD/tonne),01316,"Mangoes, guavas and mangosteens",2015,2015,7021,Annual value,USD,1542.3,A,Official figure,AUS,False,False,93.0638125181246,96.78279749075053,87.1451487854646,95.87342014077292,89.94109402113435,83.1811851391223,6.56255914980785,
PP,Producer Prices,36,Australia,5532,Producer Price (USD/tonne),01316,"Mangoes, guavas and mangosteens",2016,2016,7021,Annual value,USD,2161.7,A,Official figure,AUS,False,False,91.95303704593685,91.10702822067289,82.64832676119045,88.30828905606897,99.44264448193826,111.62342556374044,7.10054987790893,
PP,Producer Prices,36,Australia,5532,Producer Price (USD/tonne),01316,"Mangoes, guavas and mangosteens",2017,2017,7021,Annual value,USD,2343.7,A,Official figure,AUS,False,False,97.9325465965461,97.47103081764828,108.01127219003995,90.98426329355082,101.90947584276995,99.11220417429126,6.48222765314289,
PP,Producer Prices,36,Australia,5532,Producer Price (USD/tonne),01316,"Mangoes, guavas and mangosteens",2018,2018,7021,Annual value,USD,1964.3,A,Official figure,AUS,False,False,95.75177402259017,94.39851038295467,107.2716875332135,100.82233026984352,87.76107702264312,77.40205315573543,6.52594691958162,
PP,Producer Prices,36,Australia,5532,Producer Price (USD/tonne),01316,"Mangoes, guavas and mangosteens",2019,2019,7021,Annual value,USD,1800.5,A,Official figure,AUS,False,False,94.93129436453303,99.4754122501492,102.81578202753263,96.60386371200734,83.23927616454294,78.61501498294437,7.16469389675818,
PP,Producer Prices,36,Australia,5532,Producer Price (USD/tonne),01316,"Mangoes, guavas and mangosteens",2020,2020,7021,Annual value,USD,1885.7,A,Official figure,AUS,False,False,98.05250486501859,95.316293513863,101.8142204334863,103.1167289201083,99.44353567977252,79.52871763805308,7.59766516403535,
PP,Producer Prices,36,Australia,5532,Producer Price (USD/tonne),01316,"Mangoes, guavas and mangosteens",2021,2021,7021,Annual value,USD,2471.3,A,Official figure,AUS,False,False,125.73406972850047,107.53442746784815,119.59735631930364,131.1533847436843,164.85113256482796,109.33464293018675,6.44421129042264,
PP,Producer Prices,36,Australia,5532,Producer Price (USD/tonne),01316,"Mangoes, guavas and mangosteens",2023,2023,7021,Annual value,USD,1844.1,A,Official figure,AUS,False,False,124.51966645168862,114.10852024490974,123.72456940111083,130.87805882527132,126.29144514063518,144.9803113652603,6.12272392365969,
PP,Producer Prices,36,Australia,5532,Producer Price (USD/tonne),01316,"Mangoes, guavas and mangosteens",2024,2024,7021,Annual value,USD,2284.4,A,Official figure,AUS,False,False,121.9819961575273,117.25906623977029,129.71297215949022,113.47684568733492,138.06843188494958,125.71292330063521,6.44767390132498,
PP,Producer Prices,36,Australia,5532,Producer Price (USD/tonne),21111.01,"Meat of cattle with the bone, fresh or chilled",1991,1991,7021,Annual value,USD,1712.9,A,Official figure,AUS,False,False,62.34528439011702,81.47466716487295,45.46032558544059,57.863819886673106,49.00795416086814,55.480617553691815,5.21988857452739,
PP,Producer Prices,36,Australia,5532,Producer Price (USD/tonne),21111.01,"Meat of cattle with the bone, fresh or chilled",1992,1992,7021,Annual value,USD,1559.1,A,Official figure,AUS,False,False,64.22555868464649,78.38728862271715,54.8015933451503,60.9576514895015,52.991996389394096,56.04274688194544,5.04326421093316,
PP,Producer Prices,36,Australia,5532,Producer Price (USD/tonne),21111.01,"Meat of cattle with the bone, fresh or chilled",1993,1993,7021,Annual value,USD,1400.1,A,Official figure,AUS,False,False,62.259404847966515,75.01403295972897,48.61651615517863,59.01858803408094,53.966480634247155,62.03019780031652,4.98707923344647,
PP,Producer Prices,36,Australia,5532,Producer Price (USD/tonne),21111.01,"Meat of cattle with the bone, fresh or chilled",1994,1994,7021,Annual value,USD,1719.6,A,Official figure,AUS,False,False,67.26054679350919,76.29710199787732,47.42020205529957,61.936823654585105,71.86775375736012,74.94370090074824,4.99933415639271,
PP,Producer Prices,36,Australia,5532,Producer Price (USD/tonne),21111.01,"Meat of cattle with the bone, fresh or chilled",1995,1995,7021,Annual value,USD,1638.2,A,Official figure,AUS,False,False,76.8287850116353,85.24932673337705,62.72510536671231,70.8474665240566,79.95838810789446,82.19981067004032,4.95654793299687,
PP,Producer Prices,36,Australia,5532,Producer Price (USD/tonne),21111.01,"Meat of cattle with the bone, fresh or chilled",1996,1996,7021,Annual value,USD,1432.1,A,Official figure,AUS,False,False,77.82086308655745,84.34557234442748,61.619550783954395,83.65592765127325,69.93519294281285,73.98962818765723,4.85290173072787,
PP,Producer Prices,36,Australia,5532,Producer Price (USD/tonne),21111.01,"Meat of cattle with the bone, fresh or chilled",1997,1997,7021,Annual value,USD,1289.2,A,Official figure,AUS,False,False,70.75682380399682,79.31706264103354,59.44728416757198,66.51116723257967,70.68473461622513,70.38581190707349,4.91017735786183,
PP,Producer Prices,36,Australia,5532,Producer Price (USD/tonne),21111.01,"Meat of cattle with the bone, fresh or chilled",1998,1998,7021,Annual value,USD,1217.5,A,Official figure,AUS,False,False,64.8237651326436,66.27116245186038,55.776184862258724,58.90385220966683,83.88543382429606,55.22279355165295,4.73775638168852,
PP,Producer Prices,36,Australia,5532,Producer Price (USD/tonne),21111.01,"Meat of cattle with the bone, fresh or chilled",1999,1999,7021,Annual value,USD,1323.3,A,Official figure,AUS,False,False,55.38494745729497,62.42928865091984,48.31192059218944,53.12085523046289,58.22698225943004,38.798878860400684,4.80438445813991,
PP,Producer Prices,36,Australia,5532,Producer Price (USD/tonne),21111.01,"Meat of cattle with the bone, fresh or chilled",2000,2000,7021,Annual value,USD,1343.9,A,Official figure,AUS,False,False,53.658254311091945,61.295380665724906,54.46468606873116,51.41600714746175,42.89305770905415,50.612781624475126,4.5542072874505,
PP,Producer Prices,36,Australia,5532,Producer Price (USD/tonne),21111.01,"Meat of cattle with the bone, fresh or chilled",2001,2001,7021,Annual value,USD,1445.6,A,Official figure,AUS,False,False,55.353759430433776,62.905581984538294,60.88469474046613,51.84540600513508,42.481465934354574,53.47099426092313,4.94222006021166,
PP,Producer Prices,36,Australia,5532,Producer Price (USD/tonne),21111.01,"Meat of cattle with the bone, fresh or chilled",2002,2002,7021,Annual value,USD,1760.9,A,Official figure,AUS,False,False,53.432698046969534,56.102316657369585,46.09884987045724,55.57542707086668,55.144333609249486,42.632850317668414,4.86917660836693,
PP,Producer Prices,36,Australia,5532,Producer Price (USD/tonne),21111.01,"Meat of cattle with the bone, fresh or chilled",2003,2003,7021,Annual value,USD,1826.9,A,Official figure,AUS,False,False,58.11559303636253,59.31684044946804,54.48407776395476,59.38331088130321,62.630981044686195,43.854657616127014,5.13440054748237,
PP,Producer Prices,36,Australia,5532,Producer Price (USD/tonne),21111.01,"Meat of cattle with the bone, fresh or chilled",2004,2004,7021,Annual value,USD,2258.5,A,Official figure,AUS,False,False,65.89944729053757,68.6029390549955,69.84888089256499,64.00158065193195,69.61163025660183,44.346000561265534,4.80423147775813,
PP,Producer Prices,36,Australia,5532,Producer Price (USD/tonne),21111.01,"Meat of cattle with the bone, fresh or chilled",2005,2005,7021,Annual value,USD,2619.4,A,Official figure,AUS,False,False,67.6467997866706,72.57908938487195,77.21006263097178,60.766594200041034,64.39872945308146,61.19575106393876,4.74464612990827,
PP,Producer Prices,36,Australia,5532,Producer Price (USD/tonne),21111.01,"Meat of cattle with the bone, fresh or chilled",2006,2006,7021,Annual value,USD,2619.0,A,Official figure,AUS,False,False,72.85198153556445,71.39005672414655,73.05336517091054,71.22837696143655,70.5451171722111,91.39314395266837,4.77072459573134,
PP,Producer Prices,36,Australia,5532,Producer Price (USD/tonne),21111.01,"Meat of cattle with the bone, fresh or chilled",2007,2007,7021,Annual value,USD,2812.4,A,Official figure,AUS,False,False,94.55025065074518,77.75672729408136,122.39946263841763,100.90811631831873,107.3148060387481,62.36914297123817,5.03584938131912,
PP,Producer Prices,36,Australia,5532,Producer Price (USD/tonne),21111.01,"Meat of cattle with the bone, fresh or chilled",2008,2008,7021,Annual value,USD,2646.4,A,Official figure,AUS,False,False,117.73787331863998,90.84433092873273,132.33661799232738,137.64181782223199,141.07285693456427,79.19536905542518,4.80642380862477,
PP,Producer Prices,36,Australia,5532,Producer Price (USD/tonne),21111.01,"Meat of cattle with the bone, fresh or chilled",2009,2009,7021,Annual value,USD,2500.4,A,Official figure,AUS,False,False,91.78785298482406,81.60267222893671,91.405730315563,97.1899325654129,94.42735946277953,112.2254832184969,5.59123716369561,
PP,Producer Prices,36,Australia,5532,Producer Price (USD/tonne),21111.01,"Meat of cattle with the bone, fresh or chilled",2010,2010,7021,Annual value,USD,2870.2,A,Official figure,AUS,False,False,106.87404108388505,91.39347096403203,111.89896716658724,107.49931237044449,121.95018353123997,131.72406046543753,5.30683575119913,
PP,Producer Prices,36,Australia,5532,Producer Price (USD/tonne),21111.01,"Meat of cattle with the bone, fresh or chilled",2011,2011,7021,Annual value,USD,3537.0,A,Official figure,AUS,False,False,131.77593256915614,105.02246669637043,129.89070190611824,142.15740841093506,156.4798891014947,160.90057382271044,5.14219569199562,
PP,Producer Prices,36,Australia,5532,Producer Price (USD/tonne),21111.01,"Meat of cattle with the bone, fresh or chilled",2012,2012,7021,Annual value,USD,3561.8,A,Official figure,AUS,False,False,122.75022327595461,104.69498650707051,111.65677557794167,137.3983528628098,138.30661545629084,133.31863424562349,5.05458500868273,
PP,Producer Prices,36,Australia,5532,Producer Price (USD/tonne),21111.01,"Meat of cattle with the bone, fresh or chilled",2013,2013,7021,Annual value,USD,3122.1,A,Official figure,AUS,False,False,120.14390446093925,106.21599274087434,140.90691300197804,129.1108717873773,119.49987300357218,109.45334619156017,5.68920960549791,
PP,Producer Prices,36,Australia,5532,Producer Price (USD/tonne),21111.01,"Meat of cattle with the bone, fresh or chilled",2014,2014,7021,Annual value,USD,2772.8,A,Official figure,AUS,False,False,114.98315043593857,112.11017428857667,130.20652445334494,115.8182908031581,110.6162614969274,105.19538929713728,6.19615490124291,
PP,Producer Prices,36,Australia,5532,Producer Price (USD/tonne),21111.01,"Meat of cattle with the bone, fresh or chilled",2015,2015,7021,Annual value,USD,2235.0,A,Official figure,AUS,False,False,93.0638125181246,96.78279749075053,87.1451487854646,95.87342014077292,89.94109402113435,83.1811851391223,6.56255914980785,
PP,Producer Prices,36,Australia,5532,Producer Price (USD/tonne),21111.01,"Meat of cattle with the bone, fresh or chilled",2020,2020,7021,Annual value,USD,4228.1,A,Official figure,AUS,False,False,98.05250486501859,95.316293513863,101.8142204334863,103.1167289201083,99.44353567977252,79.52871763805308,7.59766516403535,
PP,Producer Prices,36,Australia,5532,Producer Price (USD/tonne),21111.01,"Meat of cattle with the bone, fresh or chilled",2021,2021,7021,Annual value,USD,5233.9,A,Official figure,AUS,False,False,125.73406972850047,107.53442746784815,119.59735631930364,131.1533847436843,164.85113256482796,109.33464293018675,6.44421129042264,
PP,Producer Prices,36,Australia,5532,Producer Price (USD/tonne),21111.01,"Meat of cattle with the bone, fresh or chilled",2022,2022,7021,Annual value,USD,5348.9,A,Official figure,AUS,False,False,144.50986636550888,118.33551230992974,149.51050848913766,154.66510013039058,187.77977941529275,114.45579634923097,6.14945900451023,
PP,Producer Prices,36,Australia,5532,Producer Price (USD/tonne),21111.01,"Meat of cattle with the bone, fresh or chilled",2023,2023,7021,Annual value,USD,4013.4,A,Official figure,AUS,False,False,124.51966645168862,114.10852024490974,123.72456940111083,130.87805882527132,126.29144514063518,144.9803113652603,6.12272392365969,
PP,Producer Prices,36,Australia,5532,Producer Price (USD/tonne),21111.01,"Meat of cattle with the bone, fresh or chilled",2024,2024,7021,Annual value,USD,3521.9,A,Official figure,AUS,False,False,121.9819961575273,117.25906623977029,129.71297215949022,113.47684568733492,138.06843188494958,125.71292330063521,6.44767390132498,
PP,Producer Prices,36,Australia,5532,Producer Price (USD/tonne),21111.01b,"Meat of cattle with the bone, fresh or chilled (biological)",1991,1991,7021,Annual value,USD,856.9,A,Official figure,AUS,False,False,62.34528439011702,81.47466716487295,45.46032558544059,57.863819886673106,49.00795416086814,55.480617553691815,5.21988857452739,
PP,Producer Prices,36,Australia,5532,Producer Price (USD/tonne),21111.01b,"Meat of cattle with the bone, fresh or chilled (biological)",1992,1992,7021,Annual value,USD,779.9,A,Official figure,AUS,False,False,64.22555868464649,78.38728862271715,54.8015933451503,60.9576514895015,52.991996389394096,56.04274688194544,5.04326421093316,
PP,Producer Prices,36,Australia,5532,Producer Price (USD/tonne),21111.01b,"Meat of cattle with the bone, fresh or chilled (biological)",1993,1993,7021,Annual value,USD,699.7,A,Official figure,AUS,False,False,62.259404847966515,75.01403295972897,48.61651615517863,59.01858803408094,53.966480634247155,62.03019780031652,4.98707923344647,
PP,Producer Prices,36,Australia,5532,Producer Price (USD/tonne),21111.01b,"Meat of cattle with the bone, fresh or chilled (biological)",1994,1994,7021,Annual value,USD,859.8,A,Official figure,AUS,False,False,67.26054679350919,76.29710199787732,47.42020205529957,61.936823654585105,71.86775375736012,74.94370090074824,4.99933415639271,
PP,Producer Prices,36,Australia,5532,Producer Price (USD/tonne),21111.01b,"Meat of cattle with the bone, fresh or chilled (biological)",1995,1995,7021,Annual value,USD,819.1,A,Official figure,AUS,False,False,76.8287850116353,85.24932673337705,62.72510536671231,70.8474665240566,79.95838810789446,82.19981067004032,4.95654793299687,
PP,Producer Prices,36,Australia,5532,Producer Price (USD/tonne),21111.01b,"Meat of cattle with the bone, fresh or chilled (biological)",1996,1996,7021,Annual value,USD,716.0,A,Official figure,AUS,False,False,77.82086308655745,84.34557234442748,61.619550783954395,83.65592765127325,69.93519294281285,73.98962818765723,4.85290173072787,
PP,Producer Prices,36,Australia,5532,Producer Price (USD/tonne),21111.01b,"Meat of cattle with the bone, fresh or chilled (biological)",1997,1997,7021,Annual value,USD,644.2,A,Official figure,AUS,False,False,70.75682380399682,79.31706264103354,59.44728416757198,66.51116723257967,70.68473461622513,70.38581190707349,4.91017735786183,
PP,Producer Prices,36,Australia,5532,Producer Price (USD/tonne),21111.01b,"Meat of cattle with the bone, fresh or chilled (biological)",1998,1998,7021,Annual value,USD,608.7,A,Official figure,AUS,False,False,64.8237651326436,66.27116245186038,55.776184862258724,58.90385220966683,83.88543382429606,55.22279355165295,4.73775638168852,
PP,Producer Prices,36,Australia,5532,Producer Price (USD/tonne),21111.01b,"Meat of cattle with the bone, fresh or chilled (biological)",1999,1999,7021,Annual value,USD,662.0,A,Official figure,AUS,False,False,55.38494745729497,62.42928865091984,48.31192059218944,53.12085523046289,58.22698225943004,38.798878860400684,4.80438445813991,
PP,Producer Prices,36,Australia,5532,Producer Price (USD/tonne),21111.01b,"Meat of cattle with the bone, fresh or chilled (biological)",2000,2000,7021,Annual value,USD,672.0,A,Official figure,AUS,False,False,53.658254311091945,61.295380665724906,54.46468606873116,51.41600714746175,42.89305770905415,50.612781624475126,4.5542072874505,
PP,Producer Prices,36,Australia,5532,Producer Price (USD/tonne),21111.01b,"Meat of cattle with the bone, fresh or chilled (biological)",2001,2001,7021,Annual value,USD,722.5,A,Official figure,AUS,False,False,55.353759430433776,62.905581984538294,60.88469474046613,51.84540600513508,42.481465934354574,53.47099426092313,4.94222006021166,
PP,Producer Prices,36,Australia,5532,Producer Price (USD/tonne),21111.01b,"Meat of cattle with the bone, fresh or chilled (biological)",2002,2002,7021,Annual value,USD,880.2,A,Official figure,AUS,False,False,53.432698046969534,56.102316657369585,46.09884987045724,55.57542707086668,55.144333609249486,42.632850317668414,4.86917660836693,
PP,Producer Prices,36,Australia,5532,Producer Price (USD/tonne),21111.01b,"Meat of cattle with the bone, fresh or chilled (biological)",2003,2003,7021,Annual value,USD,913.2,A,Official figure,AUS,False,False,58.11559303636253,59.31684044946804,54.48407776395476,59.38331088130321,62.630981044686195,43.854657616127014,5.13440054748237,
PP,Producer Prices,36,Australia,5532,Producer Price (USD/tonne),21111.01b,"Meat of cattle with the bone, fresh or chilled (biological)",2004,2004,7021,Annual value,USD,1129.6,A,Official figure,AUS,False,False,65.89944729053757,68.6029390549955,69.84888089256499,64.00158065193195,69.61163025660183,44.346000561265534,4.80423147775813,
PP,Producer Prices,36,Australia,5532,Producer Price (USD/tonne),21111.01b,"Meat of cattle with the bone, fresh or chilled (biological)",2005,2005,7021,Annual value,USD,1309.7,A,Official figure,AUS,False,False,67.6467997866706,72.57908938487195,77.21006263097178,60.766594200041034,64.39872945308146,61.19575106393876,4.74464612990827,
PP,Producer Prices,36,Australia,5532,Producer Price (USD/tonne),21111.01b,"Meat of cattle with the bone, fresh or chilled (biological)",2006,2006,7021,Annual value,USD,1309.5,A,Official figure,AUS,False,False,72.85198153556445,71.39005672414655,73.05336517091054,71.22837696143655,70.5451171722111,91.39314395266837,4.77072459573134,
PP,Producer Prices,36,Australia,5532,Producer Price (USD/tonne),21111.01b,"Meat of cattle with the bone, fresh or chilled (biological)",2007,2007,7021,Annual value,USD,1406.6,A,Official figure,AUS,False,False,94.55025065074518,77.75672729408136,122.39946263841763,100.90811631831873,107.3148060387481,62.36914297123817,5.03584938131912,
PP,Producer Prices,36,Australia,5532,Producer Price (USD/tonne),21111.01b,"Meat of cattle with the bone, fresh or chilled (biological)",2008,2008,7021,Annual value,USD,1323.6,A,Official figure,AUS,False,False,117.73787331863998,90.84433092873273,132.33661799232738,137.64181782223199,141.07285693456427,79.19536905542518,4.80642380862477,
PP,Producer Prices,36,Australia,5532,Producer Price (USD/tonne),21111.01b,"Meat of cattle with the bone, fresh or chilled (biological)",2009,2009,7021,Annual value,USD,1250.2,A,Official figure,AUS,False,False,91.78785298482406,81.60267222893671,91.405730315563,97.1899325654129,94.42735946277953,112.2254832184969,5.59123716369561,
PP,Producer Prices,36,Australia,5532,Producer Price (USD/tonne),21111.01b,"Meat of cattle with the bone, fresh or chilled (biological)",2010,2010,7021,Annual value,USD,1435.6,A,Official figure,AUS,False,False,106.87404108388505,91.39347096403203,111.89896716658724,107.49931237044449,121.95018353123997,131.72406046543753,5.30683575119913,
PP,Producer Prices,36,Australia,5532,Producer Price (USD/tonne),21111.01b,"Meat of cattle with the bone, fresh or chilled (biological)",2011,2011,7021,Annual value,USD,1768.0,A,Official figure,AUS,False,False,131.77593256915614,105.02246669637043,129.89070190611824,142.15740841093506,156.4798891014947,160.90057382271044,5.14219569199562,
PP,Producer Prices,36,Australia,5532,Producer Price (USD/tonne),21111.01b,"Meat of cattle with the bone, fresh or chilled (biological)",2012,2012,7021,Annual value,USD,1780.9,A,Official figure,AUS,False,False,122.75022327595461,104.69498650707051,111.65677557794167,137.3983528628098,138.30661545629084,133.31863424562349,5.05458500868273,
PP,Producer Prices,36,Australia,5532,Producer Price (USD/tonne),21111.01b,"Meat of cattle with the bone, fresh or chilled (biological)",2013,2013,7021,Annual value,USD,1561.0,A,Official figure,AUS,False,False,120.14390446093925,106.21599274087434,140.90691300197804,129.1108717873773,119.49987300357218,109.45334619156017,5.68920960549791,
PP,Producer Prices,36,Australia,5532,Producer Price (USD/tonne),21111.01b,"Meat of cattle with the bone, fresh or chilled (biological)",2014,2014,7021,Annual value,USD,1438.7,A,Official figure,AUS,False,False,114.98315043593857,112.11017428857667,130.20652445334494,115.8182908031581,110.6162614969274,105.19538929713728,6.19615490124291,
PP,Producer Prices,36,Australia,5532,Producer Price (USD/tonne),21111.01b,"Meat of cattle with the bone, fresh or chilled (biological)",2015,2015,7021,Annual value,USD,1185.5,A,Official figure,AUS,False,False,93.0638125181246,96.78279749075053,87.1451487854646,95.87342014077292,89.94109402113435,83.1811851391223,6.56255914980785,
PP,Producer Prices,36,Australia,5532,Producer Price (USD/tonne),21121,"Meat of chickens, fresh or chilled",1991,1991,7021,Annual value,USD,1581.3,A,Official figure,AUS,False,False,62.34528439011702,81.47466716487295,45.46032558544059,57.863819886673106,49.00795416086814,55.480617553691815,5.21988857452739,
PP,Producer Prices,36,Australia,5532,Producer Price (USD/tonne),21121,"Meat of chickens, fresh or chilled",1992,1992,7021,Annual value,USD,1374.8,A,Official figure,AUS,False,False,64.22555868464649,78.38728862271715,54.8015933451503,60.9576514895015,52.991996389394096,56.04274688194544,5.04326421093316,
PP,Producer Prices,36,Australia,5532,Producer Price (USD/tonne),21121,"Meat of chickens, fresh or chilled",1993,1993,7021,Annual value,USD,1324.0,A,Official figure,AUS,False,False,62.259404847966515,75.01403295972897,48.61651615517863,59.01858803408094,53.966480634247155,62.03019780031652,4.98707923344647,
PP,Producer Prices,36,Australia,5532,Producer Price (USD/tonne),21121,"Meat of chickens, fresh or chilled",1994,1994,7021,Annual value,USD,1466.6,A,Official figure,AUS,False,False,67.26054679350919,76.29710199787732,47.42020205529957,61.936823654585105,71.86775375736012,74.94370090074824,4.99933415639271,
PP,Producer Prices,36,Australia,5532,Producer Price (USD/tonne),21121,"Meat of chickens, fresh or chilled",1995,1995,7021,Annual value,USD,1452.2,A,Official figure,AUS,False,False,76.8287850116353,85.24932673337705,62.72510536671231,70.8474665240566,79.95838810789446,82.19981067004032,4.95654793299687,
PP,Producer Prices,36,Australia,5532,Producer Price (USD/tonne),21121,"Meat of chickens, fresh or chilled",1996,1996,7021,Annual value,USD,1454.8,A,Official figure,AUS,False,False,77.82086308655745,84.34557234442748,61.619550783954395,83.65592765127325,69.93519294281285,73.98962818765723,4.85290173072787,
PP,Producer Prices,36,Australia,5532,Producer Price (USD/tonne),21121,"Meat of chickens, fresh or chilled",1997,1997,7021,Annual value,USD,1323.3,A,Official figure,AUS,False,False,70.75682380399682,79.31706264103354,59.44728416757198,66.51116723257967,70.68473461622513,70.38581190707349,4.91017735786183,
PP,Producer Prices,36,Australia,5532,Producer Price (USD/tonne),21121,"Meat of chickens, fresh or chilled",1998,1998,7021,Annual value,USD,1127.0,A,Official figure,AUS,False,False,64.8237651326436,66.27116245186038,55.776184862258724,58.90385220966683,83.88543382429606,55.22279355165295,4.73775638168852,
PP,Producer Prices,36,Australia,5532,Producer Price (USD/tonne),21121,"Meat of chickens, fresh or chilled",1999,1999,7021,Annual value,USD,1100.7,A,Official figure,AUS,False,False,55.38494745729497,62.42928865091984,48.31192059218944,53.12085523046289,58.22698225943004,38.798878860400684,4.80438445813991,
PP,Producer Prices,36,Australia,5532,Producer Price (USD/tonne),21121,"Meat of chickens, fresh or chilled",2000,2000,7021,Annual value,USD,929.9,A,Official figure,AUS,False,False,53.658254311091945,61.295380665724906,54.46468606873116,51.41600714746175,42.89305770905415,50.612781624475126,4.5542072874505,
PP,Producer Prices,36,Australia,5532,Producer Price (USD/tonne),21121,"Meat of chickens, fresh or chilled",2001,2001,7021,Annual value,USD,827.5,A,Official figure,AUS,False,False,55.353759430433776,62.905581984538294,60.88469474046613,51.84540600513508,42.481465934354574,53.47099426092313,4.94222006021166,
PP,Producer Prices,36,Australia,5532,Producer Price (USD/tonne),21121,"Meat of chickens, fresh or chilled",2002,2002,7021,Annual value,USD,897.0,A,Official figure,AUS,False,False,53.432698046969534,56.102316657369585,46.09884987045724,55.57542707086668,55.144333609249486,42.632850317668414,4.86917660836693,
PP,Producer Prices,36,Australia,5532,Producer Price (USD/tonne),21121,"Meat of chickens, fresh or chilled",2003,2003,7021,Annual value,USD,1120.0,A,Official figure,AUS,False,False,58.11559303636253,59.31684044946804,54.48407776395476,59.38331088130321,62.630981044686195,43.854657616127014,5.13440054748237,
PP,Producer Prices,36,Australia,5532,Producer Price (USD/tonne),21121,"Meat of chickens, fresh or chilled",2004,2004,7021,Annual value,USD,1356.9,A,Official figure,AUS,False,False,65.89944729053757,68.6029390549955,69.84888089256499,64.00158065193195,69.61163025660183,44.346000561265534,4.80423147775813,
PP,Producer Prices,36,Australia,5532,Producer Price (USD/tonne),21121,"Meat of chickens, fresh or chilled",2005,2005,7021,Annual value,USD,1309.7,A,Official figure,AUS,False,False,67.6467997866706,72.57908938487195,77.21006263097178,60.766594200041034,64.39872945308146,61.19575106393876,4.74464612990827,
PP,Producer Prices,36,Australia,5532,Producer Price (USD/tonne),21121,"Meat of chickens, fresh or chilled",2006,2006,7021,Annual value,USD,1189.8,A,Official figure,AUS,False,False,72.85198153556445,71.39005672414655,73.05336517091054,71.22837696143655,70.5451171722111,91.39314395266837,4.77072459573134,
PP,Producer Prices,36,Australia,5532,Producer Price (USD/tonne),21121,"Meat of chickens, fresh or chilled",2007,2007,7021,Annual value,USD,1333.8,A,Official figure,AUS,False,False,94.55025065074518,77.75672729408136,122.39946263841763,100.90811631831873,107.3148060387481,62.36914297123817,5.03584938131912,
PP,Producer Prices,36,Australia,5532,Producer Price (USD/tonne),21121,"Meat of chickens, fresh or chilled",2008,2008,7021,Annual value,USD,1709.5,A,Official figure,AUS,False,False,117.73787331863998,90.84433092873273,132.33661799232738,137.64181782223199,141.07285693456427,79.19536905542518,4.80642380862477,
PP,Producer Prices,36,Australia,5532,Producer Price (USD/tonne),21121,"Meat of chickens, fresh or chilled",2009,2009,7021,Annual value,USD,1746.2,A,Official figure,AUS,False,False,91.78785298482406,81.60267222893671,91.405730315563,97.1899325654129,94.42735946277953,112.2254832184969,5.59123716369561,
PP,Producer Prices,36,Australia,5532,Producer Price (USD/tonne),21121,"Meat of chickens, fresh or chilled",2010,2010,7021,Annual value,USD,1952.9,A,Official figure,AUS,False,False,106.87404108388505,91.39347096403203,111.89896716658724,107.49931237044449,121.95018353123997,131.72406046543753,5.30683575119913,
PP,Producer Prices,36,Australia,5532,Producer Price (USD/tonne),21121,"Meat of chickens, fresh or chilled",2011,2011,7021,Annual value,USD,2107.4,A,Official figure,AUS,False,False,131.77593256915614,105.02246669637043,129.89070190611824,142.15740841093506,156.4798891014947,160.90057382271044,5.14219569199562,
PP,Producer Prices,36,Australia,5532,Producer Price (USD/tonne),21121,"Meat of chickens, fresh or chilled",2012,2012,7021,Annual value,USD,2084.3,A,Official figure,AUS,False,False,122.75022327595461,104.69498650707051,111.65677557794167,137.3983528628098,138.30661545629084,133.31863424562349,5.05458500868273,
PP,Producer Prices,36,Australia,5532,Producer Price (USD/tonne),21121,"Meat of chickens, fresh or chilled",2013,2013,7021,Annual value,USD,1877.7,A,Official figure,AUS,False,False,120.14390446093925,106.21599274087434,140.90691300197804,129.1108717873773,119.49987300357218,109.45334619156017,5.68920960549791,
PP,Producer Prices,36,Australia,5532,Producer Price (USD/tonne),21121,"Meat of chickens, fresh or chilled",2014,2014,7021,Annual value,USD,1737.0,A,Official figure,AUS,False,False,114.98315043593857,112.11017428857667,130.20652445334494,115.8182908031581,110.6162614969274,105.19538929713728,6.19615490124291,
PP,Producer Prices,36,Australia,5532,Producer Price (USD/tonne),21121,"Meat of chickens, fresh or chilled",2015,2015,7021,Annual value,USD,1452.9,A,Official figure,AUS,False,False,93.0638125181246,96.78279749075053,87.1451487854646,95.87342014077292,89.94109402113435,83.1811851391223,6.56255914980785,
PP,Producer Prices,36,Australia,5532,Producer Price (USD/tonne),21121,"Meat of chickens, fresh or chilled",2020,2020,7021,Annual value,USD,1560.5,A,Official figure,AUS,False,False,98.05250486501859,95.316293513863,101.8142204334863,103.1167289201083,99.44353567977252,79.52871763805308,7.59766516403535,
PP,Producer Prices,36,Australia,5532,Producer Price (USD/tonne),21121,"Meat of chickens, fresh or chilled",2021,2021,7021,Annual value,USD,1701.2,A,Official figure,AUS,False,False,125.73406972850047,107.53442746784815,119.59735631930364,131.1533847436843,164.85113256482796,109.33464293018675,6.44421129042264,
PP,Producer Prices,36,Australia,5532,Producer Price (USD/tonne),21121,"Meat of chickens, fresh or chilled",2022,2022,7021,Annual value,USD,1615.9,A,Official figure,AUS,False,False,144.50986636550888,118.33551230992974,149.51050848913766,154.66510013039058,187.77977941529275,114.45579634923097,6.14945900451023,
PP,Producer Prices,36,Australia,5532,Producer Price (USD/tonne),21121,"Meat of chickens, fresh or chilled",2023,2023,7021,Annual value,USD,1682.1,A,Official figure,AUS,False,False,124.51966645168862,114.10852024490974,123.72456940111083,130.87805882527132,126.29144514063518,144.9803113652603,6.12272392365969,
PP,Producer Prices,36,Australia,5532,Producer Price (USD/tonne),21121,"Meat of chickens, fresh or chilled",2024,2024,7021,Annual value,USD,1829.3,A,Official figure,AUS,False,False,121.9819961575273,117.25906623977029,129.71297215949022,113.47684568733492,138.06843188494958,125.71292330063521,6.44767390132498,
PP,Producer Prices,36,Australia,5532,Producer Price (USD/tonne),21121b,"Meat of chickens, fresh or chilled (biological)",2003,2003,7021,Annual value,USD,784.1,A,Official figure,AUS,False,False,58.11559303636253,59.31684044946804,54.48407776395476,59.38331088130321,62.630981044686195,43.854657616127014,5.13440054748237,
PP,Producer Prices,36,Australia,5532,Producer Price (USD/tonne),21121b,"Meat of chickens, fresh or chilled (biological)",2004,2004,7021,Annual value,USD,950.2,A,Official figure,AUS,False,False,65.89944729053757,68.6029390549955,69.84888089256499,64.00158065193195,69.61163025660183,44.346000561265534,4.80423147775813,
PP,Producer Prices,36,Australia,5532,Producer Price (USD/tonne),21121b,"Meat of chickens, fresh or chilled (biological)",2005,2005,7021,Annual value,USD,916.4,A,Official figure,AUS,False,False,67.6467997866706,72.57908938487195,77.21006263097178,60.766594200041034,64.39872945308146,61.19575106393876,4.74464612990827,
PP,Producer Prices,36,Australia,5532,Producer Price (USD/tonne),21121b,"Meat of chickens, fresh or chilled (biological)",2006,2006,7021,Annual value,USD,796.7,A,Official figure,AUS,False,False,72.85198153556445,71.39005672414655,73.05336517091054,71.22837696143655,70.5451171722111,91.39314395266837,4.77072459573134,
PP,Producer Prices,36,Australia,5532,Producer Price (USD/tonne),21121b,"Meat of chickens, fresh or chilled (biological)",2007,2007,7021,Annual value,USD,893.7,A,Official figure,AUS,False,False,94.55025065074518,77.75672729408136,122.39946263841763,100.90811631831873,107.3148060387481,62.36914297123817,5.03584938131912,
PP,Producer Prices,36,Australia,5532,Producer Price (USD/tonne),21121b,"Meat of chickens, fresh or chilled (biological)",2008,2008,7021,Annual value,USD,1145.0,A,Official figure,AUS,False,False,117.73787331863998,90.84433092873273,132.33661799232738,137.64181782223199,141.07285693456427,79.19536905542518,4.80642380862477,
PP,Producer Prices,36,Australia,5532,Producer Price (USD/tonne),21121b,"Meat of chickens, fresh or chilled (biological)",2009,2009,7021,Annual value,USD,1164.4,A,Official figure,AUS,False,False,91.78785298482406,81.60267222893671,91.405730315563,97.1899325654129,94.42735946277953,112.2254832184969,5.59123716369561,
PP,Producer Prices,36,Australia,5532,Producer Price (USD/tonne),21121b,"Meat of chickens, fresh or chilled (biological)",2010,2010,7021,Annual value,USD,1308.1,A,Official figure,AUS,False,False,106.87404108388505,91.39347096403203,111.89896716658724,107.49931237044449,121.95018353123997,131.72406046543753,5.30683575119913,
PP,Producer Prices,36,Australia,5532,Producer Price (USD/tonne),21121b,"Meat of chickens, fresh or chilled (biological)",2011,2011,7021,Annual value,USD,1412.1,A,Official figure,AUS,False,False,131.77593256915614,105.02246669637043,129.89070190611824,142.15740841093506,156.4798891014947,160.90057382271044,5.14219569199562,
PP,Producer Prices,36,Australia,5532,Producer Price (USD/tonne),21121b,"Meat of chickens, fresh or chilled (biological)",2012,2012,7021,Annual value,USD,1396.8,A,Official figure,AUS,False,False,122.75022327595461,104.69498650707051,111.65677557794167,137.3983528628098,138.30661545629084,133.31863424562349,5.05458500868273,
PP,Producer Prices,36,Australia,5532,Producer Price (USD/tonne),21121b,"Meat of chickens, fresh or chilled (biological)",2013,2013,7021,Annual value,USD,1257.9,A,Official figure,AUS,False,False,120.14390446093925,106.21599274087434,140.90691300197804,129.1108717873773,119.49987300357218,109.45334619156017,5.68920960549791,
PP,Producer Prices,36,Australia,5532,Producer Price (USD/tonne),21121b,"Meat of chickens, fresh or chilled (biological)",2014,2014,7021,Annual value,USD,1168.2,A,Official figure,AUS,False,False,114.98315043593857,112.11017428857667,130.20652445334494,115.8182908031581,110.6162614969274,105.19538929713728,6.19615490124291,
PP,Producer Prices,36,Australia,5532,Producer Price (USD/tonne),21121b,"Meat of chickens, fresh or chilled (biological)",2015,2015,7021,Annual value,USD,899.3,A,Official figure,AUS,False,False,93.0638125181246,96.78279749075053,87.1451487854646,95.87342014077292,89.94109402113435,83.1811851391223,6.56255914980785,
PP,Producer Prices,36,Australia,5532,Producer Price (USD/tonne),21116,"Meat of goat, fresh or chilled",1997,1997,7021,Annual value,USD,749.6,A,Official figure,AUS,False,False,70.75682380399682,79.31706264103354,59.44728416757198,66.51116723257967,70.68473461622513,70.38581190707349,4.91017735786183,
PP,Producer Prices,36,Australia,5532,Producer Price (USD/tonne),21116,"Meat of goat, fresh or chilled",1998,1998,7021,Annual value,USD,1032.8,A,Official figure,AUS,False,False,64.8237651326436,66.27116245186038,55.776184862258724,58.90385220966683,83.88543382429606,55.22279355165295,4.73775638168852,
PP,Producer Prices,36,Australia,5532,Producer Price (USD/tonne),21116,"Meat of goat, fresh or chilled",1999,1999,7021,Annual value,USD,989.7,A,Official figure,AUS,False,False,55.38494745729497,62.42928865091984,48.31192059218944,53.12085523046289,58.22698225943004,38.798878860400684,4.80438445813991,
PP,Producer Prices,36,Australia,5532,Producer Price (USD/tonne),21116,"Meat of goat, fresh or chilled",2000,2000,7021,Annual value,USD,883.0,A,Official figure,AUS,False,False,53.658254311091945,61.295380665724906,54.46468606873116,51.41600714746175,42.89305770905415,50.612781624475126,4.5542072874505,
PP,Producer Prices,36,Australia,5532,Producer Price (USD/tonne),21116,"Meat of goat, fresh or chilled",2001,2001,7021,Annual value,USD,839.4,A,Official figure,AUS,False,False,55.353759430433776,62.905581984538294,60.88469474046613,51.84540600513508,42.481465934354574,53.47099426092313,4.94222006021166,
PP,Producer Prices,36,Australia,5532,Producer Price (USD/tonne),21116,"Meat of goat, fresh or chilled",2002,2002,7021,Annual value,USD,984.5,A,Official figure,AUS,False,False,53.432698046969534,56.102316657369585,46.09884987045724,55.57542707086668,55.144333609249486,42.632850317668414,4.86917660836693,
PP,Producer Prices,36,Australia,5532,Producer Price (USD/tonne),21116,"Meat of goat, fresh or chilled",2003,2003,7021,Annual value,USD,1087.6,A,Official figure,AUS,False,False,58.11559303636253,59.31684044946804,54.48407776395476,59.38331088130321,62.630981044686195,43.854657616127014,5.13440054748237,
PP,Producer Prices,36,Australia,5532,Producer Price (USD/tonne),21116,"Meat of goat, fresh or chilled",2004,2004,7021,Annual value,USD,1315.7,A,Official figure,AUS,False,False,65.89944729053757,68.6029390549955,69.84888089256499,64.00158065193195,69.61163025660183,44.346000561265534,4.80423147775813,
PP,Producer Prices,36,Australia,5532,Producer Price (USD/tonne),21116,"Meat of goat, fresh or chilled",2005,2005,7021,Annual value,USD,1483.8,A,Official figure,AUS,False,False,67.6467997866706,72.57908938487195,77.21006263097178,60.766594200041034,64.39872945308146,61.19575106393876,4.74464612990827,
PP,Producer Prices,36,Australia,5532,Producer Price (USD/tonne),21116,"Meat of goat, fresh or chilled",2006,2006,7021,Annual value,USD,1797.5,A,Official figure,AUS,False,False,72.85198153556445,71.39005672414655,73.05336517091054,71.22837696143655,70.5451171722111,91.39314395266837,4.77072459573134,
PP,Producer Prices,36,Australia,5532,Producer Price (USD/tonne),21116,"Meat of goat, fresh or chilled",2007,2007,7021,Annual value,USD,1877.7,A,Official figure,AUS,False,False,94.55025065074518,77.75672729408136,122.39946263841763,100.90811631831873,107.3148060387481,62.36914297123817,5.03584938131912,
PP,Producer Prices,36,Australia,5532,Producer Price (USD/tonne),21116,"Meat of goat, fresh or chilled",2008,2008,7021,Annual value,USD,1644.9,A,Official figure,AUS,False,False,117.73787331863998,90.84433092873273,132.33661799232738,137.64181782223199,141.07285693456427,79.19536905542518,4.80642380862477,
PP,Producer Prices,36,Australia,5532,Producer Price (USD/tonne),21116,"Meat of goat, fresh or chilled",2009,2009,7021,Annual value,USD,1403.1,A,Official figure,AUS,False,False,91.78785298482406,81.60267222893671,91.405730315563,97.1899325654129,94.42735946277953,112.2254832184969,5.59123716369561,
PP,Producer Prices,36,Australia,5532,Producer Price (USD/tonne),21116,"Meat of goat, fresh or chilled",2010,2010,7021,Annual value,USD,2072.2,A,Official figure,AUS,False,False,106.87404108388505,91.39347096403203,111.89896716658724,107.49931237044449,121.95018353123997,131.72406046543753,5.30683575119913,
PP,Producer Prices,36,Australia,5532,Producer Price (USD/tonne),21116,"Meat of goat, fresh or chilled",2011,2011,7021,Annual value,USD,3420.4,A,Official figure,AUS,False,False,131.77593256915614,105.02246669637043,129.89070190611824,142.15740841093506,156.4798891014947,160.90057382271044,5.14219569199562,
PP,Producer Prices,36,Australia,5532,Producer Price (USD/tonne),21116,"Meat of goat, fresh or chilled",2012,2012,7021,Annual value,USD,2745.9,A,Official figure,AUS,False,False,122.75022327595461,104.69498650707051,111.65677557794167,137.3983528628098,138.30661545629084,133.31863424562349,5.05458500868273,
PP,Producer Prices,36,Australia,5532,Producer Price (USD/tonne),21116b,"Meat of goat, fresh or chilled (biological)",1997,1997,7021,Annual value,USD,374.8,A,Official figure,AUS,False,False,70.75682380399682,79.31706264103354,59.44728416757198,66.51116723257967,70.68473461622513,70.38581190707349,4.91017735786183,
PP,Producer Prices,36,Australia,5532,Producer Price (USD/tonne),21116b,"Meat of goat, fresh or chilled (biological)",1998,1998,7021,Annual value,USD,516.4,A,Official figure,AUS,False,False,64.8237651326436,66.27116245186038,55.776184862258724,58.90385220966683,83.88543382429606,55.22279355165295,4.73775638168852,
PP,Producer Prices,36,Australia,5532,Producer Price (USD/tonne),21116b,"Meat of goat, fresh or chilled (biological)",1999,1999,7021,Annual value,USD,494.9,A,Official figure,AUS,False,False,55.38494745729497,62.42928865091984,48.31192059218944,53.12085523046289,58.22698225943004,38.798878860400684,4.80438445813991,
PP,Producer Prices,36,Australia,5532,Producer Price (USD/tonne),21116b,"Meat of goat, fresh or chilled (biological)",2000,2000,7021,Annual value,USD,441.8,A,Official figure,AUS,False,False,53.658254311091945,61.295380665724906,54.46468606873116,51.41600714746175,42.89305770905415,50.612781624475126,4.5542072874505,
PP,Producer Prices,36,Australia,5532,Producer Price (USD/tonne),21116b,"Meat of goat, fresh or chilled (biological)",2001,2001,7021,Annual value,USD,420.0,A,Official figure,AUS,False,False,55.353759430433776,62.905581984538294,60.88469474046613,51.84540600513508,42.481465934354574,53.47099426092313,4.94222006021166,
PP,Producer Prices,36,Australia,5532,Producer Price (USD/tonne),21116b,"Meat of goat, fresh or chilled (biological)",2002,2002,7021,Annual value,USD,492.2,A,Official figure,AUS,False,False,53.432698046969534,56.102316657369585,46.09884987045724,55.57542707086668,55.144333609249486,42.632850317668414,4.86917660836693,
PP,Producer Prices,36,Australia,5532,Producer Price (USD/tonne),21116b,"Meat of goat, fresh or chilled (biological)",2003,2003,7021,Annual value,USD,543.5,A,Official figure,AUS,False,False,58.11559303636253,59.31684044946804,54.48407776395476,59.38331088130321,62.630981044686195,43.854657616127014,5.13440054748237,
PP,Producer Prices,36,Australia,5532,Producer Price (USD/tonne),21116b,"Meat of goat, fresh or chilled (biological)",2004,2004,7021,Annual value,USD,657.5,A,Official figure,AUS,False,False,65.89944729053757,68.6029390549955,69.84888089256499,64.00158065193195,69.61163025660183,44.346000561265534,4.80423147775813,
PP,Producer Prices,36,Australia,5532,Producer Price (USD/tonne),21116b,"Meat of goat, fresh or chilled (biological)",2005,2005,7021,Annual value,USD,741.5,A,Official figure,AUS,False,False,67.6467997866706,72.57908938487195,77.21006263097178,60.766594200041034,64.39872945308146,61.19575106393876,4.74464612990827,
PP,Producer Prices,36,Australia,5532,Producer Price (USD/tonne),21116b,"Meat of goat, fresh or chilled (biological)",2006,2006,7021,Annual value,USD,899.1,A,Official figure,AUS,False,False,72.85198153556445,71.39005672414655,73.05336517091054,71.22837696143655,70.5451171722111,91.39314395266837,4.77072459573134,
PP,Producer Prices,36,Australia,5532,Producer Price (USD/tonne),21116b,"Meat of goat, fresh or chilled (biological)",2007,2007,7021,Annual value,USD,938.9,A,Official figure,AUS,False,False,94.55025065074518,77.75672729408136,122.39946263841763,100.90811631831873,107.3148060387481,62.36914297123817,5.03584938131912,
PP,Producer Prices,36,Australia,5532,Producer Price (USD/tonne),21116b,"Meat of goat, fresh or chilled (biological)",2008,2008,7021,Annual value,USD,822.9,A,Official figure,AUS,False,False,117.73787331863998,90.84433092873273,132.33661799232738,137.64181782223199,141.07285693456427,79.19536905542518,4.80642380862477,
PP,Producer Prices,36,Australia,5532,Producer Price (USD/tonne),21116b,"Meat of goat, fresh or chilled (biological)",2009,2009,7021,Annual value,USD,697.2,A,Official figure,AUS,False,False,91.78785298482406,81.60267222893671,91.405730315563,97.1899325654129,94.42735946277953,112.2254832184969,5.59123716369561,
PP,Producer Prices,36,Australia,5532,Producer Price (USD/tonne),21116b,"Meat of goat, fresh or chilled (biological)",2010,2010,7021,Annual value,USD,1036.5,A,Official figure,AUS,False,False,106.87404108388505,91.39347096403203,111.89896716658724,107.49931237044449,121.95018353123997,131.72406046543753,5.30683575119913,
PP,Producer Prices,36,Australia,5532,Producer Price (USD/tonne),21116b,"Meat of goat, fresh or chilled (biological)",2011,2011,7021,Annual value,USD,1710.2,A,Official figure,AUS,False,False,131.77593256915614,105.02246669637043,129.89070190611824,142.15740841093506,156.4798891014947,160.90057382271044,5.14219569199562,
PP,Producer Prices,36,Australia,5532,Producer Price (USD/tonne),21116b,"Meat of goat, fresh or chilled (biological)",2012,2012,7021,Annual value,USD,1373.0,A,Official figure,AUS,False,False,122.75022327595461,104.69498650707051,111.65677557794167,137.3983528628098,138.30661545629084,133.31863424562349,5.05458500868273,
PP,Producer Prices,36,Australia,5532,Producer Price (USD/tonne),21113.01,"Meat of pig with the bone, fresh or chilled",1991,1991,7021,Annual value,USD,1724.6,A,Official figure,AUS,False,False,62.34528439011702,81.47466716487295,45.46032558544059,57.863819886673106,49.00795416086814,55.480617553691815,5.21988857452739,
PP,Producer Prices,36,Australia,5532,Producer Price (USD/tonne),21113.01,"Meat of pig with the bone, fresh or chilled",1992,1992,7021,Annual value,USD,1440.2,A,Official figure,AUS,False,False,64.22555868464649,78.38728862271715,54.8015933451503,60.9576514895015,52.991996389394096,56.04274688194544,5.04326421093316,
PP,Producer Prices,36,Australia,5532,Producer Price (USD/tonne),21113.01,"Meat of pig with the bone, fresh or chilled",1993,1993,7021,Annual value,USD,1300.2,A,Official figure,AUS,False,False,62.259404847966515,75.01403295972897,48.61651615517863,59.01858803408094,53.966480634247155,62.03019780031652,4.98707923344647,
PP,Producer Prices,36,Australia,5532,Producer Price (USD/tonne),21113.01,"Meat of pig with the bone, fresh or chilled",1994,1994,7021,Annual value,USD,1356.2,A,Official figure,AUS,False,False,67.26054679350919,76.29710199787732,47.42020205529957,61.936823654585105,71.86775375736012,74.94370090074824,4.99933415639271,
PP,Producer Prices,36,Australia,5532,Producer Price (USD/tonne),21113.01,"Meat of pig with the bone, fresh or chilled",1995,1995,7021,Annual value,USD,1278.7,A,Official figure,AUS,False,False,76.8287850116353,85.24932673337705,62.72510536671231,70.8474665240566,79.95838810789446,82.19981067004032,4.95654793299687,
PP,Producer Prices,36,Australia,5532,Producer Price (USD/tonne),21113.01,"Meat of pig with the bone, fresh or chilled",1996,1996,7021,Annual value,USD,1325.7,A,Official figure,AUS,False,False,77.82086308655745,84.34557234442748,61.619550783954395,83.65592765127325,69.93519294281285,73.98962818765723,4.85290173072787,
PP,Producer Prices,36,Australia,5532,Producer Price (USD/tonne),21113.01,"Meat of pig with the bone, fresh or chilled",1997,1997,7021,Annual value,USD,1697.4,A,Official figure,AUS,False,False,70.75682380399682,79.31706264103354,59.44728416757198,66.51116723257967,70.68473461622513,70.38581190707349,4.91017735786183,
PP,Producer Prices,36,Australia,5532,Producer Price (USD/tonne),21113.01,"Meat of pig with the bone, fresh or chilled",1998,1998,7021,Annual value,USD,1242.0,A,Official figure,AUS,False,False,64.8237651326436,66.27116245186038,55.776184862258724,58.90385220966683,83.88543382429606,55.22279355165295,4.73775638168852,
PP,Producer Prices,36,Australia,5532,Producer Price (USD/tonne),21113.01,"Meat of pig with the bone, fresh or chilled",1999,1999,7021,Annual value,USD,1202.0,A,Official figure,AUS,False,False,55.38494745729497,62.42928865091984,48.31192059218944,53.12085523046289,58.22698225943004,38.798878860400684,4.80438445813991,
PP,Producer Prices,36,Australia,5532,Producer Price (USD/tonne),21113.01,"Meat of pig with the bone, fresh or chilled",2000,2000,7021,Annual value,USD,1263.3,A,Official figure,AUS,False,False,53.658254311091945,61.295380665724906,54.46468606873116,51.41600714746175,42.89305770905415,50.612781624475126,4.5542072874505,
PP,Producer Prices,36,Australia,5532,Producer Price (USD/tonne),21113.01,"Meat of pig with the bone, fresh or chilled",2001,2001,7021,Annual value,USD,1163.2,A,Official figure,AUS,False,False,55.353759430433776,62.905581984538294,60.88469474046613,51.84540600513508,42.481465934354574,53.47099426092313,4.94222006021166,
PP,Producer Prices,36,Australia,5532,Producer Price (USD/tonne),21113.01,"Meat of pig with the bone, fresh or chilled",2002,2002,7021,Annual value,USD,1327.3,A,Official figure,AUS,False,False,53.432698046969534,56.102316657369585,46.09884987045724,55.57542707086668,55.144333609249486,42.632850317668414,4.86917660836693,
PP,Producer Prices,36,Australia,5532,Producer Price (USD/tonne),21113.01,"Meat of pig with the bone, fresh or chilled",2003,2003,7021,Annual value,USD,1406.7,A,Official figure,AUS,False,False,58.11559303636253,59.31684044946804,54.48407776395476,59.38331088130321,62.630981044686195,43.854657616127014,5.13440054748237,
PP,Producer Prices,36,Australia,5532,Producer Price (USD/tonne),21113.01,"Meat of pig with the bone, fresh or chilled",2004,2004,7021,Annual value,USD,1591.5,A,Official figure,AUS,False,False,65.89944729053757,68.6029390549955,69.84888089256499,64.00158065193195,69.61163025660183,44.346000561265534,4.80423147775813,
PP,Producer Prices,36,Australia,5532,Producer Price (USD/tonne),21113.01,"Meat of pig with the bone, fresh or chilled",2005,2005,7021,Annual value,USD,1777.8,A,Official figure,AUS,False,False,67.6467997866706,72.57908938487195,77.21006263097178,60.766594200041034,64.39872945308146,61.19575106393876,4.74464612990827,
PP,Producer Prices,36,Australia,5532,Producer Price (USD/tonne),21113.01,"Meat of pig with the bone, fresh or chilled",2006,2006,7021,Annual value,USD,1722.9,A,Official figure,AUS,False,False,72.85198153556445,71.39005672414655,73.05336517091054,71.22837696143655,70.5451171722111,91.39314395266837,4.77072459573134,
PP,Producer Prices,36,Australia,5532,Producer Price (USD/tonne),21113.01,"Meat of pig with the bone, fresh or chilled",2007,2007,7021,Annual value,USD,2067.7,A,Official figure,AUS,False,False,94.55025065074518,77.75672729408136,122.39946263841763,100.90811631831873,107.3148060387481,62.36914297123817,5.03584938131912,
PP,Producer Prices,36,Australia,5532,Producer Price (USD/tonne),21113.01,"Meat of pig with the bone, fresh or chilled",2008,2008,7021,Annual value,USD,2002.2,A,Official figure,AUS,False,False,117.73787331863998,90.84433092873273,132.33661799232738,137.64181782223199,141.07285693456427,79.19536905542518,4.80642380862477,
PP,Producer Prices,36,Australia,5532,Producer Price (USD/tonne),21113.01,"Meat of pig with the bone, fresh or chilled",2009,2009,7021,Annual value,USD,2324.9,A,Official figure,AUS,False,False,91.78785298482406,81.60267222893671,91.405730315563,97.1899325654129,94.42735946277953,112.2254832184969,5.59123716369561,
PP,Producer Prices,36,Australia,5532,Producer Price (USD/tonne),21113.01,"Meat of pig with the bone, fresh or chilled",2010,2010,7021,Annual value,USD,2648.2,A,Official figure,AUS,False,False,106.87404108388505,91.39347096403203,111.89896716658724,107.49931237044449,121.95018353123997,131.72406046543753,5.30683575119913,
PP,Producer Prices,36,Australia,5532,Producer Price (USD/tonne),21113.01,"Meat of pig with the bone, fresh or chilled",2011,2011,7021,Annual value,USD,2771.6,A,Official figure,AUS,False,False,131.77593256915614,105.02246669637043,129.89070190611824,142.15740841093506,156.4798891014947,160.90057382271044,5.14219569199562,
PP,Producer Prices,36,Australia,5532,Producer Price (USD/tonne),21113.01,"Meat of pig with the bone, fresh or chilled",2012,2012,7021,Annual value,USD,2758.3,A,Official figure,AUS,False,False,122.75022327595461,104.69498650707051,111.65677557794167,137.3983528628098,138.30661545629084,133.31863424562349,5.05458500868273,
PP,Producer Prices,36,Australia,5532,Producer Price (USD/tonne),21113.01,"Meat of pig with the bone, fresh or chilled",2013,2013,7021,Annual value,USD,2533.2,A,Official figure,AUS,False,False,120.14390446093925,106.21599274087434,140.90691300197804,129.1108717873773,119.49987300357218,109.45334619156017,5.68920960549791,
PP,Producer Prices,36,Australia,5532,Producer Price (USD/tonne),21113.01,"Meat of pig with the bone, fresh or chilled",2014,2014,7021,Annual value,USD,2370.7,A,Official figure,AUS,False,False,114.98315043593857,112.11017428857667,130.20652445334494,115.8182908031581,110.6162614969274,105.19538929713728,6.19615490124291,
PP,Producer Prices,36,Australia,5532,Producer Price (USD/tonne),21113.01,"Meat of pig with the bone, fresh or chilled",2015,2015,7021,Annual value,USD,1955.5,A,Official figure,AUS,False,False,93.0638125181246,96.78279749075053,87.1451487854646,95.87342014077292,89.94109402113435,83.1811851391223,6.56255914980785,
PP,Producer Prices,36,Australia,5532,Producer Price (USD/tonne),21113.01,"Meat of pig with the bone, fresh or chilled",2020,2020,7021,Annual value,USD,2596.0,A,Official figure,AUS,False,False,98.05250486501859,95.316293513863,101.8142204334863,103.1167289201083,99.44353567977252,79.52871763805308,7.59766516403535,
PP,Producer Prices,36,Australia,5532,Producer Price (USD/tonne),21113.01,"Meat of pig with the bone, fresh or chilled",2021,2021,7021,Annual value,USD,2705.1,A,Official figure,AUS,False,False,125.73406972850047,107.53442746784815,119.59735631930364,131.1533847436843,164.85113256482796,109.33464293018675,6.44421129042264,
PP,Producer Prices,36,Australia,5532,Producer Price (USD/tonne),21113.01,"Meat of pig with the bone, fresh or chilled",2022,2022,7021,Annual value,USD,2475.2,A,Official figure,AUS,False,False,144.50986636550888,118.33551230992974,149.51050848913766,154.66510013039058,187.77977941529275,114.45579634923097,6.14945900451023,
PP,Producer Prices,36,Australia,5532,Producer Price (USD/tonne),21113.01,"Meat of pig with the bone, fresh or chilled",2023,2023,7021,Annual value,USD,2173.8,A,Official figure,AUS,False,False,124.51966645168862,114.10852024490974,123.72456940111083,130.87805882527132,126.29144514063518,144.9803113652603,6.12272392365969,
PP,Producer Prices,36,Australia,5532,Producer Price (USD/tonne),21113.01,"Meat of pig with the bone, fresh or chilled",2024,2024,7021,Annual value,USD,2358.7,A,Official figure,AUS,False,False,121.9819961575273,117.25906623977029,129.71297215949022,113.47684568733492,138.06843188494958,125.71292330063521,6.44767390132498,
PP,Producer Prices,36,Australia,5532,Producer Price (USD/tonne),21113.01b,"Meat of pig with the bone, fresh or chilled (biological)",2003,2003,7021,Annual value,USD,942.3,A,Official figure,AUS,False,False,58.11559303636253,59.31684044946804,54.48407776395476,59.38331088130321,62.630981044686195,43.854657616127014,5.13440054748237,
PP,Producer Prices,36,Australia,5532,Producer Price (USD/tonne),21113.01b,"Meat of pig with the bone, fresh or chilled (biological)",2004,2004,7021,Annual value,USD,1066.4,A,Official figure,AUS,False,False,65.89944729053757,68.6029390549955,69.84888089256499,64.00158065193195,69.61163025660183,44.346000561265534,4.80423147775813,
PP,Producer Prices,36,Australia,5532,Producer Price (USD/tonne),21113.01b,"Meat of pig with the bone, fresh or chilled (biological)",2005,2005,7021,Annual value,USD,1191.3,A,Official figure,AUS,False,False,67.6467997866706,72.57908938487195,77.21006263097178,60.766594200041034,64.39872945308146,61.19575106393876,4.74464612990827,
PP,Producer Prices,36,Australia,5532,Producer Price (USD/tonne),21113.01b,"Meat of pig with the bone, fresh or chilled (biological)",2006,2006,7021,Annual value,USD,1154.4,A,Official figure,AUS,False,False,72.85198153556445,71.39005672414655,73.05336517091054,71.22837696143655,70.5451171722111,91.39314395266837,4.77072459573134,
PP,Producer Prices,36,Australia,5532,Producer Price (USD/tonne),21113.01b,"Meat of pig with the bone, fresh or chilled (biological)",2007,2007,7021,Annual value,USD,1384.9,A,Official figure,AUS,False,False,94.55025065074518,77.75672729408136,122.39946263841763,100.90811631831873,107.3148060387481,62.36914297123817,5.03584938131912,
PP,Producer Prices,36,Australia,5532,Producer Price (USD/tonne),21113.01b,"Meat of pig with the bone, fresh or chilled (biological)",2008,2008,7021,Annual value,USD,1342.1,A,Official figure,AUS,False,False,117.73787331863998,90.84433092873273,132.33661799232738,137.64181782223199,141.07285693456427,79.19536905542518,4.80642380862477,
PP,Producer Prices,36,Australia,5532,Producer Price (USD/tonne),21113.01b,"Meat of pig with the bone, fresh or chilled (biological)",2009,2009,7021,Annual value,USD,1557.5,A,Official figure,AUS,False,False,91.78785298482406,81.60267222893671,91.405730315563,97.1899325654129,94.42735946277953,112.2254832184969,5.59123716369561,
PP,Producer Prices,36,Australia,5532,Producer Price (USD/tonne),21113.01b,"Meat of pig with the bone, fresh or chilled (biological)",2010,2010,7021,Annual value,USD,1774.1,A,Official figure,AUS,False,False,106.87404108388505,91.39347096403203,111.89896716658724,107.49931237044449,121.95018353123997,131.72406046543753,5.30683575119913,
PP,Producer Prices,36,Australia,5532,Producer Price (USD/tonne),21113.01b,"Meat of pig with the bone, fresh or chilled (biological)",2011,2011,7021,Annual value,USD,1856.7,A,Official figure,AUS,False,False,131.77593256915614,105.02246669637043,129.89070190611824,142.15740841093506,156.4798891014947,160.90057382271044,5.14219569199562,
PP,Producer Prices,36,Australia,5532,Producer Price (USD/tonne),21113.01b,"Meat of pig with the bone, fresh or chilled (biological)",2012,2012,7021,Annual value,USD,1848.2,A,Official figure,AUS,False,False,122.75022327595461,104.69498650707051,111.65677557794167,137.3983528628098,138.30661545629084,133.31863424562349,5.05458500868273,
PP,Producer Prices,36,Australia,5532,Producer Price (USD/tonne),21113.01b,"Meat of pig with the bone, fresh or chilled (biological)",2013,2013,7021,Annual value,USD,1697.2,A,Official figure,AUS,False,False,120.14390446093925,106.21599274087434,140.90691300197804,129.1108717873773,119.49987300357218,109.45334619156017,5.68920960549791,
PP,Producer Prices,36,Australia,5532,Producer Price (USD/tonne),21113.01b,"Meat of pig with the bone, fresh or chilled (biological)",2014,2014,7021,Annual value,USD,1557.7,A,Official figure,AUS,False,False,114.98315043593857,112.11017428857667,130.20652445334494,115.8182908031581,110.6162614969274,105.19538929713728,6.19615490124291,
PP,Producer Prices,36,Australia,5532,Producer Price (USD/tonne),21113.01b,"Meat of pig with the bone, fresh or chilled (biological)",2015,2015,7021,Annual value,USD,1287.7,A,Official figure,AUS,False,False,93.0638125181246,96.78279749075053,87.1451487854646,95.87342014077292,89.94109402113435,83.1811851391223,6.56255914980785,
PP,Producer Prices,36,Australia,5532,Producer Price (USD/tonne),21115,"Meat of sheep, fresh or chilled",1991,1991,7021,Annual value,USD,849.1,A,Official figure,AUS,False,False,62.34528439011702,81.47466716487295,45.46032558544059,57.863819886673106,49.00795416086814,55.480617553691815,5.21988857452739,
PP,Producer Prices,36,Australia,5532,Producer Price (USD/tonne),21115,"Meat of sheep, fresh or chilled",1992,1992,7021,Annual value,USD,1014.9,A,Official figure,AUS,False,False,64.22555868464649,78.38728862271715,54.8015933451503,60.9576514895015,52.991996389394096,56.04274688194544,5.04326421093316,
PP,Producer Prices,36,Australia,5532,Producer Price (USD/tonne),21115,"Meat of sheep, fresh or chilled",1993,1993,7021,Annual value,USD,582.8,A,Official figure,AUS,False,False,62.259404847966515,75.01403295972897,48.61651615517863,59.01858803408094,53.966480634247155,62.03019780031652,4.98707923344647,
PP,Producer Prices,36,Australia,5532,Producer Price (USD/tonne),21115,"Meat of sheep, fresh or chilled",1994,1994,7021,Annual value,USD,712.1,A,Official figure,AUS,False,False,67.26054679350919,76.29710199787732,47.42020205529957,61.936823654585105,71.86775375736012,74.94370090074824,4.99933415639271,
PP,Producer Prices,36,Australia,5532,Producer Price (USD/tonne),21115,"Meat of sheep, fresh or chilled",1995,1995,7021,Annual value,USD,758.3,A,Official figure,AUS,False,False,76.8287850116353,85.24932673337705,62.72510536671231,70.8474665240566,79.95838810789446,82.19981067004032,4.95654793299687,
PP,Producer Prices,36,Australia,5532,Producer Price (USD/tonne),21115,"Meat of sheep, fresh or chilled",1996,1996,7021,Annual value,USD,1083.8,A,Official figure,AUS,False,False,77.82086308655745,84.34557234442748,61.619550783954395,83.65592765127325,69.93519294281285,73.98962818765723,4.85290173072787,
PP,Producer Prices,36,Australia,5532,Producer Price (USD/tonne),21115,"Meat of sheep, fresh or chilled",1997,1997,7021,Annual value,USD,1096.2,A,Official figure,AUS,False,False,70.75682380399682,79.31706264103354,59.44728416757198,66.51116723257967,70.68473461622513,70.38581190707349,4.91017735786183,
PP,Producer Prices,36,Australia,5532,Producer Price (USD/tonne),21115,"Meat of sheep, fresh or chilled",1998,1998,7021,Annual value,USD,883.9,A,Official figure,AUS,False,False,64.8237651326436,66.27116245186038,55.776184862258724,58.90385220966683,83.88543382429606,55.22279355165295,4.73775638168852,
PP,Producer Prices,36,Australia,5532,Producer Price (USD/tonne),21115,"Meat of sheep, fresh or chilled",1999,1999,7021,Annual value,USD,888.4,A,Official figure,AUS,False,False,55.38494745729497,62.42928865091984,48.31192059218944,53.12085523046289,58.22698225943004,38.798878860400684,4.80438445813991,
PP,Producer Prices,36,Australia,5532,Producer Price (USD/tonne),21115,"Meat of sheep, fresh or chilled",2000,2000,7021,Annual value,USD,739.2,A,Official figure,AUS,False,False,53.658254311091945,61.295380665724906,54.46468606873116,51.41600714746175,42.89305770905415,50.612781624475126,4.5542072874505,
PP,Producer Prices,36,Australia,5532,Producer Price (USD/tonne),21115,"Meat of sheep, fresh or chilled",2001,2001,7021,Annual value,USD,821.9,A,Official figure,AUS,False,False,55.353759430433776,62.905581984538294,60.88469474046613,51.84540600513508,42.481465934354574,53.47099426092313,4.94222006021166,
PP,Producer Prices,36,Australia,5532,Producer Price (USD/tonne),21115,"Meat of sheep, fresh or chilled",2002,2002,7021,Annual value,USD,1448.5,A,Official figure,AUS,False,False,53.432698046969534,56.102316657369585,46.09884987045724,55.57542707086668,55.144333609249486,42.632850317668414,4.86917660836693,
PP,Producer Prices,36,Australia,5532,Producer Price (USD/tonne),21115,"Meat of sheep, fresh or chilled",2003,2003,7021,Annual value,USD,1759.5,A,Official figure,AUS,False,False,58.11559303636253,59.31684044946804,54.48407776395476,59.38331088130321,62.630981044686195,43.854657616127014,5.13440054748237,
PP,Producer Prices,36,Australia,5532,Producer Price (USD/tonne),21115,"Meat of sheep, fresh or chilled",2004,2004,7021,Annual value,USD,2318.8,A,Official figure,AUS,False,False,65.89944729053757,68.6029390549955,69.84888089256499,64.00158065193195,69.61163025660183,44.346000561265534,4.80423147775813,
PP,Producer Prices,36,Australia,5532,Producer Price (USD/tonne),21115,"Meat of sheep, fresh or chilled",2005,2005,7021,Annual value,USD,2245.2,A,Official figure,AUS,False,False,67.6467997866706,72.57908938487195,77.21006263097178,60.766594200041034,64.39872945308146,61.19575106393876,4.74464612990827,
PP,Producer Prices,36,Australia,5532,Producer Price (USD/tonne),21115,"Meat of sheep, fresh or chilled",2006,2006,7021,Annual value,USD,2184.5,A,Official figure,AUS,False,False,72.85198153556445,71.39005672414655,73.05336517091054,71.22837696143655,70.5451171722111,91.39314395266837,4.77072459573134,
PP,Producer Prices,36,Australia,5532,Producer Price (USD/tonne),21115,"Meat of sheep, fresh or chilled",2007,2007,7021,Annual value,USD,2162.2,A,Official figure,AUS,False,False,94.55025065074518,77.75672729408136,122.39946263841763,100.90811631831873,107.3148060387481,62.36914297123817,5.03584938131912,
PP,Producer Prices,36,Australia,5532,Producer Price (USD/tonne),21115,"Meat of sheep, fresh or chilled",2008,2008,7021,Annual value,USD,2273.1,A,Official figure,AUS,False,False,117.73787331863998,90.84433092873273,132.33661799232738,137.64181782223199,141.07285693456427,79.19536905542518,4.80642380862477,
PP,Producer Prices,36,Australia,5532,Producer Price (USD/tonne),21115,"Meat of sheep, fresh or chilled",2009,2009,7021,Annual value,USD,2546.4,A,Official figure,AUS,False,False,91.78785298482406,81.60267222893671,91.405730315563,97.1899325654129,94.42735946277953,112.2254832184969,5.59123716369561,
PP,Producer Prices,36,Australia,5532,Producer Price (USD/tonne),21115,"Meat of sheep, fresh or chilled",2010,2010,7021,Annual value,USD,3580.2,A,Official figure,AUS,False,False,106.87404108388505,91.39347096403203,111.89896716658724,107.49931237044449,121.95018353123997,131.72406046543753,5.30683575119913,
PP,Producer Prices,36,Australia,5532,Producer Price (USD/tonne),21115,"Meat of sheep, fresh or chilled",2011,2011,7021,Annual value,USD,5038.9,A,Official figure,AUS,False,False,131.77593256915614,105.02246669637043,129.89070190611824,142.15740841093506,156.4798891014947,160.90057382271044,5.14219569199562,
PP,Producer Prices,36,Australia,5532,Producer Price (USD/tonne),21115,"Meat of sheep, fresh or chilled",2012,2012,7021,Annual value,USD,4907.8,A,Official figure,AUS,False,False,122.75022327595461,104.69498650707051,111.65677557794167,137.3983528628098,138.30661545629084,133.31863424562349,5.05458500868273,
PP,Producer Prices,36,Australia,5532,Producer Price (USD/tonne),21115,"Meat of sheep, fresh or chilled",2013,2013,7021,Annual value,USD,3043.9,A,Official figure,AUS,False,False,120.14390446093925,106.21599274087434,140.90691300197804,129.1108717873773,119.49987300357218,109.45334619156017,5.68920960549791,
PP,Producer Prices,36,Australia,5532,Producer Price (USD/tonne),21115,"Meat of sheep, fresh or chilled",2014,2014,7021,Annual value,USD,2789.0,A,Official figure,AUS,False,False,114.98315043593857,112.11017428857667,130.20652445334494,115.8182908031581,110.6162614969274,105.19538929713728,6.19615490124291,
PP,Producer Prices,36,Australia,5532,Producer Price (USD/tonne),21115,"Meat of sheep, fresh or chilled",2015,2015,7021,Annual value,USD,2252.3,A,Official figure,AUS,False,False,93.0638125181246,96.78279749075053,87.1451487854646,95.87342014077292,89.94109402113435,83.1811851391223,6.56255914980785,
PP,Producer Prices,36,Australia,5532,Producer Price (USD/tonne),21115,"Meat of sheep, fresh or chilled",2020,2020,7021,Annual value,USD,4826.0,A,Official figure,AUS,False,False,98.05250486501859,95.316293513863,101.8142204334863,103.1167289201083,99.44353567977252,79.52871763805308,7.59766516403535,
PP,Producer Prices,36,Australia,5532,Producer Price (USD/tonne),21115,"Meat of sheep, fresh or chilled",2021,2021,7021,Annual value,USD,4955.3,A,Official figure,AUS,False,False,125.73406972850047,107.53442746784815,119.59735631930364,131.1533847436843,164.85113256482796,109.33464293018675,6.44421129042264,
PP,Producer Prices,36,Australia,5532,Producer Price (USD/tonne),21115,"Meat of sheep, fresh or chilled",2022,2022,7021,Annual value,USD,5253.4,A,Official figure,AUS,False,False,144.50986636550888,118.33551230992974,149.51050848913766,154.66510013039058,187.77977941529275,114.45579634923097,6.14945900451023,
PP,Producer Prices,36,Australia,5532,Producer Price (USD/tonne),21115,"Meat of sheep, fresh or chilled",2023,2023,7021,Annual value,USD,3077.7,A,Official figure,AUS,False,False,124.51966645168862,114.10852024490974,123.72456940111083,130.87805882527132,126.29144514063518,144.9803113652603,6.12272392365969,
PP,Producer Prices,36,Australia,5532,Producer Price (USD/tonne),21115,"Meat of sheep, fresh or chilled",2024,2024,7021,Annual value,USD,2682.7,A,Official figure,AUS,False,False,121.9819961575273,117.25906623977029,129.71297215949022,113.47684568733492,138.06843188494958,125.71292330063521,6.44767390132498,
PP,Producer Prices,36,Australia,5532,Producer Price (USD/tonne),21115b,"Meat of sheep, fresh or chilled (biological)",2003,2003,7021,Annual value,USD,879.4,A,Official figure,AUS,False,False,58.11559303636253,59.31684044946804,54.48407776395476,59.38331088130321,62.630981044686195,43.854657616127014,5.13440054748237,
PP,Producer Prices,36,Australia,5532,Producer Price (USD/tonne),21115b,"Meat of sheep, fresh or chilled (biological)",2004,2004,7021,Annual value,USD,1159.8,A,Official figure,AUS,False,False,65.89944729053757,68.6029390549955,69.84888089256499,64.00158065193195,69.61163025660183,44.346000561265534,4.80423147775813,
PP,Producer Prices,36,Australia,5532,Producer Price (USD/tonne),21115b,"Meat of sheep, fresh or chilled (biological)",2005,2005,7021,Annual value,USD,1122.6,A,Official figure,AUS,False,False,67.6467997866706,72.57908938487195,77.21006263097178,60.766594200041034,64.39872945308146,61.19575106393876,4.74464612990827,
PP,Producer Prices,36,Australia,5532,Producer Price (USD/tonne),21115b,"Meat of sheep, fresh or chilled (biological)",2006,2006,7021,Annual value,USD,1091.9,A,Official figure,AUS,False,False,72.85198153556445,71.39005672414655,73.05336517091054,71.22837696143655,70.5451171722111,91.39314395266837,4.77072459573134,
PP,Producer Prices,36,Australia,5532,Producer Price (USD/tonne),21115b,"Meat of sheep, fresh or chilled (biological)",2007,2007,7021,Annual value,USD,1081.1,A,Official figure,AUS,False,False,94.55025065074518,77.75672729408136,122.39946263841763,100.90811631831873,107.3148060387481,62.36914297123817,5.03584938131912,
PP,Producer Prices,36,Australia,5532,Producer Price (USD/tonne),21115b,"Meat of sheep, fresh or chilled (biological)",2008,2008,7021,Annual value,USD,1136.6,A,Official figure,AUS,False,False,117.73787331863998,90.84433092873273,132.33661799232738,137.64181782223199,141.07285693456427,79.19536905542518,4.80642380862477,
PP,Producer Prices,36,Australia,5532,Producer Price (USD/tonne),21115b,"Meat of sheep, fresh or chilled (biological)",2009,2009,7021,Annual value,USD,1273.6,A,Official figure,AUS,False,False,91.78785298482406,81.60267222893671,91.405730315563,97.1899325654129,94.42735946277953,112.2254832184969,5.59123716369561,
PP,Producer Prices,36,Australia,5532,Producer Price (USD/tonne),21115b,"Meat of sheep, fresh or chilled (biological)",2010,2010,7021,Annual value,USD,1789.6,A,Official figure,AUS,False,False,106.87404108388505,91.39347096403203,111.89896716658724,107.49931237044449,121.95018353123997,131.72406046543753,5.30683575119913,
PP,Producer Prices,36,Australia,5532,Producer Price (USD/tonne),21115b,"Meat of sheep, fresh or chilled (biological)",2011,2011,7021,Annual value,USD,2520.0,A,Official figure,AUS,False,False,131.77593256915614,105.02246669637043,129.89070190611824,142.15740841093506,156.4798891014947,160.90057382271044,5.14219569199562,
PP,Producer Prices,36,Australia,5532,Producer Price (USD/tonne),21115b,"Meat of sheep, fresh or chilled (biological)",2012,2012,7021,Annual value,USD,2453.9,A,Official figure,AUS,False,False,122.75022327595461,104.69498650707051,111.65677557794167,137.3983528628098,138.30661545629084,133.31863424562349,5.05458500868273,
PP,Producer Prices,36,Australia,5532,Producer Price (USD/tonne),21115b,"Meat of sheep, fresh or chilled (biological)",2013,2013,7021,Annual value,USD,1521.5,A,Official figure,AUS,False,False,120.14390446093925,106.21599274087434,140.90691300197804,129.1108717873773,119.49987300357218,109.45334619156017,5.68920960549791,
PP,Producer Prices,36,Australia,5532,Producer Price (USD/tonne),21115b,"Meat of sheep, fresh or chilled (biological)",2014,2014,7021,Annual value,USD,1132.2,A,Official figure,AUS,False,False,114.98315043593857,112.11017428857667,130.20652445334494,115.8182908031581,110.6162614969274,105.19538929713728,6.19615490124291,
PP,Producer Prices,36,Australia,5532,Producer Price (USD/tonne),21115b,"Meat of sheep, fresh or chilled (biological)",2015,2015,7021,Annual value,USD,776.1,A,Official figure,AUS,False,False,93.0638125181246,96.78279749075053,87.1451487854646,95.87342014077292,89.94109402113435,83.1811851391223,6.56255914980785,
PP,Producer Prices,36,Australia,5532,Producer Price (USD/tonne),0118,Millet,1991,1991,7021,Annual value,USD,185.4,A,Official figure,AUS,False,False,62.34528439011702,81.47466716487295,45.46032558544059,57.863819886673106,49.00795416086814,55.480617553691815,5.21988857452739,
PP,Producer Prices,36,Australia,5532,Producer Price (USD/tonne),0118,Millet,1992,1992,7021,Annual value,USD,158.6,A,Official figure,AUS,False,False,64.22555868464649,78.38728862271715,54.8015933451503,60.9576514895015,52.991996389394096,56.04274688194544,5.04326421093316,
PP,Producer Prices,36,Australia,5532,Producer Price (USD/tonne),0118,Millet,1993,1993,7021,Annual value,USD,131.2,A,Official figure,AUS,False,False,62.259404847966515,75.01403295972897,48.61651615517863,59.01858803408094,53.966480634247155,62.03019780031652,4.98707923344647,
PP,Producer Prices,36,Australia,5532,Producer Price (USD/tonne),0118,Millet,1994,1994,7021,Annual value,USD,295.4,A,Official figure,AUS,False,False,67.26054679350919,76.29710199787732,47.42020205529957,61.936823654585105,71.86775375736012,74.94370090074824,4.99933415639271,
PP,Producer Prices,36,Australia,5532,Producer Price (USD/tonne),0118,Millet,1995,1995,7021,Annual value,USD,269.1,A,Official figure,AUS,False,False,76.8287850116353,85.24932673337705,62.72510536671231,70.8474665240566,79.95838810789446,82.19981067004032,4.95654793299687,
PP,Producer Prices,36,Australia,5532,Producer Price (USD/tonne),0118,Millet,1996,1996,7021,Annual value,USD,255.9,A,Official figure,AUS,False,False,77.82086308655745,84.34557234442748,61.619550783954395,83.65592765127325,69.93519294281285,73.98962818765723,4.85290173072787,
PP,Producer Prices,36,Australia,5532,Producer Price (USD/tonne),0118,Millet,1997,1997,7021,Annual value,USD,265.7,A,Official figure,AUS,False,False,70.75682380399682,79.31706264103354,59.44728416757198,66.51116723257967,70.68473461622513,70.38581190707349,4.91017735786183,
PP,Producer Prices,36,Australia,5532,Producer Price (USD/tonne),0118,Millet,1998,1998,7021,Annual value,USD,250.7,A,Official figure,AUS,False,False,64.8237651326436,66.27116245186038,55.776184862258724,58.90385220966683,83.88543382429606,55.22279355165295,4.73775638168852,
PP,Producer Prices,36,Australia,5532,Producer Price (USD/tonne),0118,Millet,1999,1999,7021,Annual value,USD,231.6,A,Official figure,AUS,False,False,55.38494745729497,62.42928865091984,48.31192059218944,53.12085523046289,58.22698225943004,38.798878860400684,4.80438445813991,
PP,Producer Prices,36,Australia,5532,Producer Price (USD/tonne),0118,Millet,2000,2000,7021,Annual value,USD,153.6,A,Official figure,AUS,False,False,53.658254311091945,61.295380665724906,54.46468606873116,51.41600714746175,42.89305770905415,50.612781624475126,4.5542072874505,
PP,Producer Prices,36,Australia,5532,Producer Price (USD/tonne),0118,Millet,2001,2001,7021,Annual value,USD,216.2,A,Official figure,AUS,False,False,55.353759430433776,62.905581984538294,60.88469474046613,51.84540600513508,42.481465934354574,53.47099426092313,4.94222006021166,
PP,Producer Prices,36,Australia,5532,Producer Price (USD/tonne),0118,Millet,2002,2002,7021,Annual value,USD,209.2,A,Official figure,AUS,False,False,53.432698046969534,56.102316657369585,46.09884987045724,55.57542707086668,55.144333609249486,42.632850317668414,4.86917660836693,
PP,Producer Prices,36,Australia,5532,Producer Price (USD/tonne),0118,Millet,2003,2003,7021,Annual value,USD,372.9,A,Official figure,AUS,False,False,58.11559303636253,59.31684044946804,54.48407776395476,59.38331088130321,62.630981044686195,43.854657616127014,5.13440054748237,
PP,Producer Prices,36,Australia,5532,Producer Price (USD/tonne),0118,Millet,2004,2004,7021,Annual value,USD,306.7,A,Official figure,AUS,False,False,65.89944729053757,68.6029390549955,69.84888089256499,64.00158065193195,69.61163025660183,44.346000561265534,4.80423147775813,
PP,Producer Prices,36,Australia,5532,Producer Price (USD/tonne),0118,Millet,2005,2005,7021,Annual value,USD,268.0,A,Official figure,AUS,False,False,67.6467997866706,72.57908938487195,77.21006263097178,60.766594200041034,64.39872945308146,61.19575106393876,4.74464612990827,
PP,Producer Prices,36,Australia,5532,Producer Price (USD/tonne),01270,Mushrooms and truffles,1991,1991,7021,Annual value,USD,3045.0,A,Official figure,AUS,False,False,62.34528439011702,81.47466716487295,45.46032558544059,57.863819886673106,49.00795416086814,55.480617553691815,5.21988857452739,
PP,Producer Prices,36,Australia,5532,Producer Price (USD/tonne),01270,Mushrooms and truffles,1992,1992,7021,Annual value,USD,2808.4,A,Official figure,AUS,False,False,64.22555868464649,78.38728862271715,54.8015933451503,60.9576514895015,52.991996389394096,56.04274688194544,5.04326421093316,
PP,Producer Prices,36,Australia,5532,Producer Price (USD/tonne),01270,Mushrooms and truffles,1993,1993,7021,Annual value,USD,2620.1,A,Official figure,AUS,False,False,62.259404847966515,75.01403295972897,48.61651615517863,59.01858803408094,53.966480634247155,62.03019780031652,4.98707923344647,
PP,Producer Prices,36,Australia,5532,Producer Price (USD/tonne),01270,Mushrooms and truffles,1994,1994,7021,Annual value,USD,2907.7,A,Official figure,AUS,False,False,67.26054679350919,76.29710199787732,47.42020205529957,61.936823654585105,71.86775375736012,74.94370090074824,4.99933415639271,
PP,Producer Prices,36,Australia,5532,Producer Price (USD/tonne),01270,Mushrooms and truffles,1995,1995,7021,Annual value,USD,2833.9,A,Official figure,AUS,False,False,76.8287850116353,85.24932673337705,62.72510536671231,70.8474665240566,79.95838810789446,82.19981067004032,4.95654793299687,
PP,Producer Prices,36,Australia,5532,Producer Price (USD/tonne),01270,Mushrooms and truffles,1996,1996,7021,Annual value,USD,2916.6,A,Official figure,AUS,False,False,77.82086308655745,84.34557234442748,61.619550783954395,83.65592765127325,69.93519294281285,73.98962818765723,4.85290173072787,
PP,Producer Prices,36,Australia,5532,Producer Price (USD/tonne),01270,Mushrooms and truffles,1997,1997,7021,Annual value,USD,2827.7,A,Official figure,AUS,False,False,70.75682380399682,79.31706264103354,59.44728416757198,66.51116723257967,70.68473461622513,70.38581190707349,4.91017735786183,
PP,Producer Prices,36,Australia,5532,Producer Price (USD/tonne),01270,Mushrooms and truffles,1998,1998,7021,Annual value,USD,2531.7,A,Official figure,AUS,False,False,64.8237651326436,66.27116245186038,55.776184862258724,58.90385220966683,83.88543382429606,55.22279355165295,4.73775638168852,
PP,Producer Prices,36,Australia,5532,Producer Price (USD/tonne),01270,Mushrooms and truffles,1999,1999,7021,Annual value,USD,2587.2,A,Official figure,AUS,False,False,55.38494745729497,62.42928865091984,48.31192059218944,53.12085523046289,58.22698225943004,38.798878860400684,4.80438445813991,
PP,Producer Prices,36,Australia,5532,Producer Price (USD/tonne),01270,Mushrooms and truffles,2000,2000,7021,Annual value,USD,2382.8,A,Official figure,AUS,False,False,53.658254311091945,61.295380665724906,54.46468606873116,51.41600714746175,42.89305770905415,50.612781624475126,4.5542072874505,
PP,Producer Prices,36,Australia,5532,Producer Price (USD/tonne),01270,Mushrooms and truffles,2001,2001,7021,Annual value,USD,2353.3,A,Official figure,AUS,False,False,55.353759430433776,62.905581984538294,60.88469474046613,51.84540600513508,42.481465934354574,53.47099426092313,4.94222006021166,
PP,Producer Prices,36,Australia,5532,Producer Price (USD/tonne),01270,Mushrooms and truffles,2002,2002,7021,Annual value,USD,2521.0,A,Official figure,AUS,False,False,53.432698046969534,56.102316657369585,46.09884987045724,55.57542707086668,55.144333609249486,42.632850317668414,4.86917660836693,
PP,Producer Prices,36,Australia,5532,Producer Price (USD/tonne),01270,Mushrooms and truffles,2003,2003,7021,Annual value,USD,3177.9,A,Official figure,AUS,False,False,58.11559303636253,59.31684044946804,54.48407776395476,59.38331088130321,62.630981044686195,43.854657616127014,5.13440054748237,
PP,Producer Prices,36,Australia,5532,Producer Price (USD/tonne),01270,Mushrooms and truffles,2004,2004,7021,Annual value,USD,3485.9,A,Official figure,AUS,False,False,65.89944729053757,68.6029390549955,69.84888089256499,64.00158065193195,69.61163025660183,44.346000561265534,4.80423147775813,
PP,Producer Prices,36,Australia,5532,Producer Price (USD/tonne),01270,Mushrooms and truffles,2005,2005,7021,Annual value,USD,3856.5,A,Official figure,AUS,False,False,67.6467997866706,72.57908938487195,77.21006263097178,60.766594200041034,64.39872945308146,61.19575106393876,4.74464612990827,
PP,Producer Prices,36,Australia,5532,Producer Price (USD/tonne),01270,Mushrooms and truffles,2006,2006,7021,Annual value,USD,4209.4,A,Official figure,AUS,False,False,72.85198153556445,71.39005672414655,73.05336517091054,71.22837696143655,70.5451171722111,91.39314395266837,4.77072459573134,
PP,Producer Prices,36,Australia,5532,Producer Price (USD/tonne),01270,Mushrooms and truffles,2007,2007,7021,Annual value,USD,5079.2,A,Official figure,AUS,False,False,94.55025065074518,77.75672729408136,122.39946263841763,100.90811631831873,107.3148060387481,62.36914297123817,5.03584938131912,
PP,Producer Prices,36,Australia,5532,Producer Price (USD/tonne),01270,Mushrooms and truffles,2008,2008,7021,Annual value,USD,5016.0,A,Official figure,AUS,False,False,117.73787331863998,90.84433092873273,132.33661799232738,137.64181782223199,141.07285693456427,79.19536905542518,4.80642380862477,
PP,Producer Prices,36,Australia,5532,Producer Price (USD/tonne),01270,Mushrooms and truffles,2009,2009,7021,Annual value,USD,4484.5,A,Official figure,AUS,False,False,91.78785298482406,81.60267222893671,91.405730315563,97.1899325654129,94.42735946277953,112.2254832184969,5.59123716369561,
PP,Producer Prices,36,Australia,5532,Producer Price (USD/tonne),01270,Mushrooms and truffles,2010,2010,7021,Annual value,USD,5237.8,A,Official figure,AUS,False,False,106.87404108388505,91.39347096403203,111.89896716658724,107.49931237044449,121.95018353123997,131.72406046543753,5.30683575119913,
PP,Producer Prices,36,Australia,5532,Producer Price (USD/tonne),01270,Mushrooms and truffles,2011,2011,7021,Annual value,USD,6085.8,A,Official figure,AUS,False,False,131.77593256915614,105.02246669637043,129.89070190611824,142.15740841093506,156.4798891014947,160.90057382271044,5.14219569199562,
PP,Producer Prices,36,Australia,5532,Producer Price (USD/tonne),01270,Mushrooms and truffles,2012,2012,7021,Annual value,USD,5943.3,A,Official figure,AUS,False,False,122.75022327595461,104.69498650707051,111.65677557794167,137.3983528628098,138.30661545629084,133.31863424562349,5.05458500868273,
PP,Producer Prices,36,Australia,5532,Producer Price (USD/tonne),01270,Mushrooms and truffles,2013,2013,7021,Annual value,USD,4273.8,A,Official figure,AUS,False,False,120.14390446093925,106.21599274087434,140.90691300197804,129.1108717873773,119.49987300357218,109.45334619156017,5.68920960549791,
PP,Producer Prices,36,Australia,5532,Producer Price (USD/tonne),01270,Mushrooms and truffles,2014,2014,7021,Annual value,USD,4770.3,A,Official figure,AUS,False,False,114.98315043593857,112.11017428857667,130.20652445334494,115.8182908031581,110.6162614969274,105.19538929713728,6.19615490124291,
PP,Producer Prices,36,Australia,5532,Producer Price (USD/tonne),01270,Mushrooms and truffles,2015,2015,7021,Annual value,USD,4805.1,A,Official figure,AUS,False,False,93.0638125181246,96.78279749075053,87.1451487854646,95.87342014077292,89.94109402113435,83.1811851391223,6.56255914980785,
PP,Producer Prices,36,Australia,5532,Producer Price (USD/tonne),01270,Mushrooms and truffles,2016,2016,7021,Annual value,USD,4771.7,A,Official figure,AUS,False,False,91.95303704593685,91.10702822067289,82.64832676119045,88.30828905606897,99.44264448193826,111.62342556374044,7.10054987790893,
PP,Producer Prices,36,Australia,5532,Producer Price (USD/tonne),01270,Mushrooms and truffles,2017,2017,7021,Annual value,USD,5473.8,A,Official figure,AUS,False,False,97.9325465965461,97.47103081764828,108.01127219003995,90.98426329355082,101.90947584276995,99.11220417429126,6.48222765314289,
PP,Producer Prices,36,Australia,5532,Producer Price (USD/tonne),01270,Mushrooms and truffles,2018,2018,7021,Annual value,USD,5520.0,A,Official figure,AUS,False,False,95.75177402259017,94.39851038295467,107.2716875332135,100.82233026984352,87.76107702264312,77.40205315573543,6.52594691958162,
PP,Producer Prices,36,Australia,5532,Producer Price (USD/tonne),01270,Mushrooms and truffles,2019,2019,7021,Annual value,USD,5163.0,A,Official figure,AUS,False,False,94.93129436453303,99.4754122501492,102.81578202753263,96.60386371200734,83.23927616454294,78.61501498294437,7.16469389675818,
PP,Producer Prices,36,Australia,5532,Producer Price (USD/tonne),01270,Mushrooms and truffles,2020,2020,7021,Annual value,USD,4813.7,A,Official figure,AUS,False,False,98.05250486501859,95.316293513863,101.8142204334863,103.1167289201083,99.44353567977252,79.52871763805308,7.59766516403535,
PP,Producer Prices,36,Australia,5532,Producer Price (USD/tonne),01270,Mushrooms and truffles,2021,2021,7021,Annual value,USD,5749.8,A,Official figure,AUS,False,False,125.73406972850047,107.53442746784815,119.59735631930364,131.1533847436843,164.85113256482796,109.33464293018675,6.44421129042264,
PP,Producer Prices,36,Australia,5532,Producer Price (USD/tonne),01270,Mushrooms and truffles,2023,2023,7021,Annual value,USD,4394.8,A,Official figure,AUS,False,False,124.51966645168862,114.10852024490974,123.72456940111083,130.87805882527132,126.29144514063518,144.9803113652603,6.12272392365969,
PP,Producer Prices,36,Australia,5532,Producer Price (USD/tonne),01270,Mushrooms and truffles,2024,2024,7021,Annual value,USD,4436.4,A,Official figure,AUS,False,False,121.9819961575273,117.25906623977029,129.71297215949022,113.47684568733492,138.06843188494958,125.71292330063521,6.44767390132498,
PP,Producer Prices,36,Australia,5532,Producer Price (USD/tonne),02910,Natural honey,1991,1991,7021,Annual value,USD,973.7,A,Official figure,AUS,False,False,62.34528439011702,81.47466716487295,45.46032558544059,57.863819886673106,49.00795416086814,55.480617553691815,5.21988857452739,
PP,Producer Prices,36,Australia,5532,Producer Price (USD/tonne),02910,Natural honey,1992,1992,7021,Annual value,USD,969.4,A,Official figure,AUS,False,False,64.22555868464649,78.38728862271715,54.8015933451503,60.9576514895015,52.991996389394096,56.04274688194544,5.04326421093316,
PP,Producer Prices,36,Australia,5532,Producer Price (USD/tonne),02910,Natural honey,1993,1993,7021,Annual value,USD,949.3,A,Official figure,AUS,False,False,62.259404847966515,75.01403295972897,48.61651615517863,59.01858803408094,53.966480634247155,62.03019780031652,4.98707923344647,
PP,Producer Prices,36,Australia,5532,Producer Price (USD/tonne),02910,Natural honey,1994,1994,7021,Annual value,USD,926.3,A,Official figure,AUS,False,False,67.26054679350919,76.29710199787732,47.42020205529957,61.936823654585105,71.86775375736012,74.94370090074824,4.99933415639271,
PP,Producer Prices,36,Australia,5532,Producer Price (USD/tonne),02910,Natural honey,1995,1995,7021,Annual value,USD,971.1,A,Official figure,AUS,False,False,76.8287850116353,85.24932673337705,62.72510536671231,70.8474665240566,79.95838810789446,82.19981067004032,4.95654793299687,
PP,Producer Prices,36,Australia,5532,Producer Price (USD/tonne),02910,Natural honey,1996,1996,7021,Annual value,USD,1189.5,A,Official figure,AUS,False,False,77.82086308655745,84.34557234442748,61.619550783954395,83.65592765127325,69.93519294281285,73.98962818765723,4.85290173072787,
PP,Producer Prices,36,Australia,5532,Producer Price (USD/tonne),02910,Natural honey,1997,1997,7021,Annual value,USD,1261.7,A,Official figure,AUS,False,False,70.75682380399682,79.31706264103354,59.44728416757198,66.51116723257967,70.68473461622513,70.38581190707349,4.91017735786183,
PP,Producer Prices,36,Australia,5532,Producer Price (USD/tonne),02910,Natural honey,1998,1998,7021,Annual value,USD,1055.4,A,Official figure,AUS,False,False,64.8237651326436,66.27116245186038,55.776184862258724,58.90385220966683,83.88543382429606,55.22279355165295,4.73775638168852,
PP,Producer Prices,36,Australia,5532,Producer Price (USD/tonne),02910,Natural honey,1999,1999,7021,Annual value,USD,1148.4,A,Official figure,AUS,False,False,55.38494745729497,62.42928865091984,48.31192059218944,53.12085523046289,58.22698225943004,38.798878860400684,4.80438445813991,
PP,Producer Prices,36,Australia,5532,Producer Price (USD/tonne),02910,Natural honey,2000,2000,7021,Annual value,USD,974.0,A,Official figure,AUS,False,False,53.658254311091945,61.295380665724906,54.46468606873116,51.41600714746175,42.89305770905415,50.612781624475126,4.5542072874505,
PP,Producer Prices,36,Australia,5532,Producer Price (USD/tonne),02910,Natural honey,2001,2001,7021,Annual value,USD,910.3,A,Official figure,AUS,False,False,55.353759430433776,62.905581984538294,60.88469474046613,51.84540600513508,42.481465934354574,53.47099426092313,4.94222006021166,
PP,Producer Prices,36,Australia,5532,Producer Price (USD/tonne),0117,Oats,1991,1991,7021,Annual value,USD,74.8,A,Official figure,AUS,False,False,62.34528439011702,81.47466716487295,45.46032558544059,57.863819886673106,49.00795416086814,55.480617553691815,5.21988857452739,
PP,Producer Prices,36,Australia,5532,Producer Price (USD/tonne),0117,Oats,1992,1992,7021,Annual value,USD,77.8,A,Official figure,AUS,False,False,64.22555868464649,78.38728862271715,54.8015933451503,60.9576514895015,52.991996389394096,56.04274688194544,5.04326421093316,
PP,Producer Prices,36,Australia,5532,Producer Price (USD/tonne),0117,Oats,1993,1993,7021,Annual value,USD,72.1,A,Official figure,AUS,False,False,62.259404847966515,75.01403295972897,48.61651615517863,59.01858803408094,53.966480634247155,62.03019780031652,4.98707923344647,
PP,Producer Prices,36,Australia,5532,Producer Price (USD/tonne),0117,Oats,1994,1994,7021,Annual value,USD,65.8,A,Official figure,AUS,False,False,67.26054679350919,76.29710199787732,47.42020205529957,61.936823654585105,71.86775375736012,74.94370090074824,4.99933415639271,
PP,Producer Prices,36,Australia,5532,Producer Price (USD/tonne),0117,Oats,1995,1995,7021,Annual value,USD,132.7,A,Official figure,AUS,False,False,76.8287850116353,85.24932673337705,62.72510536671231,70.8474665240566,79.95838810789446,82.19981067004032,4.95654793299687,
PP,Producer Prices,36,Australia,5532,Producer Price (USD/tonne),0117,Oats,1996,1996,7021,Annual value,USD,120.5,A,Official figure,AUS,False,False,77.82086308655745,84.34557234442748,61.619550783954395,83.65592765127325,69.93519294281285,73.98962818765723,4.85290173072787,
PP,Producer Prices,36,Australia,5532,Producer Price (USD/tonne),0117,Oats,1997,1997,7021,Annual value,USD,101.7,A,Official figure,AUS,False,False,70.75682380399682,79.31706264103354,59.44728416757198,66.51116723257967,70.68473461622513,70.38581190707349,4.91017735786183,
PP,Producer Prices,36,Australia,5532,Producer Price (USD/tonne),0117,Oats,1998,1998,7021,Annual value,USD,86.1,A,Official figure,AUS,False,False,64.8237651326436,66.27116245186038,55.776184862258724,58.90385220966683,83.88543382429606,55.22279355165295,4.73775638168852,
PP,Producer Prices,36,Australia,5532,Producer Price (USD/tonne),0117,Oats,1999,1999,7021,Annual value,USD,56.1,A,Official figure,AUS,False,False,55.38494745729497,62.42928865091984,48.31192059218944,53.12085523046289,58.22698225943004,38.798878860400684,4.80438445813991,
PP,Producer Prices,36,Australia,5532,Producer Price (USD/tonne),0117,Oats,2000,2000,7021,Annual value,USD,61.5,A,Official figure,AUS,False,False,53.658254311091945,61.295380665724906,54.46468606873116,51.41600714746175,42.89305770905415,50.612781624475126,4.5542072874505,
PP,Producer Prices,36,Australia,5532,Producer Price (USD/tonne),0117,Oats,2001,2001,7021,Annual value,USD,68.3,A,Official figure,AUS,False,False,55.353759430433776,62.905581984538294,60.88469474046613,51.84540600513508,42.481465934354574,53.47099426092313,4.94222006021166,
PP,Producer Prices,36,Australia,5532,Producer Price (USD/tonne),0117,Oats,2002,2002,7021,Annual value,USD,95.1,A,Official figure,AUS,False,False,53.432698046969534,56.102316657369585,46.09884987045724,55.57542707086668,55.144333609249486,42.632850317668414,4.86917660836693,
PP,Producer Prices,36,Australia,5532,Producer Price (USD/tonne),0117,Oats,2003,2003,7021,Annual value,USD,142.0,A,Official figure,AUS,False,False,58.11559303636253,59.31684044946804,54.48407776395476,59.38331088130321,62.630981044686195,43.854657616127014,5.13440054748237,
PP,Producer Prices,36,Australia,5532,Producer Price (USD/tonne),0117,Oats,2004,2004,7021,Annual value,USD,101.5,A,Official figure,AUS,False,False,65.89944729053757,68.6029390549955,69.84888089256499,64.00158065193195,69.61163025660183,44.346000561265534,4.80423147775813,
PP,Producer Prices,36,Australia,5532,Producer Price (USD/tonne),0117,Oats,2005,2005,7021,Annual value,USD,102.3,A,Official figure,AUS,False,False,67.6467997866706,72.57908938487195,77.21006263097178,60.766594200041034,64.39872945308146,61.19575106393876,4.74464612990827,
PP,Producer Prices,36,Australia,5532,Producer Price (USD/tonne),0117,Oats,2006,2006,7021,Annual value,USD,110.7,A,Official figure,AUS,False,False,72.85198153556445,71.39005672414655,73.05336517091054,71.22837696143655,70.5451171722111,91.39314395266837,4.77072459573134,
PP,Producer Prices,36,Australia,5532,Producer Price (USD/tonne),0117,Oats,2007,2007,7021,Annual value,USD,201.7,A,Official figure,AUS,False,False,94.55025065074518,77.75672729408136,122.39946263841763,100.90811631831873,107.3148060387481,62.36914297123817,5.03584938131912,
PP,Producer Prices,36,Australia,5532,Producer Price (USD/tonne),0117,Oats,2008,2008,7021,Annual value,USD,235.7,A,Official figure,AUS,False,False,117.73787331863998,90.84433092873273,132.33661799232738,137.64181782223199,141.07285693456427,79.19536905542518,4.80642380862477,
PP,Producer Prices,36,Australia,5532,Producer Price (USD/tonne),0117,Oats,2009,2009,7021,Annual value,USD,168.5,A,Official figure,AUS,False,False,91.78785298482406,81.60267222893671,91.405730315563,97.1899325654129,94.42735946277953,112.2254832184969,5.59123716369561,
PP,Producer Prices,36,Australia,5532,Producer Price (USD/tonne),0117,Oats,2010,2010,7021,Annual value,USD,146.8,A,Official figure,AUS,False,False,106.87404108388505,91.39347096403203,111.89896716658724,107.49931237044449,121.95018353123997,131.72406046543753,5.30683575119913,
PP,Producer Prices,36,Australia,5532,Producer Price (USD/tonne),0117,Oats,2011,2011,7021,Annual value,USD,202.2,A,Official figure,AUS,False,False,131.77593256915614,105.02246669637043,129.89070190611824,142.15740841093506,156.4798891014947,160.90057382271044,5.14219569199562,
PP,Producer Prices,36,Australia,5532,Producer Price (USD/tonne),0117,Oats,2012,2012,7021,Annual value,USD,209.2,A,Official figure,AUS,False,False,122.75022327595461,104.69498650707051,111.65677557794167,137.3983528628098,138.30661545629084,133.31863424562349,5.05458500868273,
PP,Producer Prices,36,Australia,5532,Producer Price (USD/tonne),0117,Oats,2013,2013,7021,Annual value,USD,227.8,A,Official figure,AUS,False,False,120.14390446093925,106.21599274087434,140.90691300197804,129.1108717873773,119.49987300357218,109.45334619156017,5.68920960549791,
PP,Producer Prices,36,Australia,5532,Producer Price (USD/tonne),0117,Oats,2014,2014,7021,Annual value,USD,192.0,A,Official figure,AUS,False,False,114.98315043593857,112.11017428857667,130.20652445334494,115.8182908031581,110.6162614969274,105.19538929713728,6.19615490124291,
PP,Producer Prices,36,Australia,5532,Producer Price (USD/tonne),0117,Oats,2015,2015,7021,Annual value,USD,187.8,A,Official figure,AUS,False,False,93.0638125181246,96.78279749075053,87.1451487854646,95.87342014077292,89.94109402113435,83.1811851391223,6.56255914980785,
PP,Producer Prices,36,Australia,5532,Producer Price (USD/tonne),0117,Oats,2016,2016,7021,Annual value,USD,227.5,A,Official figure,AUS,False,False,91.95303704593685,91.10702822067289,82.64832676119045,88.30828905606897,99.44264448193826,111.62342556374044,7.10054987790893,
PP,Producer Prices,36,Australia,5532,Producer Price (USD/tonne),0117,Oats,2017,2017,7021,Annual value,USD,185.5,A,Official figure,AUS,False,False,97.9325465965461,97.47103081764828,108.01127219003995,90.98426329355082,101.90947584276995,99.11220417429126,6.48222765314289,
PP,Producer Prices,36,Australia,5532,Producer Price (USD/tonne),0117,Oats,2018,2018,7021,Annual value,USD,165.9,A,Official figure,AUS,False,False,95.75177402259017,94.39851038295467,107.2716875332135,100.82233026984352,87.76107702264312,77.40205315573543,6.52594691958162,
PP,Producer Prices,36,Australia,5532,Producer Price (USD/tonne),0117,Oats,2019,2019,7021,Annual value,USD,255.1,A,Official figure,AUS,False,False,94.93129436453303,99.4754122501492,102.81578202753263,96.60386371200734,83.23927616454294,78.61501498294437,7.16469389675818,
PP,Producer Prices,36,Australia,5532,Producer Price (USD/tonne),0117,Oats,2020,2020,7021,Annual value,USD,255.8,A,Official figure,AUS,False,False,98.05250486501859,95.316293513863,101.8142204334863,103.1167289201083,99.44353567977252,79.52871763805308,7.59766516403535,
PP,Producer Prices,36,Australia,5532,Producer Price (USD/tonne),0117,Oats,2021,2021,7021,Annual value,USD,214.3,A,Official figure,AUS,False,False,125.73406972850047,107.53442746784815,119.59735631930364,131.1533847436843,164.85113256482796,109.33464293018675,6.44421129042264,
PP,Producer Prices,36,Australia,5532,Producer Price (USD/tonne),0117,Oats,2022,2022,7021,Annual value,USD,207.5,A,Official figure,AUS,False,False,144.50986636550888,118.33551230992974,149.51050848913766,154.66510013039058,187.77977941529275,114.45579634923097,6.14945900451023,
PP,Producer Prices,36,Australia,5532,Producer Price (USD/tonne),0117,Oats,2023,2023,7021,Annual value,USD,174.0,A,Official figure,AUS,False,False,124.51966645168862,114.10852024490974,123.72456940111083,130.87805882527132,126.29144514063518,144.9803113652603,6.12272392365969,
PP,Producer Prices,36,Australia,5532,Producer Price (USD/tonne),0117,Oats,2024,2024,7021,Annual value,USD,239.7,A,Official figure,AUS,False,False,121.9819961575273,117.25906623977029,129.71297215949022,113.47684568733492,138.06843188494958,125.71292330063521,6.44767390132498,
PP,Producer Prices,36,Australia,5532,Producer Price (USD/tonne),01450,Olives,1991,1991,7021,Annual value,USD,683.2,A,Official figure,AUS,False,False,62.34528439011702,81.47466716487295,45.46032558544059,57.863819886673106,49.00795416086814,55.480617553691815,5.21988857452739,
PP,Producer Prices,36,Australia,5532,Producer Price (USD/tonne),01450,Olives,1992,1992,7021,Annual value,USD,666.1,A,Official figure,AUS,False,False,64.22555868464649,78.38728862271715,54.8015933451503,60.9576514895015,52.991996389394096,56.04274688194544,5.04326421093316,
PP,Producer Prices,36,Australia,5532,Producer Price (USD/tonne),01450,Olives,1993,1993,7021,Annual value,USD,644.0,A,Official figure,AUS,False,False,62.259404847966515,75.01403295972897,48.61651615517863,59.01858803408094,53.966480634247155,62.03019780031652,4.98707923344647,
PP,Producer Prices,36,Australia,5532,Producer Price (USD/tonne),01450,Olives,1994,1994,7021,Annual value,USD,642.7,A,Official figure,AUS,False,False,67.26054679350919,76.29710199787732,47.42020205529957,61.936823654585105,71.86775375736012,74.94370090074824,4.99933415639271,
PP,Producer Prices,36,Australia,5532,Producer Price (USD/tonne),01450,Olives,1995,1995,7021,Annual value,USD,689.4,A,Official figure,AUS,False,False,76.8287850116353,85.24932673337705,62.72510536671231,70.8474665240566,79.95838810789446,82.19981067004032,4.95654793299687,
PP,Producer Prices,36,Australia,5532,Producer Price (USD/tonne),01450,Olives,1997,1997,7021,Annual value,USD,2530.8,A,Official figure,AUS,False,False,70.75682380399682,79.31706264103354,59.44728416757198,66.51116723257967,70.68473461622513,70.38581190707349,4.91017735786183,
PP,Producer Prices,36,Australia,5532,Producer Price (USD/tonne),01450,Olives,1998,1998,7021,Annual value,USD,1715.0,A,Official figure,AUS,False,False,64.8237651326436,66.27116245186038,55.776184862258724,58.90385220966683,83.88543382429606,55.22279355165295,4.73775638168852,
PP,Producer Prices,36,Australia,5532,Producer Price (USD/tonne),01450,Olives,1999,1999,7021,Annual value,USD,1651.7,A,Official figure,AUS,False,False,55.38494745729497,62.42928865091984,48.31192059218944,53.12085523046289,58.22698225943004,38.798878860400684,4.80438445813991,
PP,Producer Prices,36,Australia,5532,Producer Price (USD/tonne),01450,Olives,2000,2000,7021,Annual value,USD,1449.4,A,Official figure,AUS,False,False,53.658254311091945,61.295380665724906,54.46468606873116,51.41600714746175,42.89305770905415,50.612781624475126,4.5542072874505,
PP,Producer Prices,36,Australia,5532,Producer Price (USD/tonne),01450,Olives,2001,2001,7021,Annual value,USD,1293.0,A,Official figure,AUS,False,False,55.353759430433776,62.905581984538294,60.88469474046613,51.84540600513508,42.481465934354574,53.47099426092313,4.94222006021166,
PP,Producer Prices,36,Australia,5532,Producer Price (USD/tonne),01450,Olives,2002,2002,7021,Annual value,USD,1059.5,A,Official figure,AUS,False,False,53.432698046969534,56.102316657369585,46.09884987045724,55.57542707086668,55.144333609249486,42.632850317668414,4.86917660836693,
PP,Producer Prices,36,Australia,5532,Producer Price (USD/tonne),01450,Olives,2003,2003,7021,Annual value,USD,1413.8,A,Official figure,AUS,False,False,58.11559303636253,59.31684044946804,54.48407776395476,59.38331088130321,62.630981044686195,43.854657616127014,5.13440054748237,
PP,Producer Prices,36,Australia,5532,Producer Price (USD/tonne),01450,Olives,2004,2004,7021,Annual value,USD,1603.2,A,Official figure,AUS,False,False,65.89944729053757,68.6029390549955,69.84888089256499,64.00158065193195,69.61163025660183,44.346000561265534,4.80423147775813,
PP,Producer Prices,36,Australia,5532,Producer Price (USD/tonne),01450,Olives,2005,2005,7021,Annual value,USD,1420.4,A,Official figure,AUS,False,False,67.6467997866706,72.57908938487195,77.21006263097178,60.766594200041034,64.39872945308146,61.19575106393876,4.74464612990827,
PP,Producer Prices,36,Australia,5532,Producer Price (USD/tonne),01450,Olives,2006,2006,7021,Annual value,USD,783.1,A,Official figure,AUS,False,False,72.85198153556445,71.39005672414655,73.05336517091054,71.22837696143655,70.5451171722111,91.39314395266837,4.77072459573134,
PP,Producer Prices,36,Australia,5532,Producer Price (USD/tonne),01450,Olives,2007,2007,7021,Annual value,USD,895.3,A,Official figure,AUS,False,False,94.55025065074518,77.75672729408136,122.39946263841763,100.90811631831873,107.3148060387481,62.36914297123817,5.03584938131912,
PP,Producer Prices,36,Australia,5532,Producer Price (USD/tonne),01450,Olives,2009,2009,7021,Annual value,USD,709.7,A,Official figure,AUS,False,False,91.78785298482406,81.60267222893671,91.405730315563,97.1899325654129,94.42735946277953,112.2254832184969,5.59123716369561,
PP,Producer Prices,36,Australia,5532,Producer Price (USD/tonne),01450,Olives,2011,2011,7021,Annual value,USD,1918.6,A,Official figure,AUS,False,False,131.77593256915614,105.02246669637043,129.89070190611824,142.15740841093506,156.4798891014947,160.90057382271044,5.14219569199562,
PP,Producer Prices,36,Australia,5532,Producer Price (USD/tonne),01450,Olives,2013,2013,7021,Annual value,USD,2252.3,A,Official figure,AUS,False,False,120.14390446093925,106.21599274087434,140.90691300197804,129.1108717873773,119.49987300357218,109.45334619156017,5.68920960549791,
PP,Producer Prices,36,Australia,5532,Producer Price (USD/tonne),01450,Olives,2018,2018,7021,Annual value,USD,772.6,A,Official figure,AUS,False,False,95.75177402259017,94.39851038295467,107.2716875332135,100.82233026984352,87.76107702264312,77.40205315573543,6.52594691958162,
PP,Producer Prices,36,Australia,5532,Producer Price (USD/tonne),01450,Olives,2019,2019,7021,Annual value,USD,919.7,A,Official figure,AUS,False,False,94.93129436453303,99.4754122501492,102.81578202753263,96.60386371200734,83.23927616454294,78.61501498294437,7.16469389675818,
PP,Producer Prices,36,Australia,5532,Producer Price (USD/tonne),01450,Olives,2020,2020,7021,Annual value,USD,877.4,A,Official figure,AUS,False,False,98.05250486501859,95.316293513863,101.8142204334863,103.1167289201083,99.44353567977252,79.52871763805308,7.59766516403535,
PP,Producer Prices,36,Australia,5532,Producer Price (USD/tonne),01450,Olives,2021,2021,7021,Annual value,USD,779.8,A,Official figure,AUS,False,False,125.73406972850047,107.53442746784815,119.59735631930364,131.1533847436843,164.85113256482796,109.33464293018675,6.44421129042264,
PP,Producer Prices,36,Australia,5532,Producer Price (USD/tonne),01450,Olives,2023,2023,7021,Annual value,USD,824.1,A,Official figure,AUS,False,False,124.51966645168862,114.10852024490974,123.72456940111083,130.87805882527132,126.29144514063518,144.9803113652603,6.12272392365969,
PP,Producer Prices,36,Australia,5532,Producer Price (USD/tonne),01450,Olives,2024,2024,7021,Annual value,USD,817.9,A,Official figure,AUS,False,False,121.9819961575273,117.25906623977029,129.71297215949022,113.47684568733492,138.06843188494958,125.71292330063521,6.44767390132498,
PP,Producer Prices,36,Australia,5532,Producer Price (USD/tonne),01253.02,"Onions and shallots, dry (excluding dehydrated)",1991,1991,7021,Annual value,USD,267.2,A,Official figure,AUS,False,False,62.34528439011702,81.47466716487295,45.46032558544059,57.863819886673106,49.00795416086814,55.480617553691815,5.21988857452739,
PP,Producer Prices,36,Australia,5532,Producer Price (USD/tonne),01253.02,"Onions and shallots, dry (excluding dehydrated)",1992,1992,7021,Annual value,USD,213.0,A,Official figure,AUS,False,False,64.22555868464649,78.38728862271715,54.8015933451503,60.9576514895015,52.991996389394096,56.04274688194544,5.04326421093316,
PP,Producer Prices,36,Australia,5532,Producer Price (USD/tonne),01253.02,"Onions and shallots, dry (excluding dehydrated)",1993,1993,7021,Annual value,USD,272.0,A,Official figure,AUS,False,False,62.259404847966515,75.01403295972897,48.61651615517863,59.01858803408094,53.966480634247155,62.03019780031652,4.98707923344647,
PP,Producer Prices,36,Australia,5532,Producer Price (USD/tonne),01253.02,"Onions and shallots, dry (excluding dehydrated)",1994,1994,7021,Annual value,USD,362.6,A,Official figure,AUS,False,False,67.26054679350919,76.29710199787732,47.42020205529957,61.936823654585105,71.86775375736012,74.94370090074824,4.99933415639271,
PP,Producer Prices,36,Australia,5532,Producer Price (USD/tonne),01253.02,"Onions and shallots, dry (excluding dehydrated)",1995,1995,7021,Annual value,USD,292.1,A,Official figure,AUS,False,False,76.8287850116353,85.24932673337705,62.72510536671231,70.8474665240566,79.95838810789446,82.19981067004032,4.95654793299687,
PP,Producer Prices,36,Australia,5532,Producer Price (USD/tonne),01253.02,"Onions and shallots, dry (excluding dehydrated)",1996,1996,7021,Annual value,USD,362.3,A,Official figure,AUS,False,False,77.82086308655745,84.34557234442748,61.619550783954395,83.65592765127325,69.93519294281285,73.98962818765723,4.85290173072787,
PP,Producer Prices,36,Australia,5532,Producer Price (USD/tonne),01253.02,"Onions and shallots, dry (excluding dehydrated)",1997,1997,7021,Annual value,USD,345.9,A,Official figure,AUS,False,False,70.75682380399682,79.31706264103354,59.44728416757198,66.51116723257967,70.68473461622513,70.38581190707349,4.91017735786183,
PP,Producer Prices,36,Australia,5532,Producer Price (USD/tonne),01253.02,"Onions and shallots, dry (excluding dehydrated)",1998,1998,7021,Annual value,USD,358.1,A,Official figure,AUS,False,False,64.8237651326436,66.27116245186038,55.776184862258724,58.90385220966683,83.88543382429606,55.22279355165295,4.73775638168852,
PP,Producer Prices,36,Australia,5532,Producer Price (USD/tonne),01253.02,"Onions and shallots, dry (excluding dehydrated)",1999,1999,7021,Annual value,USD,341.3,A,Official figure,AUS,False,False,55.38494745729497,62.42928865091984,48.31192059218944,53.12085523046289,58.22698225943004,38.798878860400684,4.80438445813991,
PP,Producer Prices,36,Australia,5532,Producer Price (USD/tonne),01253.02,"Onions and shallots, dry (excluding dehydrated)",2000,2000,7021,Annual value,USD,267.9,A,Official figure,AUS,False,False,53.658254311091945,61.295380665724906,54.46468606873116,51.41600714746175,42.89305770905415,50.612781624475126,4.5542072874505,
PP,Producer Prices,36,Australia,5532,Producer Price (USD/tonne),01253.02,"Onions and shallots, dry (excluding dehydrated)",2001,2001,7021,Annual value,USD,278.8,A,Official figure,AUS,False,False,55.353759430433776,62.905581984538294,60.88469474046613,51.84540600513508,42.481465934354574,53.47099426092313,4.94222006021166,
PP,Producer Prices,36,Australia,5532,Producer Price (USD/tonne),01253.02,"Onions and shallots, dry (excluding dehydrated)",2002,2002,7021,Annual value,USD,313.5,A,Official figure,AUS,False,False,53.432698046969534,56.102316657369585,46.09884987045724,55.57542707086668,55.144333609249486,42.632850317668414,4.86917660836693,
PP,Producer Prices,36,Australia,5532,Producer Price (USD/tonne),01253.02,"Onions and shallots, dry (excluding dehydrated)",2003,2003,7021,Annual value,USD,358.0,A,Official figure,AUS,False,False,58.11559303636253,59.31684044946804,54.48407776395476,59.38331088130321,62.630981044686195,43.854657616127014,5.13440054748237,
PP,Producer Prices,36,Australia,5532,Producer Price (USD/tonne),01253.02,"Onions and shallots, dry (excluding dehydrated)",2004,2004,7021,Annual value,USD,482.4,A,Official figure,AUS,False,False,65.89944729053757,68.6029390549955,69.84888089256499,64.00158065193195,69.61163025660183,44.346000561265534,4.80423147775813,
PP,Producer Prices,36,Australia,5532,Producer Price (USD/tonne),01253.02,"Onions and shallots, dry (excluding dehydrated)",2005,2005,7021,Annual value,USD,428.4,A,Official figure,AUS,False,False,67.6467997866706,72.57908938487195,77.21006263097178,60.766594200041034,64.39872945308146,61.19575106393876,4.74464612990827,
PP,Producer Prices,36,Australia,5532,Producer Price (USD/tonne),01253.02,"Onions and shallots, dry (excluding dehydrated)",2006,2006,7021,Annual value,USD,493.2,A,Official figure,AUS,False,False,72.85198153556445,71.39005672414655,73.05336517091054,71.22837696143655,70.5451171722111,91.39314395266837,4.77072459573134,
PP,Producer Prices,36,Australia,5532,Producer Price (USD/tonne),01253.02,"Onions and shallots, dry (excluding dehydrated)",2007,2007,7021,Annual value,USD,644.3,A,Official figure,AUS,False,False,94.55025065074518,77.75672729408136,122.39946263841763,100.90811631831873,107.3148060387481,62.36914297123817,5.03584938131912,
PP,Producer Prices,36,Australia,5532,Producer Price (USD/tonne),01253.02,"Onions and shallots, dry (excluding dehydrated)",2008,2008,7021,Annual value,USD,681.9,A,Official figure,AUS,False,False,117.73787331863998,90.84433092873273,132.33661799232738,137.64181782223199,141.07285693456427,79.19536905542518,4.80642380862477,
PP,Producer Prices,36,Australia,5532,Producer Price (USD/tonne),01253.02,"Onions and shallots, dry (excluding dehydrated)",2009,2009,7021,Annual value,USD,615.4,A,Official figure,AUS,False,False,91.78785298482406,81.60267222893671,91.405730315563,97.1899325654129,94.42735946277953,112.2254832184969,5.59123716369561,
PP,Producer Prices,36,Australia,5532,Producer Price (USD/tonne),01253.02,"Onions and shallots, dry (excluding dehydrated)",2010,2010,7021,Annual value,USD,634.8,A,Official figure,AUS,False,False,106.87404108388505,91.39347096403203,111.89896716658724,107.49931237044449,121.95018353123997,131.72406046543753,5.30683575119913,
PP,Producer Prices,36,Australia,5532,Producer Price (USD/tonne),01253.02,"Onions and shallots, dry (excluding dehydrated)",2011,2011,7021,Annual value,USD,854.1,A,Official figure,AUS,False,False,131.77593256915614,105.02246669637043,129.89070190611824,142.15740841093506,156.4798891014947,160.90057382271044,5.14219569199562,
PP,Producer Prices,36,Australia,5532,Producer Price (USD/tonne),01253.02,"Onions and shallots, dry (excluding dehydrated)",2012,2012,7021,Annual value,USD,634.7,A,Official figure,AUS,False,False,122.75022327595461,104.69498650707051,111.65677557794167,137.3983528628098,138.30661545629084,133.31863424562349,5.05458500868273,
PP,Producer Prices,36,Australia,5532,Producer Price (USD/tonne),01253.02,"Onions and shallots, dry (excluding dehydrated)",2013,2013,7021,Annual value,USD,639.1,A,Official figure,AUS,False,False,120.14390446093925,106.21599274087434,140.90691300197804,129.1108717873773,119.49987300357218,109.45334619156017,5.68920960549791,
PP,Producer Prices,36,Australia,5532,Producer Price (USD/tonne),01253.02,"Onions and shallots, dry (excluding dehydrated)",2014,2014,7021,Annual value,USD,652.6,A,Official figure,AUS,False,False,114.98315043593857,112.11017428857667,130.20652445334494,115.8182908031581,110.6162614969274,105.19538929713728,6.19615490124291,
PP,Producer Prices,36,Australia,5532,Producer Price (USD/tonne),01253.02,"Onions and shallots, dry (excluding dehydrated)",2015,2015,7021,Annual value,USD,573.2,A,Official figure,AUS,False,False,93.0638125181246,96.78279749075053,87.1451487854646,95.87342014077292,89.94109402113435,83.1811851391223,6.56255914980785,
PP,Producer Prices,36,Australia,5532,Producer Price (USD/tonne),01253.02,"Onions and shallots, dry (excluding dehydrated)",2016,2016,7021,Annual value,USD,591.7,A,Official figure,AUS,False,False,91.95303704593685,91.10702822067289,82.64832676119045,88.30828905606897,99.44264448193826,111.62342556374044,7.10054987790893,
PP,Producer Prices,36,Australia,5532,Producer Price (USD/tonne),01253.02,"Onions and shallots, dry (excluding dehydrated)",2017,2017,7021,Annual value,USD,745.0,A,Official figure,AUS,False,False,97.9325465965461,97.47103081764828,108.01127219003995,90.98426329355082,101.90947584276995,99.11220417429126,6.48222765314289,
PP,Producer Prices,36,Australia,5532,Producer Price (USD/tonne),01253.02,"Onions and shallots, dry (excluding dehydrated)",2018,2018,7021,Annual value,USD,587.3,A,Official figure,AUS,False,False,95.75177402259017,94.39851038295467,107.2716875332135,100.82233026984352,87.76107702264312,77.40205315573543,6.52594691958162,
PP,Producer Prices,36,Australia,5532,Producer Price (USD/tonne),01253.02,"Onions and shallots, dry (excluding dehydrated)",2019,2019,7021,Annual value,USD,584.6,A,Official figure,AUS,False,False,94.93129436453303,99.4754122501492,102.81578202753263,96.60386371200734,83.23927616454294,78.61501498294437,7.16469389675818,
PP,Producer Prices,36,Australia,5532,Producer Price (USD/tonne),01253.02,"Onions and shallots, dry (excluding dehydrated)",2020,2020,7021,Annual value,USD,432.2,A,Official figure,AUS,False,False,98.05250486501859,95.316293513863,101.8142204334863,103.1167289201083,99.44353567977252,79.52871763805308,7.59766516403535,
PP,Producer Prices,36,Australia,5532,Producer Price (USD/tonne),01253.02,"Onions and shallots, dry (excluding dehydrated)",2021,2021,7021,Annual value,USD,395.7,A,Official figure,AUS,False,False,125.73406972850047,107.53442746784815,119.59735631930364,131.1533847436843,164.85113256482796,109.33464293018675,6.44421129042264,
PP,Producer Prices,36,Australia,5532,Producer Price (USD/tonne),01253.02,"Onions and shallots, dry (excluding dehydrated)",2023,2023,7021,Annual value,USD,866.3,A,Official figure,AUS,False,False,124.51966645168862,114.10852024490974,123.72456940111083,130.87805882527132,126.29144514063518,144.9803113652603,6.12272392365969,
PP,Producer Prices,36,Australia,5532,Producer Price (USD/tonne),01253.02,"Onions and shallots, dry (excluding dehydrated)",2024,2024,7021,Annual value,USD,704.7,A,Official figure,AUS,False,False,121.9819961575273,117.25906623977029,129.71297215949022,113.47684568733492,138.06843188494958,125.71292330063521,6.44767390132498,
PP,Producer Prices,36,Australia,5532,Producer Price (USD/tonne),01323,Oranges,1991,1991,7021,Annual value,USD,282.8,A,Official figure,AUS,False,False,62.34528439011702,81.47466716487295,45.46032558544059,57.863819886673106,49.00795416086814,55.480617553691815,5.21988857452739,
PP,Producer Prices,36,Australia,5532,Producer Price (USD/tonne),01323,Oranges,1992,1992,7021,Annual value,USD,317.3,A,Official figure,AUS,False,False,64.22555868464649,78.38728862271715,54.8015933451503,60.9576514895015,52.991996389394096,56.04274688194544,5.04326421093316,
PP,Producer Prices,36,Australia,5532,Producer Price (USD/tonne),01323,Oranges,1993,1993,7021,Annual value,USD,233.9,A,Official figure,AUS,False,False,62.259404847966515,75.01403295972897,48.61651615517863,59.01858803408094,53.966480634247155,62.03019780031652,4.98707923344647,
PP,Producer Prices,36,Australia,5532,Producer Price (USD/tonne),01323,Oranges,1994,1994,7021,Annual value,USD,288.8,A,Official figure,AUS,False,False,67.26054679350919,76.29710199787732,47.42020205529957,61.936823654585105,71.86775375736012,74.94370090074824,4.99933415639271,
PP,Producer Prices,36,Australia,5532,Producer Price (USD/tonne),01323,Oranges,1995,1995,7021,Annual value,USD,307.6,A,Official figure,AUS,False,False,76.8287850116353,85.24932673337705,62.72510536671231,70.8474665240566,79.95838810789446,82.19981067004032,4.95654793299687,
PP,Producer Prices,36,Australia,5532,Producer Price (USD/tonne),01323,Oranges,1996,1996,7021,Annual value,USD,388.1,A,Official figure,AUS,False,False,77.82086308655745,84.34557234442748,61.619550783954395,83.65592765127325,69.93519294281285,73.98962818765723,4.85290173072787,
PP,Producer Prices,36,Australia,5532,Producer Price (USD/tonne),01323,Oranges,1997,1997,7021,Annual value,USD,363.7,A,Official figure,AUS,False,False,70.75682380399682,79.31706264103354,59.44728416757198,66.51116723257967,70.68473461622513,70.38581190707349,4.91017735786183,
PP,Producer Prices,36,Australia,5532,Producer Price (USD/tonne),01323,Oranges,1998,1998,7021,Annual value,USD,326.7,A,Official figure,AUS,False,False,64.8237651326436,66.27116245186038,55.776184862258724,58.90385220966683,83.88543382429606,55.22279355165295,4.73775638168852,
PP,Producer Prices,36,Australia,5532,Producer Price (USD/tonne),01323,Oranges,1999,1999,7021,Annual value,USD,425.8,A,Official figure,AUS,False,False,55.38494745729497,62.42928865091984,48.31192059218944,53.12085523046289,58.22698225943004,38.798878860400684,4.80438445813991,
PP,Producer Prices,36,Australia,5532,Producer Price (USD/tonne),01323,Oranges,2000,2000,7021,Annual value,USD,314.2,A,Official figure,AUS,False,False,53.658254311091945,61.295380665724906,54.46468606873116,51.41600714746175,42.89305770905415,50.612781624475126,4.5542072874505,
PP,Producer Prices,36,Australia,5532,Producer Price (USD/tonne),01323,Oranges,2001,2001,7021,Annual value,USD,258.6,A,Official figure,AUS,False,False,55.353759430433776,62.905581984538294,60.88469474046613,51.84540600513508,42.481465934354574,53.47099426092313,4.94222006021166,
PP,Producer Prices,36,Australia,5532,Producer Price (USD/tonne),01323,Oranges,2002,2002,7021,Annual value,USD,336.9,A,Official figure,AUS,False,False,53.432698046969534,56.102316657369585,46.09884987045724,55.57542707086668,55.144333609249486,42.632850317668414,4.86917660836693,
PP,Producer Prices,36,Australia,5532,Producer Price (USD/tonne),01323,Oranges,2003,2003,7021,Annual value,USD,363.2,A,Official figure,AUS,False,False,58.11559303636253,59.31684044946804,54.48407776395476,59.38331088130321,62.630981044686195,43.854657616127014,5.13440054748237,
PP,Producer Prices,36,Australia,5532,Producer Price (USD/tonne),01323,Oranges,2004,2004,7021,Annual value,USD,441.3,A,Official figure,AUS,False,False,65.89944729053757,68.6029390549955,69.84888089256499,64.00158065193195,69.61163025660183,44.346000561265534,4.80423147775813,
PP,Producer Prices,36,Australia,5532,Producer Price (USD/tonne),01323,Oranges,2005,2005,7021,Annual value,USD,473.5,A,Official figure,AUS,False,False,67.6467997866706,72.57908938487195,77.21006263097178,60.766594200041034,64.39872945308146,61.19575106393876,4.74464612990827,
PP,Producer Prices,36,Australia,5532,Producer Price (USD/tonne),01323,Oranges,2006,2006,7021,Annual value,USD,406.6,A,Official figure,AUS,False,False,72.85198153556445,71.39005672414655,73.05336517091054,71.22837696143655,70.5451171722111,91.39314395266837,4.77072459573134,
PP,Producer Prices,36,Australia,5532,Producer Price (USD/tonne),01323,Oranges,2007,2007,7021,Annual value,USD,552.3,A,Official figure,AUS,False,False,94.55025065074518,77.75672729408136,122.39946263841763,100.90811631831873,107.3148060387481,62.36914297123817,5.03584938131912,
PP,Producer Prices,36,Australia,5532,Producer Price (USD/tonne),01323,Oranges,2008,2008,7021,Annual value,USD,520.1,A,Official figure,AUS,False,False,117.73787331863998,90.84433092873273,132.33661799232738,137.64181782223199,141.07285693456427,79.19536905542518,4.80642380862477,
PP,Producer Prices,36,Australia,5532,Producer Price (USD/tonne),01323,Oranges,2009,2009,7021,Annual value,USD,569.3,A,Official figure,AUS,False,False,91.78785298482406,81.60267222893671,91.405730315563,97.1899325654129,94.42735946277953,112.2254832184969,5.59123716369561,
PP,Producer Prices,36,Australia,5532,Producer Price (USD/tonne),01323,Oranges,2010,2010,7021,Annual value,USD,715.5,A,Official figure,AUS,False,False,106.87404108388505,91.39347096403203,111.89896716658724,107.49931237044449,121.95018353123997,131.72406046543753,5.30683575119913,
PP,Producer Prices,36,Australia,5532,Producer Price (USD/tonne),01323,Oranges,2011,2011,7021,Annual value,USD,701.4,A,Official figure,AUS,False,False,131.77593256915614,105.02246669637043,129.89070190611824,142.15740841093506,156.4798891014947,160.90057382271044,5.14219569199562,
PP,Producer Prices,36,Australia,5532,Producer Price (USD/tonne),01323,Oranges,2012,2012,7021,Annual value,USD,797.3,A,Official figure,AUS,False,False,122.75022327595461,104.69498650707051,111.65677557794167,137.3983528628098,138.30661545629084,133.31863424562349,5.05458500868273,
PP,Producer Prices,36,Australia,5532,Producer Price (USD/tonne),01323,Oranges,2013,2013,7021,Annual value,USD,834.1,A,Official figure,AUS,False,False,120.14390446093925,106.21599274087434,140.90691300197804,129.1108717873773,119.49987300357218,109.45334619156017,5.68920960549791,
PP,Producer Prices,36,Australia,5532,Producer Price (USD/tonne),01323,Oranges,2014,2014,7021,Annual value,USD,843.7,A,Official figure,AUS,False,False,114.98315043593857,112.11017428857667,130.20652445334494,115.8182908031581,110.6162614969274,105.19538929713728,6.19615490124291,
PP,Producer Prices,36,Australia,5532,Producer Price (USD/tonne),01323,Oranges,2015,2015,7021,Annual value,USD,641.6,A,Official figure,AUS,False,False,93.0638125181246,96.78279749075053,87.1451487854646,95.87342014077292,89.94109402113435,83.1811851391223,6.56255914980785,
PP,Producer Prices,36,Australia,5532,Producer Price (USD/tonne),01323,Oranges,2016,2016,7021,Annual value,USD,704.0,A,Official figure,AUS,False,False,91.95303704593685,91.10702822067289,82.64832676119045,88.30828905606897,99.44264448193826,111.62342556374044,7.10054987790893,
PP,Producer Prices,36,Australia,5532,Producer Price (USD/tonne),01323,Oranges,2017,2017,7021,Annual value,USD,996.4,A,Official figure,AUS,False,False,97.9325465965461,97.47103081764828,108.01127219003995,90.98426329355082,101.90947584276995,99.11220417429126,6.48222765314289,
PP,Producer Prices,36,Australia,5532,Producer Price (USD/tonne),01323,Oranges,2018,2018,7021,Annual value,USD,939.9,A,Official figure,AUS,False,False,95.75177402259017,94.39851038295467,107.2716875332135,100.82233026984352,87.76107702264312,77.40205315573543,6.52594691958162,
PP,Producer Prices,36,Australia,5532,Producer Price (USD/tonne),01323,Oranges,2019,2019,7021,Annual value,USD,932.9,A,Official figure,AUS,False,False,94.93129436453303,99.4754122501492,102.81578202753263,96.60386371200734,83.23927616454294,78.61501498294437,7.16469389675818,
PP,Producer Prices,36,Australia,5532,Producer Price (USD/tonne),01323,Oranges,2020,2020,7021,Annual value,USD,929.8,A,Official figure,AUS,False,False,98.05250486501859,95.316293513863,101.8142204334863,103.1167289201083,99.44353567977252,79.52871763805308,7.59766516403535,
PP,Producer Prices,36,Australia,5532,Producer Price (USD/tonne),01323,Oranges,2021,2021,7021,Annual value,USD,1109.6,A,Official figure,AUS,False,False,125.73406972850047,107.53442746784815,119.59735631930364,131.1533847436843,164.85113256482796,109.33464293018675,6.44421129042264,
PP,Producer Prices,36,Australia,5532,Producer Price (USD/tonne),01323,Oranges,2022,2022,7021,Annual value,USD,1035.5,A,Official figure,AUS,False,False,144.50986636550888,118.33551230992974,149.51050848913766,154.66510013039058,187.77977941529275,114.45579634923097,6.14945900451023,
PP,Producer Prices,36,Australia,5532,Producer Price (USD/tonne),01323,Oranges,2023,2023,7021,Annual value,USD,545.1,A,Official figure,AUS,False,False,124.51966645168862,114.10852024490974,123.72456940111083,130.87805882527132,126.29144514063518,144.9803113652603,6.12272392365969,
PP,Producer Prices,36,Australia,5532,Producer Price (USD/tonne),01323,Oranges,2024,2024,7021,Annual value,USD,567.0,A,Official figure,AUS,False,False,121.9819961575273,117.25906623977029,129.71297215949022,113.47684568733492,138.06843188494958,125.71292330063521,6.44767390132498,
PP,Producer Prices,36,Australia,5532,Producer Price (USD/tonne),01241.90,"Other beans, green",1991,1991,7021,Annual value,USD,652.0,A,Official figure,AUS,False,False,62.34528439011702,81.47466716487295,45.46032558544059,57.863819886673106,49.00795416086814,55.480617553691815,5.21988857452739,
PP,Producer Prices,36,Australia,5532,Producer Price (USD/tonne),01241.90,"Other beans, green",1992,1992,7021,Annual value,USD,791.7,A,Official figure,AUS,False,False,64.22555868464649,78.38728862271715,54.8015933451503,60.9576514895015,52.991996389394096,56.04274688194544,5.04326421093316,
PP,Producer Prices,36,Australia,5532,Producer Price (USD/tonne),01241.90,"Other beans, green",1993,1993,7021,Annual value,USD,610.0,A,Official figure,AUS,False,False,62.259404847966515,75.01403295972897,48.61651615517863,59.01858803408094,53.966480634247155,62.03019780031652,4.98707923344647,
PP,Producer Prices,36,Australia,5532,Producer Price (USD/tonne),01241.90,"Other beans, green",1994,1994,7021,Annual value,USD,850.3,A,Official figure,AUS,False,False,67.26054679350919,76.29710199787732,47.42020205529957,61.936823654585105,71.86775375736012,74.94370090074824,4.99933415639271,
PP,Producer Prices,36,Australia,5532,Producer Price (USD/tonne),01241.90,"Other beans, green",1995,1995,7021,Annual value,USD,971.1,A,Official figure,AUS,False,False,76.8287850116353,85.24932673337705,62.72510536671231,70.8474665240566,79.95838810789446,82.19981067004032,4.95654793299687,
PP,Producer Prices,36,Australia,5532,Producer Price (USD/tonne),01241.90,"Other beans, green",1996,1996,7021,Annual value,USD,1040.8,A,Official figure,AUS,False,False,77.82086308655745,84.34557234442748,61.619550783954395,83.65592765127325,69.93519294281285,73.98962818765723,4.85290173072787,
PP,Producer Prices,36,Australia,5532,Producer Price (USD/tonne),01241.90,"Other beans, green",1997,1997,7021,Annual value,USD,817.9,A,Official figure,AUS,False,False,70.75682380399682,79.31706264103354,59.44728416757198,66.51116723257967,70.68473461622513,70.38581190707349,4.91017735786183,
PP,Producer Prices,36,Australia,5532,Producer Price (USD/tonne),01241.90,"Other beans, green",1998,1998,7021,Annual value,USD,829.2,A,Official figure,AUS,False,False,64.8237651326436,66.27116245186038,55.776184862258724,58.90385220966683,83.88543382429606,55.22279355165295,4.73775638168852,
PP,Producer Prices,36,Australia,5532,Producer Price (USD/tonne),01241.90,"Other beans, green",1999,1999,7021,Annual value,USD,909.7,A,Official figure,AUS,False,False,55.38494745729497,62.42928865091984,48.31192059218944,53.12085523046289,58.22698225943004,38.798878860400684,4.80438445813991,
PP,Producer Prices,36,Australia,5532,Producer Price (USD/tonne),01241.90,"Other beans, green",2000,2000,7021,Annual value,USD,742.1,A,Official figure,AUS,False,False,53.658254311091945,61.295380665724906,54.46468606873116,51.41600714746175,42.89305770905415,50.612781624475126,4.5542072874505,
PP,Producer Prices,36,Australia,5532,Producer Price (USD/tonne),01241.90,"Other beans, green",2001,2001,7021,Annual value,USD,744.8,A,Official figure,AUS,False,False,55.353759430433776,62.905581984538294,60.88469474046613,51.84540600513508,42.481465934354574,53.47099426092313,4.94222006021166,
PP,Producer Prices,36,Australia,5532,Producer Price (USD/tonne),01241.90,"Other beans, green",2002,2002,7021,Annual value,USD,858.4,A,Official figure,AUS,False,False,53.432698046969534,56.102316657369585,46.09884987045724,55.57542707086668,55.144333609249486,42.632850317668414,4.86917660836693,
PP,Producer Prices,36,Australia,5532,Producer Price (USD/tonne),01241.90,"Other beans, green",2003,2003,7021,Annual value,USD,1135.0,A,Official figure,AUS,False,False,58.11559303636253,59.31684044946804,54.48407776395476,59.38331088130321,62.630981044686195,43.854657616127014,5.13440054748237,
PP,Producer Prices,36,Australia,5532,Producer Price (USD/tonne),01241.90,"Other beans, green",2004,2004,7021,Annual value,USD,1470.9,A,Official figure,AUS,False,False,65.89944729053757,68.6029390549955,69.84888089256499,64.00158065193195,69.61163025660183,44.346000561265534,4.80423147775813,
PP,Producer Prices,36,Australia,5532,Producer Price (USD/tonne),01241.90,"Other beans, green",2005,2005,7021,Annual value,USD,1435.7,A,Official figure,AUS,False,False,67.6467997866706,72.57908938487195,77.21006263097178,60.766594200041034,64.39872945308146,61.19575106393876,4.74464612990827,
PP,Producer Prices,36,Australia,5532,Producer Price (USD/tonne),01241.90,"Other beans, green",2006,2006,7021,Annual value,USD,1777.1,A,Official figure,AUS,False,False,72.85198153556445,71.39005672414655,73.05336517091054,71.22837696143655,70.5451171722111,91.39314395266837,4.77072459573134,
PP,Producer Prices,36,Australia,5532,Producer Price (USD/tonne),01241.90,"Other beans, green",2007,2007,7021,Annual value,USD,2108.7,A,Official figure,AUS,False,False,94.55025065074518,77.75672729408136,122.39946263841763,100.90811631831873,107.3148060387481,62.36914297123817,5.03584938131912,
PP,Producer Prices,36,Australia,5532,Producer Price (USD/tonne),01241.90,"Other beans, green",2008,2008,7021,Annual value,USD,2331.9,A,Official figure,AUS,False,False,117.73787331863998,90.84433092873273,132.33661799232738,137.64181782223199,141.07285693456427,79.19536905542518,4.80642380862477,
PP,Producer Prices,36,Australia,5532,Producer Price (USD/tonne),01241.90,"Other beans, green",2009,2009,7021,Annual value,USD,2043.4,A,Official figure,AUS,False,False,91.78785298482406,81.60267222893671,91.405730315563,97.1899325654129,94.42735946277953,112.2254832184969,5.59123716369561,
PP,Producer Prices,36,Australia,5532,Producer Price (USD/tonne),01241.90,"Other beans, green",2011,2011,7021,Annual value,USD,4063.1,A,Official figure,AUS,False,False,131.77593256915614,105.02246669637043,129.89070190611824,142.15740841093506,156.4798891014947,160.90057382271044,5.14219569199562,
PP,Producer Prices,36,Australia,5532,Producer Price (USD/tonne),01241.90,"Other beans, green",2013,2013,7021,Annual value,USD,4012.2,A,Official figure,AUS,False,False,120.14390446093925,106.21599274087434,140.90691300197804,129.1108717873773,119.49987300357218,109.45334619156017,5.68920960549791,
PP,Producer Prices,36,Australia,5532,Producer Price (USD/tonne),01241.90,"Other beans, green",2014,2014,7021,Annual value,USD,3465.1,A,Official figure,AUS,False,False,114.98315043593857,112.11017428857667,130.20652445334494,115.8182908031581,110.6162614969274,105.19538929713728,6.19615490124291,
PP,Producer Prices,36,Australia,5532,Producer Price (USD/tonne),01241.90,"Other beans, green",2015,2015,7021,Annual value,USD,2745.1,A,Official figure,AUS,False,False,93.0638125181246,96.78279749075053,87.1451487854646,95.87342014077292,89.94109402113435,83.1811851391223,6.56255914980785,
PP,Producer Prices,36,Australia,5532,Producer Price (USD/tonne),01241.90,"Other beans, green",2016,2016,7021,Annual value,USD,2916.3,A,Official figure,AUS,False,False,91.95303704593685,91.10702822067289,82.64832676119045,88.30828905606897,99.44264448193826,111.62342556374044,7.10054987790893,
PP,Producer Prices,36,Australia,5532,Producer Price (USD/tonne),01241.90,"Other beans, green",2017,2017,7021,Annual value,USD,3514.1,A,Official figure,AUS,False,False,97.9325465965461,97.47103081764828,108.01127219003995,90.98426329355082,101.90947584276995,99.11220417429126,6.48222765314289,
PP,Producer Prices,36,Australia,5532,Producer Price (USD/tonne),01241.90,"Other beans, green",2018,2018,7021,Annual value,USD,3150.7,A,Official figure,AUS,False,False,95.75177402259017,94.39851038295467,107.2716875332135,100.82233026984352,87.76107702264312,77.40205315573543,6.52594691958162,
PP,Producer Prices,36,Australia,5532,Producer Price (USD/tonne),01241.90,"Other beans, green",2019,2019,7021,Annual value,USD,2962.1,A,Official figure,AUS,False,False,94.93129436453303,99.4754122501492,102.81578202753263,96.60386371200734,83.23927616454294,78.61501498294437,7.16469389675818,
PP,Producer Prices,36,Australia,5532,Producer Price (USD/tonne),01241.90,"Other beans, green",2020,2020,7021,Annual value,USD,3130.4,A,Official figure,AUS,False,False,98.05250486501859,95.316293513863,101.8142204334863,103.1167289201083,99.44353567977252,79.52871763805308,7.59766516403535,
PP,Producer Prices,36,Australia,5532,Producer Price (USD/tonne),01241.90,"Other beans, green",2021,2021,7021,Annual value,USD,3010.0,A,Official figure,AUS,False,False,125.73406972850047,107.53442746784815,119.59735631930364,131.1533847436843,164.85113256482796,109.33464293018675,6.44421129042264,
PP,Producer Prices,36,Australia,5532,Producer Price (USD/tonne),01241.90,"Other beans, green",2023,2023,7021,Annual value,USD,2607.9,A,Official figure,AUS,False,False,124.51966645168862,114.10852024490974,123.72456940111083,130.87805882527132,126.29144514063518,144.9803113652603,6.12272392365969,
PP,Producer Prices,36,Australia,5532,Producer Price (USD/tonne),01241.90,"Other beans, green",2024,2024,7021,Annual value,USD,2365.0,A,Official figure,AUS,False,False,121.9819961575273,117.25906623977029,129.71297215949022,113.47684568733492,138.06843188494958,125.71292330063521,6.44767390132498,
PP,Producer Prices,36,Australia,5532,Producer Price (USD/tonne),01355.90,Other berries and fruits of the genus vaccinium n.e.c.,2020,2020,7021,Annual value,USD,7816.8,A,Official figure,AUS,False,False,98.05250486501859,95.316293513863,101.8142204334863,103.1167289201083,99.44353567977252,79.52871763805308,7.59766516403535,
PP,Producer Prices,36,Australia,5532,Producer Price (USD/tonne),01379.90,"Other nuts (excluding wild edible nuts and groundnuts), in shell, n.e.c.",1993,1993,7021,Annual value,USD,1457.9,A,Official figure,AUS,False,False,62.259404847966515,75.01403295972897,48.61651615517863,59.01858803408094,53.966480634247155,62.03019780031652,4.98707923344647,
PP,Producer Prices,36,Australia,5532,Producer Price (USD/tonne),01379.90,"Other nuts (excluding wild edible nuts and groundnuts), in shell, n.e.c.",1994,1994,7021,Annual value,USD,1805.2,A,Official figure,AUS,False,False,67.26054679350919,76.29710199787732,47.42020205529957,61.936823654585105,71.86775375736012,74.94370090074824,4.99933415639271,
PP,Producer Prices,36,Australia,5532,Producer Price (USD/tonne),01379.90,"Other nuts (excluding wild edible nuts and groundnuts), in shell, n.e.c.",1995,1995,7021,Annual value,USD,2624.1,A,Official figure,AUS,False,False,76.8287850116353,85.24932673337705,62.72510536671231,70.8474665240566,79.95838810789446,82.19981067004032,4.95654793299687,
PP,Producer Prices,36,Australia,5532,Producer Price (USD/tonne),01379.90,"Other nuts (excluding wild edible nuts and groundnuts), in shell, n.e.c.",1996,1996,7021,Annual value,USD,3547.3,A,Official figure,AUS,False,False,77.82086308655745,84.34557234442748,61.619550783954395,83.65592765127325,69.93519294281285,73.98962818765723,4.85290173072787,
PP,Producer Prices,36,Australia,5532,Producer Price (USD/tonne),01379.90,"Other nuts (excluding wild edible nuts and groundnuts), in shell, n.e.c.",1997,1997,7021,Annual value,USD,2530.8,A,Official figure,AUS,False,False,70.75682380399682,79.31706264103354,59.44728416757198,66.51116723257967,70.68473461622513,70.38581190707349,4.91017735786183,
PP,Producer Prices,36,Australia,5532,Producer Price (USD/tonne),01379.90,"Other nuts (excluding wild edible nuts and groundnuts), in shell, n.e.c.",1998,1998,7021,Annual value,USD,1620.8,A,Official figure,AUS,False,False,64.8237651326436,66.27116245186038,55.776184862258724,58.90385220966683,83.88543382429606,55.22279355165295,4.73775638168852,
PP,Producer Prices,36,Australia,5532,Producer Price (USD/tonne),01379.90,"Other nuts (excluding wild edible nuts and groundnuts), in shell, n.e.c.",1999,1999,7021,Annual value,USD,1509.7,A,Official figure,AUS,False,False,55.38494745729497,62.42928865091984,48.31192059218944,53.12085523046289,58.22698225943004,38.798878860400684,4.80438445813991,
PP,Producer Prices,36,Australia,5532,Producer Price (USD/tonne),01379.90,"Other nuts (excluding wild edible nuts and groundnuts), in shell, n.e.c.",2000,2000,7021,Annual value,USD,1217.5,A,Official figure,AUS,False,False,53.658254311091945,61.295380665724906,54.46468606873116,51.41600714746175,42.89305770905415,50.612781624475126,4.5542072874505,
PP,Producer Prices,36,Australia,5532,Producer Price (USD/tonne),01379.90,"Other nuts (excluding wild edible nuts and groundnuts), in shell, n.e.c.",2001,2001,7021,Annual value,USD,1194.8,A,Official figure,AUS,False,False,55.353759430433776,62.905581984538294,60.88469474046613,51.84540600513508,42.481465934354574,53.47099426092313,4.94222006021166,
PP,Producer Prices,36,Australia,5532,Producer Price (USD/tonne),01379.90,"Other nuts (excluding wild edible nuts and groundnuts), in shell, n.e.c.",2002,2002,7021,Annual value,USD,1461.5,A,Official figure,AUS,False,False,53.432698046969534,56.102316657369585,46.09884987045724,55.57542707086668,55.144333609249486,42.632850317668414,4.86917660836693,
PP,Producer Prices,36,Australia,5532,Producer Price (USD/tonne),01379.90,"Other nuts (excluding wild edible nuts and groundnuts), in shell, n.e.c.",2003,2003,7021,Annual value,USD,1997.5,A,Official figure,AUS,False,False,58.11559303636253,59.31684044946804,54.48407776395476,59.38331088130321,62.630981044686195,43.854657616127014,5.13440054748237,
PP,Producer Prices,36,Australia,5532,Producer Price (USD/tonne),01379.90,"Other nuts (excluding wild edible nuts and groundnuts), in shell, n.e.c.",2004,2004,7021,Annual value,USD,2559.3,A,Official figure,AUS,False,False,65.89944729053757,68.6029390549955,69.84888089256499,64.00158065193195,69.61163025660183,44.346000561265534,4.80423147775813,
PP,Producer Prices,36,Australia,5532,Producer Price (USD/tonne),01379.90,"Other nuts (excluding wild edible nuts and groundnuts), in shell, n.e.c.",2005,2005,7021,Annual value,USD,2871.4,A,Official figure,AUS,False,False,67.6467997866706,72.57908938487195,77.21006263097178,60.766594200041034,64.39872945308146,61.19575106393876,4.74464612990827,
PP,Producer Prices,36,Australia,5532,Producer Price (USD/tonne),01379.90,"Other nuts (excluding wild edible nuts and groundnuts), in shell, n.e.c.",2006,2006,7021,Annual value,USD,2500.1,A,Official figure,AUS,False,False,72.85198153556445,71.39005672414655,73.05336517091054,71.22837696143655,70.5451171722111,91.39314395266837,4.77072459573134,
PP,Producer Prices,36,Australia,5532,Producer Price (USD/tonne),01379.90,"Other nuts (excluding wild edible nuts and groundnuts), in shell, n.e.c.",2007,2007,7021,Annual value,USD,1991.5,A,Official figure,AUS,False,False,94.55025065074518,77.75672729408136,122.39946263841763,100.90811631831873,107.3148060387481,62.36914297123817,5.03584938131912,
PP,Producer Prices,36,Australia,5532,Producer Price (USD/tonne),01379.90,"Other nuts (excluding wild edible nuts and groundnuts), in shell, n.e.c.",2008,2008,7021,Annual value,USD,1392.4,A,Official figure,AUS,False,False,117.73787331863998,90.84433092873273,132.33661799232738,137.64181782223199,141.07285693456427,79.19536905542518,4.80642380862477,
PP,Producer Prices,36,Australia,5532,Producer Price (USD/tonne),01379.90,"Other nuts (excluding wild edible nuts and groundnuts), in shell, n.e.c.",2009,2009,7021,Annual value,USD,1361.0,A,Official figure,AUS,False,False,91.78785298482406,81.60267222893671,91.405730315563,97.1899325654129,94.42735946277953,112.2254832184969,5.59123716369561,
PP,Producer Prices,36,Australia,5532,Producer Price (USD/tonne),01379.90,"Other nuts (excluding wild edible nuts and groundnuts), in shell, n.e.c.",2010,2010,7021,Annual value,USD,1926.3,A,Official figure,AUS,False,False,106.87404108388505,91.39347096403203,111.89896716658724,107.49931237044449,121.95018353123997,131.72406046543753,5.30683575119913,
PP,Producer Prices,36,Australia,5532,Producer Price (USD/tonne),01379.90,"Other nuts (excluding wild edible nuts and groundnuts), in shell, n.e.c.",2011,2011,7021,Annual value,USD,2908.8,A,Official figure,AUS,False,False,131.77593256915614,105.02246669637043,129.89070190611824,142.15740841093506,156.4798891014947,160.90057382271044,5.14219569199562,
PP,Producer Prices,36,Australia,5532,Producer Price (USD/tonne),01379.90,"Other nuts (excluding wild edible nuts and groundnuts), in shell, n.e.c.",2012,2012,7021,Annual value,USD,3479.0,A,Official figure,AUS,False,False,122.75022327595461,104.69498650707051,111.65677557794167,137.3983528628098,138.30661545629084,133.31863424562349,5.05458500868273,
PP,Producer Prices,36,Australia,5532,Producer Price (USD/tonne),01379.90,"Other nuts (excluding wild edible nuts and groundnuts), in shell, n.e.c.",2013,2013,7021,Annual value,USD,3147.2,A,Official figure,AUS,False,False,120.14390446093925,106.21599274087434,140.90691300197804,129.1108717873773,119.49987300357218,109.45334619156017,5.68920960549791,
PP,Producer Prices,36,Australia,5532,Producer Price (USD/tonne),01379.90,"Other nuts (excluding wild edible nuts and groundnuts), in shell, n.e.c.",2014,2014,7021,Annual value,USD,3141.4,A,Official figure,AUS,False,False,114.98315043593857,112.11017428857667,130.20652445334494,115.8182908031581,110.6162614969274,105.19538929713728,6.19615490124291,
PP,Producer Prices,36,Australia,5532,Producer Price (USD/tonne),01379.90,"Other nuts (excluding wild edible nuts and groundnuts), in shell, n.e.c.",2015,2015,7021,Annual value,USD,3017.8,A,Official figure,AUS,False,False,93.0638125181246,96.78279749075053,87.1451487854646,95.87342014077292,89.94109402113435,83.1811851391223,6.56255914980785,
PP,Producer Prices,36,Australia,5532,Producer Price (USD/tonne),01379.90,"Other nuts (excluding wild edible nuts and groundnuts), in shell, n.e.c.",2016,2016,7021,Annual value,USD,3874.5,A,Official figure,AUS,False,False,91.95303704593685,91.10702822067289,82.64832676119045,88.30828905606897,99.44264448193826,111.62342556374044,7.10054987790893,
PP,Producer Prices,36,Australia,5532,Producer Price (USD/tonne),01379.90,"Other nuts (excluding wild edible nuts and groundnuts), in shell, n.e.c.",2017,2017,7021,Annual value,USD,4075.1,A,Official figure,AUS,False,False,97.9325465965461,97.47103081764828,108.01127219003995,90.98426329355082,101.90947584276995,99.11220417429126,6.48222765314289,
PP,Producer Prices,36,Australia,5532,Producer Price (USD/tonne),01379.90,"Other nuts (excluding wild edible nuts and groundnuts), in shell, n.e.c.",2018,2018,7021,Annual value,USD,4183.3,A,Official figure,AUS,False,False,95.75177402259017,94.39851038295467,107.2716875332135,100.82233026984352,87.76107702264312,77.40205315573543,6.52594691958162,
PP,Producer Prices,36,Australia,5532,Producer Price (USD/tonne),01379.90,"Other nuts (excluding wild edible nuts and groundnuts), in shell, n.e.c.",2019,2019,7021,Annual value,USD,4098.7,A,Official figure,AUS,False,False,94.93129436453303,99.4754122501492,102.81578202753263,96.60386371200734,83.23927616454294,78.61501498294437,7.16469389675818,
PP,Producer Prices,36,Australia,5532,Producer Price (USD/tonne),01379.90,"Other nuts (excluding wild edible nuts and groundnuts), in shell, n.e.c.",2020,2020,7021,Annual value,USD,4248.1,A,Official figure,AUS,False,False,98.05250486501859,95.316293513863,101.8142204334863,103.1167289201083,99.44353567977252,79.52871763805308,7.59766516403535,
PP,Producer Prices,36,Australia,5532,Producer Price (USD/tonne),01379.90,"Other nuts (excluding wild edible nuts and groundnuts), in shell, n.e.c.",2021,2021,7021,Annual value,USD,4419.3,A,Official figure,AUS,False,False,125.73406972850047,107.53442746784815,119.59735631930364,131.1533847436843,164.85113256482796,109.33464293018675,6.44421129042264,
PP,Producer Prices,36,Australia,5532,Producer Price (USD/tonne),01379.90,"Other nuts (excluding wild edible nuts and groundnuts), in shell, n.e.c.",2023,2023,7021,Annual value,USD,1646.4,A,Official figure,AUS,False,False,124.51966645168862,114.10852024490974,123.72456940111083,130.87805882527132,126.29144514063518,144.9803113652603,6.12272392365969,
PP,Producer Prices,36,Australia,5532,Producer Price (USD/tonne),01379.90,"Other nuts (excluding wild edible nuts and groundnuts), in shell, n.e.c.",2024,2024,7021,Annual value,USD,2560.2,A,Official figure,AUS,False,False,121.9819961575273,117.25906623977029,129.71297215949022,113.47684568733492,138.06843188494958,125.71292330063521,6.44767390132498,
PP,Producer Prices,36,Australia,5532,Producer Price (USD/tonne),01317,Papayas,1991,1991,7021,Annual value,USD,962.8,A,Official figure,AUS,False,False,62.34528439011702,81.47466716487295,45.46032558544059,57.863819886673106,49.00795416086814,55.480617553691815,5.21988857452739,
PP,Producer Prices,36,Australia,5532,Producer Price (USD/tonne),01317,Papayas,1992,1992,7021,Annual value,USD,815.9,A,Official figure,AUS,False,False,64.22555868464649,78.38728862271715,54.8015933451503,60.9576514895015,52.991996389394096,56.04274688194544,5.04326421093316,
PP,Producer Prices,36,Australia,5532,Producer Price (USD/tonne),01317,Papayas,1993,1993,7021,Annual value,USD,487.6,A,Official figure,AUS,False,False,62.259404847966515,75.01403295972897,48.61651615517863,59.01858803408094,53.966480634247155,62.03019780031652,4.98707923344647,
PP,Producer Prices,36,Australia,5532,Producer Price (USD/tonne),01317,Papayas,1994,1994,7021,Annual value,USD,506.7,A,Official figure,AUS,False,False,67.26054679350919,76.29710199787732,47.42020205529957,61.936823654585105,71.86775375736012,74.94370090074824,4.99933415639271,
PP,Producer Prices,36,Australia,5532,Producer Price (USD/tonne),01317,Papayas,1995,1995,7021,Annual value,USD,822.8,A,Official figure,AUS,False,False,76.8287850116353,85.24932673337705,62.72510536671231,70.8474665240566,79.95838810789446,82.19981067004032,4.95654793299687,
PP,Producer Prices,36,Australia,5532,Producer Price (USD/tonne),01317,Papayas,1996,1996,7021,Annual value,USD,939.1,A,Official figure,AUS,False,False,77.82086308655745,84.34557234442748,61.619550783954395,83.65592765127325,69.93519294281285,73.98962818765723,4.85290173072787,
PP,Producer Prices,36,Australia,5532,Producer Price (USD/tonne),01317,Papayas,1997,1997,7021,Annual value,USD,764.4,A,Official figure,AUS,False,False,70.75682380399682,79.31706264103354,59.44728416757198,66.51116723257967,70.68473461622513,70.38581190707349,4.91017735786183,
PP,Producer Prices,36,Australia,5532,Producer Price (USD/tonne),01317,Papayas,1998,1998,7021,Annual value,USD,527.7,A,Official figure,AUS,False,False,64.8237651326436,66.27116245186038,55.776184862258724,58.90385220966683,83.88543382429606,55.22279355165295,4.73775638168852,
PP,Producer Prices,36,Australia,5532,Producer Price (USD/tonne),01317,Papayas,1999,1999,7021,Annual value,USD,557.4,A,Official figure,AUS,False,False,55.38494745729497,62.42928865091984,48.31192059218944,53.12085523046289,58.22698225943004,38.798878860400684,4.80438445813991,
PP,Producer Prices,36,Australia,5532,Producer Price (USD/tonne),01317,Papayas,2000,2000,7021,Annual value,USD,696.9,A,Official figure,AUS,False,False,53.658254311091945,61.295380665724906,54.46468606873116,51.41600714746175,42.89305770905415,50.612781624475126,4.5542072874505,
PP,Producer Prices,36,Australia,5532,Producer Price (USD/tonne),01317,Papayas,2001,2001,7021,Annual value,USD,393.1,A,Official figure,AUS,False,False,55.353759430433776,62.905581984538294,60.88469474046613,51.84540600513508,42.481465934354574,53.47099426092313,4.94222006021166,
PP,Producer Prices,36,Australia,5532,Producer Price (USD/tonne),01317,Papayas,2002,2002,7021,Annual value,USD,597.6,A,Official figure,AUS,False,False,53.432698046969534,56.102316657369585,46.09884987045724,55.57542707086668,55.144333609249486,42.632850317668414,4.86917660836693,
PP,Producer Prices,36,Australia,5532,Producer Price (USD/tonne),01317,Papayas,2003,2003,7021,Annual value,USD,719.9,A,Official figure,AUS,False,False,58.11559303636253,59.31684044946804,54.48407776395476,59.38331088130321,62.630981044686195,43.854657616127014,5.13440054748237,
PP,Producer Prices,36,Australia,5532,Producer Price (USD/tonne),01317,Papayas,2004,2004,7021,Annual value,USD,779.6,A,Official figure,AUS,False,False,65.89944729053757,68.6029390549955,69.84888089256499,64.00158065193195,69.61163025660183,44.346000561265534,4.80423147775813,
PP,Producer Prices,36,Australia,5532,Producer Price (USD/tonne),01317,Papayas,2005,2005,7021,Annual value,USD,924.0,A,Official figure,AUS,False,False,67.6467997866706,72.57908938487195,77.21006263097178,60.766594200041034,64.39872945308146,61.19575106393876,4.74464612990827,
PP,Producer Prices,36,Australia,5532,Producer Price (USD/tonne),01317,Papayas,2006,2006,7021,Annual value,USD,1106.9,A,Official figure,AUS,False,False,72.85198153556445,71.39005672414655,73.05336517091054,71.22837696143655,70.5451171722111,91.39314395266837,4.77072459573134,
PP,Producer Prices,36,Australia,5532,Producer Price (USD/tonne),01317,Papayas,2007,2007,7021,Annual value,USD,1824.2,A,Official figure,AUS,False,False,94.55025065074518,77.75672729408136,122.39946263841763,100.90811631831873,107.3148060387481,62.36914297123817,5.03584938131912,
PP,Producer Prices,36,Australia,5532,Producer Price (USD/tonne),01317,Papayas,2009,2009,7021,Annual value,USD,1918.6,A,Official figure,AUS,False,False,91.78785298482406,81.60267222893671,91.405730315563,97.1899325654129,94.42735946277953,112.2254832184969,5.59123716369561,
PP,Producer Prices,36,Australia,5532,Producer Price (USD/tonne),01317,Papayas,2011,2011,7021,Annual value,USD,2795.4,A,Official figure,AUS,False,True,131.77593256915614,105.02246669637043,129.89070190611824,142.15740841093506,156.4798891014947,160.90057382271044,5.14219569199562,
PP,Producer Prices,36,Australia,5532,Producer Price (USD/tonne),01317,Papayas,2023,2023,7021,Annual value,USD,1190.7,A,Official figure,AUS,False,False,124.51966645168862,114.10852024490974,123.72456940111083,130.87805882527132,126.29144514063518,144.9803113652603,6.12272392365969,
PP,Producer Prices,36,Australia,5532,Producer Price (USD/tonne),01317,Papayas,2024,2024,7021,Annual value,USD,1298.9,A,Official figure,AUS,False,False,121.9819961575273,117.25906623977029,129.71297215949022,113.47684568733492,138.06843188494958,125.71292330063521,6.44767390132498,
PP,Producer Prices,36,Australia,5532,Producer Price (USD/tonne),01345,Peaches and nectarines,1991,1991,7021,Annual value,USD,782.9,A,Official figure,AUS,False,False,62.34528439011702,81.47466716487295,45.46032558544059,57.863819886673106,49.00795416086814,55.480617553691815,5.21988857452739,
PP,Producer Prices,36,Australia,5532,Producer Price (USD/tonne),01345,Peaches and nectarines,1992,1992,7021,Annual value,USD,733.7,A,Official figure,AUS,False,False,64.22555868464649,78.38728862271715,54.8015933451503,60.9576514895015,52.991996389394096,56.04274688194544,5.04326421093316,
PP,Producer Prices,36,Australia,5532,Producer Price (USD/tonne),01345,Peaches and nectarines,1993,1993,7021,Annual value,USD,699.1,A,Official figure,AUS,False,False,62.259404847966515,75.01403295972897,48.61651615517863,59.01858803408094,53.966480634247155,62.03019780031652,4.98707923344647,
PP,Producer Prices,36,Australia,5532,Producer Price (USD/tonne),01345,Peaches and nectarines,1994,1994,7021,Annual value,USD,845.9,A,Official figure,AUS,False,False,67.26054679350919,76.29710199787732,47.42020205529957,61.936823654585105,71.86775375736012,74.94370090074824,4.99933415639271,
PP,Producer Prices,36,Australia,5532,Producer Price (USD/tonne),01345,Peaches and nectarines,1995,1995,7021,Annual value,USD,1124.5,A,Official figure,AUS,False,False,76.8287850116353,85.24932673337705,62.72510536671231,70.8474665240566,79.95838810789446,82.19981067004032,4.95654793299687,
PP,Producer Prices,36,Australia,5532,Producer Price (USD/tonne),01345,Peaches and nectarines,1996,1996,7021,Annual value,USD,899.9,A,Official figure,AUS,False,False,77.82086308655745,84.34557234442748,61.619550783954395,83.65592765127325,69.93519294281285,73.98962818765723,4.85290173072787,
PP,Producer Prices,36,Australia,5532,Producer Price (USD/tonne),01345,Peaches and nectarines,1997,1997,7021,Annual value,USD,800.1,A,Official figure,AUS,False,False,70.75682380399682,79.31706264103354,59.44728416757198,66.51116723257967,70.68473461622513,70.38581190707349,4.91017735786183,
PP,Producer Prices,36,Australia,5532,Producer Price (USD/tonne),01345,Peaches and nectarines,1998,1998,7021,Annual value,USD,699.2,A,Official figure,AUS,False,False,64.8237651326436,66.27116245186038,55.776184862258724,58.90385220966683,83.88543382429606,55.22279355165295,4.73775638168852,
PP,Producer Prices,36,Australia,5532,Producer Price (USD/tonne),01345,Peaches and nectarines,1999,1999,7021,Annual value,USD,858.1,A,Official figure,AUS,False,False,55.38494745729497,62.42928865091984,48.31192059218944,53.12085523046289,58.22698225943004,38.798878860400684,4.80438445813991,
PP,Producer Prices,36,Australia,5532,Producer Price (USD/tonne),01345,Peaches and nectarines,2000,2000,7021,Annual value,USD,689.3,A,Official figure,AUS,False,False,53.658254311091945,61.295380665724906,54.46468606873116,51.41600714746175,42.89305770905415,50.612781624475126,4.5542072874505,
PP,Producer Prices,36,Australia,5532,Producer Price (USD/tonne),01345,Peaches and nectarines,2001,2001,7021,Annual value,USD,686.9,A,Official figure,AUS,False,False,55.353759430433776,62.905581984538294,60.88469474046613,51.84540600513508,42.481465934354574,53.47099426092313,4.94222006021166,
PP,Producer Prices,36,Australia,5532,Producer Price (USD/tonne),01345,Peaches and nectarines,2002,2002,7021,Annual value,USD,652.0,A,Official figure,AUS,False,False,53.432698046969534,56.102316657369585,46.09884987045724,55.57542707086668,55.144333609249486,42.632850317668414,4.86917660836693,
PP,Producer Prices,36,Australia,5532,Producer Price (USD/tonne),01345,Peaches and nectarines,2003,2003,7021,Annual value,USD,785.4,A,Official figure,AUS,False,False,58.11559303636253,59.31684044946804,54.48407776395476,59.38331088130321,62.630981044686195,43.854657616127014,5.13440054748237,
PP,Producer Prices,36,Australia,5532,Producer Price (USD/tonne),01345,Peaches and nectarines,2004,2004,7021,Annual value,USD,1123.0,A,Official figure,AUS,False,False,65.89944729053757,68.6029390549955,69.84888089256499,64.00158065193195,69.61163025660183,44.346000561265534,4.80423147775813,
PP,Producer Prices,36,Australia,5532,Producer Price (USD/tonne),01345,Peaches and nectarines,2005,2005,7021,Annual value,USD,1114.2,A,Official figure,AUS,False,False,67.6467997866706,72.57908938487195,77.21006263097178,60.766594200041034,64.39872945308146,61.19575106393876,4.74464612990827,
PP,Producer Prices,36,Australia,5532,Producer Price (USD/tonne),01345,Peaches and nectarines,2006,2006,7021,Annual value,USD,1152.9,A,Official figure,AUS,False,False,72.85198153556445,71.39005672414655,73.05336517091054,71.22837696143655,70.5451171722111,91.39314395266837,4.77072459573134,
PP,Producer Prices,36,Australia,5532,Producer Price (USD/tonne),01345,Peaches and nectarines,2007,2007,7021,Annual value,USD,1451.0,A,Official figure,AUS,False,False,94.55025065074518,77.75672729408136,122.39946263841763,100.90811631831873,107.3148060387481,62.36914297123817,5.03584938131912,
PP,Producer Prices,36,Australia,5532,Producer Price (USD/tonne),01345,Peaches and nectarines,2008,2008,7021,Annual value,USD,1140.8,A,Official figure,AUS,False,False,117.73787331863998,90.84433092873273,132.33661799232738,137.64181782223199,141.07285693456427,79.19536905542518,4.80642380862477,
PP,Producer Prices,36,Australia,5532,Producer Price (USD/tonne),01345,Peaches and nectarines,2009,2009,7021,Annual value,USD,1347.7,A,Official figure,AUS,False,False,91.78785298482406,81.60267222893671,91.405730315563,97.1899325654129,94.42735946277953,112.2254832184969,5.59123716369561,
PP,Producer Prices,36,Australia,5532,Producer Price (USD/tonne),01345,Peaches and nectarines,2010,2010,7021,Annual value,USD,1330.1,A,Official figure,AUS,False,False,106.87404108388505,91.39347096403203,111.89896716658724,107.49931237044449,121.95018353123997,131.72406046543753,5.30683575119913,
PP,Producer Prices,36,Australia,5532,Producer Price (USD/tonne),01345,Peaches and nectarines,2011,2011,7021,Annual value,USD,2033.1,A,Official figure,AUS,False,False,131.77593256915614,105.02246669637043,129.89070190611824,142.15740841093506,156.4798891014947,160.90057382271044,5.14219569199562,
PP,Producer Prices,36,Australia,5532,Producer Price (USD/tonne),01345,Peaches and nectarines,2012,2012,7021,Annual value,USD,1819.2,A,Official figure,AUS,False,False,122.75022327595461,104.69498650707051,111.65677557794167,137.3983528628098,138.30661545629084,133.31863424562349,5.05458500868273,
PP,Producer Prices,36,Australia,5532,Producer Price (USD/tonne),01345,Peaches and nectarines,2013,2013,7021,Annual value,USD,1626.7,A,Official figure,AUS,False,False,120.14390446093925,106.21599274087434,140.90691300197804,129.1108717873773,119.49987300357218,109.45334619156017,5.68920960549791,
PP,Producer Prices,36,Australia,5532,Producer Price (USD/tonne),01345,Peaches and nectarines,2014,2014,7021,Annual value,USD,1892.1,A,Official figure,AUS,False,False,114.98315043593857,112.11017428857667,130.20652445334494,115.8182908031581,110.6162614969274,105.19538929713728,6.19615490124291,
PP,Producer Prices,36,Australia,5532,Producer Price (USD/tonne),01345,Peaches and nectarines,2015,2015,7021,Annual value,USD,1374.1,A,Official figure,AUS,False,False,93.0638125181246,96.78279749075053,87.1451487854646,95.87342014077292,89.94109402113435,83.1811851391223,6.56255914980785,
PP,Producer Prices,36,Australia,5532,Producer Price (USD/tonne),01345,Peaches and nectarines,2016,2016,7021,Annual value,USD,1397.5,A,Official figure,AUS,False,False,91.95303704593685,91.10702822067289,82.64832676119045,88.30828905606897,99.44264448193826,111.62342556374044,7.10054987790893,
PP,Producer Prices,36,Australia,5532,Producer Price (USD/tonne),01345,Peaches and nectarines,2017,2017,7021,Annual value,USD,1600.3,A,Official figure,AUS,False,False,97.9325465965461,97.47103081764828,108.01127219003995,90.98426329355082,101.90947584276995,99.11220417429126,6.48222765314289,
PP,Producer Prices,36,Australia,5532,Producer Price (USD/tonne),01345,Peaches and nectarines,2018,2018,7021,Annual value,USD,1692.3,A,Official figure,AUS,False,False,95.75177402259017,94.39851038295467,107.2716875332135,100.82233026984352,87.76107702264312,77.40205315573543,6.52594691958162,
PP,Producer Prices,36,Australia,5532,Producer Price (USD/tonne),01345,Peaches and nectarines,2019,2019,7021,Annual value,USD,1640.6,A,Official figure,AUS,False,False,94.93129436453303,99.4754122501492,102.81578202753263,96.60386371200734,83.23927616454294,78.61501498294437,7.16469389675818,
PP,Producer Prices,36,Australia,5532,Producer Price (USD/tonne),01345,Peaches and nectarines,2020,2020,7021,Annual value,USD,1665.4,A,Official figure,AUS,False,False,98.05250486501859,95.316293513863,101.8142204334863,103.1167289201083,99.44353567977252,79.52871763805308,7.59766516403535,
PP,Producer Prices,36,Australia,5532,Producer Price (USD/tonne),01345,Peaches and nectarines,2021,2021,7021,Annual value,USD,1756.8,A,Official figure,AUS,False,False,125.73406972850047,107.53442746784815,119.59735631930364,131.1533847436843,164.85113256482796,109.33464293018675,6.44421129042264,
PP,Producer Prices,36,Australia,5532,Producer Price (USD/tonne),01345,Peaches and nectarines,2023,2023,7021,Annual value,USD,2401.0,A,Official figure,AUS,False,False,124.51966645168862,114.10852024490974,123.72456940111083,130.87805882527132,126.29144514063518,144.9803113652603,6.12272392365969,
PP,Producer Prices,36,Australia,5532,Producer Price (USD/tonne),01345,Peaches and nectarines,2024,2024,7021,Annual value,USD,2641.9,A,Official figure,AUS,False,False,121.9819961575273,117.25906623977029,129.71297215949022,113.47684568733492,138.06843188494958,125.71292330063521,6.44767390132498,
PP,Producer Prices,36,Australia,5532,Producer Price (USD/tonne),01342.01,Pears,1991,1991,7021,Annual value,USD,415.2,A,Official figure,AUS,False,False,62.34528439011702,81.47466716487295,45.46032558544059,57.863819886673106,49.00795416086814,55.480617553691815,5.21988857452739,
PP,Producer Prices,36,Australia,5532,Producer Price (USD/tonne),01342.01,Pears,1992,1992,7021,Annual value,USD,508.2,A,Official figure,AUS,False,False,64.22555868464649,78.38728862271715,54.8015933451503,60.9576514895015,52.991996389394096,56.04274688194544,5.04326421093316,
PP,Producer Prices,36,Australia,5532,Producer Price (USD/tonne),01342.01,Pears,1993,1993,7021,Annual value,USD,414.8,A,Official figure,AUS,False,False,62.259404847966515,75.01403295972897,48.61651615517863,59.01858803408094,53.966480634247155,62.03019780031652,4.98707923344647,
PP,Producer Prices,36,Australia,5532,Producer Price (USD/tonne),01342.01,Pears,1994,1994,7021,Annual value,USD,418.9,A,Official figure,AUS,False,False,67.26054679350919,76.29710199787732,47.42020205529957,61.936823654585105,71.86775375736012,74.94370090074824,4.99933415639271,
PP,Producer Prices,36,Australia,5532,Producer Price (USD/tonne),01342.01,Pears,1995,1995,7021,Annual value,USD,358.8,A,Official figure,AUS,False,False,76.8287850116353,85.24932673337705,62.72510536671231,70.8474665240566,79.95838810789446,82.19981067004032,4.95654793299687,
PP,Producer Prices,36,Australia,5532,Producer Price (USD/tonne),01342.01,Pears,1996,1996,7021,Annual value,USD,455.4,A,Official figure,AUS,False,False,77.82086308655745,84.34557234442748,61.619550783954395,83.65592765127325,69.93519294281285,73.98962818765723,4.85290173072787,
PP,Producer Prices,36,Australia,5532,Producer Price (USD/tonne),01342.01,Pears,1997,1997,7021,Annual value,USD,469.8,A,Official figure,AUS,False,False,70.75682380399682,79.31706264103354,59.44728416757198,66.51116723257967,70.68473461622513,70.38581190707349,4.91017735786183,
PP,Producer Prices,36,Australia,5532,Producer Price (USD/tonne),01342.01,Pears,1998,1998,7021,Annual value,USD,446.0,A,Official figure,AUS,False,False,64.8237651326436,66.27116245186038,55.776184862258724,58.90385220966683,83.88543382429606,55.22279355165295,4.73775638168852,
PP,Producer Prices,36,Australia,5532,Producer Price (USD/tonne),01342.01,Pears,1999,1999,7021,Annual value,USD,464.5,A,Official figure,AUS,False,False,55.38494745729497,62.42928865091984,48.31192059218944,53.12085523046289,58.22698225943004,38.798878860400684,4.80438445813991,
PP,Producer Prices,36,Australia,5532,Producer Price (USD/tonne),01342.01,Pears,2000,2000,7021,Annual value,USD,267.3,A,Official figure,AUS,False,False,53.658254311091945,61.295380665724906,54.46468606873116,51.41600714746175,42.89305770905415,50.612781624475126,4.5542072874505,
PP,Producer Prices,36,Australia,5532,Producer Price (USD/tonne),01342.01,Pears,2001,2001,7021,Annual value,USD,274.1,A,Official figure,AUS,False,False,55.353759430433776,62.905581984538294,60.88469474046613,51.84540600513508,42.481465934354574,53.47099426092313,4.94222006021166,
PP,Producer Prices,36,Australia,5532,Producer Price (USD/tonne),01342.01,Pears,2002,2002,7021,Annual value,USD,374.9,A,Official figure,AUS,False,False,53.432698046969534,56.102316657369585,46.09884987045724,55.57542707086668,55.144333609249486,42.632850317668414,4.86917660836693,
PP,Producer Prices,36,Australia,5532,Producer Price (USD/tonne),01342.01,Pears,2003,2003,7021,Annual value,USD,382.6,A,Official figure,AUS,False,False,58.11559303636253,59.31684044946804,54.48407776395476,59.38331088130321,62.630981044686195,43.854657616127014,5.13440054748237,
PP,Producer Prices,36,Australia,5532,Producer Price (USD/tonne),01342.01,Pears,2004,2004,7021,Annual value,USD,558.9,A,Official figure,AUS,False,False,65.89944729053757,68.6029390549955,69.84888089256499,64.00158065193195,69.61163025660183,44.346000561265534,4.80423147775813,
PP,Producer Prices,36,Australia,5532,Producer Price (USD/tonne),01342.01,Pears,2005,2005,7021,Annual value,USD,458.2,A,Official figure,AUS,False,False,67.6467997866706,72.57908938487195,77.21006263097178,60.766594200041034,64.39872945308146,61.19575106393876,4.74464612990827,
PP,Producer Prices,36,Australia,5532,Producer Price (USD/tonne),01342.01,Pears,2006,2006,7021,Annual value,USD,466.9,A,Official figure,AUS,False,False,72.85198153556445,71.39005672414655,73.05336517091054,71.22837696143655,70.5451171722111,91.39314395266837,4.77072459573134,
PP,Producer Prices,36,Australia,5532,Producer Price (USD/tonne),01342.01,Pears,2007,2007,7021,Annual value,USD,669.4,A,Official figure,AUS,False,False,94.55025065074518,77.75672729408136,122.39946263841763,100.90811631831873,107.3148060387481,62.36914297123817,5.03584938131912,
PP,Producer Prices,36,Australia,5532,Producer Price (USD/tonne),01342.01,Pears,2008,2008,7021,Annual value,USD,671.0,A,Official figure,AUS,False,False,117.73787331863998,90.84433092873273,132.33661799232738,137.64181782223199,141.07285693456427,79.19536905542518,4.80642380862477,
PP,Producer Prices,36,Australia,5532,Producer Price (USD/tonne),01342.01,Pears,2009,2009,7021,Annual value,USD,772.1,A,Official figure,AUS,False,False,91.78785298482406,81.60267222893671,91.405730315563,97.1899325654129,94.42735946277953,112.2254832184969,5.59123716369561,
PP,Producer Prices,36,Australia,5532,Producer Price (USD/tonne),01342.01,Pears,2010,2010,7021,Annual value,USD,715.5,A,Official figure,AUS,False,False,106.87404108388505,91.39347096403203,111.89896716658724,107.49931237044449,121.95018353123997,131.72406046543753,5.30683575119913,
PP,Producer Prices,36,Australia,5532,Producer Price (USD/tonne),01342.01,Pears,2011,2011,7021,Annual value,USD,1464.7,A,Official figure,AUS,False,False,131.77593256915614,105.02246669637043,129.89070190611824,142.15740841093506,156.4798891014947,160.90057382271044,5.14219569199562,
PP,Producer Prices,36,Australia,5532,Producer Price (USD/tonne),01342.01,Pears,2012,2012,7021,Annual value,USD,890.5,A,Official figure,AUS,False,False,122.75022327595461,104.69498650707051,111.65677557794167,137.3983528628098,138.30661545629084,133.31863424562349,5.05458500868273,
PP,Producer Prices,36,Australia,5532,Producer Price (USD/tonne),01342.01,Pears,2013,2013,7021,Annual value,USD,1015.6,A,Official figure,AUS,False,False,120.14390446093925,106.21599274087434,140.90691300197804,129.1108717873773,119.49987300357218,109.45334619156017,5.68920960549791,
PP,Producer Prices,36,Australia,5532,Producer Price (USD/tonne),01342.01,Pears,2014,2014,7021,Annual value,USD,981.6,A,Official figure,AUS,False,False,114.98315043593857,112.11017428857667,130.20652445334494,115.8182908031581,110.6162614969274,105.19538929713728,6.19615490124291,
PP,Producer Prices,36,Australia,5532,Producer Price (USD/tonne),01342.01,Pears,2015,2015,7021,Annual value,USD,894.0,A,Official figure,AUS,False,False,93.0638125181246,96.78279749075053,87.1451487854646,95.87342014077292,89.94109402113435,83.1811851391223,6.56255914980785,
PP,Producer Prices,36,Australia,5532,Producer Price (USD/tonne),01342.01,Pears,2016,2016,7021,Annual value,USD,644.5,A,Official figure,AUS,False,False,91.95303704593685,91.10702822067289,82.64832676119045,88.30828905606897,99.44264448193826,111.62342556374044,7.10054987790893,
PP,Producer Prices,36,Australia,5532,Producer Price (USD/tonne),01342.01,Pears,2017,2017,7021,Annual value,USD,955.7,A,Official figure,AUS,False,False,97.9325465965461,97.47103081764828,108.01127219003995,90.98426329355082,101.90947584276995,99.11220417429126,6.48222765314289,
PP,Producer Prices,36,Australia,5532,Producer Price (USD/tonne),01342.01,Pears,2018,2018,7021,Annual value,USD,658.2,A,Official figure,AUS,False,False,95.75177402259017,94.39851038295467,107.2716875332135,100.82233026984352,87.76107702264312,77.40205315573543,6.52594691958162,
PP,Producer Prices,36,Australia,5532,Producer Price (USD/tonne),01342.01,Pears,2019,2019,7021,Annual value,USD,675.7,A,Official figure,AUS,False,False,94.93129436453303,99.4754122501492,102.81578202753263,96.60386371200734,83.23927616454294,78.61501498294437,7.16469389675818,
PP,Producer Prices,36,Australia,5532,Producer Price (USD/tonne),01342.01,Pears,2020,2020,7021,Annual value,USD,559.2,A,Official figure,AUS,False,False,98.05250486501859,95.316293513863,101.8142204334863,103.1167289201083,99.44353567977252,79.52871763805308,7.59766516403535,
PP,Producer Prices,36,Australia,5532,Producer Price (USD/tonne),01342.01,Pears,2021,2021,7021,Annual value,USD,805.2,A,Official figure,AUS,False,False,125.73406972850047,107.53442746784815,119.59735631930364,131.1533847436843,164.85113256482796,109.33464293018675,6.44421129042264,
PP,Producer Prices,36,Australia,5532,Producer Price (USD/tonne),01342.01,Pears,2023,2023,7021,Annual value,USD,906.2,A,Official figure,AUS,False,False,124.51966645168862,114.10852024490974,123.72456940111083,130.87805882527132,126.29144514063518,144.9803113652603,6.12272392365969,
PP,Producer Prices,36,Australia,5532,Producer Price (USD/tonne),01342.01,Pears,2024,2024,7021,Annual value,USD,977.9,A,Official figure,AUS,False,False,121.9819961575273,117.25906623977029,129.71297215949022,113.47684568733492,138.06843188494958,125.71292330063521,6.44767390132498,
PP,Producer Prices,36,Australia,5532,Producer Price (USD/tonne),01705,"Peas, dry",1991,1991,7021,Annual value,USD,195.5,A,Official figure,AUS,False,False,62.34528439011702,81.47466716487295,45.46032558544059,57.863819886673106,49.00795416086814,55.480617553691815,5.21988857452739,
PP,Producer Prices,36,Australia,5532,Producer Price (USD/tonne),01705,"Peas, dry",1992,1992,7021,Annual value,USD,166.7,A,Official figure,AUS,False,False,64.22555868464649,78.38728862271715,54.8015933451503,60.9576514895015,52.991996389394096,56.04274688194544,5.04326421093316,
PP,Producer Prices,36,Australia,5532,Producer Price (USD/tonne),01705,"Peas, dry",1993,1993,7021,Annual value,USD,167.3,A,Official figure,AUS,False,False,62.259404847966515,75.01403295972897,48.61651615517863,59.01858803408094,53.966480634247155,62.03019780031652,4.98707923344647,
PP,Producer Prices,36,Australia,5532,Producer Price (USD/tonne),01705,"Peas, dry",1994,1994,7021,Annual value,USD,168.2,A,Official figure,AUS,False,False,67.26054679350919,76.29710199787732,47.42020205529957,61.936823654585105,71.86775375736012,74.94370090074824,4.99933415639271,
PP,Producer Prices,36,Australia,5532,Producer Price (USD/tonne),01705,"Peas, dry",1995,1995,7021,Annual value,USD,196.4,A,Official figure,AUS,False,False,76.8287850116353,85.24932673337705,62.72510536671231,70.8474665240566,79.95838810789446,82.19981067004032,4.95654793299687,
PP,Producer Prices,36,Australia,5532,Producer Price (USD/tonne),01705,"Peas, dry",1996,1996,7021,Annual value,USD,194.1,A,Official figure,AUS,False,False,77.82086308655745,84.34557234442748,61.619550783954395,83.65592765127325,69.93519294281285,73.98962818765723,4.85290173072787,
PP,Producer Prices,36,Australia,5532,Producer Price (USD/tonne),01705,"Peas, dry",1997,1997,7021,Annual value,USD,181.1,A,Official figure,AUS,False,False,70.75682380399682,79.31706264103354,59.44728416757198,66.51116723257967,70.68473461622513,70.38581190707349,4.91017735786183,
PP,Producer Prices,36,Australia,5532,Producer Price (USD/tonne),01705,"Peas, dry",1998,1998,7021,Annual value,USD,170.9,A,Official figure,AUS,False,False,64.8237651326436,66.27116245186038,55.776184862258724,58.90385220966683,83.88543382429606,55.22279355165295,4.73775638168852,
PP,Producer Prices,36,Australia,5532,Producer Price (USD/tonne),01705,"Peas, dry",1999,1999,7021,Annual value,USD,158.7,A,Official figure,AUS,False,False,55.38494745729497,62.42928865091984,48.31192059218944,53.12085523046289,58.22698225943004,38.798878860400684,4.80438445813991,
PP,Producer Prices,36,Australia,5532,Producer Price (USD/tonne),01705,"Peas, dry",2000,2000,7021,Annual value,USD,124.1,A,Official figure,AUS,False,False,53.658254311091945,61.295380665724906,54.46468606873116,51.41600714746175,42.89305770905415,50.612781624475126,4.5542072874505,
PP,Producer Prices,36,Australia,5532,Producer Price (USD/tonne),01705,"Peas, dry",2001,2001,7021,Annual value,USD,113.3,A,Official figure,AUS,False,False,55.353759430433776,62.905581984538294,60.88469474046613,51.84540600513508,42.481465934354574,53.47099426092313,4.94222006021166,
PP,Producer Prices,36,Australia,5532,Producer Price (USD/tonne),01705,"Peas, dry",2002,2002,7021,Annual value,USD,155.9,A,Official figure,AUS,False,False,53.432698046969534,56.102316657369585,46.09884987045724,55.57542707086668,55.144333609249486,42.632850317668414,4.86917660836693,
PP,Producer Prices,36,Australia,5532,Producer Price (USD/tonne),01705,"Peas, dry",2003,2003,7021,Annual value,USD,222.5,A,Official figure,AUS,False,False,58.11559303636253,59.31684044946804,54.48407776395476,59.38331088130321,62.630981044686195,43.854657616127014,5.13440054748237,
PP,Producer Prices,36,Australia,5532,Producer Price (USD/tonne),01705,"Peas, dry",2004,2004,7021,Annual value,USD,169.9,A,Official figure,AUS,False,False,65.89944729053757,68.6029390549955,69.84888089256499,64.00158065193195,69.61163025660183,44.346000561265534,4.80423147775813,
PP,Producer Prices,36,Australia,5532,Producer Price (USD/tonne),01705,"Peas, dry",2005,2005,7021,Annual value,USD,178.7,A,Official figure,AUS,False,False,67.6467997866706,72.57908938487195,77.21006263097178,60.766594200041034,64.39872945308146,61.19575106393876,4.74464612990827,
PP,Producer Prices,36,Australia,5532,Producer Price (USD/tonne),01705,"Peas, dry",2006,2006,7021,Annual value,USD,167.2,A,Official figure,AUS,False,False,72.85198153556445,71.39005672414655,73.05336517091054,71.22837696143655,70.5451171722111,91.39314395266837,4.77072459573134,
PP,Producer Prices,36,Australia,5532,Producer Price (USD/tonne),01705,"Peas, dry",2007,2007,7021,Annual value,USD,236.8,A,Official figure,AUS,False,False,94.55025065074518,77.75672729408136,122.39946263841763,100.90811631831873,107.3148060387481,62.36914297123817,5.03584938131912,
PP,Producer Prices,36,Australia,5532,Producer Price (USD/tonne),01705,"Peas, dry",2009,2009,7021,Annual value,USD,269.1,A,Official figure,AUS,False,False,91.78785298482406,81.60267222893671,91.405730315563,97.1899325654129,94.42735946277953,112.2254832184969,5.59123716369561,
PP,Producer Prices,36,Australia,5532,Producer Price (USD/tonne),01705,"Peas, dry",2011,2011,7021,Annual value,USD,274.4,A,Official figure,AUS,False,False,131.77593256915614,105.02246669637043,129.89070190611824,142.15740841093506,156.4798891014947,160.90057382271044,5.14219569199562,
PP,Producer Prices,36,Australia,5532,Producer Price (USD/tonne),01242,"Peas, green",1991,1991,7021,Annual value,USD,294.4,A,Official figure,AUS,False,False,62.34528439011702,81.47466716487295,45.46032558544059,57.863819886673106,49.00795416086814,55.480617553691815,5.21988857452739,
PP,Producer Prices,36,Australia,5532,Producer Price (USD/tonne),01242,"Peas, green",1992,1992,7021,Annual value,USD,329.0,A,Official figure,AUS,False,False,64.22555868464649,78.38728862271715,54.8015933451503,60.9576514895015,52.991996389394096,56.04274688194544,5.04326421093316,
PP,Producer Prices,36,Australia,5532,Producer Price (USD/tonne),01242,"Peas, green",1993,1993,7021,Annual value,USD,240.7,A,Official figure,AUS,False,False,62.259404847966515,75.01403295972897,48.61651615517863,59.01858803408094,53.966480634247155,62.03019780031652,4.98707923344647,
PP,Producer Prices,36,Australia,5532,Producer Price (USD/tonne),01242,"Peas, green",1994,1994,7021,Annual value,USD,256.6,A,Official figure,AUS,False,False,67.26054679350919,76.29710199787732,47.42020205529957,61.936823654585105,71.86775375736012,74.94370090074824,4.99933415639271,
PP,Producer Prices,36,Australia,5532,Producer Price (USD/tonne),01242,"Peas, green",1995,1995,7021,Annual value,USD,272.0,A,Official figure,AUS,False,False,76.8287850116353,85.24932673337705,62.72510536671231,70.8474665240566,79.95838810789446,82.19981067004032,4.95654793299687,
PP,Producer Prices,36,Australia,5532,Producer Price (USD/tonne),01242,"Peas, green",1996,1996,7021,Annual value,USD,294.2,A,Official figure,AUS,False,False,77.82086308655745,84.34557234442748,61.619550783954395,83.65592765127325,69.93519294281285,73.98962818765723,4.85290173072787,
PP,Producer Prices,36,Australia,5532,Producer Price (USD/tonne),01242,"Peas, green",1997,1997,7021,Annual value,USD,308.7,A,Official figure,AUS,False,False,70.75682380399682,79.31706264103354,59.44728416757198,66.51116723257967,70.68473461622513,70.38581190707349,4.91017735786183,
PP,Producer Prices,36,Australia,5532,Producer Price (USD/tonne),01242,"Peas, green",1998,1998,7021,Annual value,USD,116.8,A,Official figure,AUS,False,False,64.8237651326436,66.27116245186038,55.776184862258724,58.90385220966683,83.88543382429606,55.22279355165295,4.73775638168852,
PP,Producer Prices,36,Australia,5532,Producer Price (USD/tonne),01242,"Peas, green",1999,1999,7021,Annual value,USD,129.7,A,Official figure,AUS,False,False,55.38494745729497,62.42928865091984,48.31192059218944,53.12085523046289,58.22698225943004,38.798878860400684,4.80438445813991,
PP,Producer Prices,36,Australia,5532,Producer Price (USD/tonne),01242,"Peas, green",2000,2000,7021,Annual value,USD,120.6,A,Official figure,AUS,False,False,53.658254311091945,61.295380665724906,54.46468606873116,51.41600714746175,42.89305770905415,50.612781624475126,4.5542072874505,
PP,Producer Prices,36,Australia,5532,Producer Price (USD/tonne),01242,"Peas, green",2001,2001,7021,Annual value,USD,101.9,A,Official figure,AUS,False,False,55.353759430433776,62.905581984538294,60.88469474046613,51.84540600513508,42.481465934354574,53.47099426092313,4.94222006021166,
PP,Producer Prices,36,Australia,5532,Producer Price (USD/tonne),01242,"Peas, green",2002,2002,7021,Annual value,USD,110.3,A,Official figure,AUS,False,False,53.432698046969534,56.102316657369585,46.09884987045724,55.57542707086668,55.144333609249486,42.632850317668414,4.86917660836693,
PP,Producer Prices,36,Australia,5532,Producer Price (USD/tonne),01242,"Peas, green",2003,2003,7021,Annual value,USD,149.8,A,Official figure,AUS,False,False,58.11559303636253,59.31684044946804,54.48407776395476,59.38331088130321,62.630981044686195,43.854657616127014,5.13440054748237,
PP,Producer Prices,36,Australia,5532,Producer Price (USD/tonne),01242,"Peas, green",2004,2004,7021,Annual value,USD,158.9,A,Official figure,AUS,False,False,65.89944729053757,68.6029390549955,69.84888089256499,64.00158065193195,69.61163025660183,44.346000561265534,4.80423147775813,
PP,Producer Prices,36,Australia,5532,Producer Price (USD/tonne),01242,"Peas, green",2005,2005,7021,Annual value,USD,176.4,A,Official figure,AUS,False,False,67.6467997866706,72.57908938487195,77.21006263097178,60.766594200041034,64.39872945308146,61.19575106393876,4.74464612990827,
PP,Producer Prices,36,Australia,5532,Producer Price (USD/tonne),01242,"Peas, green",2006,2006,7021,Annual value,USD,191.3,A,Official figure,AUS,False,False,72.85198153556445,71.39005672414655,73.05336517091054,71.22837696143655,70.5451171722111,91.39314395266837,4.77072459573134,
PP,Producer Prices,36,Australia,5532,Producer Price (USD/tonne),01242,"Peas, green",2007,2007,7021,Annual value,USD,201.7,A,Official figure,AUS,False,False,94.55025065074518,77.75672729408136,122.39946263841763,100.90811631831873,107.3148060387481,62.36914297123817,5.03584938131912,
PP,Producer Prices,36,Australia,5532,Producer Price (USD/tonne),01242,"Peas, green",2008,2008,7021,Annual value,USD,208.0,A,Official figure,AUS,False,False,117.73787331863998,90.84433092873273,132.33661799232738,137.64181782223199,141.07285693456427,79.19536905542518,4.80642380862477,
PP,Producer Prices,36,Australia,5532,Producer Price (USD/tonne),01242,"Peas, green",2009,2009,7021,Annual value,USD,255.0,A,Official figure,AUS,False,False,91.78785298482406,81.60267222893671,91.405730315563,97.1899325654129,94.42735946277953,112.2254832184969,5.59123716369561,
PP,Producer Prices,36,Australia,5532,Producer Price (USD/tonne),01242,"Peas, green",2011,2011,7021,Annual value,USD,331.1,A,Official figure,AUS,False,False,131.77593256915614,105.02246669637043,129.89070190611824,142.15740841093506,156.4798891014947,160.90057382271044,5.14219569199562,
PP,Producer Prices,36,Australia,5532,Producer Price (USD/tonne),01242,"Peas, green",2014,2014,7021,Annual value,USD,255.1,A,Official figure,AUS,False,False,114.98315043593857,112.11017428857667,130.20652445334494,115.8182908031581,110.6162614969274,105.19538929713728,6.19615490124291,
PP,Producer Prices,36,Australia,5532,Producer Price (USD/tonne),01242,"Peas, green",2016,2016,7021,Annual value,USD,628.9,A,Official figure,AUS,False,False,91.95303704593685,91.10702822067289,82.64832676119045,88.30828905606897,99.44264448193826,111.62342556374044,7.10054987790893,
PP,Producer Prices,36,Australia,5532,Producer Price (USD/tonne),01242,"Peas, green",2017,2017,7021,Annual value,USD,859.2,A,Official figure,AUS,False,True,97.9325465965461,97.47103081764828,108.01127219003995,90.98426329355082,101.90947584276995,99.11220417429126,6.48222765314289,
PP,Producer Prices,36,Australia,5532,Producer Price (USD/tonne),01242,"Peas, green",2018,2018,7021,Annual value,USD,762.1,A,Official figure,AUS,False,False,95.75177402259017,94.39851038295467,107.2716875332135,100.82233026984352,87.76107702264312,77.40205315573543,6.52594691958162,
PP,Producer Prices,36,Australia,5532,Producer Price (USD/tonne),01242,"Peas, green",2019,2019,7021,Annual value,USD,1062.9,A,Official figure,AUS,False,True,94.93129436453303,99.4754122501492,102.81578202753263,96.60386371200734,83.23927616454294,78.61501498294437,7.16469389675818,
PP,Producer Prices,36,Australia,5532,Producer Price (USD/tonne),01242,"Peas, green",2023,2023,7021,Annual value,USD,1694.3,A,Official figure,AUS,False,True,124.51966645168862,114.10852024490974,123.72456940111083,130.87805882527132,126.29144514063518,144.9803113652603,6.12272392365969,
PP,Producer Prices,36,Australia,5532,Producer Price (USD/tonne),01242,"Peas, green",2024,2024,7021,Annual value,USD,1426.2,A,Official figure,AUS,False,True,121.9819961575273,117.25906623977029,129.71297215949022,113.47684568733492,138.06843188494958,125.71292330063521,6.44767390132498,
PP,Producer Prices,36,Australia,5532,Producer Price (USD/tonne),01359.01,Persimmons,1997,1997,7021,Annual value,USD,1298.8,A,Official figure,AUS,False,False,70.75682380399682,79.31706264103354,59.44728416757198,66.51116723257967,70.68473461622513,70.38581190707349,4.91017735786183,
PP,Producer Prices,36,Australia,5532,Producer Price (USD/tonne),01359.01,Persimmons,1998,1998,7021,Annual value,USD,1011.4,A,Official figure,AUS,False,False,64.8237651326436,66.27116245186038,55.776184862258724,58.90385220966683,83.88543382429606,55.22279355165295,4.73775638168852,
PP,Producer Prices,36,Australia,5532,Producer Price (USD/tonne),01359.01,Persimmons,1999,1999,7021,Annual value,USD,1245.2,A,Official figure,AUS,False,False,55.38494745729497,62.42928865091984,48.31192059218944,53.12085523046289,58.22698225943004,38.798878860400684,4.80438445813991,
PP,Producer Prices,36,Australia,5532,Producer Price (USD/tonne),01359.01,Persimmons,2000,2000,7021,Annual value,USD,1310.3,A,Official figure,AUS,False,False,53.658254311091945,61.295380665724906,54.46468606873116,51.41600714746175,42.89305770905415,50.612781624475126,4.5542072874505,
PP,Producer Prices,36,Australia,5532,Producer Price (USD/tonne),01359.01,Persimmons,2001,2001,7021,Annual value,USD,931.0,A,Official figure,AUS,False,False,55.353759430433776,62.905581984538294,60.88469474046613,51.84540600513508,42.481465934354574,53.47099426092313,4.94222006021166,
PP,Producer Prices,36,Australia,5532,Producer Price (USD/tonne),01359.01,Persimmons,2002,2002,7021,Annual value,USD,1249.6,A,Official figure,AUS,False,False,53.432698046969534,56.102316657369585,46.09884987045724,55.57542707086668,55.144333609249486,42.632850317668414,4.86917660836693,
PP,Producer Prices,36,Australia,5532,Producer Price (USD/tonne),01359.01,Persimmons,2003,2003,7021,Annual value,USD,1400.9,A,Official figure,AUS,False,False,58.11559303636253,59.31684044946804,54.48407776395476,59.38331088130321,62.630981044686195,43.854657616127014,5.13440054748237,
PP,Producer Prices,36,Australia,5532,Producer Price (USD/tonne),01359.01,Persimmons,2004,2004,7021,Annual value,USD,1404.7,A,Official figure,AUS,False,False,65.89944729053757,68.6029390549955,69.84888089256499,64.00158065193195,69.61163025660183,44.346000561265534,4.80423147775813,
PP,Producer Prices,36,Australia,5532,Producer Price (USD/tonne),01359.01,Persimmons,2005,2005,7021,Annual value,USD,1489.1,A,Official figure,AUS,False,False,67.6467997866706,72.57908938487195,77.21006263097178,60.766594200041034,64.39872945308146,61.19575106393876,4.74464612990827,
PP,Producer Prices,36,Australia,5532,Producer Price (USD/tonne),01359.01,Persimmons,2006,2006,7021,Annual value,USD,1506.1,A,Official figure,AUS,False,False,72.85198153556445,71.39005672414655,73.05336517091054,71.22837696143655,70.5451171722111,91.39314395266837,4.77072459573134,
PP,Producer Prices,36,Australia,5532,Producer Price (USD/tonne),01359.01,Persimmons,2007,2007,7021,Annual value,USD,2142.1,A,Official figure,AUS,False,False,94.55025065074518,77.75672729408136,122.39946263841763,100.90811631831873,107.3148060387481,62.36914297123817,5.03584938131912,
PP,Producer Prices,36,Australia,5532,Producer Price (USD/tonne),01359.01,Persimmons,2023,2023,7021,Annual value,USD,3279.9,A,Official figure,AUS,False,True,124.51966645168862,114.10852024490974,123.72456940111083,130.87805882527132,126.29144514063518,144.9803113652603,6.12272392365969,
PP,Producer Prices,36,Australia,5532,Producer Price (USD/tonne),01359.01,Persimmons,2024,2024,7021,Annual value,USD,3366.5,A,Official figure,AUS,False,True,121.9819961575273,117.25906623977029,129.71297215949022,113.47684568733492,138.06843188494958,125.71292330063521,6.44767390132498,
PP,Producer Prices,36,Australia,5532,Producer Price (USD/tonne),01318,Pineapples,1991,1991,7021,Annual value,USD,230.6,A,Official figure,AUS,False,False,62.34528439011702,81.47466716487295,45.46032558544059,57.863819886673106,49.00795416086814,55.480617553691815,5.21988857452739,
PP,Producer Prices,36,Australia,5532,Producer Price (USD/tonne),01318,Pineapples,1992,1992,7021,Annual value,USD,215.2,A,Official figure,AUS,False,False,64.22555868464649,78.38728862271715,54.8015933451503,60.9576514895015,52.991996389394096,56.04274688194544,5.04326421093316,
PP,Producer Prices,36,Australia,5532,Producer Price (USD/tonne),01318,Pineapples,1993,1993,7021,Annual value,USD,199.9,A,Official figure,AUS,False,False,62.259404847966515,75.01403295972897,48.61651615517863,59.01858803408094,53.966480634247155,62.03019780031652,4.98707923344647,
PP,Producer Prices,36,Australia,5532,Producer Price (USD/tonne),01318,Pineapples,1994,1994,7021,Annual value,USD,209.8,A,Official figure,AUS,False,False,67.26054679350919,76.29710199787732,47.42020205529957,61.936823654585105,71.86775375736012,74.94370090074824,4.99933415639271,
PP,Producer Prices,36,Australia,5532,Producer Price (USD/tonne),01318,Pineapples,1995,1995,7021,Annual value,USD,232.0,A,Official figure,AUS,False,False,76.8287850116353,85.24932673337705,62.72510536671231,70.8474665240566,79.95838810789446,82.19981067004032,4.95654793299687,
PP,Producer Prices,36,Australia,5532,Producer Price (USD/tonne),01318,Pineapples,1996,1996,7021,Annual value,USD,223.0,A,Official figure,AUS,False,False,77.82086308655745,84.34557234442748,61.619550783954395,83.65592765127325,69.93519294281285,73.98962818765723,4.85290173072787,
PP,Producer Prices,36,Australia,5532,Producer Price (USD/tonne),01318,Pineapples,1997,1997,7021,Annual value,USD,237.5,A,Official figure,AUS,False,False,70.75682380399682,79.31706264103354,59.44728416757198,66.51116723257967,70.68473461622513,70.38581190707349,4.91017735786183,
PP,Producer Prices,36,Australia,5532,Producer Price (USD/tonne),01318,Pineapples,1998,1998,7021,Annual value,USD,190.3,A,Official figure,AUS,False,False,64.8237651326436,66.27116245186038,55.776184862258724,58.90385220966683,83.88543382429606,55.22279355165295,4.73775638168852,
PP,Producer Prices,36,Australia,5532,Producer Price (USD/tonne),01318,Pineapples,1999,1999,7021,Annual value,USD,193.6,A,Official figure,AUS,False,False,55.38494745729497,62.42928865091984,48.31192059218944,53.12085523046289,58.22698225943004,38.798878860400684,4.80438445813991,
PP,Producer Prices,36,Australia,5532,Producer Price (USD/tonne),01318,Pineapples,2000,2000,7021,Annual value,USD,181.5,A,Official figure,AUS,False,False,53.658254311091945,61.295380665724906,54.46468606873116,51.41600714746175,42.89305770905415,50.612781624475126,4.5542072874505,
PP,Producer Prices,36,Australia,5532,Producer Price (USD/tonne),01318,Pineapples,2001,2001,7021,Annual value,USD,190.3,A,Official figure,AUS,False,False,55.353759430433776,62.905581984538294,60.88469474046613,51.84540600513508,42.481465934354574,53.47099426092313,4.94222006021166,
PP,Producer Prices,36,Australia,5532,Producer Price (USD/tonne),01318,Pineapples,2002,2002,7021,Annual value,USD,182.6,A,Official figure,AUS,False,False,53.432698046969534,56.102316657369585,46.09884987045724,55.57542707086668,55.144333609249486,42.632850317668414,4.86917660836693,
PP,Producer Prices,36,Australia,5532,Producer Price (USD/tonne),01318,Pineapples,2003,2003,7021,Annual value,USD,201.0,A,Official figure,AUS,False,False,58.11559303636253,59.31684044946804,54.48407776395476,59.38331088130321,62.630981044686195,43.854657616127014,5.13440054748237,
PP,Producer Prices,36,Australia,5532,Producer Price (USD/tonne),01318,Pineapples,2004,2004,7021,Annual value,USD,247.1,A,Official figure,AUS,False,False,65.89944729053757,68.6029390549955,69.84888089256499,64.00158065193195,69.61163025660183,44.346000561265534,4.80423147775813,
PP,Producer Prices,36,Australia,5532,Producer Price (USD/tonne),01318,Pineapples,2005,2005,7021,Annual value,USD,245.9,A,Official figure,AUS,False,False,67.6467997866706,72.57908938487195,77.21006263097178,60.766594200041034,64.39872945308146,61.19575106393876,4.74464612990827,
PP,Producer Prices,36,Australia,5532,Producer Price (USD/tonne),01318,Pineapples,2006,2006,7021,Annual value,USD,351.7,A,Official figure,AUS,False,False,72.85198153556445,71.39005672414655,73.05336517091054,71.22837696143655,70.5451171722111,91.39314395266837,4.77072459573134,
PP,Producer Prices,36,Australia,5532,Producer Price (USD/tonne),01318,Pineapples,2007,2007,7021,Annual value,USD,464.4,A,Official figure,AUS,False,False,94.55025065074518,77.75672729408136,122.39946263841763,100.90811631831873,107.3148060387481,62.36914297123817,5.03584938131912,
PP,Producer Prices,36,Australia,5532,Producer Price (USD/tonne),01318,Pineapples,2009,2009,7021,Annual value,USD,436.8,A,Official figure,AUS,False,False,91.78785298482406,81.60267222893671,91.405730315563,97.1899325654129,94.42735946277953,112.2254832184969,5.59123716369561,
PP,Producer Prices,36,Australia,5532,Producer Price (USD/tonne),01318,Pineapples,2011,2011,7021,Annual value,USD,623.0,A,Official figure,AUS,False,False,131.77593256915614,105.02246669637043,129.89070190611824,142.15740841093506,156.4798891014947,160.90057382271044,5.14219569199562,
PP,Producer Prices,36,Australia,5532,Producer Price (USD/tonne),01318,Pineapples,2013,2013,7021,Annual value,USD,615.0,A,Official figure,AUS,False,False,120.14390446093925,106.21599274087434,140.90691300197804,129.1108717873773,119.49987300357218,109.45334619156017,5.68920960549791,
PP,Producer Prices,36,Australia,5532,Producer Price (USD/tonne),01318,Pineapples,2014,2014,7021,Annual value,USD,576.0,A,Official figure,AUS,False,False,114.98315043593857,112.11017428857667,130.20652445334494,115.8182908031581,110.6162614969274,105.19538929713728,6.19615490124291,
PP,Producer Prices,36,Australia,5532,Producer Price (USD/tonne),01318,Pineapples,2015,2015,7021,Annual value,USD,481.6,A,Official figure,AUS,False,False,93.0638125181246,96.78279749075053,87.1451487854646,95.87342014077292,89.94109402113435,83.1811851391223,6.56255914980785,
PP,Producer Prices,36,Australia,5532,Producer Price (USD/tonne),01318,Pineapples,2016,2016,7021,Annual value,USD,523.3,A,Official figure,AUS,False,False,91.95303704593685,91.10702822067289,82.64832676119045,88.30828905606897,99.44264448193826,111.62342556374044,7.10054987790893,
PP,Producer Prices,36,Australia,5532,Producer Price (USD/tonne),01318,Pineapples,2017,2017,7021,Annual value,USD,554.1,A,Official figure,AUS,False,False,97.9325465965461,97.47103081764828,108.01127219003995,90.98426329355082,101.90947584276995,99.11220417429126,6.48222765314289,
PP,Producer Prices,36,Australia,5532,Producer Price (USD/tonne),01318,Pineapples,2018,2018,7021,Annual value,USD,547.7,A,Official figure,AUS,False,False,95.75177402259017,94.39851038295467,107.2716875332135,100.82233026984352,87.76107702264312,77.40205315573543,6.52594691958162,
PP,Producer Prices,36,Australia,5532,Producer Price (USD/tonne),01318,Pineapples,2019,2019,7021,Annual value,USD,507.5,A,Official figure,AUS,False,False,94.93129436453303,99.4754122501492,102.81578202753263,96.60386371200734,83.23927616454294,78.61501498294437,7.16469389675818,
PP,Producer Prices,36,Australia,5532,Producer Price (USD/tonne),01318,Pineapples,2020,2020,7021,Annual value,USD,607.9,A,Official figure,AUS,False,False,98.05250486501859,95.316293513863,101.8142204334863,103.1167289201083,99.44353567977252,79.52871763805308,7.59766516403535,
PP,Producer Prices,36,Australia,5532,Producer Price (USD/tonne),01318,Pineapples,2021,2021,7021,Annual value,USD,575.9,A,Official figure,AUS,False,False,125.73406972850047,107.53442746784815,119.59735631930364,131.1533847436843,164.85113256482796,109.33464293018675,6.44421129042264,
PP,Producer Prices,36,Australia,5532,Producer Price (USD/tonne),01318,Pineapples,2023,2023,7021,Annual value,USD,699.6,A,Official figure,AUS,False,False,124.51966645168862,114.10852024490974,123.72456940111083,130.87805882527132,126.29144514063518,144.9803113652603,6.12272392365969,
PP,Producer Prices,36,Australia,5532,Producer Price (USD/tonne),01318,Pineapples,2024,2024,7021,Annual value,USD,732.5,A,Official figure,AUS,False,False,121.9819961575273,117.25906623977029,129.71297215949022,113.47684568733492,138.06843188494958,125.71292330063521,6.44767390132498,
PP,Producer Prices,36,Australia,5532,Producer Price (USD/tonne),01375,"Pistachios, in shell",2023,2023,7021,Annual value,USD,7545.3,A,Official figure,AUS,False,False,124.51966645168862,114.10852024490974,123.72456940111083,130.87805882527132,126.29144514063518,144.9803113652603,6.12272392365969,
PP,Producer Prices,36,Australia,5532,Producer Price (USD/tonne),01375,"Pistachios, in shell",2024,2024,7021,Annual value,USD,7147.8,A,Official figure,AUS,False,False,121.9819961575273,117.25906623977029,129.71297215949022,113.47684568733492,138.06843188494958,125.71292330063521,6.44767390132498,
PP,Producer Prices,36,Australia,5532,Producer Price (USD/tonne),01346,Plums and sloes,1991,1991,7021,Annual value,USD,1044.6,A,Official figure,AUS,False,False,62.34528439011702,81.47466716487295,45.46032558544059,57.863819886673106,49.00795416086814,55.480617553691815,5.21988857452739,
PP,Producer Prices,36,Australia,5532,Producer Price (USD/tonne),01346,Plums and sloes,1992,1992,7021,Annual value,USD,1017.9,A,Official figure,AUS,False,False,64.22555868464649,78.38728862271715,54.8015933451503,60.9576514895015,52.991996389394096,56.04274688194544,5.04326421093316,
PP,Producer Prices,36,Australia,5532,Producer Price (USD/tonne),01346,Plums and sloes,1993,1993,7021,Annual value,USD,1019.3,A,Official figure,AUS,False,False,62.259404847966515,75.01403295972897,48.61651615517863,59.01858803408094,53.966480634247155,62.03019780031652,4.98707923344647,
PP,Producer Prices,36,Australia,5532,Producer Price (USD/tonne),01346,Plums and sloes,1994,1994,7021,Annual value,USD,987.0,A,Official figure,AUS,False,False,67.26054679350919,76.29710199787732,47.42020205529957,61.936823654585105,71.86775375736012,74.94370090074824,4.99933415639271,
PP,Producer Prices,36,Australia,5532,Producer Price (USD/tonne),01346,Plums and sloes,1995,1995,7021,Annual value,USD,1087.4,A,Official figure,AUS,False,False,76.8287850116353,85.24932673337705,62.72510536671231,70.8474665240566,79.95838810789446,82.19981067004032,4.95654793299687,
PP,Producer Prices,36,Australia,5532,Producer Price (USD/tonne),01346,Plums and sloes,1996,1996,7021,Annual value,USD,1220.8,A,Official figure,AUS,False,False,77.82086308655745,84.34557234442748,61.619550783954395,83.65592765127325,69.93519294281285,73.98962818765723,4.85290173072787,
PP,Producer Prices,36,Australia,5532,Producer Price (USD/tonne),01346,Plums and sloes,1997,1997,7021,Annual value,USD,1120.7,A,Official figure,AUS,False,False,70.75682380399682,79.31706264103354,59.44728416757198,66.51116723257967,70.68473461622513,70.38581190707349,4.91017735786183,
PP,Producer Prices,36,Australia,5532,Producer Price (USD/tonne),01346,Plums and sloes,1998,1998,7021,Annual value,USD,1036.5,A,Official figure,AUS,False,False,64.8237651326436,66.27116245186038,55.776184862258724,58.90385220966683,83.88543382429606,55.22279355165295,4.73775638168852,
PP,Producer Prices,36,Australia,5532,Producer Price (USD/tonne),01346,Plums and sloes,1999,1999,7021,Annual value,USD,1212.9,A,Official figure,AUS,False,False,55.38494745729497,62.42928865091984,48.31192059218944,53.12085523046289,58.22698225943004,38.798878860400684,4.80438445813991,
PP,Producer Prices,36,Australia,5532,Producer Price (USD/tonne),01346,Plums and sloes,2000,2000,7021,Annual value,USD,1045.9,A,Official figure,AUS,False,False,53.658254311091945,61.295380665724906,54.46468606873116,51.41600714746175,42.89305770905415,50.612781624475126,4.5542072874505,
PP,Producer Prices,36,Australia,5532,Producer Price (USD/tonne),01346,Plums and sloes,2001,2001,7021,Annual value,USD,993.0,A,Official figure,AUS,False,False,55.353759430433776,62.905581984538294,60.88469474046613,51.84540600513508,42.481465934354574,53.47099426092313,4.94222006021166,
PP,Producer Prices,36,Australia,5532,Producer Price (USD/tonne),01346,Plums and sloes,2002,2002,7021,Annual value,USD,1162.7,A,Official figure,AUS,False,False,53.432698046969534,56.102316657369585,46.09884987045724,55.57542707086668,55.144333609249486,42.632850317668414,4.86917660836693,
PP,Producer Prices,36,Australia,5532,Producer Price (USD/tonne),01346,Plums and sloes,2003,2003,7021,Annual value,USD,1284.1,A,Official figure,AUS,False,False,58.11559303636253,59.31684044946804,54.48407776395476,59.38331088130321,62.630981044686195,43.854657616127014,5.13440054748237,
PP,Producer Prices,36,Australia,5532,Producer Price (USD/tonne),01346,Plums and sloes,2004,2004,7021,Annual value,USD,1662.1,A,Official figure,AUS,False,False,65.89944729053757,68.6029390549955,69.84888089256499,64.00158065193195,69.61163025660183,44.346000561265534,4.80423147775813,
PP,Producer Prices,36,Australia,5532,Producer Price (USD/tonne),01346,Plums and sloes,2005,2005,7021,Annual value,USD,1359.3,A,Official figure,AUS,False,False,67.6467997866706,72.57908938487195,77.21006263097178,60.766594200041034,64.39872945308146,61.19575106393876,4.74464612990827,
PP,Producer Prices,36,Australia,5532,Producer Price (USD/tonne),01346,Plums and sloes,2006,2006,7021,Annual value,USD,1611.5,A,Official figure,AUS,False,False,72.85198153556445,71.39005672414655,73.05336517091054,71.22837696143655,70.5451171722111,91.39314395266837,4.77072459573134,
PP,Producer Prices,36,Australia,5532,Producer Price (USD/tonne),01346,Plums and sloes,2007,2007,7021,Annual value,USD,2167.2,A,Official figure,AUS,False,False,94.55025065074518,77.75672729408136,122.39946263841763,100.90811631831873,107.3148060387481,62.36914297123817,5.03584938131912,
PP,Producer Prices,36,Australia,5532,Producer Price (USD/tonne),01346,Plums and sloes,2009,2009,7021,Annual value,USD,2238.4,A,Official figure,AUS,False,False,91.78785298482406,81.60267222893671,91.405730315563,97.1899325654129,94.42735946277953,112.2254832184969,5.59123716369561,
PP,Producer Prices,36,Australia,5532,Producer Price (USD/tonne),01346,Plums and sloes,2011,2011,7021,Annual value,USD,3012.0,A,Official figure,AUS,False,False,131.77593256915614,105.02246669637043,129.89070190611824,142.15740841093506,156.4798891014947,160.90057382271044,5.14219569199562,
PP,Producer Prices,36,Australia,5532,Producer Price (USD/tonne),01346,Plums and sloes,2016,2016,7021,Annual value,USD,2042.8,A,Official figure,AUS,False,False,91.95303704593685,91.10702822067289,82.64832676119045,88.30828905606897,99.44264448193826,111.62342556374044,7.10054987790893,
PP,Producer Prices,36,Australia,5532,Producer Price (USD/tonne),01346,Plums and sloes,2023,2023,7021,Annual value,USD,1848.5,A,Official figure,AUS,False,False,124.51966645168862,114.10852024490974,123.72456940111083,130.87805882527132,126.29144514063518,144.9803113652603,6.12272392365969,
PP,Producer Prices,36,Australia,5532,Producer Price (USD/tonne),01346,Plums and sloes,2024,2024,7021,Annual value,USD,1688.5,A,Official figure,AUS,False,False,121.9819961575273,117.25906623977029,129.71297215949022,113.47684568733492,138.06843188494958,125.71292330063521,6.44767390132498,
PP,Producer Prices,36,Australia,5532,Producer Price (USD/tonne),01321,Pomelos and grapefruits,1991,1991,7021,Annual value,USD,282.0,A,Official figure,AUS,False,False,62.34528439011702,81.47466716487295,45.46032558544059,57.863819886673106,49.00795416086814,55.480617553691815,5.21988857452739,
PP,Producer Prices,36,Australia,5532,Producer Price (USD/tonne),01321,Pomelos and grapefruits,1992,1992,7021,Annual value,USD,221.1,A,Official figure,AUS,False,False,64.22555868464649,78.38728862271715,54.8015933451503,60.9576514895015,52.991996389394096,56.04274688194544,5.04326421093316,
PP,Producer Prices,36,Australia,5532,Producer Price (USD/tonne),01321,Pomelos and grapefruits,1993,1993,7021,Annual value,USD,220.3,A,Official figure,AUS,False,False,62.259404847966515,75.01403295972897,48.61651615517863,59.01858803408094,53.966480634247155,62.03019780031652,4.98707923344647,
PP,Producer Prices,36,Australia,5532,Producer Price (USD/tonne),01321,Pomelos and grapefruits,1994,1994,7021,Annual value,USD,274.2,A,Official figure,AUS,False,False,67.26054679350919,76.29710199787732,47.42020205529957,61.936823654585105,71.86775375736012,74.94370090074824,4.99933415639271,
PP,Producer Prices,36,Australia,5532,Producer Price (USD/tonne),01321,Pomelos and grapefruits,1995,1995,7021,Annual value,USD,889.5,A,Official figure,AUS,False,False,76.8287850116353,85.24932673337705,62.72510536671231,70.8474665240566,79.95838810789446,82.19981067004032,4.95654793299687,
PP,Producer Prices,36,Australia,5532,Producer Price (USD/tonne),01321,Pomelos and grapefruits,1996,1996,7021,Annual value,USD,1173.8,A,Official figure,AUS,False,False,77.82086308655745,84.34557234442748,61.619550783954395,83.65592765127325,69.93519294281285,73.98962818765723,4.85290173072787,
PP,Producer Prices,36,Australia,5532,Producer Price (USD/tonne),01321,Pomelos and grapefruits,1997,1997,7021,Annual value,USD,341.4,A,Official figure,AUS,False,False,70.75682380399682,79.31706264103354,59.44728416757198,66.51116723257967,70.68473461622513,70.38581190707349,4.91017735786183,
PP,Producer Prices,36,Australia,5532,Producer Price (USD/tonne),01321,Pomelos and grapefruits,1998,1998,7021,Annual value,USD,282.7,A,Official figure,AUS,False,False,64.8237651326436,66.27116245186038,55.776184862258724,58.90385220966683,83.88543382429606,55.22279355165295,4.73775638168852,
PP,Producer Prices,36,Australia,5532,Producer Price (USD/tonne),01321,Pomelos and grapefruits,1999,1999,7021,Annual value,USD,348.4,A,Official figure,AUS,False,False,55.38494745729497,62.42928865091984,48.31192059218944,53.12085523046289,58.22698225943004,38.798878860400684,4.80438445813991,
PP,Producer Prices,36,Australia,5532,Producer Price (USD/tonne),01321,Pomelos and grapefruits,2000,2000,7021,Annual value,USD,313.1,A,Official figure,AUS,False,False,53.658254311091945,61.295380665724906,54.46468606873116,51.41600714746175,42.89305770905415,50.612781624475126,4.5542072874505,
PP,Producer Prices,36,Australia,5532,Producer Price (USD/tonne),01321,Pomelos and grapefruits,2001,2001,7021,Annual value,USD,248.3,A,Official figure,AUS,False,False,55.353759430433776,62.905581984538294,60.88469474046613,51.84540600513508,42.481465934354574,53.47099426092313,4.94222006021166,
PP,Producer Prices,36,Australia,5532,Producer Price (USD/tonne),01321,Pomelos and grapefruits,2002,2002,7021,Annual value,USD,380.3,A,Official figure,AUS,False,False,53.432698046969534,56.102316657369585,46.09884987045724,55.57542707086668,55.144333609249486,42.632850317668414,4.86917660836693,
PP,Producer Prices,36,Australia,5532,Producer Price (USD/tonne),01321,Pomelos and grapefruits,2003,2003,7021,Annual value,USD,467.0,A,Official figure,AUS,False,False,58.11559303636253,59.31684044946804,54.48407776395476,59.38331088130321,62.630981044686195,43.854657616127014,5.13440054748237,
PP,Producer Prices,36,Australia,5532,Producer Price (USD/tonne),01321,Pomelos and grapefruits,2004,2004,7021,Annual value,USD,569.2,A,Official figure,AUS,False,False,65.89944729053757,68.6029390549955,69.84888089256499,64.00158065193195,69.61163025660183,44.346000561265534,4.80423147775813,
PP,Producer Prices,36,Australia,5532,Producer Price (USD/tonne),01321,Pomelos and grapefruits,2005,2005,7021,Annual value,USD,643.8,A,Official figure,AUS,False,False,67.6467997866706,72.57908938487195,77.21006263097178,60.766594200041034,64.39872945308146,61.19575106393876,4.74464612990827,
PP,Producer Prices,36,Australia,5532,Producer Price (USD/tonne),01321,Pomelos and grapefruits,2006,2006,7021,Annual value,USD,662.7,A,Official figure,AUS,False,False,72.85198153556445,71.39005672414655,73.05336517091054,71.22837696143655,70.5451171722111,91.39314395266837,4.77072459573134,
PP,Producer Prices,36,Australia,5532,Producer Price (USD/tonne),01321,Pomelos and grapefruits,2007,2007,7021,Annual value,USD,794.9,A,Official figure,AUS,False,False,94.55025065074518,77.75672729408136,122.39946263841763,100.90811631831873,107.3148060387481,62.36914297123817,5.03584938131912,
PP,Producer Prices,36,Australia,5532,Producer Price (USD/tonne),01321,Pomelos and grapefruits,2009,2009,7021,Annual value,USD,623.9,A,Official figure,AUS,False,False,91.78785298482406,81.60267222893671,91.405730315563,97.1899325654129,94.42735946277953,112.2254832184969,5.59123716369561,
PP,Producer Prices,36,Australia,5532,Producer Price (USD/tonne),01321,Pomelos and grapefruits,2011,2011,7021,Annual value,USD,1103.7,A,Official figure,AUS,False,False,131.77593256915614,105.02246669637043,129.89070190611824,142.15740841093506,156.4798891014947,160.90057382271044,5.14219569199562,
PP,Producer Prices,36,Australia,5532,Producer Price (USD/tonne),01321,Pomelos and grapefruits,2023,2023,7021,Annual value,USD,1177.2,A,Official figure,AUS,False,False,124.51966645168862,114.10852024490974,123.72456940111083,130.87805882527132,126.29144514063518,144.9803113652603,6.12272392365969,
PP,Producer Prices,36,Australia,5532,Producer Price (USD/tonne),01321,Pomelos and grapefruits,2024,2024,7021,Annual value,USD,986.6,A,Official figure,AUS,False,False,121.9819961575273,117.25906623977029,129.71297215949022,113.47684568733492,138.06843188494958,125.71292330063521,6.44767390132498,
PP,Producer Prices,36,Australia,5532,Producer Price (USD/tonne),01510,Potatoes,1991,1991,7021,Annual value,USD,258.6,A,Official figure,AUS,False,False,62.34528439011702,81.47466716487295,45.46032558544059,57.863819886673106,49.00795416086814,55.480617553691815,5.21988857452739,
PP,Producer Prices,36,Australia,5532,Producer Price (USD/tonne),01510,Potatoes,1992,1992,7021,Annual value,USD,216.6,A,Official figure,AUS,False,False,64.22555868464649,78.38728862271715,54.8015933451503,60.9576514895015,52.991996389394096,56.04274688194544,5.04326421093316,
PP,Producer Prices,36,Australia,5532,Producer Price (USD/tonne),01510,Potatoes,1993,1993,7021,Annual value,USD,189.0,A,Official figure,AUS,False,False,62.259404847966515,75.01403295972897,48.61651615517863,59.01858803408094,53.966480634247155,62.03019780031652,4.98707923344647,
PP,Producer Prices,36,Australia,5532,Producer Price (USD/tonne),01510,Potatoes,1994,1994,7021,Annual value,USD,208.4,A,Official figure,AUS,False,False,67.26054679350919,76.29710199787732,47.42020205529957,61.936823654585105,71.86775375736012,74.94370090074824,4.99933415639271,
PP,Producer Prices,36,Australia,5532,Producer Price (USD/tonne),01510,Potatoes,1995,1995,7021,Annual value,USD,249.8,A,Official figure,AUS,False,False,76.8287850116353,85.24932673337705,62.72510536671231,70.8474665240566,79.95838810789446,82.19981067004032,4.95654793299687,
PP,Producer Prices,36,Australia,5532,Producer Price (USD/tonne),01510,Potatoes,1996,1996,7021,Annual value,USD,248.1,A,Official figure,AUS,False,False,77.82086308655745,84.34557234442748,61.619550783954395,83.65592765127325,69.93519294281285,73.98962818765723,4.85290173072787,
PP,Producer Prices,36,Australia,5532,Producer Price (USD/tonne),01510,Potatoes,1997,1997,7021,Annual value,USD,259.0,A,Official figure,AUS,False,False,70.75682380399682,79.31706264103354,59.44728416757198,66.51116723257967,70.68473461622513,70.38581190707349,4.91017735786183,
PP,Producer Prices,36,Australia,5532,Producer Price (USD/tonne),01510,Potatoes,1998,1998,7021,Annual value,USD,226.2,A,Official figure,AUS,False,False,64.8237651326436,66.27116245186038,55.776184862258724,58.90385220966683,83.88543382429606,55.22279355165295,4.73775638168852,
PP,Producer Prices,36,Australia,5532,Producer Price (USD/tonne),01510,Potatoes,1999,1999,7021,Annual value,USD,212.9,A,Official figure,AUS,False,False,55.38494745729497,62.42928865091984,48.31192059218944,53.12085523046289,58.22698225943004,38.798878860400684,4.80438445813991,
PP,Producer Prices,36,Australia,5532,Producer Price (USD/tonne),01510,Potatoes,2000,2000,7021,Annual value,USD,184.9,A,Official figure,AUS,False,False,53.658254311091945,61.295380665724906,54.46468606873116,51.41600714746175,42.89305770905415,50.612781624475126,4.5542072874505,
PP,Producer Prices,36,Australia,5532,Producer Price (USD/tonne),01510,Potatoes,2001,2001,7021,Annual value,USD,182.1,A,Official figure,AUS,False,False,55.353759430433776,62.905581984538294,60.88469474046613,51.84540600513508,42.481465934354574,53.47099426092313,4.94222006021166,
PP,Producer Prices,36,Australia,5532,Producer Price (USD/tonne),01510,Potatoes,2002,2002,7021,Annual value,USD,197.8,A,Official figure,AUS,False,False,53.432698046969534,56.102316657369585,46.09884987045724,55.57542707086668,55.144333609249486,42.632850317668414,4.86917660836693,
PP,Producer Prices,36,Australia,5532,Producer Price (USD/tonne),01510,Potatoes,2003,2003,7021,Annual value,USD,252.3,A,Official figure,AUS,False,False,58.11559303636253,59.31684044946804,54.48407776395476,59.38331088130321,62.630981044686195,43.854657616127014,5.13440054748237,
PP,Producer Prices,36,Australia,5532,Producer Price (USD/tonne),01510,Potatoes,2004,2004,7021,Annual value,USD,269.9,A,Official figure,AUS,False,False,65.89944729053757,68.6029390549955,69.84888089256499,64.00158065193195,69.61163025660183,44.346000561265534,4.80423147775813,
PP,Producer Prices,36,Australia,5532,Producer Price (USD/tonne),01510,Potatoes,2005,2005,7021,Annual value,USD,257.4,A,Official figure,AUS,False,False,67.6467997866706,72.57908938487195,77.21006263097178,60.766594200041034,64.39872945308146,61.19575106393876,4.74464612990827,
PP,Producer Prices,36,Australia,5532,Producer Price (USD/tonne),01510,Potatoes,2006,2006,7021,Annual value,USD,279.4,A,Official figure,AUS,False,False,72.85198153556445,71.39005672414655,73.05336517091054,71.22837696143655,70.5451171722111,91.39314395266837,4.77072459573134,
PP,Producer Prices,36,Australia,5532,Producer Price (USD/tonne),01510,Potatoes,2007,2007,7021,Annual value,USD,354.8,A,Official figure,AUS,False,False,94.55025065074518,77.75672729408136,122.39946263841763,100.90811631831873,107.3148060387481,62.36914297123817,5.03584938131912,
PP,Producer Prices,36,Australia,5532,Producer Price (USD/tonne),01510,Potatoes,2008,2008,7021,Annual value,USD,412.7,A,Official figure,AUS,False,False,117.73787331863998,90.84433092873273,132.33661799232738,137.64181782223199,141.07285693456427,79.19536905542518,4.80642380862477,
PP,Producer Prices,36,Australia,5532,Producer Price (USD/tonne),01510,Potatoes,2009,2009,7021,Annual value,USD,368.9,A,Official figure,AUS,False,False,91.78785298482406,81.60267222893671,91.405730315563,97.1899325654129,94.42735946277953,112.2254832184969,5.59123716369561,
PP,Producer Prices,36,Australia,5532,Producer Price (USD/tonne),01510,Potatoes,2010,2010,7021,Annual value,USD,440.3,A,Official figure,AUS,False,False,106.87404108388505,91.39347096403203,111.89896716658724,107.49931237044449,121.95018353123997,131.72406046543753,5.30683575119913,
PP,Producer Prices,36,Australia,5532,Producer Price (USD/tonne),01510,Potatoes,2011,2011,7021,Annual value,USD,505.4,A,Official figure,AUS,False,False,131.77593256915614,105.02246669637043,129.89070190611824,142.15740841093506,156.4798891014947,160.90057382271044,5.14219569199562,
PP,Producer Prices,36,Australia,5532,Producer Price (USD/tonne),01510,Potatoes,2012,2012,7021,Annual value,USD,503.2,A,Official figure,AUS,False,False,122.75022327595461,104.69498650707051,111.65677557794167,137.3983528628098,138.30661545629084,133.31863424562349,5.05458500868273,
PP,Producer Prices,36,Australia,5532,Producer Price (USD/tonne),01510,Potatoes,2013,2013,7021,Annual value,USD,523.2,A,Official figure,AUS,False,False,120.14390446093925,106.21599274087434,140.90691300197804,129.1108717873773,119.49987300357218,109.45334619156017,5.68920960549791,
PP,Producer Prices,36,Australia,5532,Producer Price (USD/tonne),01510,Potatoes,2014,2014,7021,Annual value,USD,476.9,A,Official figure,AUS,False,False,114.98315043593857,112.11017428857667,130.20652445334494,115.8182908031581,110.6162614969274,105.19538929713728,6.19615490124291,
PP,Producer Prices,36,Australia,5532,Producer Price (USD/tonne),01510,Potatoes,2015,2015,7021,Annual value,USD,401.9,A,Official figure,AUS,False,False,93.0638125181246,96.78279749075053,87.1451487854646,95.87342014077292,89.94109402113435,83.1811851391223,6.56255914980785,
PP,Producer Prices,36,Australia,5532,Producer Price (USD/tonne),01510,Potatoes,2016,2016,7021,Annual value,USD,342.0,A,Official figure,AUS,False,False,91.95303704593685,91.10702822067289,82.64832676119045,88.30828905606897,99.44264448193826,111.62342556374044,7.10054987790893,
PP,Producer Prices,36,Australia,5532,Producer Price (USD/tonne),01510,Potatoes,2017,2017,7021,Annual value,USD,382.4,A,Official figure,AUS,False,False,97.9325465965461,97.47103081764828,108.01127219003995,90.98426329355082,101.90947584276995,99.11220417429126,6.48222765314289,
PP,Producer Prices,36,Australia,5532,Producer Price (USD/tonne),01510,Potatoes,2018,2018,7021,Annual value,USD,381.0,A,Official figure,AUS,False,False,95.75177402259017,94.39851038295467,107.2716875332135,100.82233026984352,87.76107702264312,77.40205315573543,6.52594691958162,
PP,Producer Prices,36,Australia,5532,Producer Price (USD/tonne),01510,Potatoes,2019,2019,7021,Annual value,USD,407.4,A,Official figure,AUS,False,False,94.93129436453303,99.4754122501492,102.81578202753263,96.60386371200734,83.23927616454294,78.61501498294437,7.16469389675818,
PP,Producer Prices,36,Australia,5532,Producer Price (USD/tonne),01510,Potatoes,2020,2020,7021,Annual value,USD,416.6,A,Official figure,AUS,False,False,98.05250486501859,95.316293513863,101.8142204334863,103.1167289201083,99.44353567977252,79.52871763805308,7.59766516403535,
PP,Producer Prices,36,Australia,5532,Producer Price (USD/tonne),01510,Potatoes,2021,2021,7021,Annual value,USD,464.8,A,Official figure,AUS,False,False,125.73406972850047,107.53442746784815,119.59735631930364,131.1533847436843,164.85113256482796,109.33464293018675,6.44421129042264,
PP,Producer Prices,36,Australia,5532,Producer Price (USD/tonne),01510,Potatoes,2022,2022,7021,Annual value,USD,437.4,A,Official figure,AUS,False,False,144.50986636550888,118.33551230992974,149.51050848913766,154.66510013039058,187.77977941529275,114.45579634923097,6.14945900451023,
PP,Producer Prices,36,Australia,5532,Producer Price (USD/tonne),01510,Potatoes,2023,2023,7021,Annual value,USD,469.3,A,Official figure,AUS,False,False,124.51966645168862,114.10852024490974,123.72456940111083,130.87805882527132,126.29144514063518,144.9803113652603,6.12272392365969,
PP,Producer Prices,36,Australia,5532,Producer Price (USD/tonne),01510,Potatoes,2024,2024,7021,Annual value,USD,476.1,A,Official figure,AUS,False,False,121.9819961575273,117.25906623977029,129.71297215949022,113.47684568733492,138.06843188494958,125.71292330063521,6.44767390132498,
PP,Producer Prices,36,Australia,5532,Producer Price (USD/tonne),01235,"Pumpkins, squash and gourds",1991,1991,7021,Annual value,USD,293.7,A,Official figure,AUS,False,False,62.34528439011702,81.47466716487295,45.46032558544059,57.863819886673106,49.00795416086814,55.480617553691815,5.21988857452739,
PP,Producer Prices,36,Australia,5532,Producer Price (USD/tonne),01235,"Pumpkins, squash and gourds",1992,1992,7021,Annual value,USD,259.2,A,Official figure,AUS,False,False,64.22555868464649,78.38728862271715,54.8015933451503,60.9576514895015,52.991996389394096,56.04274688194544,5.04326421093316,
PP,Producer Prices,36,Australia,5532,Producer Price (USD/tonne),01235,"Pumpkins, squash and gourds",1993,1993,7021,Annual value,USD,240.7,A,Official figure,AUS,False,False,62.259404847966515,75.01403295972897,48.61651615517863,59.01858803408094,53.966480634247155,62.03019780031652,4.98707923344647,
PP,Producer Prices,36,Australia,5532,Producer Price (USD/tonne),01235,"Pumpkins, squash and gourds",1994,1994,7021,Annual value,USD,239.1,A,Official figure,AUS,False,False,67.26054679350919,76.29710199787732,47.42020205529957,61.936823654585105,71.86775375736012,74.94370090074824,4.99933415639271,
PP,Producer Prices,36,Australia,5532,Producer Price (USD/tonne),01235,"Pumpkins, squash and gourds",1995,1995,7021,Annual value,USD,312.8,A,Official figure,AUS,False,False,76.8287850116353,85.24932673337705,62.72510536671231,70.8474665240566,79.95838810789446,82.19981067004032,4.95654793299687,
PP,Producer Prices,36,Australia,5532,Producer Price (USD/tonne),01235,"Pumpkins, squash and gourds",1996,1996,7021,Annual value,USD,248.1,A,Official figure,AUS,False,False,77.82086308655745,84.34557234442748,61.619550783954395,83.65592765127325,69.93519294281285,73.98962818765723,4.85290173072787,
PP,Producer Prices,36,Australia,5532,Producer Price (USD/tonne),01235,"Pumpkins, squash and gourds",1997,1997,7021,Annual value,USD,365.2,A,Official figure,AUS,False,False,70.75682380399682,79.31706264103354,59.44728416757198,66.51116723257967,70.68473461622513,70.38581190707349,4.91017735786183,
PP,Producer Prices,36,Australia,5532,Producer Price (USD/tonne),01235,"Pumpkins, squash and gourds",1998,1998,7021,Annual value,USD,282.7,A,Official figure,AUS,False,False,64.8237651326436,66.27116245186038,55.776184862258724,58.90385220966683,83.88543382429606,55.22279355165295,4.73775638168852,
PP,Producer Prices,36,Australia,5532,Producer Price (USD/tonne),01235,"Pumpkins, squash and gourds",1999,1999,7021,Annual value,USD,350.3,A,Official figure,AUS,False,False,55.38494745729497,62.42928865091984,48.31192059218944,53.12085523046289,58.22698225943004,38.798878860400684,4.80438445813991,
PP,Producer Prices,36,Australia,5532,Producer Price (USD/tonne),01235,"Pumpkins, squash and gourds",2000,2000,7021,Annual value,USD,291.0,A,Official figure,AUS,False,False,53.658254311091945,61.295380665724906,54.46468606873116,51.41600714746175,42.89305770905415,50.612781624475126,4.5542072874505,
PP,Producer Prices,36,Australia,5532,Producer Price (USD/tonne),01235,"Pumpkins, squash and gourds",2001,2001,7021,Annual value,USD,229.1,A,Official figure,AUS,False,False,55.353759430433776,62.905581984538294,60.88469474046613,51.84540600513508,42.481465934354574,53.47099426092313,4.94222006021166,
PP,Producer Prices,36,Australia,5532,Producer Price (USD/tonne),01235,"Pumpkins, squash and gourds",2002,2002,7021,Annual value,USD,267.9,A,Official figure,AUS,False,False,53.432698046969534,56.102316657369585,46.09884987045724,55.57542707086668,55.144333609249486,42.632850317668414,4.86917660836693,
PP,Producer Prices,36,Australia,5532,Producer Price (USD/tonne),01235,"Pumpkins, squash and gourds",2003,2003,7021,Annual value,USD,339.8,A,Official figure,AUS,False,False,58.11559303636253,59.31684044946804,54.48407776395476,59.38331088130321,62.630981044686195,43.854657616127014,5.13440054748237,
PP,Producer Prices,36,Australia,5532,Producer Price (USD/tonne),01235,"Pumpkins, squash and gourds",2004,2004,7021,Annual value,USD,444.9,A,Official figure,AUS,False,False,65.89944729053757,68.6029390549955,69.84888089256499,64.00158065193195,69.61163025660183,44.346000561265534,4.80423147775813,
PP,Producer Prices,36,Australia,5532,Producer Price (USD/tonne),01235,"Pumpkins, squash and gourds",2005,2005,7021,Annual value,USD,410.1,A,Official figure,AUS,False,False,67.6467997866706,72.57908938487195,77.21006263097178,60.766594200041034,64.39872945308146,61.19575106393876,4.74464612990827,
PP,Producer Prices,36,Australia,5532,Producer Price (USD/tonne),01235,"Pumpkins, squash and gourds",2006,2006,7021,Annual value,USD,549.0,A,Official figure,AUS,False,False,72.85198153556445,71.39005672414655,73.05336517091054,71.22837696143655,70.5451171722111,91.39314395266837,4.77072459573134,
PP,Producer Prices,36,Australia,5532,Producer Price (USD/tonne),01235,"Pumpkins, squash and gourds",2007,2007,7021,Annual value,USD,574.0,A,Official figure,AUS,False,False,94.55025065074518,77.75672729408136,122.39946263841763,100.90811631831873,107.3148060387481,62.36914297123817,5.03584938131912,
PP,Producer Prices,36,Australia,5532,Producer Price (USD/tonne),01235,"Pumpkins, squash and gourds",2008,2008,7021,Annual value,USD,604.8,A,Official figure,AUS,False,False,117.73787331863998,90.84433092873273,132.33661799232738,137.64181782223199,141.07285693456427,79.19536905542518,4.80642380862477,
PP,Producer Prices,36,Australia,5532,Producer Price (USD/tonne),01235,"Pumpkins, squash and gourds",2009,2009,7021,Annual value,USD,517.1,A,Official figure,AUS,False,False,91.78785298482406,81.60267222893671,91.405730315563,97.1899325654129,94.42735946277953,112.2254832184969,5.59123716369561,
PP,Producer Prices,36,Australia,5532,Producer Price (USD/tonne),01235,"Pumpkins, squash and gourds",2014,2014,7021,Annual value,USD,617.8,A,Official figure,AUS,False,False,114.98315043593857,112.11017428857667,130.20652445334494,115.8182908031581,110.6162614969274,105.19538929713728,6.19615490124291,
PP,Producer Prices,36,Australia,5532,Producer Price (USD/tonne),01235,"Pumpkins, squash and gourds",2016,2016,7021,Annual value,USD,622.9,A,Official figure,AUS,False,False,91.95303704593685,91.10702822067289,82.64832676119045,88.30828905606897,99.44264448193826,111.62342556374044,7.10054987790893,
PP,Producer Prices,36,Australia,5532,Producer Price (USD/tonne),01235,"Pumpkins, squash and gourds",2017,2017,7021,Annual value,USD,590.9,A,Official figure,AUS,False,False,97.9325465965461,97.47103081764828,108.01127219003995,90.98426329355082,101.90947584276995,99.11220417429126,6.48222765314289,
PP,Producer Prices,36,Australia,5532,Producer Price (USD/tonne),01235,"Pumpkins, squash and gourds",2018,2018,7021,Annual value,USD,561.9,A,Official figure,AUS,False,False,95.75177402259017,94.39851038295467,107.2716875332135,100.82233026984352,87.76107702264312,77.40205315573543,6.52594691958162,
PP,Producer Prices,36,Australia,5532,Producer Price (USD/tonne),01235,"Pumpkins, squash and gourds",2019,2019,7021,Annual value,USD,585.3,A,Official figure,AUS,False,False,94.93129436453303,99.4754122501492,102.81578202753263,96.60386371200734,83.23927616454294,78.61501498294437,7.16469389675818,
PP,Producer Prices,36,Australia,5532,Producer Price (USD/tonne),01235,"Pumpkins, squash and gourds",2020,2020,7021,Annual value,USD,653.4,A,Official figure,AUS,False,False,98.05250486501859,95.316293513863,101.8142204334863,103.1167289201083,99.44353567977252,79.52871763805308,7.59766516403535,
PP,Producer Prices,36,Australia,5532,Producer Price (USD/tonne),01235,"Pumpkins, squash and gourds",2021,2021,7021,Annual value,USD,562.9,A,Official figure,AUS,False,False,125.73406972850047,107.53442746784815,119.59735631930364,131.1533847436843,164.85113256482796,109.33464293018675,6.44421129042264,
PP,Producer Prices,36,Australia,5532,Producer Price (USD/tonne),01235,"Pumpkins, squash and gourds",2023,2023,7021,Annual value,USD,528.6,A,Official figure,AUS,False,False,124.51966645168862,114.10852024490974,123.72456940111083,130.87805882527132,126.29144514063518,144.9803113652603,6.12272392365969,
PP,Producer Prices,36,Australia,5532,Producer Price (USD/tonne),01235,"Pumpkins, squash and gourds",2024,2024,7021,Annual value,USD,556.4,A,Official figure,AUS,False,False,121.9819961575273,117.25906623977029,129.71297215949022,113.47684568733492,138.06843188494958,125.71292330063521,6.44767390132498,
PP,Producer Prices,36,Australia,5532,Producer Price (USD/tonne),01342.02,Quinces,1991,1991,7021,Annual value,USD,415.2,A,Official figure,AUS,False,False,62.34528439011702,81.47466716487295,45.46032558544059,57.863819886673106,49.00795416086814,55.480617553691815,5.21988857452739,
PP,Producer Prices,36,Australia,5532,Producer Price (USD/tonne),01342.02,Quinces,1992,1992,7021,Annual value,USD,508.2,A,Official figure,AUS,False,False,64.22555868464649,78.38728862271715,54.8015933451503,60.9576514895015,52.991996389394096,56.04274688194544,5.04326421093316,
PP,Producer Prices,36,Australia,5532,Producer Price (USD/tonne),01342.02,Quinces,1993,1993,7021,Annual value,USD,414.8,A,Official figure,AUS,False,False,62.259404847966515,75.01403295972897,48.61651615517863,59.01858803408094,53.966480634247155,62.03019780031652,4.98707923344647,
PP,Producer Prices,36,Australia,5532,Producer Price (USD/tonne),01342.02,Quinces,1994,1994,7021,Annual value,USD,418.9,A,Official figure,AUS,False,False,67.26054679350919,76.29710199787732,47.42020205529957,61.936823654585105,71.86775375736012,74.94370090074824,4.99933415639271,
PP,Producer Prices,36,Australia,5532,Producer Price (USD/tonne),01342.02,Quinces,1995,1995,7021,Annual value,USD,358.8,A,Official figure,AUS,False,False,76.8287850116353,85.24932673337705,62.72510536671231,70.8474665240566,79.95838810789446,82.19981067004032,4.95654793299687,
PP,Producer Prices,36,Australia,5532,Producer Price (USD/tonne),01342.02,Quinces,1996,1996,7021,Annual value,USD,455.4,A,Official figure,AUS,False,False,77.82086308655745,84.34557234442748,61.619550783954395,83.65592765127325,69.93519294281285,73.98962818765723,4.85290173072787,
PP,Producer Prices,36,Australia,5532,Producer Price (USD/tonne),01342.02,Quinces,1997,1997,7021,Annual value,USD,469.8,A,Official figure,AUS,False,False,70.75682380399682,79.31706264103354,59.44728416757198,66.51116723257967,70.68473461622513,70.38581190707349,4.91017735786183,
PP,Producer Prices,36,Australia,5532,Producer Price (USD/tonne),01342.02,Quinces,1998,1998,7021,Annual value,USD,446.0,A,Official figure,AUS,False,False,64.8237651326436,66.27116245186038,55.776184862258724,58.90385220966683,83.88543382429606,55.22279355165295,4.73775638168852,
PP,Producer Prices,36,Australia,5532,Producer Price (USD/tonne),01342.02,Quinces,1999,1999,7021,Annual value,USD,464.5,A,Official figure,AUS,False,False,55.38494745729497,62.42928865091984,48.31192059218944,53.12085523046289,58.22698225943004,38.798878860400684,4.80438445813991,
PP,Producer Prices,36,Australia,5532,Producer Price (USD/tonne),01342.02,Quinces,2000,2000,7021,Annual value,USD,267.3,A,Official figure,AUS,False,False,53.658254311091945,61.295380665724906,54.46468606873116,51.41600714746175,42.89305770905415,50.612781624475126,4.5542072874505,
PP,Producer Prices,36,Australia,5532,Producer Price (USD/tonne),01342.02,Quinces,2001,2001,7021,Annual value,USD,274.1,A,Official figure,AUS,False,False,55.353759430433776,62.905581984538294,60.88469474046613,51.84540600513508,42.481465934354574,53.47099426092313,4.94222006021166,
PP,Producer Prices,36,Australia,5532,Producer Price (USD/tonne),01342.02,Quinces,2002,2002,7021,Annual value,USD,374.9,A,Official figure,AUS,False,False,53.432698046969534,56.102316657369585,46.09884987045724,55.57542707086668,55.144333609249486,42.632850317668414,4.86917660836693,
PP,Producer Prices,36,Australia,5532,Producer Price (USD/tonne),01342.02,Quinces,2003,2003,7021,Annual value,USD,382.6,A,Official figure,AUS,False,False,58.11559303636253,59.31684044946804,54.48407776395476,59.38331088130321,62.630981044686195,43.854657616127014,5.13440054748237,
PP,Producer Prices,36,Australia,5532,Producer Price (USD/tonne),01342.02,Quinces,2004,2004,7021,Annual value,USD,558.9,A,Official figure,AUS,False,False,65.89944729053757,68.6029390549955,69.84888089256499,64.00158065193195,69.61163025660183,44.346000561265534,4.80423147775813,
PP,Producer Prices,36,Australia,5532,Producer Price (USD/tonne),01342.02,Quinces,2005,2005,7021,Annual value,USD,458.2,A,Official figure,AUS,False,False,67.6467997866706,72.57908938487195,77.21006263097178,60.766594200041034,64.39872945308146,61.19575106393876,4.74464612990827,
PP,Producer Prices,36,Australia,5532,Producer Price (USD/tonne),01342.02,Quinces,2006,2006,7021,Annual value,USD,466.9,A,Official figure,AUS,False,False,72.85198153556445,71.39005672414655,73.05336517091054,71.22837696143655,70.5451171722111,91.39314395266837,4.77072459573134,
PP,Producer Prices,36,Australia,5532,Producer Price (USD/tonne),01342.02,Quinces,2007,2007,7021,Annual value,USD,669.4,A,Official figure,AUS,False,False,94.55025065074518,77.75672729408136,122.39946263841763,100.90811631831873,107.3148060387481,62.36914297123817,5.03584938131912,
PP,Producer Prices,36,Australia,5532,Producer Price (USD/tonne),01342.02,Quinces,2008,2008,7021,Annual value,USD,671.0,A,Official figure,AUS,False,False,117.73787331863998,90.84433092873273,132.33661799232738,137.64181782223199,141.07285693456427,79.19536905542518,4.80642380862477,
PP,Producer Prices,36,Australia,5532,Producer Price (USD/tonne),01443,Rape or colza seed,1991,1991,7021,Annual value,USD,223.6,A,Official figure,AUS,False,False,62.34528439011702,81.47466716487295,45.46032558544059,57.863819886673106,49.00795416086814,55.480617553691815,5.21988857452739,
PP,Producer Prices,36,Australia,5532,Producer Price (USD/tonne),01443,Rape or colza seed,1992,1992,7021,Annual value,USD,206.4,A,Official figure,AUS,False,False,64.22555868464649,78.38728862271715,54.8015933451503,60.9576514895015,52.991996389394096,56.04274688194544,5.04326421093316,
PP,Producer Prices,36,Australia,5532,Producer Price (USD/tonne),01443,Rape or colza seed,1993,1993,7021,Annual value,USD,216.2,A,Official figure,AUS,False,False,62.259404847966515,75.01403295972897,48.61651615517863,59.01858803408094,53.966480634247155,62.03019780031652,4.98707923344647,
PP,Producer Prices,36,Australia,5532,Producer Price (USD/tonne),01443,Rape or colza seed,1994,1994,7021,Annual value,USD,258.8,A,Official figure,AUS,False,False,67.26054679350919,76.29710199787732,47.42020205529957,61.936823654585105,71.86775375736012,74.94370090074824,4.99933415639271,
PP,Producer Prices,36,Australia,5532,Producer Price (USD/tonne),01443,Rape or colza seed,1995,1995,7021,Annual value,USD,271.3,A,Official figure,AUS,False,False,76.8287850116353,85.24932673337705,62.72510536671231,70.8474665240566,79.95838810789446,82.19981067004032,4.95654793299687,
PP,Producer Prices,36,Australia,5532,Producer Price (USD/tonne),01443,Rape or colza seed,1996,1996,7021,Annual value,USD,291.9,A,Official figure,AUS,False,False,77.82086308655745,84.34557234442748,61.619550783954395,83.65592765127325,69.93519294281285,73.98962818765723,4.85290173072787,
PP,Producer Prices,36,Australia,5532,Producer Price (USD/tonne),01443,Rape or colza seed,1997,1997,7021,Annual value,USD,284.3,A,Official figure,AUS,False,False,70.75682380399682,79.31706264103354,59.44728416757198,66.51116723257967,70.68473461622513,70.38581190707349,4.91017735786183,
PP,Producer Prices,36,Australia,5532,Producer Price (USD/tonne),01443,Rape or colza seed,1998,1998,7021,Annual value,USD,242.5,A,Official figure,AUS,False,False,64.8237651326436,66.27116245186038,55.776184862258724,58.90385220966683,83.88543382429606,55.22279355165295,4.73775638168852,
PP,Producer Prices,36,Australia,5532,Producer Price (USD/tonne),01443,Rape or colza seed,1999,1999,7021,Annual value,USD,245.8,A,Official figure,AUS,False,False,55.38494745729497,62.42928865091984,48.31192059218944,53.12085523046289,58.22698225943004,38.798878860400684,4.80438445813991,
PP,Producer Prices,36,Australia,5532,Producer Price (USD/tonne),01443,Rape or colza seed,2000,2000,7021,Annual value,USD,179.1,A,Official figure,AUS,False,False,53.658254311091945,61.295380665724906,54.46468606873116,51.41600714746175,42.89305770905415,50.612781624475126,4.5542072874505,
PP,Producer Prices,36,Australia,5532,Producer Price (USD/tonne),01443,Rape or colza seed,2001,2001,7021,Annual value,USD,158.8,A,Official figure,AUS,False,False,55.353759430433776,62.905581984538294,60.88469474046613,51.84540600513508,42.481465934354574,53.47099426092313,4.94222006021166,
PP,Producer Prices,36,Australia,5532,Producer Price (USD/tonne),01443,Rape or colza seed,2002,2002,7021,Annual value,USD,208.6,A,Official figure,AUS,False,False,53.432698046969534,56.102316657369585,46.09884987045724,55.57542707086668,55.144333609249486,42.632850317668414,4.86917660836693,
PP,Producer Prices,36,Australia,5532,Producer Price (USD/tonne),01443,Rape or colza seed,2003,2003,7021,Annual value,USD,289.3,A,Official figure,AUS,False,False,58.11559303636253,59.31684044946804,54.48407776395476,59.38331088130321,62.630981044686195,43.854657616127014,5.13440054748237,
PP,Producer Prices,36,Australia,5532,Producer Price (USD/tonne),01443,Rape or colza seed,2004,2004,7021,Annual value,USD,296.4,A,Official figure,AUS,False,False,65.89944729053757,68.6029390549955,69.84888089256499,64.00158065193195,69.61163025660183,44.346000561265534,4.80423147775813,
PP,Producer Prices,36,Australia,5532,Producer Price (USD/tonne),01443,Rape or colza seed,2005,2005,7021,Annual value,USD,249.0,A,Official figure,AUS,False,False,67.6467997866706,72.57908938487195,77.21006263097178,60.766594200041034,64.39872945308146,61.19575106393876,4.74464612990827,
PP,Producer Prices,36,Australia,5532,Producer Price (USD/tonne),01443,Rape or colza seed,2006,2006,7021,Annual value,USD,251.5,A,Official figure,AUS,False,False,72.85198153556445,71.39005672414655,73.05336517091054,71.22837696143655,70.5451171722111,91.39314395266837,4.77072459573134,
PP,Producer Prices,36,Australia,5532,Producer Price (USD/tonne),01443,Rape or colza seed,2007,2007,7021,Annual value,USD,331.4,A,Official figure,AUS,False,False,94.55025065074518,77.75672729408136,122.39946263841763,100.90811631831873,107.3148060387481,62.36914297123817,5.03584938131912,
PP,Producer Prices,36,Australia,5532,Producer Price (USD/tonne),01443,Rape or colza seed,2008,2008,7021,Annual value,USD,454.6,A,Official figure,AUS,False,False,117.73787331863998,90.84433092873273,132.33661799232738,137.64181782223199,141.07285693456427,79.19536905542518,4.80642380862477,
PP,Producer Prices,36,Australia,5532,Producer Price (USD/tonne),01443,Rape or colza seed,2009,2009,7021,Annual value,USD,427.4,A,Official figure,AUS,False,False,91.78785298482406,81.60267222893671,91.405730315563,97.1899325654129,94.42735946277953,112.2254832184969,5.59123716369561,
PP,Producer Prices,36,Australia,5532,Producer Price (USD/tonne),01443,Rape or colza seed,2010,2010,7021,Annual value,USD,403.6,A,Official figure,AUS,False,False,106.87404108388505,91.39347096403203,111.89896716658724,107.49931237044449,121.95018353123997,131.72406046543753,5.30683575119913,
PP,Producer Prices,36,Australia,5532,Producer Price (USD/tonne),01443,Rape or colza seed,2011,2011,7021,Annual value,USD,561.1,A,Official figure,AUS,False,False,131.77593256915614,105.02246669637043,129.89070190611824,142.15740841093506,156.4798891014947,160.90057382271044,5.14219569199562,
PP,Producer Prices,36,Australia,5532,Producer Price (USD/tonne),01443,Rape or colza seed,2012,2012,7021,Annual value,USD,531.2,A,Official figure,AUS,False,False,122.75022327595461,104.69498650707051,111.65677557794167,137.3983528628098,138.30661545629084,133.31863424562349,5.05458500868273,
PP,Producer Prices,36,Australia,5532,Producer Price (USD/tonne),01443,Rape or colza seed,2015,2015,7021,Annual value,USD,377.9,A,Official figure,AUS,False,False,93.0638125181246,96.78279749075053,87.1451487854646,95.87342014077292,89.94109402113435,83.1811851391223,6.56255914980785,
PP,Producer Prices,36,Australia,5532,Producer Price (USD/tonne),01443,Rape or colza seed,2016,2016,7021,Annual value,USD,395.5,A,Official figure,AUS,False,False,91.95303704593685,91.10702822067289,82.64832676119045,88.30828905606897,99.44264448193826,111.62342556374044,7.10054987790893,
PP,Producer Prices,36,Australia,5532,Producer Price (USD/tonne),01443,Rape or colza seed,2017,2017,7021,Annual value,USD,428.4,A,Official figure,AUS,False,False,97.9325465965461,97.47103081764828,108.01127219003995,90.98426329355082,101.90947584276995,99.11220417429126,6.48222765314289,
PP,Producer Prices,36,Australia,5532,Producer Price (USD/tonne),01443,Rape or colza seed,2018,2018,7021,Annual value,USD,402.7,A,Official figure,AUS,False,False,95.75177402259017,94.39851038295467,107.2716875332135,100.82233026984352,87.76107702264312,77.40205315573543,6.52594691958162,
PP,Producer Prices,36,Australia,5532,Producer Price (USD/tonne),01443,Rape or colza seed,2019,2019,7021,Annual value,USD,399.0,A,Official figure,AUS,False,False,94.93129436453303,99.4754122501492,102.81578202753263,96.60386371200734,83.23927616454294,78.61501498294437,7.16469389675818,
PP,Producer Prices,36,Australia,5532,Producer Price (USD/tonne),01443,Rape or colza seed,2020,2020,7021,Annual value,USD,410.5,A,Official figure,AUS,False,False,98.05250486501859,95.316293513863,101.8142204334863,103.1167289201083,99.44353567977252,79.52871763805308,7.59766516403535,
PP,Producer Prices,36,Australia,5532,Producer Price (USD/tonne),01443,Rape or colza seed,2021,2021,7021,Annual value,USD,462.7,A,Official figure,AUS,False,False,125.73406972850047,107.53442746784815,119.59735631930364,131.1533847436843,164.85113256482796,109.33464293018675,6.44421129042264,
PP,Producer Prices,36,Australia,5532,Producer Price (USD/tonne),01443,Rape or colza seed,2022,2022,7021,Annual value,USD,610.4,A,Official figure,AUS,False,False,144.50986636550888,118.33551230992974,149.51050848913766,154.66510013039058,187.77977941529275,114.45579634923097,6.14945900451023,
PP,Producer Prices,36,Australia,5532,Producer Price (USD/tonne),01443,Rape or colza seed,2023,2023,7021,Annual value,USD,491.6,A,Official figure,AUS,False,False,124.51966645168862,114.10852024490974,123.72456940111083,130.87805882527132,126.29144514063518,144.9803113652603,6.12272392365969,
PP,Producer Prices,36,Australia,5532,Producer Price (USD/tonne),01443,Rape or colza seed,2024,2024,7021,Annual value,USD,394.2,A,Official figure,AUS,False,False,121.9819961575273,117.25906623977029,129.71297215949022,113.47684568733492,138.06843188494958,125.71292330063521,6.44767390132498,
PP,Producer Prices,36,Australia,5532,Producer Price (USD/tonne),01353.01,Raspberries,1991,1991,7021,Annual value,USD,4802.3,A,Official figure,AUS,False,False,62.34528439011702,81.47466716487295,45.46032558544059,57.863819886673106,49.00795416086814,55.480617553691815,5.21988857452739,
PP,Producer Prices,36,Australia,5532,Producer Price (USD/tonne),01353.01,Raspberries,1992,1992,7021,Annual value,USD,4971.2,A,Official figure,AUS,False,False,64.22555868464649,78.38728862271715,54.8015933451503,60.9576514895015,52.991996389394096,56.04274688194544,5.04326421093316,
PP,Producer Prices,36,Australia,5532,Producer Price (USD/tonne),01353.01,Raspberries,1993,1993,7021,Annual value,USD,4579.9,A,Official figure,AUS,False,False,62.259404847966515,75.01403295972897,48.61651615517863,59.01858803408094,53.966480634247155,62.03019780031652,4.98707923344647,
PP,Producer Prices,36,Australia,5532,Producer Price (USD/tonne),01353.01,Raspberries,1994,1994,7021,Annual value,USD,5135.4,A,Official figure,AUS,False,False,67.26054679350919,76.29710199787732,47.42020205529957,61.936823654585105,71.86775375736012,74.94370090074824,4.99933415639271,
PP,Producer Prices,36,Australia,5532,Producer Price (USD/tonne),01353.01,Raspberries,1995,1995,7021,Annual value,USD,5507.7,A,Official figure,AUS,False,False,76.8287850116353,85.24932673337705,62.72510536671231,70.8474665240566,79.95838810789446,82.19981067004032,4.95654793299687,
PP,Producer Prices,36,Australia,5532,Producer Price (USD/tonne),01353.01,Raspberries,1996,1996,7021,Annual value,USD,6377.8,A,Official figure,AUS,False,False,77.82086308655745,84.34557234442748,61.619550783954395,83.65592765127325,69.93519294281285,73.98962818765723,4.85290173072787,
PP,Producer Prices,36,Australia,5532,Producer Price (USD/tonne),01353.01,Raspberries,1997,1997,7021,Annual value,USD,6857.8,A,Official figure,AUS,False,False,70.75682380399682,79.31706264103354,59.44728416757198,66.51116723257967,70.68473461622513,70.38581190707349,4.91017735786183,
PP,Producer Prices,36,Australia,5532,Producer Price (USD/tonne),01353.01,Raspberries,1998,1998,7021,Annual value,USD,6797.2,A,Official figure,AUS,False,False,64.8237651326436,66.27116245186038,55.776184862258724,58.90385220966683,83.88543382429606,55.22279355165295,4.73775638168852,
PP,Producer Prices,36,Australia,5532,Producer Price (USD/tonne),01353.01,Raspberries,1999,1999,7021,Annual value,USD,8626.1,A,Official figure,AUS,False,False,55.38494745729497,62.42928865091984,48.31192059218944,53.12085523046289,58.22698225943004,38.798878860400684,4.80438445813991,
PP,Producer Prices,36,Australia,5532,Producer Price (USD/tonne),01353.01,Raspberries,2000,2000,7021,Annual value,USD,11189.0,A,Official figure,AUS,False,False,53.658254311091945,61.295380665724906,54.46468606873116,51.41600714746175,42.89305770905415,50.612781624475126,4.5542072874505,
PP,Producer Prices,36,Australia,5532,Producer Price (USD/tonne),01353.01,Raspberries,2001,2001,7021,Annual value,USD,10427.0,A,Official figure,AUS,False,False,55.353759430433776,62.905581984538294,60.88469474046613,51.84540600513508,42.481465934354574,53.47099426092313,4.94222006021166,
PP,Producer Prices,36,Australia,5532,Producer Price (USD/tonne),01353.01,Raspberries,2002,2002,7021,Annual value,USD,12230.0,A,Official figure,AUS,False,False,53.432698046969534,56.102316657369585,46.09884987045724,55.57542707086668,55.144333609249486,42.632850317668414,4.86917660836693,
PP,Producer Prices,36,Australia,5532,Producer Price (USD/tonne),01353.01,Raspberries,2003,2003,7021,Annual value,USD,13872.4,A,Official figure,AUS,False,False,58.11559303636253,59.31684044946804,54.48407776395476,59.38331088130321,62.630981044686195,43.854657616127014,5.13440054748237,
PP,Producer Prices,36,Australia,5532,Producer Price (USD/tonne),01353.01,Raspberries,2004,2004,7021,Annual value,USD,14252.6,A,Official figure,AUS,False,False,65.89944729053757,68.6029390549955,69.84888089256499,64.00158065193195,69.61163025660183,44.346000561265534,4.80423147775813,
PP,Producer Prices,36,Australia,5532,Producer Price (USD/tonne),01353.01,Raspberries,2005,2005,7021,Annual value,USD,17587.2,A,Official figure,AUS,False,False,67.6467997866706,72.57908938487195,77.21006263097178,60.766594200041034,64.39872945308146,61.19575106393876,4.74464612990827,
PP,Producer Prices,36,Australia,5532,Producer Price (USD/tonne),01353.01,Raspberries,2006,2006,7021,Annual value,USD,17613.3,A,Official figure,AUS,False,False,72.85198153556445,71.39005672414655,73.05336517091054,71.22837696143655,70.5451171722111,91.39314395266837,4.77072459573134,
PP,Producer Prices,36,Australia,5532,Producer Price (USD/tonne),01353.01,Raspberries,2007,2007,7021,Annual value,USD,31454.2,A,Official figure,AUS,False,False,94.55025065074518,77.75672729408136,122.39946263841763,100.90811631831873,107.3148060387481,62.36914297123817,5.03584938131912,
PP,Producer Prices,36,Australia,5532,Producer Price (USD/tonne),01353.01,Raspberries,2009,2009,7021,Annual value,USD,24356.8,A,Official figure,AUS,False,False,91.78785298482406,81.60267222893671,91.405730315563,97.1899325654129,94.42735946277953,112.2254832184969,5.59123716369561,
PP,Producer Prices,36,Australia,5532,Producer Price (USD/tonne),01353.01,Raspberries,2011,2011,7021,Annual value,USD,36133.4,A,Official figure,AUS,False,False,131.77593256915614,105.02246669637043,129.89070190611824,142.15740841093506,156.4798891014947,160.90057382271044,5.14219569199562,
PP,Producer Prices,36,Australia,5532,Producer Price (USD/tonne),01353.01,Raspberries,2023,2023,7021,Annual value,USD,13637.4,A,Official figure,AUS,False,False,124.51966645168862,114.10852024490974,123.72456940111083,130.87805882527132,126.29144514063518,144.9803113652603,6.12272392365969,
PP,Producer Prices,36,Australia,5532,Producer Price (USD/tonne),01353.01,Raspberries,2024,2024,7021,Annual value,USD,14311.4,A,Official figure,AUS,False,False,121.9819961575273,117.25906623977029,129.71297215949022,113.47684568733492,138.06843188494958,125.71292330063521,6.44767390132498,
PP,Producer Prices,36,Australia,5532,Producer Price (USD/tonne),02211,Raw milk of cattle,1991,1991,7021,Annual value,USD,215.0,A,Official figure,AUS,False,False,62.34528439011702,81.47466716487295,45.46032558544059,57.863819886673106,49.00795416086814,55.480617553691815,5.21988857452739,
PP,Producer Prices,36,Australia,5532,Producer Price (USD/tonne),02211,Raw milk of cattle,1992,1992,7021,Annual value,USD,207.1,A,Official figure,AUS,False,False,64.22555868464649,78.38728862271715,54.8015933451503,60.9576514895015,52.991996389394096,56.04274688194544,5.04326421093316,
PP,Producer Prices,36,Australia,5532,Producer Price (USD/tonne),02211,Raw milk of cattle,1993,1993,7021,Annual value,USD,208.1,A,Official figure,AUS,False,False,62.259404847966515,75.01403295972897,48.61651615517863,59.01858803408094,53.966480634247155,62.03019780031652,4.98707923344647,
PP,Producer Prices,36,Australia,5532,Producer Price (USD/tonne),02211,Raw milk of cattle,1994,1994,7021,Annual value,USD,215.0,A,Official figure,AUS,False,False,67.26054679350919,76.29710199787732,47.42020205529957,61.936823654585105,71.86775375736012,74.94370090074824,4.99933415639271,
PP,Producer Prices,36,Australia,5532,Producer Price (USD/tonne),02211,Raw milk of cattle,1995,1995,7021,Annual value,USD,212.0,A,Official figure,AUS,False,False,76.8287850116353,85.24932673337705,62.72510536671231,70.8474665240566,79.95838810789446,82.19981067004032,4.95654793299687,
PP,Producer Prices,36,Australia,5532,Producer Price (USD/tonne),02211,Raw milk of cattle,1996,1996,7021,Annual value,USD,249.6,A,Official figure,AUS,False,False,77.82086308655745,84.34557234442748,61.619550783954395,83.65592765127325,69.93519294281285,73.98962818765723,4.85290173072787,
PP,Producer Prices,36,Australia,5532,Producer Price (USD/tonne),02211,Raw milk of cattle,1997,1997,7021,Annual value,USD,223.4,A,Official figure,AUS,False,False,70.75682380399682,79.31706264103354,59.44728416757198,66.51116723257967,70.68473461622513,70.38581190707349,4.91017735786183,
PP,Producer Prices,36,Australia,5532,Producer Price (USD/tonne),02211,Raw milk of cattle,1998,1998,7021,Annual value,USD,181.6,A,Official figure,AUS,False,False,64.8237651326436,66.27116245186038,55.776184862258724,58.90385220966683,83.88543382429606,55.22279355165295,4.73775638168852,
PP,Producer Prices,36,Australia,5532,Producer Price (USD/tonne),02211,Raw milk of cattle,1999,1999,7021,Annual value,USD,178.1,A,Official figure,AUS,False,False,55.38494745729497,62.42928865091984,48.31192059218944,53.12085523046289,58.22698225943004,38.798878860400684,4.80438445813991,
PP,Producer Prices,36,Australia,5532,Producer Price (USD/tonne),02211,Raw milk of cattle,2000,2000,7021,Annual value,USD,147.3,A,Official figure,AUS,False,False,53.658254311091945,61.295380665724906,54.46468606873116,51.41600714746175,42.89305770905415,50.612781624475126,4.5542072874505,
PP,Producer Prices,36,Australia,5532,Producer Price (USD/tonne),02211,Raw milk of cattle,2001,2001,7021,Annual value,USD,145.9,A,Official figure,AUS,False,False,55.353759430433776,62.905581984538294,60.88469474046613,51.84540600513508,42.481465934354574,53.47099426092313,4.94222006021166,
PP,Producer Prices,36,Australia,5532,Producer Price (USD/tonne),02211,Raw milk of cattle,2002,2002,7021,Annual value,USD,173.9,A,Official figure,AUS,False,False,53.432698046969534,56.102316657369585,46.09884987045724,55.57542707086668,55.144333609249486,42.632850317668414,4.86917660836693,
PP,Producer Prices,36,Australia,5532,Producer Price (USD/tonne),02211,Raw milk of cattle,2003,2003,7021,Annual value,USD,170.6,A,Official figure,AUS,False,False,58.11559303636253,59.31684044946804,54.48407776395476,59.38331088130321,62.630981044686195,43.854657616127014,5.13440054748237,
PP,Producer Prices,36,Australia,5532,Producer Price (USD/tonne),02211,Raw milk of cattle,2004,2004,7021,Annual value,USD,199.3,A,Official figure,AUS,False,False,65.89944729053757,68.6029390549955,69.84888089256499,64.00158065193195,69.61163025660183,44.346000561265534,4.80423147775813,
PP,Producer Prices,36,Australia,5532,Producer Price (USD/tonne),02211,Raw milk of cattle,2005,2005,7021,Annual value,USD,233.7,A,Official figure,AUS,False,False,67.6467997866706,72.57908938487195,77.21006263097178,60.766594200041034,64.39872945308146,61.19575106393876,4.74464612990827,
PP,Producer Prices,36,Australia,5532,Producer Price (USD/tonne),02211,Raw milk of cattle,2006,2006,7021,Annual value,USD,241.7,A,Official figure,AUS,False,False,72.85198153556445,71.39005672414655,73.05336517091054,71.22837696143655,70.5451171722111,91.39314395266837,4.77072459573134,
PP,Producer Prices,36,Australia,5532,Producer Price (USD/tonne),02211,Raw milk of cattle,2007,2007,7021,Annual value,USD,269.4,A,Official figure,AUS,False,False,94.55025065074518,77.75672729408136,122.39946263841763,100.90811631831873,107.3148060387481,62.36914297123817,5.03584938131912,
PP,Producer Prices,36,Australia,5532,Producer Price (USD/tonne),02211,Raw milk of cattle,2008,2008,7021,Annual value,USD,404.3,A,Official figure,AUS,False,False,117.73787331863998,90.84433092873273,132.33661799232738,137.64181782223199,141.07285693456427,79.19536905542518,4.80642380862477,
PP,Producer Prices,36,Australia,5532,Producer Price (USD/tonne),02211,Raw milk of cattle,2009,2009,7021,Annual value,USD,322.1,A,Official figure,AUS,False,False,91.78785298482406,81.60267222893671,91.405730315563,97.1899325654129,94.42735946277953,112.2254832184969,5.59123716369561,
PP,Producer Prices,36,Australia,5532,Producer Price (USD/tonne),02211,Raw milk of cattle,2010,2010,7021,Annual value,USD,333.0,A,Official figure,AUS,False,False,106.87404108388505,91.39347096403203,111.89896716658724,107.49931237044449,121.95018353123997,131.72406046543753,5.30683575119913,
PP,Producer Prices,36,Australia,5532,Producer Price (USD/tonne),02211,Raw milk of cattle,2011,2011,7021,Annual value,USD,432.2,A,Official figure,AUS,False,False,131.77593256915614,105.02246669637043,129.89070190611824,142.15740841093506,156.4798891014947,160.90057382271044,5.14219569199562,
PP,Producer Prices,36,Australia,5532,Producer Price (USD/tonne),02211,Raw milk of cattle,2012,2012,7021,Annual value,USD,422.4,A,Official figure,AUS,False,False,122.75022327595461,104.69498650707051,111.65677557794167,137.3983528628098,138.30661545629084,133.31863424562349,5.05458500868273,
PP,Producer Prices,36,Australia,5532,Producer Price (USD/tonne),02211,Raw milk of cattle,2013,2013,7021,Annual value,USD,375.5,A,Official figure,AUS,False,False,120.14390446093925,106.21599274087434,140.90691300197804,129.1108717873773,119.49987300357218,109.45334619156017,5.68920960549791,
PP,Producer Prices,36,Australia,5532,Producer Price (USD/tonne),02211,Raw milk of cattle,2014,2014,7021,Annual value,USD,338.9,A,Official figure,AUS,False,False,114.98315043593857,112.11017428857667,130.20652445334494,115.8182908031581,110.6162614969274,105.19538929713728,6.19615490124291,
PP,Producer Prices,36,Australia,5532,Producer Price (USD/tonne),02211,Raw milk of cattle,2015,2015,7021,Annual value,USD,281.0,A,Official figure,AUS,False,False,93.0638125181246,96.78279749075053,87.1451487854646,95.87342014077292,89.94109402113435,83.1811851391223,6.56255914980785,
PP,Producer Prices,36,Australia,5532,Producer Price (USD/tonne),0113,Rice,1991,1991,7021,Annual value,USD,137.1,A,Official figure,AUS,False,False,62.34528439011702,81.47466716487295,45.46032558544059,57.863819886673106,49.00795416086814,55.480617553691815,5.21988857452739,
PP,Producer Prices,36,Australia,5532,Producer Price (USD/tonne),0113,Rice,1992,1992,7021,Annual value,USD,119.7,A,Official figure,AUS,False,False,64.22555868464649,78.38728862271715,54.8015933451503,60.9576514895015,52.991996389394096,56.04274688194544,5.04326421093316,
PP,Producer Prices,36,Australia,5532,Producer Price (USD/tonne),0113,Rice,1993,1993,7021,Annual value,USD,116.3,A,Official figure,AUS,False,False,62.259404847966515,75.01403295972897,48.61651615517863,59.01858803408094,53.966480634247155,62.03019780031652,4.98707923344647,
PP,Producer Prices,36,Australia,5532,Producer Price (USD/tonne),0113,Rice,1994,1994,7021,Annual value,USD,176.9,A,Official figure,AUS,False,False,67.26054679350919,76.29710199787732,47.42020205529957,61.936823654585105,71.86775375736012,74.94370090074824,4.99933415639271,
PP,Producer Prices,36,Australia,5532,Producer Price (USD/tonne),0113,Rice,1995,1995,7021,Annual value,USD,157.9,A,Official figure,AUS,False,False,76.8287850116353,85.24932673337705,62.72510536671231,70.8474665240566,79.95838810789446,82.19981067004032,4.95654793299687,
PP,Producer Prices,36,Australia,5532,Producer Price (USD/tonne),0113,Rice,1996,1996,7021,Annual value,USD,183.1,A,Official figure,AUS,False,False,77.82086308655745,84.34557234442748,61.619550783954395,83.65592765127325,69.93519294281285,73.98962818765723,4.85290173072787,
PP,Producer Prices,36,Australia,5532,Producer Price (USD/tonne),0113,Rice,1997,1997,7021,Annual value,USD,183.3,A,Official figure,AUS,False,False,70.75682380399682,79.31706264103354,59.44728416757198,66.51116723257967,70.68473461622513,70.38581190707349,4.91017735786183,
PP,Producer Prices,36,Australia,5532,Producer Price (USD/tonne),0113,Rice,1998,1998,7021,Annual value,USD,161.4,A,Official figure,AUS,False,False,64.8237651326436,66.27116245186038,55.776184862258724,58.90385220966683,83.88543382429606,55.22279355165295,4.73775638168852,
PP,Producer Prices,36,Australia,5532,Producer Price (USD/tonne),0113,Rice,1999,1999,7021,Annual value,USD,171.0,A,Official figure,AUS,False,False,55.38494745729497,62.42928865091984,48.31192059218944,53.12085523046289,58.22698225943004,38.798878860400684,4.80438445813991,
PP,Producer Prices,36,Australia,5532,Producer Price (USD/tonne),0113,Rice,2000,2000,7021,Annual value,USD,154.8,A,Official figure,AUS,False,False,53.658254311091945,61.295380665724906,54.46468606873116,51.41600714746175,42.89305770905415,50.612781624475126,4.5542072874505,
PP,Producer Prices,36,Australia,5532,Producer Price (USD/tonne),0113,Rice,2001,2001,7021,Annual value,USD,110.2,A,Official figure,AUS,False,False,55.353759430433776,62.905581984538294,60.88469474046613,51.84540600513508,42.481465934354574,53.47099426092313,4.94222006021166,
PP,Producer Prices,36,Australia,5532,Producer Price (USD/tonne),0113,Rice,2002,2002,7021,Annual value,USD,148.9,A,Official figure,AUS,False,False,53.432698046969534,56.102316657369585,46.09884987045724,55.57542707086668,55.144333609249486,42.632850317668414,4.86917660836693,
PP,Producer Prices,36,Australia,5532,Producer Price (USD/tonne),0113,Rice,2003,2003,7021,Annual value,USD,225.7,A,Official figure,AUS,False,False,58.11559303636253,59.31684044946804,54.48407776395476,59.38331088130321,62.630981044686195,43.854657616127014,5.13440054748237,
PP,Producer Prices,36,Australia,5532,Producer Price (USD/tonne),0113,Rice,2004,2004,7021,Annual value,USD,239.0,A,Official figure,AUS,False,False,65.89944729053757,68.6029390549955,69.84888089256499,64.00158065193195,69.61163025660183,44.346000561265534,4.80423147775813,
PP,Producer Prices,36,Australia,5532,Producer Price (USD/tonne),0113,Rice,2005,2005,7021,Annual value,USD,226.8,A,Official figure,AUS,False,False,67.6467997866706,72.57908938487195,77.21006263097178,60.766594200041034,64.39872945308146,61.19575106393876,4.74464612990827,
PP,Producer Prices,36,Australia,5532,Producer Price (USD/tonne),0113,Rice,2006,2006,7021,Annual value,USD,205.6,A,Official figure,AUS,False,False,72.85198153556445,71.39005672414655,73.05336517091054,71.22837696143655,70.5451171722111,91.39314395266837,4.77072459573134,
PP,Producer Prices,36,Australia,5532,Producer Price (USD/tonne),0113,Rice,2007,2007,7021,Annual value,USD,282.8,A,Official figure,AUS,False,False,94.55025065074518,77.75672729408136,122.39946263841763,100.90811631831873,107.3148060387481,62.36914297123817,5.03584938131912,
PP,Producer Prices,36,Australia,5532,Producer Price (USD/tonne),0113,Rice,2008,2008,7021,Annual value,USD,348.1,A,Official figure,AUS,False,False,117.73787331863998,90.84433092873273,132.33661799232738,137.64181782223199,141.07285693456427,79.19536905542518,4.80642380862477,
PP,Producer Prices,36,Australia,5532,Producer Price (USD/tonne),0113,Rice,2009,2009,7021,Annual value,USD,441.4,A,Official figure,AUS,False,False,91.78785298482406,81.60267222893671,91.405730315563,97.1899325654129,94.42735946277953,112.2254832184969,5.59123716369561,
PP,Producer Prices,36,Australia,5532,Producer Price (USD/tonne),0113,Rice,2010,2010,7021,Annual value,USD,419.2,A,Official figure,AUS,False,False,106.87404108388505,91.39347096403203,111.89896716658724,107.49931237044449,121.95018353123997,131.72406046543753,5.30683575119913,
PP,Producer Prices,36,Australia,5532,Producer Price (USD/tonne),0113,Rice,2011,2011,7021,Annual value,USD,247.6,A,Official figure,AUS,False,False,131.77593256915614,105.02246669637043,129.89070190611824,142.15740841093506,156.4798891014947,160.90057382271044,5.14219569199562,
PP,Producer Prices,36,Australia,5532,Producer Price (USD/tonne),0113,Rice,2012,2012,7021,Annual value,USD,279.6,A,Official figure,AUS,False,False,122.75022327595461,104.69498650707051,111.65677557794167,137.3983528628098,138.30661545629084,133.31863424562349,5.05458500868273,
PP,Producer Prices,36,Australia,5532,Producer Price (USD/tonne),0113,Rice,2013,2013,7021,Annual value,USD,251.0,A,Official figure,AUS,False,False,120.14390446093925,106.21599274087434,140.90691300197804,129.1108717873773,119.49987300357218,109.45334619156017,5.68920960549791,
PP,Producer Prices,36,Australia,5532,Producer Price (USD/tonne),0113,Rice,2014,2014,7021,Annual value,USD,306.5,A,Official figure,AUS,False,False,114.98315043593857,112.11017428857667,130.20652445334494,115.8182908031581,110.6162614969274,105.19538929713728,6.19615490124291,
PP,Producer Prices,36,Australia,5532,Producer Price (USD/tonne),0113,Rice,2015,2015,7021,Annual value,USD,296.7,A,Official figure,AUS,False,False,93.0638125181246,96.78279749075053,87.1451487854646,95.87342014077292,89.94109402113435,83.1811851391223,6.56255914980785,
PP,Producer Prices,36,Australia,5532,Producer Price (USD/tonne),0113,Rice,2016,2016,7021,Annual value,USD,311.5,A,Official figure,AUS,False,False,91.95303704593685,91.10702822067289,82.64832676119045,88.30828905606897,99.44264448193826,111.62342556374044,7.10054987790893,
PP,Producer Prices,36,Australia,5532,Producer Price (USD/tonne),0113,Rice,2017,2017,7021,Annual value,USD,239.9,A,Official figure,AUS,False,False,97.9325465965461,97.47103081764828,108.01127219003995,90.98426329355082,101.90947584276995,99.11220417429126,6.48222765314289,
PP,Producer Prices,36,Australia,5532,Producer Price (USD/tonne),0113,Rice,2018,2018,7021,Annual value,USD,289.1,A,Official figure,AUS,False,False,95.75177402259017,94.39851038295467,107.2716875332135,100.82233026984352,87.76107702264312,77.40205315573543,6.52594691958162,
PP,Producer Prices,36,Australia,5532,Producer Price (USD/tonne),0113,Rice,2019,2019,7021,Annual value,USD,356.6,A,Official figure,AUS,False,False,94.93129436453303,99.4754122501492,102.81578202753263,96.60386371200734,83.23927616454294,78.61501498294437,7.16469389675818,
PP,Producer Prices,36,Australia,5532,Producer Price (USD/tonne),0113,Rice,2020,2020,7021,Annual value,USD,529.4,A,Official figure,AUS,False,False,98.05250486501859,95.316293513863,101.8142204334863,103.1167289201083,99.44353567977252,79.52871763805308,7.59766516403535,
PP,Producer Prices,36,Australia,5532,Producer Price (USD/tonne),0113,Rice,2021,2021,7021,Annual value,USD,309.7,A,Official figure,AUS,False,False,125.73406972850047,107.53442746784815,119.59735631930364,131.1533847436843,164.85113256482796,109.33464293018675,6.44421129042264,
PP,Producer Prices,36,Australia,5532,Producer Price (USD/tonne),0113,Rice,2022,2022,7021,Annual value,USD,275.9,A,Official figure,AUS,False,False,144.50986636550888,118.33551230992974,149.51050848913766,154.66510013039058,187.77977941529275,114.45579634923097,6.14945900451023,
PP,Producer Prices,36,Australia,5532,Producer Price (USD/tonne),0113,Rice,2024,2024,7021,Annual value,USD,257.8,A,Official figure,AUS,False,False,121.9819961575273,117.25906623977029,129.71297215949022,113.47684568733492,138.06843188494958,125.71292330063521,6.44767390132498,
PP,Producer Prices,36,Australia,5532,Producer Price (USD/tonne),01446,Safflower seed,1991,1991,7021,Annual value,USD,223.6,A,Official figure,AUS,False,False,62.34528439011702,81.47466716487295,45.46032558544059,57.863819886673106,49.00795416086814,55.480617553691815,5.21988857452739,
PP,Producer Prices,36,Australia,5532,Producer Price (USD/tonne),01446,Safflower seed,1992,1992,7021,Annual value,USD,228.4,A,Official figure,AUS,False,False,64.22555868464649,78.38728862271715,54.8015933451503,60.9576514895015,52.991996389394096,56.04274688194544,5.04326421093316,
PP,Producer Prices,36,Australia,5532,Producer Price (USD/tonne),01446,Safflower seed,1993,1993,7021,Annual value,USD,260.4,A,Official figure,AUS,False,False,62.259404847966515,75.01403295972897,48.61651615517863,59.01858803408094,53.966480634247155,62.03019780031652,4.98707923344647,
PP,Producer Prices,36,Australia,5532,Producer Price (USD/tonne),01446,Safflower seed,1994,1994,7021,Annual value,USD,278.6,A,Official figure,AUS,False,False,67.26054679350919,76.29710199787732,47.42020205529957,61.936823654585105,71.86775375736012,74.94370090074824,4.99933415639271,
PP,Producer Prices,36,Australia,5532,Producer Price (USD/tonne),01446,Safflower seed,1995,1995,7021,Annual value,USD,275.0,A,Official figure,AUS,False,False,76.8287850116353,85.24932673337705,62.72510536671231,70.8474665240566,79.95838810789446,82.19981067004032,4.95654793299687,
PP,Producer Prices,36,Australia,5532,Producer Price (USD/tonne),01446,Safflower seed,1996,1996,7021,Annual value,USD,300.5,A,Official figure,AUS,False,False,77.82086308655745,84.34557234442748,61.619550783954395,83.65592765127325,69.93519294281285,73.98962818765723,4.85290173072787,
PP,Producer Prices,36,Australia,5532,Producer Price (USD/tonne),01446,Safflower seed,1997,1997,7021,Annual value,USD,271.6,A,Official figure,AUS,False,False,70.75682380399682,79.31706264103354,59.44728416757198,66.51116723257967,70.68473461622513,70.38581190707349,4.91017735786183,
PP,Producer Prices,36,Australia,5532,Producer Price (USD/tonne),01446,Safflower seed,1998,1998,7021,Annual value,USD,260.7,A,Official figure,AUS,False,False,64.8237651326436,66.27116245186038,55.776184862258724,58.90385220966683,83.88543382429606,55.22279355165295,4.73775638168852,
PP,Producer Prices,36,Australia,5532,Producer Price (USD/tonne),01446,Safflower seed,1999,1999,7021,Annual value,USD,266.5,A,Official figure,AUS,False,False,55.38494745729497,62.42928865091984,48.31192059218944,53.12085523046289,58.22698225943004,38.798878860400684,4.80438445813991,
PP,Producer Prices,36,Australia,5532,Producer Price (USD/tonne),01446,Safflower seed,2000,2000,7021,Annual value,USD,200.6,A,Official figure,AUS,False,False,53.658254311091945,61.295380665724906,54.46468606873116,51.41600714746175,42.89305770905415,50.612781624475126,4.5542072874505,
PP,Producer Prices,36,Australia,5532,Producer Price (USD/tonne),01446,Safflower seed,2001,2001,7021,Annual value,USD,194.5,A,Official figure,AUS,False,False,55.353759430433776,62.905581984538294,60.88469474046613,51.84540600513508,42.481465934354574,53.47099426092313,4.94222006021166,
PP,Producer Prices,36,Australia,5532,Producer Price (USD/tonne),01446,Safflower seed,2002,2002,7021,Annual value,USD,253.2,A,Official figure,AUS,False,False,53.432698046969534,56.102316657369585,46.09884987045724,55.57542707086668,55.144333609249486,42.632850317668414,4.86917660836693,
PP,Producer Prices,36,Australia,5532,Producer Price (USD/tonne),01446,Safflower seed,2003,2003,7021,Annual value,USD,394.3,A,Official figure,AUS,False,False,58.11559303636253,59.31684044946804,54.48407776395476,59.38331088130321,62.630981044686195,43.854657616127014,5.13440054748237,
PP,Producer Prices,36,Australia,5532,Producer Price (USD/tonne),01446,Safflower seed,2004,2004,7021,Annual value,USD,411.8,A,Official figure,AUS,False,False,65.89944729053757,68.6029390549955,69.84888089256499,64.00158065193195,69.61163025660183,44.346000561265534,4.80423147775813,
PP,Producer Prices,36,Australia,5532,Producer Price (USD/tonne),01446,Safflower seed,2005,2005,7021,Annual value,USD,377.3,A,Official figure,AUS,False,False,67.6467997866706,72.57908938487195,77.21006263097178,60.766594200041034,64.39872945308146,61.19575106393876,4.74464612990827,
PP,Producer Prices,36,Australia,5532,Producer Price (USD/tonne),01446,Safflower seed,2006,2006,7021,Annual value,USD,289.2,A,Official figure,AUS,False,False,72.85198153556445,71.39005672414655,73.05336517091054,71.22837696143655,70.5451171722111,91.39314395266837,4.77072459573134,
PP,Producer Prices,36,Australia,5532,Producer Price (USD/tonne),01446,Safflower seed,2007,2007,7021,Annual value,USD,344.7,A,Official figure,AUS,False,False,94.55025065074518,77.75672729408136,122.39946263841763,100.90811631831873,107.3148060387481,62.36914297123817,5.03584938131912,
PP,Producer Prices,36,Australia,5532,Producer Price (USD/tonne),01446,Safflower seed,2009,2009,7021,Annual value,USD,585.7,A,Official figure,AUS,False,False,91.78785298482406,81.60267222893671,91.405730315563,97.1899325654129,94.42735946277953,112.2254832184969,5.59123716369561,
PP,Producer Prices,36,Australia,5532,Producer Price (USD/tonne),01446,Safflower seed,2011,2011,7021,Annual value,USD,860.3,A,Official figure,AUS,False,True,131.77593256915614,105.02246669637043,129.89070190611824,142.15740841093506,156.4798891014947,160.90057382271044,5.14219569199562,
PP,Producer Prices,36,Australia,5532,Producer Price (USD/tonne),01921.01,"Seed cotton, unginned",1991,1991,7021,Annual value,USD,734.6,A,Official figure,AUS,False,False,62.34528439011702,81.47466716487295,45.46032558544059,57.863819886673106,49.00795416086814,55.480617553691815,5.21988857452739,
PP,Producer Prices,36,Australia,5532,Producer Price (USD/tonne),01921.01,"Seed cotton, unginned",1992,1992,7021,Annual value,USD,505.3,A,Official figure,AUS,False,False,64.22555868464649,78.38728862271715,54.8015933451503,60.9576514895015,52.991996389394096,56.04274688194544,5.04326421093316,
PP,Producer Prices,36,Australia,5532,Producer Price (USD/tonne),01921.01,"Seed cotton, unginned",1993,1993,7021,Annual value,USD,1353.9,A,Official figure,AUS,False,False,62.259404847966515,75.01403295972897,48.61651615517863,59.01858803408094,53.966480634247155,62.03019780031652,4.98707923344647,
PP,Producer Prices,36,Australia,5532,Producer Price (USD/tonne),01921.01,"Seed cotton, unginned",1994,1994,7021,Annual value,USD,1520.0,A,Official figure,AUS,False,False,67.26054679350919,76.29710199787732,47.42020205529957,61.936823654585105,71.86775375736012,74.94370090074824,4.99933415639271,
PP,Producer Prices,36,Australia,5532,Producer Price (USD/tonne),01921.01,"Seed cotton, unginned",1995,1995,7021,Annual value,USD,1710.1,A,Official figure,AUS,False,False,76.8287850116353,85.24932673337705,62.72510536671231,70.8474665240566,79.95838810789446,82.19981067004032,4.95654793299687,
PP,Producer Prices,36,Australia,5532,Producer Price (USD/tonne),01921.01,"Seed cotton, unginned",1996,1996,7021,Annual value,USD,1972.0,A,Official figure,AUS,False,False,77.82086308655745,84.34557234442748,61.619550783954395,83.65592765127325,69.93519294281285,73.98962818765723,4.85290173072787,
PP,Producer Prices,36,Australia,5532,Producer Price (USD/tonne),01921.01,"Seed cotton, unginned",1997,1997,7021,Annual value,USD,1531.1,A,Official figure,AUS,False,False,70.75682380399682,79.31706264103354,59.44728416757198,66.51116723257967,70.68473461622513,70.38581190707349,4.91017735786183,
PP,Producer Prices,36,Australia,5532,Producer Price (USD/tonne),01921.01,"Seed cotton, unginned",1998,1998,7021,Annual value,USD,1369.5,A,Official figure,AUS,False,False,64.8237651326436,66.27116245186038,55.776184862258724,58.90385220966683,83.88543382429606,55.22279355165295,4.73775638168852,
PP,Producer Prices,36,Australia,5532,Producer Price (USD/tonne),01921.01,"Seed cotton, unginned",1999,1999,7021,Annual value,USD,1374.2,A,Official figure,AUS,False,False,55.38494745729497,62.42928865091984,48.31192059218944,53.12085523046289,58.22698225943004,38.798878860400684,4.80438445813991,
PP,Producer Prices,36,Australia,5532,Producer Price (USD/tonne),01921.01,"Seed cotton, unginned",2000,2000,7021,Annual value,USD,1176.9,A,Official figure,AUS,False,False,53.658254311091945,61.295380665724906,54.46468606873116,51.41600714746175,42.89305770905415,50.612781624475126,4.5542072874505,
PP,Producer Prices,36,Australia,5532,Producer Price (USD/tonne),01921.01,"Seed cotton, unginned",2001,2001,7021,Annual value,USD,1013.7,A,Official figure,AUS,False,False,55.353759430433776,62.905581984538294,60.88469474046613,51.84540600513508,42.481465934354574,53.47099426092313,4.94222006021166,
PP,Producer Prices,36,Australia,5532,Producer Price (USD/tonne),01921.01,"Seed cotton, unginned",2002,2002,7021,Annual value,USD,1070.3,A,Official figure,AUS,False,False,53.432698046969534,56.102316657369585,46.09884987045724,55.57542707086668,55.144333609249486,42.632850317668414,4.86917660836693,
PP,Producer Prices,36,Australia,5532,Producer Price (USD/tonne),01921.01,"Seed cotton, unginned",2003,2003,7021,Annual value,USD,1517.6,A,Official figure,AUS,False,False,58.11559303636253,59.31684044946804,54.48407776395476,59.38331088130321,62.630981044686195,43.854657616127014,5.13440054748237,
PP,Producer Prices,36,Australia,5532,Producer Price (USD/tonne),01921.01,"Seed cotton, unginned",2004,2004,7021,Annual value,USD,1743.0,A,Official figure,AUS,False,False,65.89944729053757,68.6029390549955,69.84888089256499,64.00158065193195,69.61163025660183,44.346000561265534,4.80423147775813,
PP,Producer Prices,36,Australia,5532,Producer Price (USD/tonne),01921.01,"Seed cotton, unginned",2005,2005,7021,Annual value,USD,1283.0,A,Official figure,AUS,False,False,67.6467997866706,72.57908938487195,77.21006263097178,60.766594200041034,64.39872945308146,61.19575106393876,4.74464612990827,
PP,Producer Prices,36,Australia,5532,Producer Price (USD/tonne),01921.01,"Seed cotton, unginned",2006,2006,7021,Annual value,USD,1257.6,A,Official figure,AUS,False,False,72.85198153556445,71.39005672414655,73.05336517091054,71.22837696143655,70.5451171722111,91.39314395266837,4.77072459573134,
PP,Producer Prices,36,Australia,5532,Producer Price (USD/tonne),01921.01,"Seed cotton, unginned",2007,2007,7021,Annual value,USD,1506.2,A,Official figure,AUS,False,False,94.55025065074518,77.75672729408136,122.39946263841763,100.90811631831873,107.3148060387481,62.36914297123817,5.03584938131912,
PP,Producer Prices,36,Australia,5532,Producer Price (USD/tonne),01921.01,"Seed cotton, unginned",2008,2008,7021,Annual value,USD,1602.1,A,Official figure,AUS,False,False,117.73787331863998,90.84433092873273,132.33661799232738,137.64181782223199,141.07285693456427,79.19536905542518,4.80642380862477,
PP,Producer Prices,36,Australia,5532,Producer Price (USD/tonne),01921.01,"Seed cotton, unginned",2009,2009,7021,Annual value,USD,1645.6,A,Official figure,AUS,False,False,91.78785298482406,81.60267222893671,91.405730315563,97.1899325654129,94.42735946277953,112.2254832184969,5.59123716369561,
PP,Producer Prices,36,Australia,5532,Producer Price (USD/tonne),01921.01,"Seed cotton, unginned",2010,2010,7021,Annual value,USD,1963.0,A,Official figure,AUS,False,False,106.87404108388505,91.39347096403203,111.89896716658724,107.49931237044449,121.95018353123997,131.72406046543753,5.30683575119913,
PP,Producer Prices,36,Australia,5532,Producer Price (USD/tonne),01921.01,"Seed cotton, unginned",2011,2011,7021,Annual value,USD,2320.9,A,Official figure,AUS,False,False,131.77593256915614,105.02246669637043,129.89070190611824,142.15740841093506,156.4798891014947,160.90057382271044,5.14219569199562,
PP,Producer Prices,36,Australia,5532,Producer Price (USD/tonne),01921.01,"Seed cotton, unginned",2012,2012,7021,Annual value,USD,2495.3,A,Official figure,AUS,False,False,122.75022327595461,104.69498650707051,111.65677557794167,137.3983528628098,138.30661545629084,133.31863424562349,5.05458500868273,
PP,Producer Prices,36,Australia,5532,Producer Price (USD/tonne),01921.01,"Seed cotton, unginned",2013,2013,7021,Annual value,USD,2062.1,A,Official figure,AUS,False,False,120.14390446093925,106.21599274087434,140.90691300197804,129.1108717873773,119.49987300357218,109.45334619156017,5.68920960549791,
PP,Producer Prices,36,Australia,5532,Producer Price (USD/tonne),01921.01,"Seed cotton, unginned",2014,2014,7021,Annual value,USD,2039.0,A,Official figure,AUS,False,False,114.98315043593857,112.11017428857667,130.20652445334494,115.8182908031581,110.6162614969274,105.19538929713728,6.19615490124291,
PP,Producer Prices,36,Australia,5532,Producer Price (USD/tonne),01921.01,"Seed cotton, unginned",2015,2015,7021,Annual value,USD,1707.6,A,Official figure,AUS,False,False,93.0638125181246,96.78279749075053,87.1451487854646,95.87342014077292,89.94109402113435,83.1811851391223,6.56255914980785,
PP,Producer Prices,36,Australia,5532,Producer Price (USD/tonne),01921.01,"Seed cotton, unginned",2016,2016,7021,Annual value,USD,1807.9,A,Official figure,AUS,False,False,91.95303704593685,91.10702822067289,82.64832676119045,88.30828905606897,99.44264448193826,111.62342556374044,7.10054987790893,
PP,Producer Prices,36,Australia,5532,Producer Price (USD/tonne),02941,"Shorn wool, greasy, including fleece-washed shorn wool",1991,1991,7021,Annual value,USD,3185.2,A,Official figure,AUS,False,False,62.34528439011702,81.47466716487295,45.46032558544059,57.863819886673106,49.00795416086814,55.480617553691815,5.21988857452739,
PP,Producer Prices,36,Australia,5532,Producer Price (USD/tonne),02941,"Shorn wool, greasy, including fleece-washed shorn wool",1992,1992,7021,Annual value,USD,2474.9,A,Official figure,AUS,False,False,64.22555868464649,78.38728862271715,54.8015933451503,60.9576514895015,52.991996389394096,56.04274688194544,5.04326421093316,
PP,Producer Prices,36,Australia,5532,Producer Price (USD/tonne),02941,"Shorn wool, greasy, including fleece-washed shorn wool",1993,1993,7021,Annual value,USD,2029.8,A,Official figure,AUS,False,False,62.259404847966515,75.01403295972897,48.61651615517863,59.01858803408094,53.966480634247155,62.03019780031652,4.98707923344647,
PP,Producer Prices,36,Australia,5532,Producer Price (USD/tonne),02941,"Shorn wool, greasy, including fleece-washed shorn wool",1994,1994,7021,Annual value,USD,2155.4,A,Official figure,AUS,False,False,67.26054679350919,76.29710199787732,47.42020205529957,61.936823654585105,71.86775375736012,74.94370090074824,4.99933415639271,
PP,Producer Prices,36,Australia,5532,Producer Price (USD/tonne),02941,"Shorn wool, greasy, including fleece-washed shorn wool",1995,1995,7021,Annual value,USD,3356.5,A,Official figure,AUS,False,False,76.8287850116353,85.24932673337705,62.72510536671231,70.8474665240566,79.95838810789446,82.19981067004032,4.95654793299687,
PP,Producer Prices,36,Australia,5532,Producer Price (USD/tonne),02941,"Shorn wool, greasy, including fleece-washed shorn wool",1996,1996,7021,Annual value,USD,2904.1,A,Official figure,AUS,False,False,77.82086308655745,84.34557234442748,61.619550783954395,83.65592765127325,69.93519294281285,73.98962818765723,4.85290173072787,
PP,Producer Prices,36,Australia,5532,Producer Price (USD/tonne),02941,"Shorn wool, greasy, including fleece-washed shorn wool",1997,1997,7021,Annual value,USD,2660.0,A,Official figure,AUS,False,False,70.75682380399682,79.31706264103354,59.44728416757198,66.51116723257967,70.68473461622513,70.38581190707349,4.91017735786183,
PP,Producer Prices,36,Australia,5532,Producer Price (USD/tonne),02941,"Shorn wool, greasy, including fleece-washed shorn wool",1998,1998,7021,Annual value,USD,2509.1,A,Official figure,AUS,False,False,64.8237651326436,66.27116245186038,55.776184862258724,58.90385220966683,83.88543382429606,55.22279355165295,4.73775638168852,
PP,Producer Prices,36,Australia,5532,Producer Price (USD/tonne),02941,"Shorn wool, greasy, including fleece-washed shorn wool",1999,1999,7021,Annual value,USD,2005.9,A,Official figure,AUS,False,False,55.38494745729497,62.42928865091984,48.31192059218944,53.12085523046289,58.22698225943004,38.798878860400684,4.80438445813991,
PP,Producer Prices,36,Australia,5532,Producer Price (USD/tonne),02941,"Shorn wool, greasy, including fleece-washed shorn wool",2000,2000,7021,Annual value,USD,1793.8,A,Official figure,AUS,False,False,53.658254311091945,61.295380665724906,54.46468606873116,51.41600714746175,42.89305770905415,50.612781624475126,4.5542072874505,
PP,Producer Prices,36,Australia,5532,Producer Price (USD/tonne),02941,"Shorn wool, greasy, including fleece-washed shorn wool",2001,2001,7021,Annual value,USD,2037.3,A,Official figure,AUS,False,False,55.353759430433776,62.905581984538294,60.88469474046613,51.84540600513508,42.481465934354574,53.47099426092313,4.94222006021166,
PP,Producer Prices,36,Australia,5532,Producer Price (USD/tonne),02941,"Shorn wool, greasy, including fleece-washed shorn wool",2002,2002,7021,Annual value,USD,2510.1,A,Official figure,AUS,False,False,53.432698046969534,56.102316657369585,46.09884987045724,55.57542707086668,55.144333609249486,42.632850317668414,4.86917660836693,
PP,Producer Prices,36,Australia,5532,Producer Price (USD/tonne),02941,"Shorn wool, greasy, including fleece-washed shorn wool",2003,2003,7021,Annual value,USD,3904.2,A,Official figure,AUS,False,False,58.11559303636253,59.31684044946804,54.48407776395476,59.38331088130321,62.630981044686195,43.854657616127014,5.13440054748237,
PP,Producer Prices,36,Australia,5532,Producer Price (USD/tonne),02941,"Shorn wool, greasy, including fleece-washed shorn wool",2004,2004,7021,Annual value,USD,3611.0,A,Official figure,AUS,False,False,65.89944729053757,68.6029390549955,69.84888089256499,64.00158065193195,69.61163025660183,44.346000561265534,4.80423147775813,
PP,Producer Prices,36,Australia,5532,Producer Price (USD/tonne),02941,"Shorn wool, greasy, including fleece-washed shorn wool",2005,2005,7021,Annual value,USD,3367.8,A,Official figure,AUS,False,False,67.6467997866706,72.57908938487195,77.21006263097178,60.766594200041034,64.39872945308146,61.19575106393876,4.74464612990827,
PP,Producer Prices,36,Australia,5532,Producer Price (USD/tonne),02941,"Shorn wool, greasy, including fleece-washed shorn wool",2006,2006,7021,Annual value,USD,2974.5,A,Official figure,AUS,False,False,72.85198153556445,71.39005672414655,73.05336517091054,71.22837696143655,70.5451171722111,91.39314395266837,4.77072459573134,
PP,Producer Prices,36,Australia,5532,Producer Price (USD/tonne),02941,"Shorn wool, greasy, including fleece-washed shorn wool",2007,2007,7021,Annual value,USD,3800.6,A,Official figure,AUS,False,False,94.55025065074518,77.75672729408136,122.39946263841763,100.90811631831873,107.3148060387481,62.36914297123817,5.03584938131912,
PP,Producer Prices,36,Australia,5532,Producer Price (USD/tonne),02941,"Shorn wool, greasy, including fleece-washed shorn wool",2008,2008,7021,Annual value,USD,4221.7,A,Official figure,AUS,False,False,117.73787331863998,90.84433092873273,132.33661799232738,137.64181782223199,141.07285693456427,79.19536905542518,4.80642380862477,
PP,Producer Prices,36,Australia,5532,Producer Price (USD/tonne),02941,"Shorn wool, greasy, including fleece-washed shorn wool",2009,2009,7021,Annual value,USD,3350.5,A,Official figure,AUS,False,False,91.78785298482406,81.60267222893671,91.405730315563,97.1899325654129,94.42735946277953,112.2254832184969,5.59123716369561,
PP,Producer Prices,36,Australia,5532,Producer Price (USD/tonne),02941,"Shorn wool, greasy, including fleece-washed shorn wool",2010,2010,7021,Annual value,USD,4184.7,A,Official figure,AUS,False,False,106.87404108388505,91.39347096403203,111.89896716658724,107.49931237044449,121.95018353123997,131.72406046543753,5.30683575119913,
PP,Producer Prices,36,Australia,5532,Producer Price (USD/tonne),02941,"Shorn wool, greasy, including fleece-washed shorn wool",2011,2011,7021,Annual value,USD,5993.0,A,Official figure,AUS,False,False,131.77593256915614,105.02246669637043,129.89070190611824,142.15740841093506,156.4798891014947,160.90057382271044,5.14219569199562,
PP,Producer Prices,36,Australia,5532,Producer Price (USD/tonne),02941,"Shorn wool, greasy, including fleece-washed shorn wool",2012,2012,7021,Annual value,USD,6891.7,A,Official figure,AUS,False,False,122.75022327595461,104.69498650707051,111.65677557794167,137.3983528628098,138.30661545629084,133.31863424562349,5.05458500868273,
PP,Producer Prices,36,Australia,5532,Producer Price (USD/tonne),02941,"Shorn wool, greasy, including fleece-washed shorn wool",2013,2013,7021,Annual value,USD,5482.5,A,Official figure,AUS,False,False,120.14390446093925,106.21599274087434,140.90691300197804,129.1108717873773,119.49987300357218,109.45334619156017,5.68920960549791,
PP,Producer Prices,36,Australia,5532,Producer Price (USD/tonne),02941,"Shorn wool, greasy, including fleece-washed shorn wool",2014,2014,7021,Annual value,USD,5451.8,A,Official figure,AUS,False,False,114.98315043593857,112.11017428857667,130.20652445334494,115.8182908031581,110.6162614969274,105.19538929713728,6.19615490124291,
PP,Producer Prices,36,Australia,5532,Producer Price (USD/tonne),02941,"Shorn wool, greasy, including fleece-washed shorn wool",2015,2015,7021,Annual value,USD,4603.0,A,Official figure,AUS,False,False,93.0638125181246,96.78279749075053,87.1451487854646,95.87342014077292,89.94109402113435,83.1811851391223,6.56255914980785,
PP,Producer Prices,36,Australia,5532,Producer Price (USD/tonne),0114,Sorghum,1991,1991,7021,Annual value,USD,102.0,A,Official figure,AUS,False,False,62.34528439011702,81.47466716487295,45.46032558544059,57.863819886673106,49.00795416086814,55.480617553691815,5.21988857452739,
PP,Producer Prices,36,Australia,5532,Producer Price (USD/tonne),0114,Sorghum,1992,1992,7021,Annual value,USD,102.1,A,Official figure,AUS,False,False,64.22555868464649,78.38728862271715,54.8015933451503,60.9576514895015,52.991996389394096,56.04274688194544,5.04326421093316,
PP,Producer Prices,36,Australia,5532,Producer Price (USD/tonne),0114,Sorghum,1993,1993,7021,Annual value,USD,106.1,A,Official figure,AUS,False,False,62.259404847966515,75.01403295972897,48.61651615517863,59.01858803408094,53.966480634247155,62.03019780031652,4.98707923344647,
PP,Producer Prices,36,Australia,5532,Producer Price (USD/tonne),0114,Sorghum,1994,1994,7021,Annual value,USD,116.2,A,Official figure,AUS,False,False,67.26054679350919,76.29710199787732,47.42020205529957,61.936823654585105,71.86775375736012,74.94370090074824,4.99933415639271,
PP,Producer Prices,36,Australia,5532,Producer Price (USD/tonne),0114,Sorghum,1995,1995,7021,Annual value,USD,140.8,A,Official figure,AUS,False,False,76.8287850116353,85.24932673337705,62.72510536671231,70.8474665240566,79.95838810789446,82.19981067004032,4.95654793299687,
PP,Producer Prices,36,Australia,5532,Producer Price (USD/tonne),0114,Sorghum,1996,1996,7021,Annual value,USD,157.3,A,Official figure,AUS,False,False,77.82086308655745,84.34557234442748,61.619550783954395,83.65592765127325,69.93519294281285,73.98962818765723,4.85290173072787,
PP,Producer Prices,36,Australia,5532,Producer Price (USD/tonne),0114,Sorghum,1997,1997,7021,Annual value,USD,133.6,A,Official figure,AUS,False,False,70.75682380399682,79.31706264103354,59.44728416757198,66.51116723257967,70.68473461622513,70.38581190707349,4.91017735786183,
PP,Producer Prices,36,Australia,5532,Producer Price (USD/tonne),0114,Sorghum,1998,1998,7021,Annual value,USD,106.2,A,Official figure,AUS,False,False,64.8237651326436,66.27116245186038,55.776184862258724,58.90385220966683,83.88543382429606,55.22279355165295,4.73775638168852,
PP,Producer Prices,36,Australia,5532,Producer Price (USD/tonne),0114,Sorghum,1999,1999,7021,Annual value,USD,96.1,A,Official figure,AUS,False,False,55.38494745729497,62.42928865091984,48.31192059218944,53.12085523046289,58.22698225943004,38.798878860400684,4.80438445813991,
PP,Producer Prices,36,Australia,5532,Producer Price (USD/tonne),0114,Sorghum,2000,2000,7021,Annual value,USD,71.3,A,Official figure,AUS,False,False,53.658254311091945,61.295380665724906,54.46468606873116,51.41600714746175,42.89305770905415,50.612781624475126,4.5542072874505,
PP,Producer Prices,36,Australia,5532,Producer Price (USD/tonne),0114,Sorghum,2001,2001,7021,Annual value,USD,74.5,A,Official figure,AUS,False,False,55.353759430433776,62.905581984538294,60.88469474046613,51.84540600513508,42.481465934354574,53.47099426092313,4.94222006021166,
PP,Producer Prices,36,Australia,5532,Producer Price (USD/tonne),0114,Sorghum,2002,2002,7021,Annual value,USD,94.0,A,Official figure,AUS,False,False,53.432698046969534,56.102316657369585,46.09884987045724,55.57542707086668,55.144333609249486,42.632850317668414,4.86917660836693,
PP,Producer Prices,36,Australia,5532,Producer Price (USD/tonne),0114,Sorghum,2003,2003,7021,Annual value,USD,133.0,A,Official figure,AUS,False,False,58.11559303636253,59.31684044946804,54.48407776395476,59.38331088130321,62.630981044686195,43.854657616127014,5.13440054748237,
PP,Producer Prices,36,Australia,5532,Producer Price (USD/tonne),0114,Sorghum,2004,2004,7021,Annual value,USD,116.9,A,Official figure,AUS,False,False,65.89944729053757,68.6029390549955,69.84888089256499,64.00158065193195,69.61163025660183,44.346000561265534,4.80423147775813,
PP,Producer Prices,36,Australia,5532,Producer Price (USD/tonne),0114,Sorghum,2005,2005,7021,Annual value,USD,102.3,A,Official figure,AUS,False,False,67.6467997866706,72.57908938487195,77.21006263097178,60.766594200041034,64.39872945308146,61.19575106393876,4.74464612990827,
PP,Producer Prices,36,Australia,5532,Producer Price (USD/tonne),0114,Sorghum,2006,2006,7021,Annual value,USD,107.7,A,Official figure,AUS,False,False,72.85198153556445,71.39005672414655,73.05336517091054,71.22837696143655,70.5451171722111,91.39314395266837,4.77072459573134,
PP,Producer Prices,36,Australia,5532,Producer Price (USD/tonne),0114,Sorghum,2007,2007,7021,Annual value,USD,178.2,A,Official figure,AUS,False,False,94.55025065074518,77.75672729408136,122.39946263841763,100.90811631831873,107.3148060387481,62.36914297123817,5.03584938131912,
PP,Producer Prices,36,Australia,5532,Producer Price (USD/tonne),0114,Sorghum,2008,2008,7021,Annual value,USD,216.4,A,Official figure,AUS,False,False,117.73787331863998,90.84433092873273,132.33661799232738,137.64181782223199,141.07285693456427,79.19536905542518,4.80642380862477,
PP,Producer Prices,36,Australia,5532,Producer Price (USD/tonne),0114,Sorghum,2009,2009,7021,Annual value,USD,159.9,A,Official figure,AUS,False,False,91.78785298482406,81.60267222893671,91.405730315563,97.1899325654129,94.42735946277953,112.2254832184969,5.59123716369561,
PP,Producer Prices,36,Australia,5532,Producer Price (USD/tonne),0114,Sorghum,2010,2010,7021,Annual value,USD,179.8,A,Official figure,AUS,False,False,106.87404108388505,91.39347096403203,111.89896716658724,107.49931237044449,121.95018353123997,131.72406046543753,5.30683575119913,
PP,Producer Prices,36,Australia,5532,Producer Price (USD/tonne),0114,Sorghum,2011,2011,7021,Annual value,USD,219.7,A,Official figure,AUS,False,False,131.77593256915614,105.02246669637043,129.89070190611824,142.15740841093506,156.4798891014947,160.90057382271044,5.14219569199562,
PP,Producer Prices,36,Australia,5532,Producer Price (USD/tonne),0114,Sorghum,2012,2012,7021,Annual value,USD,195.7,A,Official figure,AUS,False,False,122.75022327595461,104.69498650707051,111.65677557794167,137.3983528628098,138.30661545629084,133.31863424562349,5.05458500868273,
PP,Producer Prices,36,Australia,5532,Producer Price (USD/tonne),0114,Sorghum,2013,2013,7021,Annual value,USD,243.3,A,Official figure,AUS,False,False,120.14390446093925,106.21599274087434,140.90691300197804,129.1108717873773,119.49987300357218,109.45334619156017,5.68920960549791,
PP,Producer Prices,36,Australia,5532,Producer Price (USD/tonne),0114,Sorghum,2014,2014,7021,Annual value,USD,270.4,A,Official figure,AUS,False,False,114.98315043593857,112.11017428857667,130.20652445334494,115.8182908031581,110.6162614969274,105.19538929713728,6.19615490124291,
PP,Producer Prices,36,Australia,5532,Producer Price (USD/tonne),0114,Sorghum,2015,2015,7021,Annual value,USD,226.1,A,Official figure,AUS,False,False,93.0638125181246,96.78279749075053,87.1451487854646,95.87342014077292,89.94109402113435,83.1811851391223,6.56255914980785,
PP,Producer Prices,36,Australia,5532,Producer Price (USD/tonne),0114,Sorghum,2016,2016,7021,Annual value,USD,204.4,A,Official figure,AUS,False,False,91.95303704593685,91.10702822067289,82.64832676119045,88.30828905606897,99.44264448193826,111.62342556374044,7.10054987790893,
PP,Producer Prices,36,Australia,5532,Producer Price (USD/tonne),0114,Sorghum,2017,2017,7021,Annual value,USD,182.4,A,Official figure,AUS,False,False,97.9325465965461,97.47103081764828,108.01127219003995,90.98426329355082,101.90947584276995,99.11220417429126,6.48222765314289,
PP,Producer Prices,36,Australia,5532,Producer Price (USD/tonne),0114,Sorghum,2018,2018,7021,Annual value,USD,232.4,A,Official figure,AUS,False,False,95.75177402259017,94.39851038295467,107.2716875332135,100.82233026984352,87.76107702264312,77.40205315573543,6.52594691958162,
PP,Producer Prices,36,Australia,5532,Producer Price (USD/tonne),0114,Sorghum,2019,2019,7021,Annual value,USD,240.5,A,Official figure,AUS,False,False,94.93129436453303,99.4754122501492,102.81578202753263,96.60386371200734,83.23927616454294,78.61501498294437,7.16469389675818,
PP,Producer Prices,36,Australia,5532,Producer Price (USD/tonne),0114,Sorghum,2020,2020,7021,Annual value,USD,265.0,A,Official figure,AUS,False,False,98.05250486501859,95.316293513863,101.8142204334863,103.1167289201083,99.44353567977252,79.52871763805308,7.59766516403535,
PP,Producer Prices,36,Australia,5532,Producer Price (USD/tonne),0114,Sorghum,2021,2021,7021,Annual value,USD,247.4,A,Official figure,AUS,False,False,125.73406972850047,107.53442746784815,119.59735631930364,131.1533847436843,164.85113256482796,109.33464293018675,6.44421129042264,
PP,Producer Prices,36,Australia,5532,Producer Price (USD/tonne),0114,Sorghum,2022,2022,7021,Annual value,USD,265.9,A,Official figure,AUS,False,False,144.50986636550888,118.33551230992974,149.51050848913766,154.66510013039058,187.77977941529275,114.45579634923097,6.14945900451023,
PP,Producer Prices,36,Australia,5532,Producer Price (USD/tonne),0114,Sorghum,2023,2023,7021,Annual value,USD,244.1,A,Official figure,AUS,False,False,124.51966645168862,114.10852024490974,123.72456940111083,130.87805882527132,126.29144514063518,144.9803113652603,6.12272392365969,
PP,Producer Prices,36,Australia,5532,Producer Price (USD/tonne),0114,Sorghum,2024,2024,7021,Annual value,USD,206.7,A,Official figure,AUS,False,False,121.9819961575273,117.25906623977029,129.71297215949022,113.47684568733492,138.06843188494958,125.71292330063521,6.44767390132498,
PP,Producer Prices,36,Australia,5532,Producer Price (USD/tonne),0141,Soya beans,1991,1991,7021,Annual value,USD,275.8,A,Official figure,AUS,False,False,62.34528439011702,81.47466716487295,45.46032558544059,57.863819886673106,49.00795416086814,55.480617553691815,5.21988857452739,
PP,Producer Prices,36,Australia,5532,Producer Price (USD/tonne),0141,Soya beans,1992,1992,7021,Annual value,USD,258.5,A,Official figure,AUS,False,False,64.22555868464649,78.38728862271715,54.8015933451503,60.9576514895015,52.991996389394096,56.04274688194544,5.04326421093316,
PP,Producer Prices,36,Australia,5532,Producer Price (USD/tonne),0141,Soya beans,1993,1993,7021,Annual value,USD,252.3,A,Official figure,AUS,False,False,62.259404847966515,75.01403295972897,48.61651615517863,59.01858803408094,53.966480634247155,62.03019780031652,4.98707923344647,
PP,Producer Prices,36,Australia,5532,Producer Price (USD/tonne),0141,Soya beans,1994,1994,7021,Annual value,USD,322.4,A,Official figure,AUS,False,False,67.26054679350919,76.29710199787732,47.42020205529957,61.936823654585105,71.86775375736012,74.94370090074824,4.99933415639271,
PP,Producer Prices,36,Australia,5532,Producer Price (USD/tonne),0141,Soya beans,1995,1995,7021,Annual value,USD,295.0,A,Official figure,AUS,False,False,76.8287850116353,85.24932673337705,62.72510536671231,70.8474665240566,79.95838810789446,82.19981067004032,4.95654793299687,
PP,Producer Prices,36,Australia,5532,Producer Price (USD/tonne),0141,Soya beans,1996,1996,7021,Annual value,USD,313.0,A,Official figure,AUS,False,False,77.82086308655745,84.34557234442748,61.619550783954395,83.65592765127325,69.93519294281285,73.98962818765723,4.85290173072787,
PP,Producer Prices,36,Australia,5532,Producer Price (USD/tonne),0141,Soya beans,1997,1997,7021,Annual value,USD,312.5,A,Official figure,AUS,False,False,70.75682380399682,79.31706264103354,59.44728416757198,66.51116723257967,70.68473461622513,70.38581190707349,4.91017735786183,
PP,Producer Prices,36,Australia,5532,Producer Price (USD/tonne),0141,Soya beans,1998,1998,7021,Annual value,USD,260.7,A,Official figure,AUS,False,False,64.8237651326436,66.27116245186038,55.776184862258724,58.90385220966683,83.88543382429606,55.22279355165295,4.73775638168852,
PP,Producer Prices,36,Australia,5532,Producer Price (USD/tonne),0141,Soya beans,1999,1999,7021,Annual value,USD,263.2,A,Official figure,AUS,False,False,55.38494745729497,62.42928865091984,48.31192059218944,53.12085523046289,58.22698225943004,38.798878860400684,4.80438445813991,
PP,Producer Prices,36,Australia,5532,Producer Price (USD/tonne),0141,Soya beans,2000,2000,7021,Annual value,USD,199.4,A,Official figure,AUS,False,False,53.658254311091945,61.295380665724906,54.46468606873116,51.41600714746175,42.89305770905415,50.612781624475126,4.5542072874505,
PP,Producer Prices,36,Australia,5532,Producer Price (USD/tonne),0141,Soya beans,2001,2001,7021,Annual value,USD,195.0,A,Official figure,AUS,False,False,55.353759430433776,62.905581984538294,60.88469474046613,51.84540600513508,42.481465934354574,53.47099426092313,4.94222006021166,
PP,Producer Prices,36,Australia,5532,Producer Price (USD/tonne),0141,Soya beans,2002,2002,7021,Annual value,USD,191.8,A,Official figure,AUS,False,False,53.432698046969534,56.102316657369585,46.09884987045724,55.57542707086668,55.144333609249486,42.632850317668414,4.86917660836693,
PP,Producer Prices,36,Australia,5532,Producer Price (USD/tonne),0141,Soya beans,2003,2003,7021,Annual value,USD,374.2,A,Official figure,AUS,False,False,58.11559303636253,59.31684044946804,54.48407776395476,59.38331088130321,62.630981044686195,43.854657616127014,5.13440054748237,
PP,Producer Prices,36,Australia,5532,Producer Price (USD/tonne),0141,Soya beans,2004,2004,7021,Annual value,USD,341.2,A,Official figure,AUS,False,False,65.89944729053757,68.6029390549955,69.84888089256499,64.00158065193195,69.61163025660183,44.346000561265534,4.80423147775813,
PP,Producer Prices,36,Australia,5532,Producer Price (USD/tonne),0141,Soya beans,2005,2005,7021,Annual value,USD,289.4,A,Official figure,AUS,False,False,67.6467997866706,72.57908938487195,77.21006263097178,60.766594200041034,64.39872945308146,61.19575106393876,4.74464612990827,
PP,Producer Prices,36,Australia,5532,Producer Price (USD/tonne),0141,Soya beans,2006,2006,7021,Annual value,USD,268.1,A,Official figure,AUS,False,False,72.85198153556445,71.39005672414655,73.05336517091054,71.22837696143655,70.5451171722111,91.39314395266837,4.77072459573134,
PP,Producer Prices,36,Australia,5532,Producer Price (USD/tonne),0141,Soya beans,2007,2007,7021,Annual value,USD,348.1,A,Official figure,AUS,False,False,94.55025065074518,77.75672729408136,122.39946263841763,100.90811631831873,107.3148060387481,62.36914297123817,5.03584938131912,
PP,Producer Prices,36,Australia,5532,Producer Price (USD/tonne),0141,Soya beans,2009,2009,7021,Annual value,USD,429.7,A,Official figure,AUS,False,False,91.78785298482406,81.60267222893671,91.405730315563,97.1899325654129,94.42735946277953,112.2254832184969,5.59123716369561,
PP,Producer Prices,36,Australia,5532,Producer Price (USD/tonne),0141,Soya beans,2011,2011,7021,Annual value,USD,515.7,A,Official figure,AUS,False,False,131.77593256915614,105.02246669637043,129.89070190611824,142.15740841093506,156.4798891014947,160.90057382271044,5.14219569199562,
PP,Producer Prices,36,Australia,5532,Producer Price (USD/tonne),01215,Spinach,2006,2006,7021,Annual value,USD,2093.4,A,Official figure,AUS,False,False,72.85198153556445,71.39005672414655,73.05336517091054,71.22837696143655,70.5451171722111,91.39314395266837,4.77072459573134,
PP,Producer Prices,36,Australia,5532,Producer Price (USD/tonne),01215,Spinach,2007,2007,7021,Annual value,USD,2209.1,A,Official figure,AUS,False,False,94.55025065074518,77.75672729408136,122.39946263841763,100.90811631831873,107.3148060387481,62.36914297123817,5.03584938131912,
PP,Producer Prices,36,Australia,5532,Producer Price (USD/tonne),01215,Spinach,2008,2008,7021,Annual value,USD,2583.5,A,Official figure,AUS,False,False,117.73787331863998,90.84433092873273,132.33661799232738,137.64181782223199,141.07285693456427,79.19536905542518,4.80642380862477,
PP,Producer Prices,36,Australia,5532,Producer Price (USD/tonne),01215,Spinach,2009,2009,7021,Annual value,USD,2519.1,A,Official figure,AUS,False,False,91.78785298482406,81.60267222893671,91.405730315563,97.1899325654129,94.42735946277953,112.2254832184969,5.59123716369561,
PP,Producer Prices,36,Australia,5532,Producer Price (USD/tonne),01215,Spinach,2014,2014,7021,Annual value,USD,6747.9,A,Official figure,AUS,False,True,114.98315043593857,112.11017428857667,130.20652445334494,115.8182908031581,110.6162614969274,105.19538929713728,6.19615490124291,
PP,Producer Prices,36,Australia,5532,Producer Price (USD/tonne),01215,Spinach,2023,2023,7021,Annual value,USD,2538.4,A,Official figure,AUS,False,False,124.51966645168862,114.10852024490974,123.72456940111083,130.87805882527132,126.29144514063518,144.9803113652603,6.12272392365969,
PP,Producer Prices,36,Australia,5532,Producer Price (USD/tonne),01215,Spinach,2024,2024,7021,Annual value,USD,2225.5,A,Official figure,AUS,False,False,121.9819961575273,117.25906623977029,129.71297215949022,113.47684568733492,138.06843188494958,125.71292330063521,6.44767390132498,
PP,Producer Prices,36,Australia,5532,Producer Price (USD/tonne),01354,Strawberries,1991,1991,7021,Annual value,USD,4177.6,A,Official figure,AUS,False,False,62.34528439011702,81.47466716487295,45.46032558544059,57.863819886673106,49.00795416086814,55.480617553691815,5.21988857452739,
PP,Producer Prices,36,Australia,5532,Producer Price (USD/tonne),01354,Strawberries,1992,1992,7021,Annual value,USD,3712.4,A,Official figure,AUS,False,False,64.22555868464649,78.38728862271715,54.8015933451503,60.9576514895015,52.991996389394096,56.04274688194544,5.04326421093316,
PP,Producer Prices,36,Australia,5532,Producer Price (USD/tonne),01354,Strawberries,1993,1993,7021,Annual value,USD,3126.0,A,Official figure,AUS,False,False,62.259404847966515,75.01403295972897,48.61651615517863,59.01858803408094,53.966480634247155,62.03019780031652,4.98707923344647,
PP,Producer Prices,36,Australia,5532,Producer Price (USD/tonne),01354,Strawberries,1994,1994,7021,Annual value,USD,3320.0,A,Official figure,AUS,False,False,67.26054679350919,76.29710199787732,47.42020205529957,61.936823654585105,71.86775375736012,74.94370090074824,4.99933415639271,
PP,Producer Prices,36,Australia,5532,Producer Price (USD/tonne),01354,Strawberries,1995,1995,7021,Annual value,USD,3959.9,A,Official figure,AUS,False,False,76.8287850116353,85.24932673337705,62.72510536671231,70.8474665240566,79.95838810789446,82.19981067004032,4.95654793299687,
PP,Producer Prices,36,Australia,5532,Producer Price (USD/tonne),01354,Strawberries,1996,1996,7021,Annual value,USD,3918.3,A,Official figure,AUS,False,False,77.82086308655745,84.34557234442748,61.619550783954395,83.65592765127325,69.93519294281285,73.98962818765723,4.85290173072787,
PP,Producer Prices,36,Australia,5532,Producer Price (USD/tonne),01354,Strawberries,1997,1997,7021,Annual value,USD,3696.1,A,Official figure,AUS,False,False,70.75682380399682,79.31706264103354,59.44728416757198,66.51116723257967,70.68473461622513,70.38581190707349,4.91017735786183,
PP,Producer Prices,36,Australia,5532,Producer Price (USD/tonne),01354,Strawberries,1998,1998,7021,Annual value,USD,3153.6,A,Official figure,AUS,False,False,64.8237651326436,66.27116245186038,55.776184862258724,58.90385220966683,83.88543382429606,55.22279355165295,4.73775638168852,
PP,Producer Prices,36,Australia,5532,Producer Price (USD/tonne),01354,Strawberries,1999,1999,7021,Annual value,USD,3916.3,A,Official figure,AUS,False,False,55.38494745729497,62.42928865091984,48.31192059218944,53.12085523046289,58.22698225943004,38.798878860400684,4.80438445813991,
PP,Producer Prices,36,Australia,5532,Producer Price (USD/tonne),01354,Strawberries,2000,2000,7021,Annual value,USD,3625.3,A,Official figure,AUS,False,False,53.658254311091945,61.295380665724906,54.46468606873116,51.41600714746175,42.89305770905415,50.612781624475126,4.5542072874505,
PP,Producer Prices,36,Australia,5532,Producer Price (USD/tonne),01354,Strawberries,2001,2001,7021,Annual value,USD,3165.3,A,Official figure,AUS,False,False,55.353759430433776,62.905581984538294,60.88469474046613,51.84540600513508,42.481465934354574,53.47099426092313,4.94222006021166,
PP,Producer Prices,36,Australia,5532,Producer Price (USD/tonne),01354,Strawberries,2002,2002,7021,Annual value,USD,2912.2,A,Official figure,AUS,False,False,53.432698046969534,56.102316657369585,46.09884987045724,55.57542707086668,55.144333609249486,42.632850317668414,4.86917660836693,
PP,Producer Prices,36,Australia,5532,Producer Price (USD/tonne),01354,Strawberries,2003,2003,7021,Annual value,USD,3709.7,A,Official figure,AUS,False,False,58.11559303636253,59.31684044946804,54.48407776395476,59.38331088130321,62.630981044686195,43.854657616127014,5.13440054748237,
PP,Producer Prices,36,Australia,5532,Producer Price (USD/tonne),01354,Strawberries,2004,2004,7021,Annual value,USD,4920.0,A,Official figure,AUS,False,False,65.89944729053757,68.6029390549955,69.84888089256499,64.00158065193195,69.61163025660183,44.346000561265534,4.80423147775813,
PP,Producer Prices,36,Australia,5532,Producer Price (USD/tonne),01354,Strawberries,2005,2005,7021,Annual value,USD,3932.9,A,Official figure,AUS,False,False,67.6467997866706,72.57908938487195,77.21006263097178,60.766594200041034,64.39872945308146,61.19575106393876,4.74464612990827,
PP,Producer Prices,36,Australia,5532,Producer Price (USD/tonne),01354,Strawberries,2006,2006,7021,Annual value,USD,4683.8,A,Official figure,AUS,False,False,72.85198153556445,71.39005672414655,73.05336517091054,71.22837696143655,70.5451171722111,91.39314395266837,4.77072459573134,
PP,Producer Prices,36,Australia,5532,Producer Price (USD/tonne),01354,Strawberries,2007,2007,7021,Annual value,USD,5882.5,A,Official figure,AUS,False,False,94.55025065074518,77.75672729408136,122.39946263841763,100.90811631831873,107.3148060387481,62.36914297123817,5.03584938131912,
PP,Producer Prices,36,Australia,5532,Producer Price (USD/tonne),01354,Strawberries,2008,2008,7021,Annual value,USD,5561.2,A,Official figure,AUS,False,False,117.73787331863998,90.84433092873273,132.33661799232738,137.64181782223199,141.07285693456427,79.19536905542518,4.80642380862477,
PP,Producer Prices,36,Australia,5532,Producer Price (USD/tonne),01354,Strawberries,2009,2009,7021,Annual value,USD,5061.7,A,Official figure,AUS,False,False,91.78785298482406,81.60267222893671,91.405730315563,97.1899325654129,94.42735946277953,112.2254832184969,5.59123716369561,
PP,Producer Prices,36,Australia,5532,Producer Price (USD/tonne),01354,Strawberries,2010,2010,7021,Annual value,USD,6641.2,A,Official figure,AUS,False,False,106.87404108388505,91.39347096403203,111.89896716658724,107.49931237044449,121.95018353123997,131.72406046543753,5.30683575119913,
PP,Producer Prices,36,Australia,5532,Producer Price (USD/tonne),01354,Strawberries,2011,2011,7021,Annual value,USD,7468.1,A,Official figure,AUS,False,False,131.77593256915614,105.02246669637043,129.89070190611824,142.15740841093506,156.4798891014947,160.90057382271044,5.14219569199562,
PP,Producer Prices,36,Australia,5532,Producer Price (USD/tonne),01354,Strawberries,2012,2012,7021,Annual value,USD,7848.4,A,Official figure,AUS,False,False,122.75022327595461,104.69498650707051,111.65677557794167,137.3983528628098,138.30661545629084,133.31863424562349,5.05458500868273,
PP,Producer Prices,36,Australia,5532,Producer Price (USD/tonne),01354,Strawberries,2013,2013,7021,Annual value,USD,6971.1,A,Official figure,AUS,False,False,120.14390446093925,106.21599274087434,140.90691300197804,129.1108717873773,119.49987300357218,109.45334619156017,5.68920960549791,
PP,Producer Prices,36,Australia,5532,Producer Price (USD/tonne),01354,Strawberries,2014,2014,7021,Annual value,USD,5682.5,A,Official figure,AUS,False,False,114.98315043593857,112.11017428857667,130.20652445334494,115.8182908031581,110.6162614969274,105.19538929713728,6.19615490124291,
PP,Producer Prices,36,Australia,5532,Producer Price (USD/tonne),01354,Strawberries,2015,2015,7021,Annual value,USD,4490.3,A,Official figure,AUS,False,False,93.0638125181246,96.78279749075053,87.1451487854646,95.87342014077292,89.94109402113435,83.1811851391223,6.56255914980785,
PP,Producer Prices,36,Australia,5532,Producer Price (USD/tonne),01354,Strawberries,2016,2016,7021,Annual value,USD,4763.6,A,Official figure,AUS,False,False,91.95303704593685,91.10702822067289,82.64832676119045,88.30828905606897,99.44264448193826,111.62342556374044,7.10054987790893,
PP,Producer Prices,36,Australia,5532,Producer Price (USD/tonne),01354,Strawberries,2017,2017,7021,Annual value,USD,4869.9,A,Official figure,AUS,False,False,97.9325465965461,97.47103081764828,108.01127219003995,90.98426329355082,101.90947584276995,99.11220417429126,6.48222765314289,
PP,Producer Prices,36,Australia,5532,Producer Price (USD/tonne),01354,Strawberries,2018,2018,7021,Annual value,USD,4538.2,A,Official figure,AUS,False,False,95.75177402259017,94.39851038295467,107.2716875332135,100.82233026984352,87.76107702264312,77.40205315573543,6.52594691958162,
PP,Producer Prices,36,Australia,5532,Producer Price (USD/tonne),01354,Strawberries,2019,2019,7021,Annual value,USD,3820.6,A,Official figure,AUS,False,False,94.93129436453303,99.4754122501492,102.81578202753263,96.60386371200734,83.23927616454294,78.61501498294437,7.16469389675818,
PP,Producer Prices,36,Australia,5532,Producer Price (USD/tonne),01354,Strawberries,2020,2020,7021,Annual value,USD,4514.8,A,Official figure,AUS,False,False,98.05250486501859,95.316293513863,101.8142204334863,103.1167289201083,99.44353567977252,79.52871763805308,7.59766516403535,
PP,Producer Prices,36,Australia,5532,Producer Price (USD/tonne),01354,Strawberries,2021,2021,7021,Annual value,USD,5133.3,A,Official figure,AUS,False,False,125.73406972850047,107.53442746784815,119.59735631930364,131.1533847436843,164.85113256482796,109.33464293018675,6.44421129042264,
PP,Producer Prices,36,Australia,5532,Producer Price (USD/tonne),01354,Strawberries,2023,2023,7021,Annual value,USD,4331.9,A,Official figure,AUS,False,False,124.51966645168862,114.10852024490974,123.72456940111083,130.87805882527132,126.29144514063518,144.9803113652603,6.12272392365969,
PP,Producer Prices,36,Australia,5532,Producer Price (USD/tonne),01354,Strawberries,2024,2024,7021,Annual value,USD,4147.9,A,Official figure,AUS,False,False,121.9819961575273,117.25906623977029,129.71297215949022,113.47684568733492,138.06843188494958,125.71292330063521,6.44767390132498,
PP,Producer Prices,36,Australia,5532,Producer Price (USD/tonne),01802,Sugar cane,1991,1991,7021,Annual value,USD,24.9,A,Official figure,AUS,False,False,62.34528439011702,81.47466716487295,45.46032558544059,57.863819886673106,49.00795416086814,55.480617553691815,5.21988857452739,
PP,Producer Prices,36,Australia,5532,Producer Price (USD/tonne),01802,Sugar cane,1992,1992,7021,Annual value,USD,20.6,A,Official figure,AUS,False,False,64.22555868464649,78.38728862271715,54.8015933451503,60.9576514895015,52.991996389394096,56.04274688194544,5.04326421093316,
PP,Producer Prices,36,Australia,5532,Producer Price (USD/tonne),01802,Sugar cane,1993,1993,7021,Annual value,USD,19.0,A,Official figure,AUS,False,False,62.259404847966515,75.01403295972897,48.61651615517863,59.01858803408094,53.966480634247155,62.03019780031652,4.98707923344647,
PP,Producer Prices,36,Australia,5532,Producer Price (USD/tonne),01802,Sugar cane,1994,1994,7021,Annual value,USD,21.9,A,Official figure,AUS,False,False,67.26054679350919,76.29710199787732,47.42020205529957,61.936823654585105,71.86775375736012,74.94370090074824,4.99933415639271,
PP,Producer Prices,36,Australia,5532,Producer Price (USD/tonne),01802,Sugar cane,1995,1995,7021,Annual value,USD,26.7,A,Official figure,AUS,False,False,76.8287850116353,85.24932673337705,62.72510536671231,70.8474665240566,79.95838810789446,82.19981067004032,4.95654793299687,
PP,Producer Prices,36,Australia,5532,Producer Price (USD/tonne),01802,Sugar cane,1996,1996,7021,Annual value,USD,25.0,A,Official figure,AUS,False,False,77.82086308655745,84.34557234442748,61.619550783954395,83.65592765127325,69.93519294281285,73.98962818765723,4.85290173072787,
PP,Producer Prices,36,Australia,5532,Producer Price (USD/tonne),01802,Sugar cane,1997,1997,7021,Annual value,USD,23.7,A,Official figure,AUS,False,False,70.75682380399682,79.31706264103354,59.44728416757198,66.51116723257967,70.68473461622513,70.38581190707349,4.91017735786183,
PP,Producer Prices,36,Australia,5532,Producer Price (USD/tonne),01802,Sugar cane,1998,1998,7021,Annual value,USD,20.1,A,Official figure,AUS,False,False,64.8237651326436,66.27116245186038,55.776184862258724,58.90385220966683,83.88543382429606,55.22279355165295,4.73775638168852,
PP,Producer Prices,36,Australia,5532,Producer Price (USD/tonne),01802,Sugar cane,1999,1999,7021,Annual value,USD,17.4,A,Official figure,AUS,False,False,55.38494745729497,62.42928865091984,48.31192059218944,53.12085523046289,58.22698225943004,38.798878860400684,4.80438445813991,
PP,Producer Prices,36,Australia,5532,Producer Price (USD/tonne),01802,Sugar cane,2000,2000,7021,Annual value,USD,13.3,A,Official figure,AUS,False,False,53.658254311091945,61.295380665724906,54.46468606873116,51.41600714746175,42.89305770905415,50.612781624475126,4.5542072874505,
PP,Producer Prices,36,Australia,5532,Producer Price (USD/tonne),01802,Sugar cane,2001,2001,7021,Annual value,USD,11.9,A,Official figure,AUS,False,False,55.353759430433776,62.905581984538294,60.88469474046613,51.84540600513508,42.481465934354574,53.47099426092313,4.94222006021166,
PP,Producer Prices,36,Australia,5532,Producer Price (USD/tonne),01802,Sugar cane,2002,2002,7021,Annual value,USD,16.8,A,Official figure,AUS,False,False,53.432698046969534,56.102316657369585,46.09884987045724,55.57542707086668,55.144333609249486,42.632850317668414,4.86917660836693,
PP,Producer Prices,36,Australia,5532,Producer Price (USD/tonne),01802,Sugar cane,2003,2003,7021,Annual value,USD,18.2,A,Official figure,AUS,False,False,58.11559303636253,59.31684044946804,54.48407776395476,59.38331088130321,62.630981044686195,43.854657616127014,5.13440054748237,
PP,Producer Prices,36,Australia,5532,Producer Price (USD/tonne),01802,Sugar cane,2004,2004,7021,Annual value,USD,16.9,A,Official figure,AUS,False,False,65.89944729053757,68.6029390549955,69.84888089256499,64.00158065193195,69.61163025660183,44.346000561265534,4.80423147775813,
PP,Producer Prices,36,Australia,5532,Producer Price (USD/tonne),01802,Sugar cane,2005,2005,7021,Annual value,USD,19.9,A,Official figure,AUS,False,False,67.6467997866706,72.57908938487195,77.21006263097178,60.766594200041034,64.39872945308146,61.19575106393876,4.74464612990827,
PP,Producer Prices,36,Australia,5532,Producer Price (USD/tonne),01802,Sugar cane,2006,2006,7021,Annual value,USD,21.1,A,Official figure,AUS,False,False,72.85198153556445,71.39005672414655,73.05336517091054,71.22837696143655,70.5451171722111,91.39314395266837,4.77072459573134,
PP,Producer Prices,36,Australia,5532,Producer Price (USD/tonne),01802,Sugar cane,2007,2007,7021,Annual value,USD,27.6,A,Official figure,AUS,False,False,94.55025065074518,77.75672729408136,122.39946263841763,100.90811631831873,107.3148060387481,62.36914297123817,5.03584938131912,
PP,Producer Prices,36,Australia,5532,Producer Price (USD/tonne),01802,Sugar cane,2008,2008,7021,Annual value,USD,21.8,A,Official figure,AUS,False,False,117.73787331863998,90.84433092873273,132.33661799232738,137.64181782223199,141.07285693456427,79.19536905542518,4.80642380862477,
PP,Producer Prices,36,Australia,5532,Producer Price (USD/tonne),01802,Sugar cane,2009,2009,7021,Annual value,USD,25.0,A,Official figure,AUS,False,False,91.78785298482406,81.60267222893671,91.405730315563,97.1899325654129,94.42735946277953,112.2254832184969,5.59123716369561,
PP,Producer Prices,36,Australia,5532,Producer Price (USD/tonne),01802,Sugar cane,2010,2010,7021,Annual value,USD,40.4,A,Official figure,AUS,False,False,106.87404108388505,91.39347096403203,111.89896716658724,107.49931237044449,121.95018353123997,131.72406046543753,5.30683575119913,
PP,Producer Prices,36,Australia,5532,Producer Price (USD/tonne),01802,Sugar cane,2011,2011,7021,Annual value,USD,39.2,A,Official figure,AUS,False,False,131.77593256915614,105.02246669637043,129.89070190611824,142.15740841093506,156.4798891014947,160.90057382271044,5.14219569199562,
PP,Producer Prices,36,Australia,5532,Producer Price (USD/tonne),01802,Sugar cane,2012,2012,7021,Annual value,USD,44.5,A,Official figure,AUS,False,False,122.75022327595461,104.69498650707051,111.65677557794167,137.3983528628098,138.30661545629084,133.31863424562349,5.05458500868273,
PP,Producer Prices,36,Australia,5532,Producer Price (USD/tonne),01802,Sugar cane,2013,2013,7021,Annual value,USD,39.6,A,Official figure,AUS,False,False,120.14390446093925,106.21599274087434,140.90691300197804,129.1108717873773,119.49987300357218,109.45334619156017,5.68920960549791,
PP,Producer Prices,36,Australia,5532,Producer Price (USD/tonne),01802,Sugar cane,2014,2014,7021,Annual value,USD,36.1,A,Official figure,AUS,False,False,114.98315043593857,112.11017428857667,130.20652445334494,115.8182908031581,110.6162614969274,105.19538929713728,6.19615490124291,
PP,Producer Prices,36,Australia,5532,Producer Price (USD/tonne),01802,Sugar cane,2015,2015,7021,Annual value,USD,30.1,A,Official figure,AUS,False,False,93.0638125181246,96.78279749075053,87.1451487854646,95.87342014077292,89.94109402113435,83.1811851391223,6.56255914980785,
PP,Producer Prices,36,Australia,5532,Producer Price (USD/tonne),01802,Sugar cane,2016,2016,7021,Annual value,USD,27.5,A,Official figure,AUS,False,False,91.95303704593685,91.10702822067289,82.64832676119045,88.30828905606897,99.44264448193826,111.62342556374044,7.10054987790893,
PP,Producer Prices,36,Australia,5532,Producer Price (USD/tonne),01802,Sugar cane,2017,2017,7021,Annual value,USD,33.7,A,Official figure,AUS,False,False,97.9325465965461,97.47103081764828,108.01127219003995,90.98426329355082,101.90947584276995,99.11220417429126,6.48222765314289,
PP,Producer Prices,36,Australia,5532,Producer Price (USD/tonne),01802,Sugar cane,2018,2018,7021,Annual value,USD,29.9,A,Official figure,AUS,False,False,95.75177402259017,94.39851038295467,107.2716875332135,100.82233026984352,87.76107702264312,77.40205315573543,6.52594691958162,
PP,Producer Prices,36,Australia,5532,Producer Price (USD/tonne),01802,Sugar cane,2019,2019,7021,Annual value,USD,27.1,A,Official figure,AUS,False,False,94.93129436453303,99.4754122501492,102.81578202753263,96.60386371200734,83.23927616454294,78.61501498294437,7.16469389675818,
PP,Producer Prices,36,Australia,5532,Producer Price (USD/tonne),01802,Sugar cane,2020,2020,7021,Annual value,USD,28.5,A,Official figure,AUS,False,False,98.05250486501859,95.316293513863,101.8142204334863,103.1167289201083,99.44353567977252,79.52871763805308,7.59766516403535,
PP,Producer Prices,36,Australia,5532,Producer Price (USD/tonne),01802,Sugar cane,2021,2021,7021,Annual value,USD,31.0,A,Official figure,AUS,False,False,125.73406972850047,107.53442746784815,119.59735631930364,131.1533847436843,164.85113256482796,109.33464293018675,6.44421129042264,
PP,Producer Prices,36,Australia,5532,Producer Price (USD/tonne),01802,Sugar cane,2022,2022,7021,Annual value,USD,33.3,A,Official figure,AUS,False,False,144.50986636550888,118.33551230992974,149.51050848913766,154.66510013039058,187.77977941529275,114.45579634923097,6.14945900451023,
PP,Producer Prices,36,Australia,5532,Producer Price (USD/tonne),01802,Sugar cane,2023,2023,7021,Annual value,USD,30.8,A,Official figure,AUS,False,False,124.51966645168862,114.10852024490974,123.72456940111083,130.87805882527132,126.29144514063518,144.9803113652603,6.12272392365969,
PP,Producer Prices,36,Australia,5532,Producer Price (USD/tonne),01802,Sugar cane,2024,2024,7021,Annual value,USD,48.7,A,Official figure,AUS,False,False,121.9819961575273,117.25906623977029,129.71297215949022,113.47684568733492,138.06843188494958,125.71292330063521,6.44767390132498,
PP,Producer Prices,36,Australia,5532,Producer Price (USD/tonne),01445,Sunflower seed,1991,1991,7021,Annual value,USD,214.2,A,Official figure,AUS,False,False,62.34528439011702,81.47466716487295,45.46032558544059,57.863819886673106,49.00795416086814,55.480617553691815,5.21988857452739,
PP,Producer Prices,36,Australia,5532,Producer Price (USD/tonne),01445,Sunflower seed,1992,1992,7021,Annual value,USD,245.3,A,Official figure,AUS,False,False,64.22555868464649,78.38728862271715,54.8015933451503,60.9576514895015,52.991996389394096,56.04274688194544,5.04326421093316,
PP,Producer Prices,36,Australia,5532,Producer Price (USD/tonne),01445,Sunflower seed,1993,1993,7021,Annual value,USD,219.0,A,Official figure,AUS,False,False,62.259404847966515,75.01403295972897,48.61651615517863,59.01858803408094,53.966480634247155,62.03019780031652,4.98707923344647,
PP,Producer Prices,36,Australia,5532,Producer Price (USD/tonne),01445,Sunflower seed,1994,1994,7021,Annual value,USD,276.4,A,Official figure,AUS,False,False,67.26054679350919,76.29710199787732,47.42020205529957,61.936823654585105,71.86775375736012,74.94370090074824,4.99933415639271,
PP,Producer Prices,36,Australia,5532,Producer Price (USD/tonne),01445,Sunflower seed,1995,1995,7021,Annual value,USD,306.9,A,Official figure,AUS,False,False,76.8287850116353,85.24932673337705,62.72510536671231,70.8474665240566,79.95838810789446,82.19981067004032,4.95654793299687,
PP,Producer Prices,36,Australia,5532,Producer Price (USD/tonne),01445,Sunflower seed,1996,1996,7021,Annual value,USD,291.9,A,Official figure,AUS,False,False,77.82086308655745,84.34557234442748,61.619550783954395,83.65592765127325,69.93519294281285,73.98962818765723,4.85290173072787,
PP,Producer Prices,36,Australia,5532,Producer Price (USD/tonne),01445,Sunflower seed,1997,1997,7021,Annual value,USD,244.2,A,Official figure,AUS,False,False,70.75682380399682,79.31706264103354,59.44728416757198,66.51116723257967,70.68473461622513,70.38581190707349,4.91017735786183,
PP,Producer Prices,36,Australia,5532,Producer Price (USD/tonne),01445,Sunflower seed,1998,1998,7021,Annual value,USD,255.1,A,Official figure,AUS,False,False,64.8237651326436,66.27116245186038,55.776184862258724,58.90385220966683,83.88543382429606,55.22279355165295,4.73775638168852,
PP,Producer Prices,36,Australia,5532,Producer Price (USD/tonne),01445,Sunflower seed,1999,1999,7021,Annual value,USD,238.7,A,Official figure,AUS,False,False,55.38494745729497,62.42928865091984,48.31192059218944,53.12085523046289,58.22698225943004,38.798878860400684,4.80438445813991,
PP,Producer Prices,36,Australia,5532,Producer Price (USD/tonne),01445,Sunflower seed,2000,2000,7021,Annual value,USD,217.4,A,Official figure,AUS,False,False,53.658254311091945,61.295380665724906,54.46468606873116,51.41600714746175,42.89305770905415,50.612781624475126,4.5542072874505,
PP,Producer Prices,36,Australia,5532,Producer Price (USD/tonne),01445,Sunflower seed,2001,2001,7021,Annual value,USD,186.2,A,Official figure,AUS,False,False,55.353759430433776,62.905581984538294,60.88469474046613,51.84540600513508,42.481465934354574,53.47099426092313,4.94222006021166,
PP,Producer Prices,36,Australia,5532,Producer Price (USD/tonne),01445,Sunflower seed,2002,2002,7021,Annual value,USD,211.9,A,Official figure,AUS,False,False,53.432698046969534,56.102316657369585,46.09884987045724,55.57542707086668,55.144333609249486,42.632850317668414,4.86917660836693,
PP,Producer Prices,36,Australia,5532,Producer Price (USD/tonne),01445,Sunflower seed,2003,2003,7021,Annual value,USD,487.7,A,Official figure,AUS,False,False,58.11559303636253,59.31684044946804,54.48407776395476,59.38331088130321,62.630981044686195,43.854657616127014,5.13440054748237,
PP,Producer Prices,36,Australia,5532,Producer Price (USD/tonne),01445,Sunflower seed,2004,2004,7021,Annual value,USD,368.4,A,Official figure,AUS,False,False,65.89944729053757,68.6029390549955,69.84888089256499,64.00158065193195,69.61163025660183,44.346000561265534,4.80423147775813,
PP,Producer Prices,36,Australia,5532,Producer Price (USD/tonne),01445,Sunflower seed,2005,2005,7021,Annual value,USD,303.9,A,Official figure,AUS,False,False,67.6467997866706,72.57908938487195,77.21006263097178,60.766594200041034,64.39872945308146,61.19575106393876,4.74464612990827,
PP,Producer Prices,36,Australia,5532,Producer Price (USD/tonne),01445,Sunflower seed,2006,2006,7021,Annual value,USD,289.2,A,Official figure,AUS,False,False,72.85198153556445,71.39005672414655,73.05336517091054,71.22837696143655,70.5451171722111,91.39314395266837,4.77072459573134,
PP,Producer Prices,36,Australia,5532,Producer Price (USD/tonne),01445,Sunflower seed,2007,2007,7021,Annual value,USD,442.7,A,Official figure,AUS,False,False,94.55025065074518,77.75672729408136,122.39946263841763,100.90811631831873,107.3148060387481,62.36914297123817,5.03584938131912,
PP,Producer Prices,36,Australia,5532,Producer Price (USD/tonne),01445,Sunflower seed,2009,2009,7021,Annual value,USD,542.8,A,Official figure,AUS,False,False,91.78785298482406,81.60267222893671,91.405730315563,97.1899325654129,94.42735946277953,112.2254832184969,5.59123716369561,
PP,Producer Prices,36,Australia,5532,Producer Price (USD/tonne),01445,Sunflower seed,2011,2011,7021,Annual value,USD,583.8,A,Official figure,AUS,False,False,131.77593256915614,105.02246669637043,129.89070190611824,142.15740841093506,156.4798891014947,160.90057382271044,5.14219569199562,
PP,Producer Prices,36,Australia,5532,Producer Price (USD/tonne),01530,Sweet potatoes,1991,1991,7021,Annual value,USD,734.6,A,Official figure,AUS,False,False,62.34528439011702,81.47466716487295,45.46032558544059,57.863819886673106,49.00795416086814,55.480617553691815,5.21988857452739,
PP,Producer Prices,36,Australia,5532,Producer Price (USD/tonne),01530,Sweet potatoes,1992,1992,7021,Annual value,USD,565.5,A,Official figure,AUS,False,False,64.22555868464649,78.38728862271715,54.8015933451503,60.9576514895015,52.991996389394096,56.04274688194544,5.04326421093316,
PP,Producer Prices,36,Australia,5532,Producer Price (USD/tonne),01530,Sweet potatoes,1993,1993,7021,Annual value,USD,543.3,A,Official figure,AUS,False,False,62.259404847966515,75.01403295972897,48.61651615517863,59.01858803408094,53.966480634247155,62.03019780031652,4.98707923344647,
PP,Producer Prices,36,Australia,5532,Producer Price (USD/tonne),01530,Sweet potatoes,1994,1994,7021,Annual value,USD,485.5,A,Official figure,AUS,False,False,67.26054679350919,76.29710199787732,47.42020205529957,61.936823654585105,71.86775375736012,74.94370090074824,4.99933415639271,
PP,Producer Prices,36,Australia,5532,Producer Price (USD/tonne),01530,Sweet potatoes,1995,1995,7021,Annual value,USD,1096.3,A,Official figure,AUS,False,False,76.8287850116353,85.24932673337705,62.72510536671231,70.8474665240566,79.95838810789446,82.19981067004032,4.95654793299687,
PP,Producer Prices,36,Australia,5532,Producer Price (USD/tonne),01530,Sweet potatoes,1996,1996,7021,Annual value,USD,655.8,A,Official figure,AUS,False,False,77.82086308655745,84.34557234442748,61.619550783954395,83.65592765127325,69.93519294281285,73.98962818765723,4.85290173072787,
PP,Producer Prices,36,Australia,5532,Producer Price (USD/tonne),01530,Sweet potatoes,1997,1997,7021,Annual value,USD,606.4,A,Official figure,AUS,False,False,70.75682380399682,79.31706264103354,59.44728416757198,66.51116723257967,70.68473461622513,70.38581190707349,4.91017735786183,
PP,Producer Prices,36,Australia,5532,Producer Price (USD/tonne),01530,Sweet potatoes,1998,1998,7021,Annual value,USD,586.7,A,Official figure,AUS,False,False,64.8237651326436,66.27116245186038,55.776184862258724,58.90385220966683,83.88543382429606,55.22279355165295,4.73775638168852,
PP,Producer Prices,36,Australia,5532,Producer Price (USD/tonne),01530,Sweet potatoes,1999,1999,7021,Annual value,USD,691.0,A,Official figure,AUS,False,False,55.38494745729497,62.42928865091984,48.31192059218944,53.12085523046289,58.22698225943004,38.798878860400684,4.80438445813991,
PP,Producer Prices,36,Australia,5532,Producer Price (USD/tonne),01530,Sweet potatoes,2000,2000,7021,Annual value,USD,716.0,A,Official figure,AUS,False,False,53.658254311091945,61.295380665724906,54.46468606873116,51.41600714746175,42.89305770905415,50.612781624475126,4.5542072874505,
PP,Producer Prices,36,Australia,5532,Producer Price (USD/tonne),01530,Sweet potatoes,2001,2001,7021,Annual value,USD,685.3,A,Official figure,AUS,False,False,55.353759430433776,62.905581984538294,60.88469474046613,51.84540600513508,42.481465934354574,53.47099426092313,4.94222006021166,
PP,Producer Prices,36,Australia,5532,Producer Price (USD/tonne),01530,Sweet potatoes,2006,2006,7021,Annual value,USD,762.1,A,Official figure,AUS,False,False,72.85198153556445,71.39005672414655,73.05336517091054,71.22837696143655,70.5451171722111,91.39314395266837,4.77072459573134,
PP,Producer Prices,36,Australia,5532,Producer Price (USD/tonne),01530,Sweet potatoes,2007,2007,7021,Annual value,USD,1276.9,A,Official figure,AUS,False,False,94.55025065074518,77.75672729408136,122.39946263841763,100.90811631831873,107.3148060387481,62.36914297123817,5.03584938131912,
PP,Producer Prices,36,Australia,5532,Producer Price (USD/tonne),01530,Sweet potatoes,2008,2008,7021,Annual value,USD,1159.2,A,Official figure,AUS,False,False,117.73787331863998,90.84433092873273,132.33661799232738,137.64181782223199,141.07285693456427,79.19536905542518,4.80642380862477,
PP,Producer Prices,36,Australia,5532,Producer Price (USD/tonne),01530,Sweet potatoes,2009,2009,7021,Annual value,USD,936.7,A,Official figure,AUS,False,False,91.78785298482406,81.60267222893671,91.405730315563,97.1899325654129,94.42735946277953,112.2254832184969,5.59123716369561,
PP,Producer Prices,36,Australia,5532,Producer Price (USD/tonne),01530,Sweet potatoes,2014,2014,7021,Annual value,USD,963.6,A,Official figure,AUS,False,False,114.98315043593857,112.11017428857667,130.20652445334494,115.8182908031581,110.6162614969274,105.19538929713728,6.19615490124291,
PP,Producer Prices,36,Australia,5532,Producer Price (USD/tonne),01530,Sweet potatoes,2023,2023,7021,Annual value,USD,502.7,A,Official figure,AUS,False,False,124.51966645168862,114.10852024490974,123.72456940111083,130.87805882527132,126.29144514063518,144.9803113652603,6.12272392365969,
PP,Producer Prices,36,Australia,5532,Producer Price (USD/tonne),01530,Sweet potatoes,2024,2024,7021,Annual value,USD,514.9,A,Official figure,AUS,False,False,121.9819961575273,117.25906623977029,129.71297215949022,113.47684568733492,138.06843188494958,125.71292330063521,6.44767390132498,
PP,Producer Prices,36,Australia,5532,Producer Price (USD/tonne),01324,"Tangerines, mandarins, clementines",1991,1991,7021,Annual value,USD,719.8,A,Official figure,AUS,False,False,62.34528439011702,81.47466716487295,45.46032558544059,57.863819886673106,49.00795416086814,55.480617553691815,5.21988857452739,
PP,Producer Prices,36,Australia,5532,Producer Price (USD/tonne),01324,"Tangerines, mandarins, clementines",1992,1992,7021,Annual value,USD,696.9,A,Official figure,AUS,False,False,64.22555868464649,78.38728862271715,54.8015933451503,60.9576514895015,52.991996389394096,56.04274688194544,5.04326421093316,
PP,Producer Prices,36,Australia,5532,Producer Price (USD/tonne),01324,"Tangerines, mandarins, clementines",1993,1993,7021,Annual value,USD,614.7,A,Official figure,AUS,False,False,62.259404847966515,75.01403295972897,48.61651615517863,59.01858803408094,53.966480634247155,62.03019780031652,4.98707923344647,
PP,Producer Prices,36,Australia,5532,Producer Price (USD/tonne),01324,"Tangerines, mandarins, clementines",1994,1994,7021,Annual value,USD,753.8,A,Official figure,AUS,False,False,67.26054679350919,76.29710199787732,47.42020205529957,61.936823654585105,71.86775375736012,74.94370090074824,4.99933415639271,
PP,Producer Prices,36,Australia,5532,Producer Price (USD/tonne),01324,"Tangerines, mandarins, clementines",1995,1995,7021,Annual value,USD,896.9,A,Official figure,AUS,False,False,76.8287850116353,85.24932673337705,62.72510536671231,70.8474665240566,79.95838810789446,82.19981067004032,4.95654793299687,
PP,Producer Prices,36,Australia,5532,Producer Price (USD/tonne),01324,"Tangerines, mandarins, clementines",1996,1996,7021,Annual value,USD,892.1,A,Official figure,AUS,False,False,77.82086308655745,84.34557234442748,61.619550783954395,83.65592765127325,69.93519294281285,73.98962818765723,4.85290173072787,
PP,Producer Prices,36,Australia,5532,Producer Price (USD/tonne),01324,"Tangerines, mandarins, clementines",1997,1997,7021,Annual value,USD,886.2,A,Official figure,AUS,False,False,70.75682380399682,79.31706264103354,59.44728416757198,66.51116723257967,70.68473461622513,70.38581190707349,4.91017735786183,
PP,Producer Prices,36,Australia,5532,Producer Price (USD/tonne),01324,"Tangerines, mandarins, clementines",1998,1998,7021,Annual value,USD,766.4,A,Official figure,AUS,False,False,64.8237651326436,66.27116245186038,55.776184862258724,58.90385220966683,83.88543382429606,55.22279355165295,4.73775638168852,
PP,Producer Prices,36,Australia,5532,Producer Price (USD/tonne),01324,"Tangerines, mandarins, clementines",1999,1999,7021,Annual value,USD,677.4,A,Official figure,AUS,False,False,55.38494745729497,62.42928865091984,48.31192059218944,53.12085523046289,58.22698225943004,38.798878860400684,4.80438445813991,
PP,Producer Prices,36,Australia,5532,Producer Price (USD/tonne),01324,"Tangerines, mandarins, clementines",2000,2000,7021,Annual value,USD,603.0,A,Official figure,AUS,False,False,53.658254311091945,61.295380665724906,54.46468606873116,51.41600714746175,42.89305770905415,50.612781624475126,4.5542072874505,
PP,Producer Prices,36,Australia,5532,Producer Price (USD/tonne),01324,"Tangerines, mandarins, clementines",2001,2001,7021,Annual value,USD,568.9,A,Official figure,AUS,False,False,55.353759430433776,62.905581984538294,60.88469474046613,51.84540600513508,42.481465934354574,53.47099426092313,4.94222006021166,
PP,Producer Prices,36,Australia,5532,Producer Price (USD/tonne),01324,"Tangerines, mandarins, clementines",2002,2002,7021,Annual value,USD,652.0,A,Official figure,AUS,False,False,53.432698046969534,56.102316657369585,46.09884987045724,55.57542707086668,55.144333609249486,42.632850317668414,4.86917660836693,
PP,Producer Prices,36,Australia,5532,Producer Price (USD/tonne),01324,"Tangerines, mandarins, clementines",2003,2003,7021,Annual value,USD,791.2,A,Official figure,AUS,False,False,58.11559303636253,59.31684044946804,54.48407776395476,59.38331088130321,62.630981044686195,43.854657616127014,5.13440054748237,
PP,Producer Prices,36,Australia,5532,Producer Price (USD/tonne),01324,"Tangerines, mandarins, clementines",2004,2004,7021,Annual value,USD,970.8,A,Official figure,AUS,False,False,65.89944729053757,68.6029390549955,69.84888089256499,64.00158065193195,69.61163025660183,44.346000561265534,4.80423147775813,
PP,Producer Prices,36,Australia,5532,Producer Price (USD/tonne),01324,"Tangerines, mandarins, clementines",2005,2005,7021,Annual value,USD,962.2,A,Official figure,AUS,False,False,67.6467997866706,72.57908938487195,77.21006263097178,60.766594200041034,64.39872945308146,61.19575106393876,4.74464612990827,
PP,Producer Prices,36,Australia,5532,Producer Price (USD/tonne),01324,"Tangerines, mandarins, clementines",2006,2006,7021,Annual value,USD,963.9,A,Official figure,AUS,False,False,72.85198153556445,71.39005672414655,73.05336517091054,71.22837696143655,70.5451171722111,91.39314395266837,4.77072459573134,
PP,Producer Prices,36,Australia,5532,Producer Price (USD/tonne),01324,"Tangerines, mandarins, clementines",2007,2007,7021,Annual value,USD,1271.9,A,Official figure,AUS,False,False,94.55025065074518,77.75672729408136,122.39946263841763,100.90811631831873,107.3148060387481,62.36914297123817,5.03584938131912,
PP,Producer Prices,36,Australia,5532,Producer Price (USD/tonne),01324,"Tangerines, mandarins, clementines",2008,2008,7021,Annual value,USD,1132.4,A,Official figure,AUS,False,False,117.73787331863998,90.84433092873273,132.33661799232738,137.64181782223199,141.07285693456427,79.19536905542518,4.80642380862477,
PP,Producer Prices,36,Australia,5532,Producer Price (USD/tonne),01324,"Tangerines, mandarins, clementines",2009,2009,7021,Annual value,USD,1037.3,A,Official figure,AUS,False,False,91.78785298482406,81.60267222893671,91.405730315563,97.1899325654129,94.42735946277953,112.2254832184969,5.59123716369561,
PP,Producer Prices,36,Australia,5532,Producer Price (USD/tonne),01324,"Tangerines, mandarins, clementines",2010,2010,7021,Annual value,USD,1247.5,A,Official figure,AUS,False,False,106.87404108388505,91.39347096403203,111.89896716658724,107.49931237044449,121.95018353123997,131.72406046543753,5.30683575119913,
PP,Producer Prices,36,Australia,5532,Producer Price (USD/tonne),01324,"Tangerines, mandarins, clementines",2011,2011,7021,Annual value,USD,1444.1,A,Official figure,AUS,False,False,131.77593256915614,105.02246669637043,129.89070190611824,142.15740841093506,156.4798891014947,160.90057382271044,5.14219569199562,
PP,Producer Prices,36,Australia,5532,Producer Price (USD/tonne),01324,"Tangerines, mandarins, clementines",2012,2012,7021,Annual value,USD,1408.2,A,Official figure,AUS,False,False,122.75022327595461,104.69498650707051,111.65677557794167,137.3983528628098,138.30661545629084,133.31863424562349,5.05458500868273,
PP,Producer Prices,36,Australia,5532,Producer Price (USD/tonne),01324,"Tangerines, mandarins, clementines",2013,2013,7021,Annual value,USD,1454.9,A,Official figure,AUS,False,False,120.14390446093925,106.21599274087434,140.90691300197804,129.1108717873773,119.49987300357218,109.45334619156017,5.68920960549791,
PP,Producer Prices,36,Australia,5532,Producer Price (USD/tonne),01324,"Tangerines, mandarins, clementines",2014,2014,7021,Annual value,USD,1382.8,A,Official figure,AUS,False,False,114.98315043593857,112.11017428857667,130.20652445334494,115.8182908031581,110.6162614969274,105.19538929713728,6.19615490124291,
PP,Producer Prices,36,Australia,5532,Producer Price (USD/tonne),01324,"Tangerines, mandarins, clementines",2015,2015,7021,Annual value,USD,1151.7,A,Official figure,AUS,False,False,93.0638125181246,96.78279749075053,87.1451487854646,95.87342014077292,89.94109402113435,83.1811851391223,6.56255914980785,
PP,Producer Prices,36,Australia,5532,Producer Price (USD/tonne),01324,"Tangerines, mandarins, clementines",2016,2016,7021,Annual value,USD,1182.0,A,Official figure,AUS,False,False,91.95303704593685,91.10702822067289,82.64832676119045,88.30828905606897,99.44264448193826,111.62342556374044,7.10054987790893,
PP,Producer Prices,36,Australia,5532,Producer Price (USD/tonne),01324,"Tangerines, mandarins, clementines",2017,2017,7021,Annual value,USD,1348.9,A,Official figure,AUS,False,False,97.9325465965461,97.47103081764828,108.01127219003995,90.98426329355082,101.90947584276995,99.11220417429126,6.48222765314289,
PP,Producer Prices,36,Australia,5532,Producer Price (USD/tonne),01324,"Tangerines, mandarins, clementines",2018,2018,7021,Annual value,USD,1604.9,A,Official figure,AUS,False,False,95.75177402259017,94.39851038295467,107.2716875332135,100.82233026984352,87.76107702264312,77.40205315573543,6.52594691958162,
PP,Producer Prices,36,Australia,5532,Producer Price (USD/tonne),01324,"Tangerines, mandarins, clementines",2019,2019,7021,Annual value,USD,1534.9,A,Official figure,AUS,False,False,94.93129436453303,99.4754122501492,102.81578202753263,96.60386371200734,83.23927616454294,78.61501498294437,7.16469389675818,
PP,Producer Prices,36,Australia,5532,Producer Price (USD/tonne),01324,"Tangerines, mandarins, clementines",2020,2020,7021,Annual value,USD,1473.2,A,Official figure,AUS,False,False,98.05250486501859,95.316293513863,101.8142204334863,103.1167289201083,99.44353567977252,79.52871763805308,7.59766516403535,
PP,Producer Prices,36,Australia,5532,Producer Price (USD/tonne),01324,"Tangerines, mandarins, clementines",2021,2021,7021,Annual value,USD,1676.4,A,Official figure,AUS,False,False,125.73406972850047,107.53442746784815,119.59735631930364,131.1533847436843,164.85113256482796,109.33464293018675,6.44421129042264,
PP,Producer Prices,36,Australia,5532,Producer Price (USD/tonne),01324,"Tangerines, mandarins, clementines",2023,2023,7021,Annual value,USD,1233.2,A,Official figure,AUS,False,False,124.51966645168862,114.10852024490974,123.72456940111083,130.87805882527132,126.29144514063518,144.9803113652603,6.12272392365969,
PP,Producer Prices,36,Australia,5532,Producer Price (USD/tonne),01324,"Tangerines, mandarins, clementines",2024,2024,7021,Annual value,USD,1261.5,A,Official figure,AUS,False,False,121.9819961575273,117.25906623977029,129.71297215949022,113.47684568733492,138.06843188494958,125.71292330063521,6.44767390132498,
PP,Producer Prices,36,Australia,5532,Producer Price (USD/tonne),01234,Tomatoes,1991,1991,7021,Annual value,USD,393.4,A,Official figure,AUS,False,False,62.34528439011702,81.47466716487295,45.46032558544059,57.863819886673106,49.00795416086814,55.480617553691815,5.21988857452739,
PP,Producer Prices,36,Australia,5532,Producer Price (USD/tonne),01234,Tomatoes,1992,1992,7021,Annual value,USD,373.8,A,Official figure,AUS,False,False,64.22555868464649,78.38728862271715,54.8015933451503,60.9576514895015,52.991996389394096,56.04274688194544,5.04326421093316,
PP,Producer Prices,36,Australia,5532,Producer Price (USD/tonne),01234,Tomatoes,1993,1993,7021,Annual value,USD,352.9,A,Official figure,AUS,False,False,62.259404847966515,75.01403295972897,48.61651615517863,59.01858803408094,53.966480634247155,62.03019780031652,4.98707923344647,
PP,Producer Prices,36,Australia,5532,Producer Price (USD/tonne),01234,Tomatoes,1994,1994,7021,Annual value,USD,386.8,A,Official figure,AUS,False,False,67.26054679350919,76.29710199787732,47.42020205529957,61.936823654585105,71.86775375736012,74.94370090074824,4.99933415639271,
PP,Producer Prices,36,Australia,5532,Producer Price (USD/tonne),01234,Tomatoes,1995,1995,7021,Annual value,USD,362.5,A,Official figure,AUS,False,False,76.8287850116353,85.24932673337705,62.72510536671231,70.8474665240566,79.95838810789446,82.19981067004032,4.95654793299687,
PP,Producer Prices,36,Australia,5532,Producer Price (USD/tonne),01234,Tomatoes,1996,1996,7021,Annual value,USD,371.7,A,Official figure,AUS,False,False,77.82086308655745,84.34557234442748,61.619550783954395,83.65592765127325,69.93519294281285,73.98962818765723,4.85290173072787,
PP,Producer Prices,36,Australia,5532,Producer Price (USD/tonne),01234,Tomatoes,1997,1997,7021,Annual value,USD,334.0,A,Official figure,AUS,False,False,70.75682380399682,79.31706264103354,59.44728416757198,66.51116723257967,70.68473461622513,70.38581190707349,4.91017735786183,
PP,Producer Prices,36,Australia,5532,Producer Price (USD/tonne),01234,Tomatoes,1998,1998,7021,Annual value,USD,275.8,A,Official figure,AUS,False,False,64.8237651326436,66.27116245186038,55.776184862258724,58.90385220966683,83.88543382429606,55.22279355165295,4.73775638168852,
PP,Producer Prices,36,Australia,5532,Producer Price (USD/tonne),01234,Tomatoes,1999,1999,7021,Annual value,USD,313.6,A,Official figure,AUS,False,False,55.38494745729497,62.42928865091984,48.31192059218944,53.12085523046289,58.22698225943004,38.798878860400684,4.80438445813991,
PP,Producer Prices,36,Australia,5532,Producer Price (USD/tonne),01234,Tomatoes,2000,2000,7021,Annual value,USD,266.1,A,Official figure,AUS,False,False,53.658254311091945,61.295380665724906,54.46468606873116,51.41600714746175,42.89305770905415,50.612781624475126,4.5542072874505,
PP,Producer Prices,36,Australia,5532,Producer Price (USD/tonne),01234,Tomatoes,2001,2001,7021,Annual value,USD,239.0,A,Official figure,AUS,False,False,55.353759430433776,62.905581984538294,60.88469474046613,51.84540600513508,42.481465934354574,53.47099426092313,4.94222006021166,
PP,Producer Prices,36,Australia,5532,Producer Price (USD/tonne),01234,Tomatoes,2002,2002,7021,Annual value,USD,293.4,A,Official figure,AUS,False,False,53.432698046969534,56.102316657369585,46.09884987045724,55.57542707086668,55.144333609249486,42.632850317668414,4.86917660836693,
PP,Producer Prices,36,Australia,5532,Producer Price (USD/tonne),01234,Tomatoes,2003,2003,7021,Annual value,USD,401.4,A,Official figure,AUS,False,False,58.11559303636253,59.31684044946804,54.48407776395476,59.38331088130321,62.630981044686195,43.854657616127014,5.13440054748237,
PP,Producer Prices,36,Australia,5532,Producer Price (USD/tonne),01234,Tomatoes,2004,2004,7021,Annual value,USD,434.6,A,Official figure,AUS,False,False,65.89944729053757,68.6029390549955,69.84888089256499,64.00158065193195,69.61163025660183,44.346000561265534,4.80423147775813,
PP,Producer Prices,36,Australia,5532,Producer Price (USD/tonne),01234,Tomatoes,2005,2005,7021,Annual value,USD,303.9,A,Official figure,AUS,False,False,67.6467997866706,72.57908938487195,77.21006263097178,60.766594200041034,64.39872945308146,61.19575106393876,4.74464612990827,
PP,Producer Prices,36,Australia,5532,Producer Price (USD/tonne),01234,Tomatoes,2006,2006,7021,Annual value,USD,456.3,A,Official figure,AUS,False,False,72.85198153556445,71.39005672414655,73.05336517091054,71.22837696143655,70.5451171722111,91.39314395266837,4.77072459573134,
PP,Producer Prices,36,Australia,5532,Producer Price (USD/tonne),01234,Tomatoes,2007,2007,7021,Annual value,USD,836.8,A,Official figure,AUS,False,False,94.55025065074518,77.75672729408136,122.39946263841763,100.90811631831873,107.3148060387481,62.36914297123817,5.03584938131912,
PP,Producer Prices,36,Australia,5532,Producer Price (USD/tonne),01234,Tomatoes,2008,2008,7021,Annual value,USD,889.1,A,Official figure,AUS,False,False,117.73787331863998,90.84433092873273,132.33661799232738,137.64181782223199,141.07285693456427,79.19536905542518,4.80642380862477,
PP,Producer Prices,36,Australia,5532,Producer Price (USD/tonne),01234,Tomatoes,2009,2009,7021,Annual value,USD,606.0,A,Official figure,AUS,False,False,91.78785298482406,81.60267222893671,91.405730315563,97.1899325654129,94.42735946277953,112.2254832184969,5.59123716369561,
PP,Producer Prices,36,Australia,5532,Producer Price (USD/tonne),01234,Tomatoes,2010,2010,7021,Annual value,USD,673.3,A,Official figure,AUS,False,False,106.87404108388505,91.39347096403203,111.89896716658724,107.49931237044449,121.95018353123997,131.72406046543753,5.30683575119913,
PP,Producer Prices,36,Australia,5532,Producer Price (USD/tonne),01234,Tomatoes,2011,2011,7021,Annual value,USD,1429.7,A,Official figure,AUS,False,False,131.77593256915614,105.02246669637043,129.89070190611824,142.15740841093506,156.4798891014947,160.90057382271044,5.14219569199562,
PP,Producer Prices,36,Australia,5532,Producer Price (USD/tonne),01234,Tomatoes,2012,2012,7021,Annual value,USD,980.5,A,Official figure,AUS,False,False,122.75022327595461,104.69498650707051,111.65677557794167,137.3983528628098,138.30661545629084,133.31863424562349,5.05458500868273,
PP,Producer Prices,36,Australia,5532,Producer Price (USD/tonne),01234,Tomatoes,2013,2013,7021,Annual value,USD,929.7,A,Official figure,AUS,False,False,120.14390446093925,106.21599274087434,140.90691300197804,129.1108717873773,119.49987300357218,109.45334619156017,5.68920960549791,
PP,Producer Prices,36,Australia,5532,Producer Price (USD/tonne),01234,Tomatoes,2014,2014,7021,Annual value,USD,969.0,A,Official figure,AUS,False,False,114.98315043593857,112.11017428857667,130.20652445334494,115.8182908031581,110.6162614969274,105.19538929713728,6.19615490124291,
PP,Producer Prices,36,Australia,5532,Producer Price (USD/tonne),01234,Tomatoes,2015,2015,7021,Annual value,USD,601.0,A,Official figure,AUS,False,False,93.0638125181246,96.78279749075053,87.1451487854646,95.87342014077292,89.94109402113435,83.1811851391223,6.56255914980785,
PP,Producer Prices,36,Australia,5532,Producer Price (USD/tonne),01234,Tomatoes,2016,2016,7021,Annual value,USD,559.0,A,Official figure,AUS,False,False,91.95303704593685,91.10702822067289,82.64832676119045,88.30828905606897,99.44264448193826,111.62342556374044,7.10054987790893,
PP,Producer Prices,36,Australia,5532,Producer Price (USD/tonne),01234,Tomatoes,2017,2017,7021,Annual value,USD,975.7,A,Official figure,AUS,False,False,97.9325465965461,97.47103081764828,108.01127219003995,90.98426329355082,101.90947584276995,99.11220417429126,6.48222765314289,
PP,Producer Prices,36,Australia,5532,Producer Price (USD/tonne),01234,Tomatoes,2018,2018,7021,Annual value,USD,1075.2,A,Official figure,AUS,False,False,95.75177402259017,94.39851038295467,107.2716875332135,100.82233026984352,87.76107702264312,77.40205315573543,6.52594691958162,
PP,Producer Prices,36,Australia,5532,Producer Price (USD/tonne),01234,Tomatoes,2019,2019,7021,Annual value,USD,1010.1,A,Official figure,AUS,False,False,94.93129436453303,99.4754122501492,102.81578202753263,96.60386371200734,83.23927616454294,78.61501498294437,7.16469389675818,
PP,Producer Prices,36,Australia,5532,Producer Price (USD/tonne),01234,Tomatoes,2020,2020,7021,Annual value,USD,1110.1,A,Official figure,AUS,False,False,98.05250486501859,95.316293513863,101.8142204334863,103.1167289201083,99.44353567977252,79.52871763805308,7.59766516403535,
PP,Producer Prices,36,Australia,5532,Producer Price (USD/tonne),01234,Tomatoes,2021,2021,7021,Annual value,USD,1132.4,A,Official figure,AUS,False,False,125.73406972850047,107.53442746784815,119.59735631930364,131.1533847436843,164.85113256482796,109.33464293018675,6.44421129042264,
PP,Producer Prices,36,Australia,5532,Producer Price (USD/tonne),01234,Tomatoes,2023,2023,7021,Annual value,USD,1178.3,A,Official figure,AUS,False,False,124.51966645168862,114.10852024490974,123.72456940111083,130.87805882527132,126.29144514063518,144.9803113652603,6.12272392365969,
PP,Producer Prices,36,Australia,5532,Producer Price (USD/tonne),01234,Tomatoes,2024,2024,7021,Annual value,USD,904.7,A,Official figure,AUS,False,False,121.9819961575273,117.25906623977029,129.71297215949022,113.47684568733492,138.06843188494958,125.71292330063521,6.44767390132498,
PP,Producer Prices,36,Australia,5532,Producer Price (USD/tonne),01191,Triticale,1991,1991,7021,Annual value,USD,97.4,A,Official figure,AUS,False,False,62.34528439011702,81.47466716487295,45.46032558544059,57.863819886673106,49.00795416086814,55.480617553691815,5.21988857452739,
PP,Producer Prices,36,Australia,5532,Producer Price (USD/tonne),01191,Triticale,1992,1992,7021,Annual value,USD,101.3,A,Official figure,AUS,False,False,64.22555868464649,78.38728862271715,54.8015933451503,60.9576514895015,52.991996389394096,56.04274688194544,5.04326421093316,
PP,Producer Prices,36,Australia,5532,Producer Price (USD/tonne),01191,Triticale,1993,1993,7021,Annual value,USD,88.4,A,Official figure,AUS,False,False,62.259404847966515,75.01403295972897,48.61651615517863,59.01858803408094,53.966480634247155,62.03019780031652,4.98707923344647,
PP,Producer Prices,36,Australia,5532,Producer Price (USD/tonne),01191,Triticale,1994,1994,7021,Annual value,USD,96.5,A,Official figure,AUS,False,False,67.26054679350919,76.29710199787732,47.42020205529957,61.936823654585105,71.86775375736012,74.94370090074824,4.99933415639271,
PP,Producer Prices,36,Australia,5532,Producer Price (USD/tonne),01191,Triticale,1995,1995,7021,Annual value,USD,143.8,A,Official figure,AUS,False,False,76.8287850116353,85.24932673337705,62.72510536671231,70.8474665240566,79.95838810789446,82.19981067004032,4.95654793299687,
PP,Producer Prices,36,Australia,5532,Producer Price (USD/tonne),01191,Triticale,1996,1996,7021,Annual value,USD,158.1,A,Official figure,AUS,False,False,77.82086308655745,84.34557234442748,61.619550783954395,83.65592765127325,69.93519294281285,73.98962818765723,4.85290173072787,
PP,Producer Prices,36,Australia,5532,Producer Price (USD/tonne),01191,Triticale,1997,1997,7021,Annual value,USD,117.3,A,Official figure,AUS,False,False,70.75682380399682,79.31706264103354,59.44728416757198,66.51116723257967,70.68473461622513,70.38581190707349,4.91017735786183,
PP,Producer Prices,36,Australia,5532,Producer Price (USD/tonne),01191,Triticale,1998,1998,7021,Annual value,USD,107.4,A,Official figure,AUS,False,False,64.8237651326436,66.27116245186038,55.776184862258724,58.90385220966683,83.88543382429606,55.22279355165295,4.73775638168852,
PP,Producer Prices,36,Australia,5532,Producer Price (USD/tonne),01191,Triticale,1999,1999,7021,Annual value,USD,77.4,A,Official figure,AUS,False,False,55.38494745729497,62.42928865091984,48.31192059218944,53.12085523046289,58.22698225943004,38.798878860400684,4.80438445813991,
PP,Producer Prices,36,Australia,5532,Producer Price (USD/tonne),01191,Triticale,2000,2000,7021,Annual value,USD,73.1,A,Official figure,AUS,False,False,53.658254311091945,61.295380665724906,54.46468606873116,51.41600714746175,42.89305770905415,50.612781624475126,4.5542072874505,
PP,Producer Prices,36,Australia,5532,Producer Price (USD/tonne),01191,Triticale,2001,2001,7021,Annual value,USD,77.6,A,Official figure,AUS,False,False,55.353759430433776,62.905581984538294,60.88469474046613,51.84540600513508,42.481465934354574,53.47099426092313,4.94222006021166,
PP,Producer Prices,36,Australia,5532,Producer Price (USD/tonne),01191,Triticale,2002,2002,7021,Annual value,USD,105.9,A,Official figure,AUS,False,False,53.432698046969534,56.102316657369585,46.09884987045724,55.57542707086668,55.144333609249486,42.632850317668414,4.86917660836693,
PP,Producer Prices,36,Australia,5532,Producer Price (USD/tonne),01191,Triticale,2003,2003,7021,Annual value,USD,167.3,A,Official figure,AUS,False,False,58.11559303636253,59.31684044946804,54.48407776395476,59.38331088130321,62.630981044686195,43.854657616127014,5.13440054748237,
PP,Producer Prices,36,Australia,5532,Producer Price (USD/tonne),01191,Triticale,2004,2004,7021,Annual value,USD,112.5,A,Official figure,AUS,False,False,65.89944729053757,68.6029390549955,69.84888089256499,64.00158065193195,69.61163025660183,44.346000561265534,4.80423147775813,
PP,Producer Prices,36,Australia,5532,Producer Price (USD/tonne),01191,Triticale,2005,2005,7021,Annual value,USD,116.1,A,Official figure,AUS,False,False,67.6467997866706,72.57908938487195,77.21006263097178,60.766594200041034,64.39872945308146,61.19575106393876,4.74464612990827,
PP,Producer Prices,36,Australia,5532,Producer Price (USD/tonne),01191,Triticale,2006,2006,7021,Annual value,USD,107.7,A,Official figure,AUS,False,False,72.85198153556445,71.39005672414655,73.05336517091054,71.22837696143655,70.5451171722111,91.39314395266837,4.77072459573134,
PP,Producer Prices,36,Australia,5532,Producer Price (USD/tonne),01191,Triticale,2007,2007,7021,Annual value,USD,186.6,A,Official figure,AUS,False,False,94.55025065074518,77.75672729408136,122.39946263841763,100.90811631831873,107.3148060387481,62.36914297123817,5.03584938131912,
PP,Producer Prices,36,Australia,5532,Producer Price (USD/tonne),01191,Triticale,2009,2009,7021,Annual value,USD,200.4,A,Official figure,AUS,False,False,91.78785298482406,81.60267222893671,91.405730315563,97.1899325654129,94.42735946277953,112.2254832184969,5.59123716369561,
PP,Producer Prices,36,Australia,5532,Producer Price (USD/tonne),01191,Triticale,2011,2011,7021,Annual value,USD,189.8,A,Official figure,AUS,False,False,131.77593256915614,105.02246669637043,129.89070190611824,142.15740841093506,156.4798891014947,160.90057382271044,5.14219569199562,
PP,Producer Prices,36,Australia,5532,Producer Price (USD/tonne),01191,Triticale,2012,2012,7021,Annual value,USD,182.2,A,Official figure,AUS,False,False,122.75022327595461,104.69498650707051,111.65677557794167,137.3983528628098,138.30661545629084,133.31863424562349,5.05458500868273,
PP,Producer Prices,36,Australia,5532,Producer Price (USD/tonne),01191,Triticale,2013,2013,7021,Annual value,USD,240.4,A,Official figure,AUS,False,False,120.14390446093925,106.21599274087434,140.90691300197804,129.1108717873773,119.49987300357218,109.45334619156017,5.68920960549791,
PP,Producer Prices,36,Australia,5532,Producer Price (USD/tonne),01191,Triticale,2014,2014,7021,Annual value,USD,232.6,A,Official figure,AUS,False,False,114.98315043593857,112.11017428857667,130.20652445334494,115.8182908031581,110.6162614969274,105.19538929713728,6.19615490124291,
PP,Producer Prices,36,Australia,5532,Producer Price (USD/tonne),01191,Triticale,2015,2015,7021,Annual value,USD,192.3,A,Official figure,AUS,False,False,93.0638125181246,96.78279749075053,87.1451487854646,95.87342014077292,89.94109402113435,83.1811851391223,6.56255914980785,
PP,Producer Prices,36,Australia,5532,Producer Price (USD/tonne),01191,Triticale,2016,2016,7021,Annual value,USD,184.4,A,Official figure,AUS,False,False,91.95303704593685,91.10702822067289,82.64832676119045,88.30828905606897,99.44264448193826,111.62342556374044,7.10054987790893,
PP,Producer Prices,36,Australia,5532,Producer Price (USD/tonne),01191,Triticale,2017,2017,7021,Annual value,USD,136.4,A,Official figure,AUS,False,False,97.9325465965461,97.47103081764828,108.01127219003995,90.98426329355082,101.90947584276995,99.11220417429126,6.48222765314289,
PP,Producer Prices,36,Australia,5532,Producer Price (USD/tonne),01191,Triticale,2018,2018,7021,Annual value,USD,175.6,A,Official figure,AUS,False,False,95.75177402259017,94.39851038295467,107.2716875332135,100.82233026984352,87.76107702264312,77.40205315573543,6.52594691958162,
PP,Producer Prices,36,Australia,5532,Producer Price (USD/tonne),01191,Triticale,2019,2019,7021,Annual value,USD,246.8,A,Official figure,AUS,False,False,94.93129436453303,99.4754122501492,102.81578202753263,96.60386371200734,83.23927616454294,78.61501498294437,7.16469389675818,
PP,Producer Prices,36,Australia,5532,Producer Price (USD/tonne),01970,Unmanufactured tobacco,1991,1991,7021,Annual value,USD,4817.1,A,Official figure,AUS,False,False,62.34528439011702,81.47466716487295,45.46032558544059,57.863819886673106,49.00795416086814,55.480617553691815,5.21988857452739,
PP,Producer Prices,36,Australia,5532,Producer Price (USD/tonne),01970,Unmanufactured tobacco,1992,1992,7021,Annual value,USD,4512.2,A,Official figure,AUS,False,False,64.22555868464649,78.38728862271715,54.8015933451503,60.9576514895015,52.991996389394096,56.04274688194544,5.04326421093316,
PP,Producer Prices,36,Australia,5532,Producer Price (USD/tonne),01970,Unmanufactured tobacco,1993,1993,7021,Annual value,USD,4207.9,A,Official figure,AUS,False,False,62.259404847966515,75.01403295972897,48.61651615517863,59.01858803408094,53.966480634247155,62.03019780031652,4.98707923344647,
PP,Producer Prices,36,Australia,5532,Producer Price (USD/tonne),01970,Unmanufactured tobacco,1994,1994,7021,Annual value,USD,4413.1,A,Official figure,AUS,False,False,67.26054679350919,76.29710199787732,47.42020205529957,61.936823654585105,71.86775375736012,74.94370090074824,4.99933415639271,
PP,Producer Prices,36,Australia,5532,Producer Price (USD/tonne),01970,Unmanufactured tobacco,1995,1995,7021,Annual value,USD,4337.2,A,Official figure,AUS,False,False,76.8287850116353,85.24932673337705,62.72510536671231,70.8474665240566,79.95838810789446,82.19981067004032,4.95654793299687,
PP,Producer Prices,36,Australia,5532,Producer Price (USD/tonne),01970,Unmanufactured tobacco,1996,1996,7021,Annual value,USD,4599.9,A,Official figure,AUS,False,False,77.82086308655745,84.34557234442748,61.619550783954395,83.65592765127325,69.93519294281285,73.98962818765723,4.85290173072787,
PP,Producer Prices,36,Australia,5532,Producer Price (USD/tonne),01970,Unmanufactured tobacco,1997,1997,7021,Annual value,USD,4453.1,A,Official figure,AUS,False,False,70.75682380399682,79.31706264103354,59.44728416757198,66.51116723257967,70.68473461622513,70.38581190707349,4.91017735786183,
PP,Producer Prices,36,Australia,5532,Producer Price (USD/tonne),01970,Unmanufactured tobacco,1998,1998,7021,Annual value,USD,3668.7,A,Official figure,AUS,False,False,64.8237651326436,66.27116245186038,55.776184862258724,58.90385220966683,83.88543382429606,55.22279355165295,4.73775638168852,
PP,Producer Prices,36,Australia,5532,Producer Price (USD/tonne),01970,Unmanufactured tobacco,1999,1999,7021,Annual value,USD,3845.3,A,Official figure,AUS,False,False,55.38494745729497,62.42928865091984,48.31192059218944,53.12085523046289,58.22698225943004,38.798878860400684,4.80438445813991,
PP,Producer Prices,36,Australia,5532,Producer Price (USD/tonne),01970,Unmanufactured tobacco,2000,2000,7021,Annual value,USD,3629.4,A,Official figure,AUS,False,False,53.658254311091945,61.295380665724906,54.46468606873116,51.41600714746175,42.89305770905415,50.612781624475126,4.5542072874505,
PP,Producer Prices,36,Australia,5532,Producer Price (USD/tonne),01970,Unmanufactured tobacco,2001,2001,7021,Annual value,USD,3372.2,A,Official figure,AUS,False,False,55.353759430433776,62.905581984538294,60.88469474046613,51.84540600513508,42.481465934354574,53.47099426092313,4.94222006021166,
PP,Producer Prices,36,Australia,5532,Producer Price (USD/tonne),01970,Unmanufactured tobacco,2002,2002,7021,Annual value,USD,3477.2,A,Official figure,AUS,False,False,53.432698046969534,56.102316657369585,46.09884987045724,55.57542707086668,55.144333609249486,42.632850317668414,4.86917660836693,
PP,Producer Prices,36,Australia,5532,Producer Price (USD/tonne),01970,Unmanufactured tobacco,2003,2003,7021,Annual value,USD,4157.2,A,Official figure,AUS,False,False,58.11559303636253,59.31684044946804,54.48407776395476,59.38331088130321,62.630981044686195,43.854657616127014,5.13440054748237,
PP,Producer Prices,36,Australia,5532,Producer Price (USD/tonne),01970,Unmanufactured tobacco,2004,2004,7021,Annual value,USD,4780.3,A,Official figure,AUS,False,False,65.89944729053757,68.6029390549955,69.84888089256499,64.00158065193195,69.61163025660183,44.346000561265534,4.80423147775813,
PP,Producer Prices,36,Australia,5532,Producer Price (USD/tonne),01970,Unmanufactured tobacco,2005,2005,7021,Annual value,USD,5895.5,A,Official figure,AUS,False,False,67.6467997866706,72.57908938487195,77.21006263097178,60.766594200041034,64.39872945308146,61.19575106393876,4.74464612990827,
PP,Producer Prices,36,Australia,5532,Producer Price (USD/tonne),01970,Unmanufactured tobacco,2006,2006,7021,Annual value,USD,5813.4,A,Official figure,AUS,False,False,72.85198153556445,71.39005672414655,73.05336517091054,71.22837696143655,70.5451171722111,91.39314395266837,4.77072459573134,
PP,Producer Prices,36,Australia,5532,Producer Price (USD/tonne),01709.01,Vetches,1992,1992,7021,Annual value,USD,491.3,A,Official figure,AUS,False,False,64.22555868464649,78.38728862271715,54.8015933451503,60.9576514895015,52.991996389394096,56.04274688194544,5.04326421093316,
PP,Producer Prices,36,Australia,5532,Producer Price (USD/tonne),01709.01,Vetches,1993,1993,7021,Annual value,USD,616.1,A,Official figure,AUS,False,False,62.259404847966515,75.01403295972897,48.61651615517863,59.01858803408094,53.966480634247155,62.03019780031652,4.98707923344647,
PP,Producer Prices,36,Australia,5532,Producer Price (USD/tonne),01709.01,Vetches,1994,1994,7021,Annual value,USD,329.0,A,Official figure,AUS,False,False,67.26054679350919,76.29710199787732,47.42020205529957,61.936823654585105,71.86775375736012,74.94370090074824,4.99933415639271,
PP,Producer Prices,36,Australia,5532,Producer Price (USD/tonne),01709.01,Vetches,1995,1995,7021,Annual value,USD,326.2,A,Official figure,AUS,False,False,76.8287850116353,85.24932673337705,62.72510536671231,70.8474665240566,79.95838810789446,82.19981067004032,4.95654793299687,
PP,Producer Prices,36,Australia,5532,Producer Price (USD/tonne),01709.01,Vetches,1996,1996,7021,Annual value,USD,352.2,A,Official figure,AUS,False,False,77.82086308655745,84.34557234442748,61.619550783954395,83.65592765127325,69.93519294281285,73.98962818765723,4.85290173072787,
PP,Producer Prices,36,Australia,5532,Producer Price (USD/tonne),01709.01,Vetches,1997,1997,7021,Annual value,USD,215.2,A,Official figure,AUS,False,False,70.75682380399682,79.31706264103354,59.44728416757198,66.51116723257967,70.68473461622513,70.38581190707349,4.91017735786183,
PP,Producer Prices,36,Australia,5532,Producer Price (USD/tonne),01709.01,Vetches,1998,1998,7021,Annual value,USD,213.6,A,Official figure,AUS,False,False,64.8237651326436,66.27116245186038,55.776184862258724,58.90385220966683,83.88543382429606,55.22279355165295,4.73775638168852,
PP,Producer Prices,36,Australia,5532,Producer Price (USD/tonne),01709.01,Vetches,1999,1999,7021,Annual value,USD,167.7,A,Official figure,AUS,False,False,55.38494745729497,62.42928865091984,48.31192059218944,53.12085523046289,58.22698225943004,38.798878860400684,4.80438445813991,
PP,Producer Prices,36,Australia,5532,Producer Price (USD/tonne),01709.01,Vetches,2000,2000,7021,Annual value,USD,144.9,A,Official figure,AUS,False,False,53.658254311091945,61.295380665724906,54.46468606873116,51.41600714746175,42.89305770905415,50.612781624475126,4.5542072874505,
PP,Producer Prices,36,Australia,5532,Producer Price (USD/tonne),01709.01,Vetches,2001,2001,7021,Annual value,USD,191.4,A,Official figure,AUS,False,False,55.353759430433776,62.905581984538294,60.88469474046613,51.84540600513508,42.481465934354574,53.47099426092313,4.94222006021166,
PP,Producer Prices,36,Australia,5532,Producer Price (USD/tonne),01709.01,Vetches,2002,2002,7021,Annual value,USD,163.0,A,Official figure,AUS,False,False,53.432698046969534,56.102316657369585,46.09884987045724,55.57542707086668,55.144333609249486,42.632850317668414,4.86917660836693,
PP,Producer Prices,36,Australia,5532,Producer Price (USD/tonne),01709.01,Vetches,2003,2003,7021,Annual value,USD,259.4,A,Official figure,AUS,False,False,58.11559303636253,59.31684044946804,54.48407776395476,59.38331088130321,62.630981044686195,43.854657616127014,5.13440054748237,
PP,Producer Prices,36,Australia,5532,Producer Price (USD/tonne),01709.01,Vetches,2004,2004,7021,Annual value,USD,251.5,A,Official figure,AUS,False,False,65.89944729053757,68.6029390549955,69.84888089256499,64.00158065193195,69.61163025660183,44.346000561265534,4.80423147775813,
PP,Producer Prices,36,Australia,5532,Producer Price (USD/tonne),01709.01,Vetches,2005,2005,7021,Annual value,USD,292.5,A,Official figure,AUS,False,False,67.6467997866706,72.57908938487195,77.21006263097178,60.766594200041034,64.39872945308146,61.19575106393876,4.74464612990827,
PP,Producer Prices,36,Australia,5532,Producer Price (USD/tonne),01709.01,Vetches,2006,2006,7021,Annual value,USD,173.2,A,Official figure,AUS,False,False,72.85198153556445,71.39005672414655,73.05336517091054,71.22837696143655,70.5451171722111,91.39314395266837,4.77072459573134,
PP,Producer Prices,36,Australia,5532,Producer Price (USD/tonne),01709.01,Vetches,2007,2007,7021,Annual value,USD,343.1,A,Official figure,AUS,False,False,94.55025065074518,77.75672729408136,122.39946263841763,100.90811631831873,107.3148060387481,62.36914297123817,5.03584938131912,
PP,Producer Prices,36,Australia,5532,Producer Price (USD/tonne),01709.01,Vetches,2009,2009,7021,Annual value,USD,327.6,A,Official figure,AUS,False,False,91.78785298482406,81.60267222893671,91.405730315563,97.1899325654129,94.42735946277953,112.2254832184969,5.59123716369561,
PP,Producer Prices,36,Australia,5532,Producer Price (USD/tonne),01709.01,Vetches,2011,2011,7021,Annual value,USD,340.4,A,Official figure,AUS,False,False,131.77593256915614,105.02246669637043,129.89070190611824,142.15740841093506,156.4798891014947,160.90057382271044,5.14219569199562,
PP,Producer Prices,36,Australia,5532,Producer Price (USD/tonne),01376,"Walnuts, in shell",1991,1991,7021,Annual value,USD,2556.6,A,Official figure,AUS,False,False,62.34528439011702,81.47466716487295,45.46032558544059,57.863819886673106,49.00795416086814,55.480617553691815,5.21988857452739,
PP,Producer Prices,36,Australia,5532,Producer Price (USD/tonne),01376,"Walnuts, in shell",1992,1992,7021,Annual value,USD,2318.5,A,Official figure,AUS,False,False,64.22555868464649,78.38728862271715,54.8015933451503,60.9576514895015,52.991996389394096,56.04274688194544,5.04326421093316,
PP,Producer Prices,36,Australia,5532,Producer Price (USD/tonne),01376,"Walnuts, in shell",1993,1993,7021,Annual value,USD,2142.7,A,Official figure,AUS,False,False,62.259404847966515,75.01403295972897,48.61651615517863,59.01858803408094,53.966480634247155,62.03019780031652,4.98707923344647,
PP,Producer Prices,36,Australia,5532,Producer Price (USD/tonne),01376,"Walnuts, in shell",1994,1994,7021,Annual value,USD,2805.3,A,Official figure,AUS,False,False,67.26054679350919,76.29710199787732,47.42020205529957,61.936823654585105,71.86775375736012,74.94370090074824,4.99933415639271,
PP,Producer Prices,36,Australia,5532,Producer Price (USD/tonne),01376,"Walnuts, in shell",1995,1995,7021,Annual value,USD,2843.5,A,Official figure,AUS,False,False,76.8287850116353,85.24932673337705,62.72510536671231,70.8474665240566,79.95838810789446,82.19981067004032,4.95654793299687,
PP,Producer Prices,36,Australia,5532,Producer Price (USD/tonne),01376,"Walnuts, in shell",1996,1996,7021,Annual value,USD,2973.7,X,Figure from external organization,AUS,True,False,77.82086308655745,84.34557234442748,61.619550783954395,83.65592765127325,69.93519294281285,73.98962818765723,4.85290173072787,
PP,Producer Prices,36,Australia,5532,Producer Price (USD/tonne),01376,"Walnuts, in shell",1997,1997,7021,Annual value,USD,2820.3,X,Figure from external organization,AUS,True,False,70.75682380399682,79.31706264103354,59.44728416757198,66.51116723257967,70.68473461622513,70.38581190707349,4.91017735786183,
PP,Producer Prices,36,Australia,5532,Producer Price (USD/tonne),01376,"Walnuts, in shell",1998,1998,7021,Annual value,USD,2255.3,A,Official figure,AUS,False,False,64.8237651326436,66.27116245186038,55.776184862258724,58.90385220966683,83.88543382429606,55.22279355165295,4.73775638168852,
PP,Producer Prices,36,Australia,5532,Producer Price (USD/tonne),01376,"Walnuts, in shell",1999,1999,7021,Annual value,USD,3109.8,A,Official figure,AUS,False,False,55.38494745729497,62.42928865091984,48.31192059218944,53.12085523046289,58.22698225943004,38.798878860400684,4.80438445813991,
PP,Producer Prices,36,Australia,5532,Producer Price (USD/tonne),01376,"Walnuts, in shell",2000,2000,7021,Annual value,USD,2765.5,X,Figure from external organization,AUS,True,False,53.658254311091945,61.295380665724906,54.46468606873116,51.41600714746175,42.89305770905415,50.612781624475126,4.5542072874505,
PP,Producer Prices,36,Australia,5532,Producer Price (USD/tonne),01376,"Walnuts, in shell",2001,2001,7021,Annual value,USD,2482.6,A,Official figure,AUS,False,False,55.353759430433776,62.905581984538294,60.88469474046613,51.84540600513508,42.481465934354574,53.47099426092313,4.94222006021166,
PP,Producer Prices,36,Australia,5532,Producer Price (USD/tonne),01376,"Walnuts, in shell",2002,2002,7021,Annual value,USD,2499.2,A,Official figure,AUS,False,False,53.432698046969534,56.102316657369585,46.09884987045724,55.57542707086668,55.144333609249486,42.632850317668414,4.86917660836693,
PP,Producer Prices,36,Australia,5532,Producer Price (USD/tonne),01376,"Walnuts, in shell",2003,2003,7021,Annual value,USD,2451.5,A,Official figure,AUS,False,False,58.11559303636253,59.31684044946804,54.48407776395476,59.38331088130321,62.630981044686195,43.854657616127014,5.13440054748237,
PP,Producer Prices,36,Australia,5532,Producer Price (USD/tonne),01376,"Walnuts, in shell",2004,2004,7021,Annual value,USD,3113.8,A,Official figure,AUS,False,False,65.89944729053757,68.6029390549955,69.84888089256499,64.00158065193195,69.61163025660183,44.346000561265534,4.80423147775813,
PP,Producer Prices,36,Australia,5532,Producer Price (USD/tonne),01376,"Walnuts, in shell",2005,2005,7021,Annual value,USD,2675.9,A,Official figure,AUS,False,False,67.6467997866706,72.57908938487195,77.21006263097178,60.766594200041034,64.39872945308146,61.19575106393876,4.74464612990827,
PP,Producer Prices,36,Australia,5532,Producer Price (USD/tonne),01376,"Walnuts, in shell",2006,2006,7021,Annual value,USD,2545.2,A,Official figure,AUS,False,False,72.85198153556445,71.39005672414655,73.05336517091054,71.22837696143655,70.5451171722111,91.39314395266837,4.77072459573134,
PP,Producer Prices,36,Australia,5532,Producer Price (USD/tonne),01376,"Walnuts, in shell",2007,2007,7021,Annual value,USD,2828.3,A,Official figure,AUS,False,False,94.55025065074518,77.75672729408136,122.39946263841763,100.90811631831873,107.3148060387481,62.36914297123817,5.03584938131912,
PP,Producer Prices,36,Australia,5532,Producer Price (USD/tonne),01376,"Walnuts, in shell",2009,2009,7021,Annual value,USD,3377.0,A,Official figure,AUS,False,False,91.78785298482406,81.60267222893671,91.405730315563,97.1899325654129,94.42735946277953,112.2254832184969,5.59123716369561,
PP,Producer Prices,36,Australia,5532,Producer Price (USD/tonne),01376,"Walnuts, in shell",2011,2011,7021,Annual value,USD,6106.5,A,Official figure,AUS,False,True,131.77593256915614,105.02246669637043,129.89070190611824,142.15740841093506,156.4798891014947,160.90057382271044,5.14219569199562,
PP,Producer Prices,36,Australia,5532,Producer Price (USD/tonne),01376,"Walnuts, in shell",2023,2023,7021,Annual value,USD,1685.8,A,Official figure,AUS,False,False,124.51966645168862,114.10852024490974,123.72456940111083,130.87805882527132,126.29144514063518,144.9803113652603,6.12272392365969,
PP,Producer Prices,36,Australia,5532,Producer Price (USD/tonne),01376,"Walnuts, in shell",2024,2024,7021,Annual value,USD,2249.2,A,Official figure,AUS,False,False,121.9819961575273,117.25906623977029,129.71297215949022,113.47684568733492,138.06843188494958,125.71292330063521,6.44767390132498,
PP,Producer Prices,36,Australia,5532,Producer Price (USD/tonne),01221,Watermelons,1991,1991,7021,Annual value,USD,309.2,A,Official figure,AUS,False,False,62.34528439011702,81.47466716487295,45.46032558544059,57.863819886673106,49.00795416086814,55.480617553691815,5.21988857452739,
PP,Producer Prices,36,Australia,5532,Producer Price (USD/tonne),01221,Watermelons,1992,1992,7021,Annual value,USD,235.7,A,Official figure,AUS,False,False,64.22555868464649,78.38728862271715,54.8015933451503,60.9576514895015,52.991996389394096,56.04274688194544,5.04326421093316,
PP,Producer Prices,36,Australia,5532,Producer Price (USD/tonne),01221,Watermelons,1993,1993,7021,Annual value,USD,238.0,A,Official figure,AUS,False,False,62.259404847966515,75.01403295972897,48.61651615517863,59.01858803408094,53.966480634247155,62.03019780031652,4.98707923344647,
PP,Producer Prices,36,Australia,5532,Producer Price (USD/tonne),01221,Watermelons,1994,1994,7021,Annual value,USD,277.1,A,Official figure,AUS,False,False,67.26054679350919,76.29710199787732,47.42020205529957,61.936823654585105,71.86775375736012,74.94370090074824,4.99933415639271,
PP,Producer Prices,36,Australia,5532,Producer Price (USD/tonne),01221,Watermelons,1995,1995,7021,Annual value,USD,240.2,A,Official figure,AUS,False,False,76.8287850116353,85.24932673337705,62.72510536671231,70.8474665240566,79.95838810789446,82.19981067004032,4.95654793299687,
PP,Producer Prices,36,Australia,5532,Producer Price (USD/tonne),01221,Watermelons,1996,1996,7021,Annual value,USD,200.3,A,Official figure,AUS,False,False,77.82086308655745,84.34557234442748,61.619550783954395,83.65592765127325,69.93519294281285,73.98962818765723,4.85290173072787,
PP,Producer Prices,36,Australia,5532,Producer Price (USD/tonne),01221,Watermelons,1997,1997,7021,Annual value,USD,256.1,A,Official figure,AUS,False,False,70.75682380399682,79.31706264103354,59.44728416757198,66.51116723257967,70.68473461622513,70.38581190707349,4.91017735786183,
PP,Producer Prices,36,Australia,5532,Producer Price (USD/tonne),01221,Watermelons,1998,1998,7021,Annual value,USD,231.8,A,Official figure,AUS,False,False,64.8237651326436,66.27116245186038,55.776184862258724,58.90385220966683,83.88543382429606,55.22279355165295,4.73775638168852,
PP,Producer Prices,36,Australia,5532,Producer Price (USD/tonne),01221,Watermelons,1999,1999,7021,Annual value,USD,318.1,A,Official figure,AUS,False,False,55.38494745729497,62.42928865091984,48.31192059218944,53.12085523046289,58.22698225943004,38.798878860400684,4.80438445813991,
PP,Producer Prices,36,Australia,5532,Producer Price (USD/tonne),01221,Watermelons,2000,2000,7021,Annual value,USD,234.8,A,Official figure,AUS,False,False,53.658254311091945,61.295380665724906,54.46468606873116,51.41600714746175,42.89305770905415,50.612781624475126,4.5542072874505,
PP,Producer Prices,36,Australia,5532,Producer Price (USD/tonne),01221,Watermelons,2001,2001,7021,Annual value,USD,247.7,A,Official figure,AUS,False,False,55.353759430433776,62.905581984538294,60.88469474046613,51.84540600513508,42.481465934354574,53.47099426092313,4.94222006021166,
PP,Producer Prices,36,Australia,5532,Producer Price (USD/tonne),01221,Watermelons,2002,2002,7021,Annual value,USD,270.0,A,Official figure,AUS,False,False,53.432698046969534,56.102316657369585,46.09884987045724,55.57542707086668,55.144333609249486,42.632850317668414,4.86917660836693,
PP,Producer Prices,36,Australia,5532,Producer Price (USD/tonne),01221,Watermelons,2003,2003,7021,Annual value,USD,335.3,A,Official figure,AUS,False,False,58.11559303636253,59.31684044946804,54.48407776395476,59.38331088130321,62.630981044686195,43.854657616127014,5.13440054748237,
PP,Producer Prices,36,Australia,5532,Producer Price (USD/tonne),01221,Watermelons,2004,2004,7021,Annual value,USD,421.4,A,Official figure,AUS,False,False,65.89944729053757,68.6029390549955,69.84888089256499,64.00158065193195,69.61163025660183,44.346000561265534,4.80423147775813,
PP,Producer Prices,36,Australia,5532,Producer Price (USD/tonne),01221,Watermelons,2005,2005,7021,Annual value,USD,493.3,A,Official figure,AUS,False,False,67.6467997866706,72.57908938487195,77.21006263097178,60.766594200041034,64.39872945308146,61.19575106393876,4.74464612990827,
PP,Producer Prices,36,Australia,5532,Producer Price (USD/tonne),01221,Watermelons,2006,2006,7021,Annual value,USD,402.1,A,Official figure,AUS,False,False,72.85198153556445,71.39005672414655,73.05336517091054,71.22837696143655,70.5451171722111,91.39314395266837,4.77072459573134,
PP,Producer Prices,36,Australia,5532,Producer Price (USD/tonne),01221,Watermelons,2007,2007,7021,Annual value,USD,610.8,A,Official figure,AUS,False,False,94.55025065074518,77.75672729408136,122.39946263841763,100.90811631831873,107.3148060387481,62.36914297123817,5.03584938131912,
PP,Producer Prices,36,Australia,5532,Producer Price (USD/tonne),01221,Watermelons,2008,2008,7021,Annual value,USD,510.0,A,Official figure,AUS,False,False,117.73787331863998,90.84433092873273,132.33661799232738,137.64181782223199,141.07285693456427,79.19536905542518,4.80642380862477,
PP,Producer Prices,36,Australia,5532,Producer Price (USD/tonne),01221,Watermelons,2009,2009,7021,Annual value,USD,560.0,A,Official figure,AUS,False,False,91.78785298482406,81.60267222893671,91.405730315563,97.1899325654129,94.42735946277953,112.2254832184969,5.59123716369561,
PP,Producer Prices,36,Australia,5532,Producer Price (USD/tonne),01221,Watermelons,2023,2023,7021,Annual value,USD,634.6,A,Official figure,AUS,False,False,124.51966645168862,114.10852024490974,123.72456940111083,130.87805882527132,126.29144514063518,144.9803113652603,6.12272392365969,
PP,Producer Prices,36,Australia,5532,Producer Price (USD/tonne),01221,Watermelons,2024,2024,7021,Annual value,USD,608.9,A,Official figure,AUS,False,False,121.9819961575273,117.25906623977029,129.71297215949022,113.47684568733492,138.06843188494958,125.71292330063521,6.44767390132498,
PP,Producer Prices,36,Australia,5532,Producer Price (USD/tonne),0111,Wheat,1991,1991,7021,Annual value,USD,102.8,A,Official figure,AUS,False,False,62.34528439011702,81.47466716487295,45.46032558544059,57.863819886673106,49.00795416086814,55.480617553691815,5.21988857452739,
PP,Producer Prices,36,Australia,5532,Producer Price (USD/tonne),0111,Wheat,1992,1992,7021,Annual value,USD,146.1,A,Official figure,AUS,False,False,64.22555868464649,78.38728862271715,54.8015933451503,60.9576514895015,52.991996389394096,56.04274688194544,5.04326421093316,
PP,Producer Prices,36,Australia,5532,Producer Price (USD/tonne),0111,Wheat,1993,1993,7021,Annual value,USD,123.1,A,Official figure,AUS,False,False,62.259404847966515,75.01403295972897,48.61651615517863,59.01858803408094,53.966480634247155,62.03019780031652,4.98707923344647,
PP,Producer Prices,36,Australia,5532,Producer Price (USD/tonne),0111,Wheat,1994,1994,7021,Annual value,USD,127.2,A,Official figure,AUS,False,False,67.26054679350919,76.29710199787732,47.42020205529957,61.936823654585105,71.86775375736012,74.94370090074824,4.99933415639271,
PP,Producer Prices,36,Australia,5532,Producer Price (USD/tonne),0111,Wheat,1995,1995,7021,Annual value,USD,175.7,A,Official figure,AUS,False,False,76.8287850116353,85.24932673337705,62.72510536671231,70.8474665240566,79.95838810789446,82.19981067004032,4.95654793299687,
PP,Producer Prices,36,Australia,5532,Producer Price (USD/tonne),0111,Wheat,1996,1996,7021,Annual value,USD,203.5,A,Official figure,AUS,False,False,77.82086308655745,84.34557234442748,61.619550783954395,83.65592765127325,69.93519294281285,73.98962818765723,4.85290173072787,
PP,Producer Prices,36,Australia,5532,Producer Price (USD/tonne),0111,Wheat,1997,1997,7021,Annual value,USD,157.3,A,Official figure,AUS,False,False,70.75682380399682,79.31706264103354,59.44728416757198,66.51116723257967,70.68473461622513,70.38581190707349,4.91017735786183,
PP,Producer Prices,36,Australia,5532,Producer Price (USD/tonne),0111,Wheat,1998,1998,7021,Annual value,USD,124.4,A,Official figure,AUS,False,False,64.8237651326436,66.27116245186038,55.776184862258724,58.90385220966683,83.88543382429606,55.22279355165295,4.73775638168852,
PP,Producer Prices,36,Australia,5532,Producer Price (USD/tonne),0111,Wheat,1999,1999,7021,Annual value,USD,120.6,A,Official figure,AUS,False,False,55.38494745729497,62.42928865091984,48.31192059218944,53.12085523046289,58.22698225943004,38.798878860400684,4.80438445813991,
PP,Producer Prices,36,Australia,5532,Producer Price (USD/tonne),0111,Wheat,2000,2000,7021,Annual value,USD,113.1,A,Official figure,AUS,False,False,53.658254311091945,61.295380665724906,54.46468606873116,51.41600714746175,42.89305770905415,50.612781624475126,4.5542072874505,
PP,Producer Prices,36,Australia,5532,Producer Price (USD/tonne),0111,Wheat,2001,2001,7021,Annual value,USD,120.0,A,Official figure,AUS,False,False,55.353759430433776,62.905581984538294,60.88469474046613,51.84540600513508,42.481465934354574,53.47099426092313,4.94222006021166,
PP,Producer Prices,36,Australia,5532,Producer Price (USD/tonne),0111,Wheat,2002,2002,7021,Annual value,USD,142.3,A,Official figure,AUS,False,False,53.432698046969534,56.102316657369585,46.09884987045724,55.57542707086668,55.144333609249486,42.632850317668414,4.86917660836693,
PP,Producer Prices,36,Australia,5532,Producer Price (USD/tonne),0111,Wheat,2003,2003,7021,Annual value,USD,172.5,A,Official figure,AUS,False,False,58.11559303636253,59.31684044946804,54.48407776395476,59.38331088130321,62.630981044686195,43.854657616127014,5.13440054748237,
PP,Producer Prices,36,Australia,5532,Producer Price (USD/tonne),0111,Wheat,2004,2004,7021,Annual value,USD,158.9,A,Official figure,AUS,False,False,65.89944729053757,68.6029390549955,69.84888089256499,64.00158065193195,69.61163025660183,44.346000561265534,4.80423147775813,
PP,Producer Prices,36,Australia,5532,Producer Price (USD/tonne),0111,Wheat,2005,2005,7021,Annual value,USD,150.4,A,Official figure,AUS,False,False,67.6467997866706,72.57908938487195,77.21006263097178,60.766594200041034,64.39872945308146,61.19575106393876,4.74464612990827,
PP,Producer Prices,36,Australia,5532,Producer Price (USD/tonne),0111,Wheat,2006,2006,7021,Annual value,USD,152.9,A,Official figure,AUS,False,False,72.85198153556445,71.39005672414655,73.05336517091054,71.22837696143655,70.5451171722111,91.39314395266837,4.77072459573134,
PP,Producer Prices,36,Australia,5532,Producer Price (USD/tonne),0111,Wheat,2007,2007,7021,Annual value,USD,202.5,A,Official figure,AUS,False,False,94.55025065074518,77.75672729408136,122.39946263841763,100.90811631831873,107.3148060387481,62.36914297123817,5.03584938131912,
PP,Producer Prices,36,Australia,5532,Producer Price (USD/tonne),0111,Wheat,2008,2008,7021,Annual value,USD,327.1,A,Official figure,AUS,False,False,117.73787331863998,90.84433092873273,132.33661799232738,137.64181782223199,141.07285693456427,79.19536905542518,4.80642380862477,
PP,Producer Prices,36,Australia,5532,Producer Price (USD/tonne),0111,Wheat,2009,2009,7021,Annual value,USD,219.2,A,Official figure,AUS,False,False,91.78785298482406,81.60267222893671,91.405730315563,97.1899325654129,94.42735946277953,112.2254832184969,5.59123716369561,
PP,Producer Prices,36,Australia,5532,Producer Price (USD/tonne),0111,Wheat,2010,2010,7021,Annual value,USD,200.0,A,Official figure,AUS,False,False,106.87404108388505,91.39347096403203,111.89896716658724,107.49931237044449,121.95018353123997,131.72406046543753,5.30683575119913,
PP,Producer Prices,36,Australia,5532,Producer Price (USD/tonne),0111,Wheat,2011,2011,7021,Annual value,USD,265.1,A,Official figure,AUS,False,False,131.77593256915614,105.02246669637043,129.89070190611824,142.15740841093506,156.4798891014947,160.90057382271044,5.14219569199562,
PP,Producer Prices,36,Australia,5532,Producer Price (USD/tonne),0111,Wheat,2012,2012,7021,Annual value,USD,235.0,A,Official figure,AUS,False,False,122.75022327595461,104.69498650707051,111.65677557794167,137.3983528628098,138.30661545629084,133.31863424562349,5.05458500868273,
PP,Producer Prices,36,Australia,5532,Producer Price (USD/tonne),0111,Wheat,2013,2013,7021,Annual value,USD,302.2,A,Official figure,AUS,False,False,120.14390446093925,106.21599274087434,140.90691300197804,129.1108717873773,119.49987300357218,109.45334619156017,5.68920960549791,
PP,Producer Prices,36,Australia,5532,Producer Price (USD/tonne),0111,Wheat,2014,2014,7021,Annual value,USD,284.8,A,Official figure,AUS,False,False,114.98315043593857,112.11017428857667,130.20652445334494,115.8182908031581,110.6162614969274,105.19538929713728,6.19615490124291,
PP,Producer Prices,36,Australia,5532,Producer Price (USD/tonne),0111,Wheat,2015,2015,7021,Annual value,USD,225.4,A,Official figure,AUS,False,False,93.0638125181246,96.78279749075053,87.1451487854646,95.87342014077292,89.94109402113435,83.1811851391223,6.56255914980785,
PP,Producer Prices,36,Australia,5532,Producer Price (USD/tonne),0111,Wheat,2016,2016,7021,Annual value,USD,205.9,A,Official figure,AUS,False,False,91.95303704593685,91.10702822067289,82.64832676119045,88.30828905606897,99.44264448193826,111.62342556374044,7.10054987790893,
PP,Producer Prices,36,Australia,5532,Producer Price (USD/tonne),0111,Wheat,2017,2017,7021,Annual value,USD,177.0,A,Official figure,AUS,False,False,97.9325465965461,97.47103081764828,108.01127219003995,90.98426329355082,101.90947584276995,99.11220417429126,6.48222765314289,
PP,Producer Prices,36,Australia,5532,Producer Price (USD/tonne),0111,Wheat,2018,2018,7021,Annual value,USD,203.2,A,Official figure,AUS,False,False,95.75177402259017,94.39851038295467,107.2716875332135,100.82233026984352,87.76107702264312,77.40205315573543,6.52594691958162,
PP,Producer Prices,36,Australia,5532,Producer Price (USD/tonne),0111,Wheat,2019,2019,7021,Annual value,USD,244.7,A,Official figure,AUS,False,False,94.93129436453303,99.4754122501492,102.81578202753263,96.60386371200734,83.23927616454294,78.61501498294437,7.16469389675818,
PP,Producer Prices,36,Australia,5532,Producer Price (USD/tonne),0111,Wheat,2020,2020,7021,Annual value,USD,235.2,A,Official figure,AUS,False,False,98.05250486501859,95.316293513863,101.8142204334863,103.1167289201083,99.44353567977252,79.52871763805308,7.59766516403535,
PP,Producer Prices,36,Australia,5532,Producer Price (USD/tonne),0111,Wheat,2021,2021,7021,Annual value,USD,231.8,A,Official figure,AUS,False,False,125.73406972850047,107.53442746784815,119.59735631930364,131.1533847436843,164.85113256482796,109.33464293018675,6.44421129042264,
PP,Producer Prices,36,Australia,5532,Producer Price (USD/tonne),0111,Wheat,2022,2022,7021,Annual value,USD,251.6,A,Official figure,AUS,False,False,144.50986636550888,118.33551230992974,149.51050848913766,154.66510013039058,187.77977941529275,114.45579634923097,6.14945900451023,
PP,Producer Prices,36,Australia,5532,Producer Price (USD/tonne),0111,Wheat,2023,2023,7021,Annual value,USD,218.2,A,Official figure,AUS,False,False,124.51966645168862,114.10852024490974,123.72456940111083,130.87805882527132,126.29144514063518,144.9803113652603,6.12272392365969,
PP,Producer Prices,36,Australia,5532,Producer Price (USD/tonne),0111,Wheat,2024,2024,7021,Annual value,USD,207.9,A,Official figure,AUS,False,False,121.9819961575273,117.25906623977029,129.71297215949022,113.47684568733492,138.06843188494958,125.71292330063521,6.44767390132498,
PP,Producer Prices,554,New Zealand,5532,Producer Price (USD/tonne),01341,Apples,1991,1991,7021,Annual value,USD,351.9,A,Official figure,NZL,False,False,62.34528439011702,81.47466716487295,45.46032558544059,57.863819886673106,49.00795416086814,55.480617553691815,7.82005006852862,
PP,Producer Prices,554,New Zealand,5532,Producer Price (USD/tonne),01341,Apples,1992,1992,7021,Annual value,USD,347.5,A,Official figure,NZL,False,False,64.22555868464649,78.38728862271715,54.8015933451503,60.9576514895015,52.991996389394096,56.04274688194544,7.26186523522237,
PP,Producer Prices,554,New Zealand,5532,Producer Price (USD/tonne),01341,Apples,1993,1993,7021,Annual value,USD,209.1,A,Official figure,NZL,False,False,62.259404847966515,75.01403295972897,48.61651615517863,59.01858803408094,53.966480634247155,62.03019780031652,7.74549467533267,
PP,Producer Prices,554,New Zealand,5532,Producer Price (USD/tonne),01341,Apples,1994,1994,7021,Annual value,USD,312.5,A,Official figure,NZL,False,False,67.26054679350919,76.29710199787732,47.42020205529957,61.936823654585105,71.86775375736012,74.94370090074824,7.51124643252268,
PP,Producer Prices,554,New Zealand,5532,Producer Price (USD/tonne),01341,Apples,1995,1995,7021,Annual value,USD,297.9,A,Official figure,NZL,False,False,76.8287850116353,85.24932673337705,62.72510536671231,70.8474665240566,79.95838810789446,82.19981067004032,7.44919887987459,
PP,Producer Prices,554,New Zealand,5532,Producer Price (USD/tonne),01341,Apples,1996,1996,7021,Annual value,USD,302.4,A,Official figure,NZL,False,False,77.82086308655745,84.34557234442748,61.619550783954395,83.65592765127325,69.93519294281285,73.98962818765723,7.60935139371214,
PP,Producer Prices,554,New Zealand,5532,Producer Price (USD/tonne),01341,Apples,1997,1997,7021,Annual value,USD,236.7,A,Official figure,NZL,False,False,70.75682380399682,79.31706264103354,59.44728416757198,66.51116723257967,70.68473461622513,70.38581190707349,7.77401372480264,
PP,Producer Prices,554,New Zealand,5532,Producer Price (USD/tonne),01341,Apples,1998,1998,7021,Annual value,USD,226.4,A,Official figure,NZL,False,False,64.8237651326436,66.27116245186038,55.776184862258724,58.90385220966683,83.88543382429606,55.22279355165295,9.20103004215946,
PP,Producer Prices,554,New Zealand,5532,Producer Price (USD/tonne),01341,Apples,1999,1999,7021,Annual value,USD,206.9,A,Official figure,NZL,False,False,55.38494745729497,62.42928865091984,48.31192059218944,53.12085523046289,58.22698225943004,38.798878860400684,7.78436649828484,
PP,Producer Prices,554,New Zealand,5532,Producer Price (USD/tonne),01341,Apples,2000,2000,7021,Annual value,USD,136.7,A,Official figure,NZL,False,False,53.658254311091945,61.295380665724906,54.46468606873116,51.41600714746175,42.89305770905415,50.612781624475126,7.72539363500583,
PP,Producer Prices,554,New Zealand,5532,Producer Price (USD/tonne),01341,Apples,2001,2001,7021,Annual value,USD,170.7,A,Official figure,NZL,False,False,55.353759430433776,62.905581984538294,60.88469474046613,51.84540600513508,42.481465934354574,53.47099426092313,8.35043726681559,
PP,Producer Prices,554,New Zealand,5532,Producer Price (USD/tonne),01341,Apples,2002,2002,7021,Annual value,USD,351.5,A,Official figure,NZL,False,False,53.432698046969534,56.102316657369585,46.09884987045724,55.57542707086668,55.144333609249486,42.632850317668414,8.55424398531967,
PP,Producer Prices,554,New Zealand,5532,Producer Price (USD/tonne),01341,Apples,2003,2003,7021,Annual value,USD,394.9,A,Official figure,NZL,False,False,58.11559303636253,59.31684044946804,54.48407776395476,59.38331088130321,62.630981044686195,43.854657616127014,8.15797307027291,
PP,Producer Prices,554,New Zealand,5532,Producer Price (USD/tonne),01341,Apples,2004,2004,7021,Annual value,USD,281.7,A,Official figure,NZL,False,False,65.89944729053757,68.6029390549955,69.84888089256499,64.00158065193195,69.61163025660183,44.346000561265534,7.59012384281528,
PP,Producer Prices,554,New Zealand,5532,Producer Price (USD/tonne),01341,Apples,2005,2005,7021,Annual value,USD,211.2,A,Official figure,NZL,False,False,67.6467997866706,72.57908938487195,77.21006263097178,60.766594200041034,64.39872945308146,61.19575106393876,7.6532725496079,
PP,Producer Prices,554,New Zealand,5532,Producer Price (USD/tonne),01341,Apples,2006,2006,7021,Annual value,USD,389.1,A,Official figure,NZL,False,False,72.85198153556445,71.39005672414655,73.05336517091054,71.22837696143655,70.5451171722111,91.39314395266837,8.09644035294417,
PP,Producer Prices,554,New Zealand,5532,Producer Price (USD/tonne),01341,Apples,2007,2007,7021,Annual value,USD,429.9,A,Official figure,NZL,False,False,94.55025065074518,77.75672729408136,122.39946263841763,100.90811631831873,107.3148060387481,62.36914297123817,8.57888175013431,
PP,Producer Prices,554,New Zealand,5532,Producer Price (USD/tonne),01341,Apples,2008,2008,7021,Annual value,USD,562.3,A,Official figure,NZL,False,False,117.73787331863998,90.84433092873273,132.33661799232738,137.64181782223199,141.07285693456427,79.19536905542518,9.35585893641528,
PP,Producer Prices,554,New Zealand,5532,Producer Price (USD/tonne),01341,Apples,2009,2009,7021,Annual value,USD,393.5,A,Official figure,NZL,False,False,91.78785298482406,81.60267222893671,91.405730315563,97.1899325654129,94.42735946277953,112.2254832184969,10.6785335151412,
PP,Producer Prices,554,New Zealand,5532,Producer Price (USD/tonne),01341,Apples,2010,2010,7021,Annual value,USD,335.1,A,Official figure,NZL,False,False,106.87404108388505,91.39347096403203,111.89896716658724,107.49931237044449,121.95018353123997,131.72406046543753,10.6098870848979,
PP,Producer Prices,554,New Zealand,5532,Producer Price (USD/tonne),01341,Apples,2011,2011,7021,Annual value,USD,367.4,A,Official figure,NZL,False,False,131.77593256915614,105.02246669637043,129.89070190611824,142.15740841093506,156.4798891014947,160.90057382271044,10.5379127413242,
PP,Producer Prices,554,New Zealand,5532,Producer Price (USD/tonne),01341,Apples,2012,2012,7021,Annual value,USD,405.1,A,Official figure,NZL,False,False,122.75022327595461,104.69498650707051,111.65677557794167,137.3983528628098,138.30661545629084,133.31863424562349,10.64842973973,
PP,Producer Prices,554,New Zealand,5532,Producer Price (USD/tonne),01341,Apples,2013,2013,7021,Annual value,USD,516.6,A,Official figure,NZL,False,False,120.14390446093925,106.21599274087434,140.90691300197804,129.1108717873773,119.49987300357218,109.45334619156017,10.6409212747116,
PP,Producer Prices,554,New Zealand,5532,Producer Price (USD/tonne),01341,Apples,2014,2014,7021,Annual value,USD,580.7,A,Official figure,NZL,False,False,114.98315043593857,112.11017428857667,130.20652445334494,115.8182908031581,110.6162614969274,105.19538929713728,10.7736810383188,
PP,Producer Prices,554,New Zealand,5532,Producer Price (USD/tonne),01341,Apples,2015,2015,7021,Annual value,USD,498.6,A,Official figure,NZL,False,False,93.0638125181246,96.78279749075053,87.1451487854646,95.87342014077292,89.94109402113435,83.1811851391223,11.3631197214515,
PP,Producer Prices,554,New Zealand,5532,Producer Price (USD/tonne),01341,Apples,2016,2016,7021,Annual value,USD,577.8,A,Official figure,NZL,False,False,91.95303704593685,91.10702822067289,82.64832676119045,88.30828905606897,99.44264448193826,111.62342556374044,11.4413385056481,
PP,Producer Prices,554,New Zealand,5532,Producer Price (USD/tonne),01341,Apples,2017,2017,7021,Annual value,USD,564.9,A,Official figure,NZL,False,False,97.9325465965461,97.47103081764828,108.01127219003995,90.98426329355082,101.90947584276995,99.11220417429126,11.5262393633489,
PP,Producer Prices,554,New Zealand,5532,Producer Price (USD/tonne),01341,Apples,2018,2018,7021,Annual value,USD,505.1,A,Official figure,NZL,False,False,95.75177402259017,94.39851038295467,107.2716875332135,100.82233026984352,87.76107702264312,77.40205315573543,11.3255665553283,
PP,Producer Prices,554,New Zealand,5532,Producer Price (USD/tonne),01341,Apples,2019,2019,7021,Annual value,USD,513.9,A,Official figure,NZL,False,False,94.93129436453303,99.4754122501492,102.81578202753263,96.60386371200734,83.23927616454294,78.61501498294437,11.5258173901989,
PP,Producer Prices,554,New Zealand,5532,Producer Price (USD/tonne),01341,Apples,2021,2021,7021,Annual value,USD,587.1,A,Official figure,NZL,False,False,125.73406972850047,107.53442746784815,119.59735631930364,131.1533847436843,164.85113256482796,109.33464293018675,11.475669248619,
PP,Producer Prices,554,New Zealand,5532,Producer Price (USD/tonne),01341,Apples,2022,2022,7021,Annual value,USD,443.8,A,Official figure,NZL,False,False,144.50986636550888,118.33551230992974,149.51050848913766,154.66510013039058,187.77977941529275,114.45579634923097,11.0671792942827,
PP,Producer Prices,554,New Zealand,5532,Producer Price (USD/tonne),01343,Apricots,1991,1991,7021,Annual value,USD,865.3,A,Official figure,NZL,False,False,62.34528439011702,81.47466716487295,45.46032558544059,57.863819886673106,49.00795416086814,55.480617553691815,7.82005006852862,
PP,Producer Prices,554,New Zealand,5532,Producer Price (USD/tonne),01343,Apricots,1992,1992,7021,Annual value,USD,779.4,A,Official figure,NZL,False,False,64.22555868464649,78.38728862271715,54.8015933451503,60.9576514895015,52.991996389394096,56.04274688194544,7.26186523522237,
PP,Producer Prices,554,New Zealand,5532,Producer Price (USD/tonne),01343,Apricots,1993,1993,7021,Annual value,USD,947.8,A,Official figure,NZL,False,False,62.259404847966515,75.01403295972897,48.61651615517863,59.01858803408094,53.966480634247155,62.03019780031652,7.74549467533267,
PP,Producer Prices,554,New Zealand,5532,Producer Price (USD/tonne),01343,Apricots,1994,1994,7021,Annual value,USD,896.5,A,Official figure,NZL,False,False,67.26054679350919,76.29710199787732,47.42020205529957,61.936823654585105,71.86775375736012,74.94370090074824,7.51124643252268,
PP,Producer Prices,554,New Zealand,5532,Producer Price (USD/tonne),01343,Apricots,1995,1995,7021,Annual value,USD,953.5,A,Official figure,NZL,False,False,76.8287850116353,85.24932673337705,62.72510536671231,70.8474665240566,79.95838810789446,82.19981067004032,7.44919887987459,
PP,Producer Prices,554,New Zealand,5532,Producer Price (USD/tonne),01343,Apricots,1996,1996,7021,Annual value,USD,1051.0,A,Official figure,NZL,False,False,77.82086308655745,84.34557234442748,61.619550783954395,83.65592765127325,69.93519294281285,73.98962818765723,7.60935139371214,
PP,Producer Prices,554,New Zealand,5532,Producer Price (USD/tonne),01343,Apricots,1997,1997,7021,Annual value,USD,1094.9,A,Official figure,NZL,False,False,70.75682380399682,79.31706264103354,59.44728416757198,66.51116723257967,70.68473461622513,70.38581190707349,7.77401372480264,
PP,Producer Prices,554,New Zealand,5532,Producer Price (USD/tonne),01343,Apricots,1998,1998,7021,Annual value,USD,840.4,A,Official figure,NZL,False,False,64.8237651326436,66.27116245186038,55.776184862258724,58.90385220966683,83.88543382429606,55.22279355165295,9.20103004215946,
PP,Producer Prices,554,New Zealand,5532,Producer Price (USD/tonne),01343,Apricots,1999,1999,7021,Annual value,USD,1118.2,A,Official figure,NZL,False,False,55.38494745729497,62.42928865091984,48.31192059218944,53.12085523046289,58.22698225943004,38.798878860400684,7.78436649828484,
PP,Producer Prices,554,New Zealand,5532,Producer Price (USD/tonne),01343,Apricots,2000,2000,7021,Annual value,USD,933.6,A,Official figure,NZL,False,False,53.658254311091945,61.295380665724906,54.46468606873116,51.41600714746175,42.89305770905415,50.612781624475126,7.72539363500583,
PP,Producer Prices,554,New Zealand,5532,Producer Price (USD/tonne),01343,Apricots,2001,2001,7021,Annual value,USD,1150.2,A,Official figure,NZL,False,False,55.353759430433776,62.905581984538294,60.88469474046613,51.84540600513508,42.481465934354574,53.47099426092313,8.35043726681559,
PP,Producer Prices,554,New Zealand,5532,Producer Price (USD/tonne),01343,Apricots,2002,2002,7021,Annual value,USD,1067.9,A,Official figure,NZL,False,False,53.432698046969534,56.102316657369585,46.09884987045724,55.57542707086668,55.144333609249486,42.632850317668414,8.55424398531967,
PP,Producer Prices,554,New Zealand,5532,Producer Price (USD/tonne),01343,Apricots,2003,2003,7021,Annual value,USD,1935.4,A,Official figure,NZL,False,False,58.11559303636253,59.31684044946804,54.48407776395476,59.38331088130321,62.630981044686195,43.854657616127014,8.15797307027291,
PP,Producer Prices,554,New Zealand,5532,Producer Price (USD/tonne),01343,Apricots,2004,2004,7021,Annual value,USD,2054.8,A,Official figure,NZL,False,False,65.89944729053757,68.6029390549955,69.84888089256499,64.00158065193195,69.61163025660183,44.346000561265534,7.59012384281528,
PP,Producer Prices,554,New Zealand,5532,Producer Price (USD/tonne),01343,Apricots,2005,2005,7021,Annual value,USD,1689.8,A,Official figure,NZL,False,False,67.6467997866706,72.57908938487195,77.21006263097178,60.766594200041034,64.39872945308146,61.19575106393876,7.6532725496079,
PP,Producer Prices,554,New Zealand,5532,Producer Price (USD/tonne),01343,Apricots,2006,2006,7021,Annual value,USD,2321.6,A,Official figure,NZL,False,False,72.85198153556445,71.39005672414655,73.05336517091054,71.22837696143655,70.5451171722111,91.39314395266837,8.09644035294417,
PP,Producer Prices,554,New Zealand,5532,Producer Price (USD/tonne),01343,Apricots,2007,2007,7021,Annual value,USD,1749.1,A,Official figure,NZL,False,False,94.55025065074518,77.75672729408136,122.39946263841763,100.90811631831873,107.3148060387481,62.36914297123817,8.57888175013431,
PP,Producer Prices,554,New Zealand,5532,Producer Price (USD/tonne),01343,Apricots,2008,2008,7021,Annual value,USD,1876.7,A,Official figure,NZL,False,False,117.73787331863998,90.84433092873273,132.33661799232738,137.64181782223199,141.07285693456427,79.19536905542518,9.35585893641528,
PP,Producer Prices,554,New Zealand,5532,Producer Price (USD/tonne),01343,Apricots,2009,2009,7021,Annual value,USD,2061.4,A,Official figure,NZL,False,False,91.78785298482406,81.60267222893671,91.405730315563,97.1899325654129,94.42735946277953,112.2254832184969,10.6785335151412,
PP,Producer Prices,554,New Zealand,5532,Producer Price (USD/tonne),01211,Asparagus,1991,1991,7021,Annual value,USD,2019.0,A,Official figure,NZL,False,False,62.34528439011702,81.47466716487295,45.46032558544059,57.863819886673106,49.00795416086814,55.480617553691815,7.82005006852862,
PP,Producer Prices,554,New Zealand,5532,Producer Price (USD/tonne),01211,Asparagus,1992,1992,7021,Annual value,USD,1235.4,A,Official figure,NZL,False,False,64.22555868464649,78.38728862271715,54.8015933451503,60.9576514895015,52.991996389394096,56.04274688194544,7.26186523522237,
PP,Producer Prices,554,New Zealand,5532,Producer Price (USD/tonne),01211,Asparagus,1993,1993,7021,Annual value,USD,1405.0,A,Official figure,NZL,False,False,62.259404847966515,75.01403295972897,48.61651615517863,59.01858803408094,53.966480634247155,62.03019780031652,7.74549467533267,
PP,Producer Prices,554,New Zealand,5532,Producer Price (USD/tonne),01211,Asparagus,1994,1994,7021,Annual value,USD,1541.6,A,Official figure,NZL,False,False,67.26054679350919,76.29710199787732,47.42020205529957,61.936823654585105,71.86775375736012,74.94370090074824,7.51124643252268,
PP,Producer Prices,554,New Zealand,5532,Producer Price (USD/tonne),01211,Asparagus,1995,1995,7021,Annual value,USD,1443.7,A,Official figure,NZL,False,False,76.8287850116353,85.24932673337705,62.72510536671231,70.8474665240566,79.95838810789446,82.19981067004032,7.44919887987459,
PP,Producer Prices,554,New Zealand,5532,Producer Price (USD/tonne),01211,Asparagus,1996,1996,7021,Annual value,USD,1306.0,A,Official figure,NZL,False,False,77.82086308655745,84.34557234442748,61.619550783954395,83.65592765127325,69.93519294281285,73.98962818765723,7.60935139371214,
PP,Producer Prices,554,New Zealand,5532,Producer Price (USD/tonne),01211,Asparagus,1997,1997,7021,Annual value,USD,1256.3,A,Official figure,NZL,False,False,70.75682380399682,79.31706264103354,59.44728416757198,66.51116723257967,70.68473461622513,70.38581190707349,7.77401372480264,
PP,Producer Prices,554,New Zealand,5532,Producer Price (USD/tonne),01211,Asparagus,1998,1998,7021,Annual value,USD,1017.0,A,Official figure,NZL,False,False,64.8237651326436,66.27116245186038,55.776184862258724,58.90385220966683,83.88543382429606,55.22279355165295,9.20103004215946,
PP,Producer Prices,554,New Zealand,5532,Producer Price (USD/tonne),01211,Asparagus,1999,1999,7021,Annual value,USD,1217.2,A,Official figure,NZL,False,False,55.38494745729497,62.42928865091984,48.31192059218944,53.12085523046289,58.22698225943004,38.798878860400684,7.78436649828484,
PP,Producer Prices,554,New Zealand,5532,Producer Price (USD/tonne),01211,Asparagus,2000,2000,7021,Annual value,USD,954.0,A,Official figure,NZL,False,False,53.658254311091945,61.295380665724906,54.46468606873116,51.41600714746175,42.89305770905415,50.612781624475126,7.72539363500583,
PP,Producer Prices,554,New Zealand,5532,Producer Price (USD/tonne),01211,Asparagus,2001,2001,7021,Annual value,USD,840.8,A,Official figure,NZL,False,False,55.353759430433776,62.905581984538294,60.88469474046613,51.84540600513508,42.481465934354574,53.47099426092313,8.35043726681559,
PP,Producer Prices,554,New Zealand,5532,Producer Price (USD/tonne),01211,Asparagus,2002,2002,7021,Annual value,USD,809.4,A,Official figure,NZL,False,False,53.432698046969534,56.102316657369585,46.09884987045724,55.57542707086668,55.144333609249486,42.632850317668414,8.55424398531967,
PP,Producer Prices,554,New Zealand,5532,Producer Price (USD/tonne),01211,Asparagus,2003,2003,7021,Annual value,USD,1103.3,A,Official figure,NZL,False,False,58.11559303636253,59.31684044946804,54.48407776395476,59.38331088130321,62.630981044686195,43.854657616127014,8.15797307027291,
PP,Producer Prices,554,New Zealand,5532,Producer Price (USD/tonne),01211,Asparagus,2004,2004,7021,Annual value,USD,1425.1,A,Official figure,NZL,False,False,65.89944729053757,68.6029390549955,69.84888089256499,64.00158065193195,69.61163025660183,44.346000561265534,7.59012384281528,
PP,Producer Prices,554,New Zealand,5532,Producer Price (USD/tonne),01211,Asparagus,2005,2005,7021,Annual value,USD,1513.8,A,Official figure,NZL,False,False,67.6467997866706,72.57908938487195,77.21006263097178,60.766594200041034,64.39872945308146,61.19575106393876,7.6532725496079,
PP,Producer Prices,554,New Zealand,5532,Producer Price (USD/tonne),01211,Asparagus,2006,2006,7021,Annual value,USD,1491.5,A,Official figure,NZL,False,False,72.85198153556445,71.39005672414655,73.05336517091054,71.22837696143655,70.5451171722111,91.39314395266837,8.09644035294417,
PP,Producer Prices,554,New Zealand,5532,Producer Price (USD/tonne),01211,Asparagus,2007,2007,7021,Annual value,USD,1690.3,A,Official figure,NZL,False,False,94.55025065074518,77.75672729408136,122.39946263841763,100.90811631831873,107.3148060387481,62.36914297123817,8.57888175013431,
PP,Producer Prices,554,New Zealand,5532,Producer Price (USD/tonne),01211,Asparagus,2008,2008,7021,Annual value,USD,1511.2,A,Official figure,NZL,False,False,117.73787331863998,90.84433092873273,132.33661799232738,137.64181782223199,141.07285693456427,79.19536905542518,9.35585893641528,
PP,Producer Prices,554,New Zealand,5532,Producer Price (USD/tonne),01211,Asparagus,2009,2009,7021,Annual value,USD,1780.3,A,Official figure,NZL,False,False,91.78785298482406,81.60267222893671,91.405730315563,97.1899325654129,94.42735946277953,112.2254832184969,10.6785335151412,
PP,Producer Prices,554,New Zealand,5532,Producer Price (USD/tonne),01311,Avocados,1991,1991,7021,Annual value,USD,1038.4,A,Official figure,NZL,False,False,62.34528439011702,81.47466716487295,45.46032558544059,57.863819886673106,49.00795416086814,55.480617553691815,7.82005006852862,
PP,Producer Prices,554,New Zealand,5532,Producer Price (USD/tonne),01311,Avocados,1992,1992,7021,Annual value,USD,982.9,A,Official figure,NZL,False,False,64.22555868464649,78.38728862271715,54.8015933451503,60.9576514895015,52.991996389394096,56.04274688194544,7.26186523522237,
PP,Producer Prices,554,New Zealand,5532,Producer Price (USD/tonne),01311,Avocados,1993,1993,7021,Annual value,USD,1066.2,A,Official figure,NZL,False,False,62.259404847966515,75.01403295972897,48.61651615517863,59.01858803408094,53.966480634247155,62.03019780031652,7.74549467533267,
PP,Producer Prices,554,New Zealand,5532,Producer Price (USD/tonne),01311,Avocados,1994,1994,7021,Annual value,USD,1318.1,A,Official figure,NZL,False,False,67.26054679350919,76.29710199787732,47.42020205529957,61.936823654585105,71.86775375736012,74.94370090074824,7.51124643252268,
PP,Producer Prices,554,New Zealand,5532,Producer Price (USD/tonne),01311,Avocados,1995,1995,7021,Annual value,USD,1508.0,A,Official figure,NZL,False,False,76.8287850116353,85.24932673337705,62.72510536671231,70.8474665240566,79.95838810789446,82.19981067004032,7.44919887987459,
PP,Producer Prices,554,New Zealand,5532,Producer Price (USD/tonne),01311,Avocados,1996,1996,7021,Annual value,USD,1951.4,A,Official figure,NZL,False,False,77.82086308655745,84.34557234442748,61.619550783954395,83.65592765127325,69.93519294281285,73.98962818765723,7.60935139371214,
PP,Producer Prices,554,New Zealand,5532,Producer Price (USD/tonne),01311,Avocados,1997,1997,7021,Annual value,USD,2240.8,A,Official figure,NZL,False,False,70.75682380399682,79.31706264103354,59.44728416757198,66.51116723257967,70.68473461622513,70.38581190707349,7.77401372480264,
PP,Producer Prices,554,New Zealand,5532,Producer Price (USD/tonne),01311,Avocados,1998,1998,7021,Annual value,USD,1658.2,A,Official figure,NZL,False,False,64.8237651326436,66.27116245186038,55.776184862258724,58.90385220966683,83.88543382429606,55.22279355165295,9.20103004215946,
PP,Producer Prices,554,New Zealand,5532,Producer Price (USD/tonne),01311,Avocados,1999,1999,7021,Annual value,USD,1882.4,A,Official figure,NZL,False,False,55.38494745729497,62.42928865091984,48.31192059218944,53.12085523046289,58.22698225943004,38.798878860400684,7.78436649828484,
PP,Producer Prices,554,New Zealand,5532,Producer Price (USD/tonne),01311,Avocados,2000,2000,7021,Annual value,USD,1362.9,A,Official figure,NZL,False,False,53.658254311091945,61.295380665724906,54.46468606873116,51.41600714746175,42.89305770905415,50.612781624475126,7.72539363500583,
PP,Producer Prices,554,New Zealand,5532,Producer Price (USD/tonne),01311,Avocados,2001,2001,7021,Annual value,USD,1051.0,A,Official figure,NZL,False,False,55.353759430433776,62.905581984538294,60.88469474046613,51.84540600513508,42.481465934354574,53.47099426092313,8.35043726681559,
PP,Producer Prices,554,New Zealand,5532,Producer Price (USD/tonne),01311,Avocados,2002,2002,7021,Annual value,USD,1156.2,A,Official figure,NZL,False,False,53.432698046969534,56.102316657369585,46.09884987045724,55.57542707086668,55.144333609249486,42.632850317668414,8.55424398531967,
PP,Producer Prices,554,New Zealand,5532,Producer Price (USD/tonne),01311,Avocados,2003,2003,7021,Annual value,USD,1742.1,A,Official figure,NZL,False,False,58.11559303636253,59.31684044946804,54.48407776395476,59.38331088130321,62.630981044686195,43.854657616127014,8.15797307027291,
PP,Producer Prices,554,New Zealand,5532,Producer Price (USD/tonne),01311,Avocados,2004,2004,7021,Annual value,USD,1855.9,A,Official figure,NZL,False,False,65.89944729053757,68.6029390549955,69.84888089256499,64.00158065193195,69.61163025660183,44.346000561265534,7.59012384281528,
PP,Producer Prices,554,New Zealand,5532,Producer Price (USD/tonne),01311,Avocados,2005,2005,7021,Annual value,USD,1337.8,A,Official figure,NZL,False,False,67.6467997866706,72.57908938487195,77.21006263097178,60.766594200041034,64.39872945308146,61.19575106393876,7.6532725496079,
PP,Producer Prices,554,New Zealand,5532,Producer Price (USD/tonne),01311,Avocados,2006,2006,7021,Annual value,USD,1867.6,A,Official figure,NZL,False,False,72.85198153556445,71.39005672414655,73.05336517091054,71.22837696143655,70.5451171722111,91.39314395266837,8.09644035294417,
PP,Producer Prices,554,New Zealand,5532,Producer Price (USD/tonne),01311,Avocados,2007,2007,7021,Annual value,USD,2116.6,A,Official figure,NZL,False,False,94.55025065074518,77.75672729408136,122.39946263841763,100.90811631831873,107.3148060387481,62.36914297123817,8.57888175013431,
PP,Producer Prices,554,New Zealand,5532,Producer Price (USD/tonne),01311,Avocados,2008,2008,7021,Annual value,USD,948.9,A,Official figure,NZL,False,False,117.73787331863998,90.84433092873273,132.33661799232738,137.64181782223199,141.07285693456427,79.19536905542518,9.35585893641528,
PP,Producer Prices,554,New Zealand,5532,Producer Price (USD/tonne),01311,Avocados,2009,2009,7021,Annual value,USD,1549.2,A,Official figure,NZL,False,False,91.78785298482406,81.60267222893671,91.405730315563,97.1899325654129,94.42735946277953,112.2254832184969,10.6785335151412,
PP,Producer Prices,554,New Zealand,5532,Producer Price (USD/tonne),0115,Barley,1991,1991,7021,Annual value,USD,126.9,A,Official figure,NZL,False,False,62.34528439011702,81.47466716487295,45.46032558544059,57.863819886673106,49.00795416086814,55.480617553691815,7.82005006852862,
PP,Producer Prices,554,New Zealand,5532,Producer Price (USD/tonne),0115,Barley,1992,1992,7021,Annual value,USD,111.2,A,Official figure,NZL,False,False,64.22555868464649,78.38728862271715,54.8015933451503,60.9576514895015,52.991996389394096,56.04274688194544,7.26186523522237,
PP,Producer Prices,554,New Zealand,5532,Producer Price (USD/tonne),0115,Barley,1993,1993,7021,Annual value,USD,108.1,A,Official figure,NZL,False,False,62.259404847966515,75.01403295972897,48.61651615517863,59.01858803408094,53.966480634247155,62.03019780031652,7.74549467533267,
PP,Producer Prices,554,New Zealand,5532,Producer Price (USD/tonne),0115,Barley,1994,1994,7021,Annual value,USD,122.7,A,Official figure,NZL,False,False,67.26054679350919,76.29710199787732,47.42020205529957,61.936823654585105,71.86775375736012,74.94370090074824,7.51124643252268,
PP,Producer Prices,554,New Zealand,5532,Producer Price (USD/tonne),0115,Barley,1995,1995,7021,Annual value,USD,141.7,A,Official figure,NZL,False,False,76.8287850116353,85.24932673337705,62.72510536671231,70.8474665240566,79.95838810789446,82.19981067004032,7.44919887987459,
PP,Producer Prices,554,New Zealand,5532,Producer Price (USD/tonne),0115,Barley,1996,1996,7021,Annual value,USD,154.7,A,Official figure,NZL,False,False,77.82086308655745,84.34557234442748,61.619550783954395,83.65592765127325,69.93519294281285,73.98962818765723,7.60935139371214,
PP,Producer Prices,554,New Zealand,5532,Producer Price (USD/tonne),0115,Barley,1997,1997,7021,Annual value,USD,174.6,A,Official figure,NZL,False,False,70.75682380399682,79.31706264103354,59.44728416757198,66.51116723257967,70.68473461622513,70.38581190707349,7.77401372480264,
PP,Producer Prices,554,New Zealand,5532,Producer Price (USD/tonne),0115,Barley,1998,1998,7021,Annual value,USD,109.2,A,Official figure,NZL,False,False,64.8237651326436,66.27116245186038,55.776184862258724,58.90385220966683,83.88543382429606,55.22279355165295,9.20103004215946,
PP,Producer Prices,554,New Zealand,5532,Producer Price (USD/tonne),0115,Barley,1999,1999,7021,Annual value,USD,105.3,A,Official figure,NZL,False,False,55.38494745729497,62.42928865091984,48.31192059218944,53.12085523046289,58.22698225943004,38.798878860400684,7.78436649828484,
PP,Producer Prices,554,New Zealand,5532,Producer Price (USD/tonne),0115,Barley,2000,2000,7021,Annual value,USD,95.4,A,Official figure,NZL,False,False,53.658254311091945,61.295380665724906,54.46468606873116,51.41600714746175,42.89305770905415,50.612781624475126,7.72539363500583,
PP,Producer Prices,554,New Zealand,5532,Producer Price (USD/tonne),0115,Barley,2001,2001,7021,Annual value,USD,102.2,A,Official figure,NZL,False,False,55.353759430433776,62.905581984538294,60.88469474046613,51.84540600513508,42.481465934354574,53.47099426092313,8.35043726681559,
PP,Producer Prices,554,New Zealand,5532,Producer Price (USD/tonne),0115,Barley,2002,2002,7021,Annual value,USD,127.6,A,Official figure,NZL,False,False,53.432698046969534,56.102316657369585,46.09884987045724,55.57542707086668,55.144333609249486,42.632850317668414,8.55424398531967,
PP,Producer Prices,554,New Zealand,5532,Producer Price (USD/tonne),0115,Barley,2003,2003,7021,Annual value,USD,145.8,A,Official figure,NZL,False,False,58.11559303636253,59.31684044946804,54.48407776395476,59.38331088130321,62.630981044686195,43.854657616127014,8.15797307027291,
PP,Producer Prices,554,New Zealand,5532,Producer Price (USD/tonne),0115,Barley,2004,2004,7021,Annual value,USD,165.0,A,Official figure,NZL,False,False,65.89944729053757,68.6029390549955,69.84888089256499,64.00158065193195,69.61163025660183,44.346000561265534,7.59012384281528,
PP,Producer Prices,554,New Zealand,5532,Producer Price (USD/tonne),0115,Barley,2005,2005,7021,Annual value,USD,171.8,A,Official figure,NZL,False,False,67.6467997866706,72.57908938487195,77.21006263097178,60.766594200041034,64.39872945308146,61.19575106393876,7.6532725496079,
PP,Producer Prices,554,New Zealand,5532,Producer Price (USD/tonne),0115,Barley,2006,2006,7021,Annual value,USD,158.2,A,Official figure,NZL,False,False,72.85198153556445,71.39005672414655,73.05336517091054,71.22837696143655,70.5451171722111,91.39314395266837,8.09644035294417,
PP,Producer Prices,554,New Zealand,5532,Producer Price (USD/tonne),0115,Barley,2007,2007,7021,Annual value,USD,185.9,A,Official figure,NZL,False,False,94.55025065074518,77.75672729408136,122.39946263841763,100.90811631831873,107.3148060387481,62.36914297123817,8.57888175013431,
PP,Producer Prices,554,New Zealand,5532,Producer Price (USD/tonne),0115,Barley,2008,2008,7021,Annual value,USD,231.9,A,Official figure,NZL,False,False,117.73787331863998,90.84433092873273,132.33661799232738,137.64181782223199,141.07285693456427,79.19536905542518,9.35585893641528,
PP,Producer Prices,554,New Zealand,5532,Producer Price (USD/tonne),0115,Barley,2009,2009,7021,Annual value,USD,244.2,A,Official figure,NZL,False,False,91.78785298482406,81.60267222893671,91.405730315563,97.1899325654129,94.42735946277953,112.2254832184969,10.6785335151412,
PP,Producer Prices,554,New Zealand,5532,Producer Price (USD/tonne),0115,Barley,2010,2010,7021,Annual value,USD,256.5,A,Official figure,NZL,False,False,106.87404108388505,91.39347096403203,111.89896716658724,107.49931237044449,121.95018353123997,131.72406046543753,10.6098870848979,
PP,Producer Prices,554,New Zealand,5532,Producer Price (USD/tonne),0115,Barley,2011,2011,7021,Annual value,USD,258.3,A,Official figure,NZL,False,False,131.77593256915614,105.02246669637043,129.89070190611824,142.15740841093506,156.4798891014947,160.90057382271044,10.5379127413242,
PP,Producer Prices,554,New Zealand,5532,Producer Price (USD/tonne),0115,Barley,2012,2012,7021,Annual value,USD,309.5,A,Official figure,NZL,False,False,122.75022327595461,104.69498650707051,111.65677557794167,137.3983528628098,138.30661545629084,133.31863424562349,10.64842973973,
PP,Producer Prices,554,New Zealand,5532,Producer Price (USD/tonne),0115,Barley,2013,2013,7021,Annual value,USD,320.6,A,Official figure,NZL,False,False,120.14390446093925,106.21599274087434,140.90691300197804,129.1108717873773,119.49987300357218,109.45334619156017,10.6409212747116,
PP,Producer Prices,554,New Zealand,5532,Producer Price (USD/tonne),0115,Barley,2014,2014,7021,Annual value,USD,360.9,A,Official figure,NZL,False,False,114.98315043593857,112.11017428857667,130.20652445334494,115.8182908031581,110.6162614969274,105.19538929713728,10.7736810383188,
PP,Producer Prices,554,New Zealand,5532,Producer Price (USD/tonne),0115,Barley,2015,2015,7021,Annual value,USD,242.7,A,Official figure,NZL,False,False,93.0638125181246,96.78279749075053,87.1451487854646,95.87342014077292,89.94109402113435,83.1811851391223,11.3631197214515,
PP,Producer Prices,554,New Zealand,5532,Producer Price (USD/tonne),0115,Barley,2016,2016,7021,Annual value,USD,197.0,A,Official figure,NZL,False,False,91.95303704593685,91.10702822067289,82.64832676119045,88.30828905606897,99.44264448193826,111.62342556374044,11.4413385056481,
PP,Producer Prices,554,New Zealand,5532,Producer Price (USD/tonne),0115,Barley,2017,2017,7021,Annual value,USD,212.4,A,Official figure,NZL,False,False,97.9325465965461,97.47103081764828,108.01127219003995,90.98426329355082,101.90947584276995,99.11220417429126,11.5262393633489,
PP,Producer Prices,554,New Zealand,5532,Producer Price (USD/tonne),0115,Barley,2018,2018,7021,Annual value,USD,268.5,A,Official figure,NZL,False,False,95.75177402259017,94.39851038295467,107.2716875332135,100.82233026984352,87.76107702264312,77.40205315573543,11.3255665553283,
PP,Producer Prices,554,New Zealand,5532,Producer Price (USD/tonne),0115,Barley,2019,2019,7021,Annual value,USD,274.1,A,Official figure,NZL,False,False,94.93129436453303,99.4754122501492,102.81578202753263,96.60386371200734,83.23927616454294,78.61501498294437,11.5258173901989,
PP,Producer Prices,554,New Zealand,5532,Producer Price (USD/tonne),0115,Barley,2020,2020,7021,Annual value,USD,256.2,A,Official figure,NZL,False,False,98.05250486501859,95.316293513863,101.8142204334863,103.1167289201083,99.44353567977252,79.52871763805308,13.4141194210952,
PP,Producer Prices,554,New Zealand,5532,Producer Price (USD/tonne),0115,Barley,2021,2021,7021,Annual value,USD,280.8,A,Official figure,NZL,False,False,125.73406972850047,107.53442746784815,119.59735631930364,131.1533847436843,164.85113256482796,109.33464293018675,11.475669248619,
PP,Producer Prices,554,New Zealand,5532,Producer Price (USD/tonne),0115,Barley,2022,2022,7021,Annual value,USD,297.4,A,Official figure,NZL,False,False,144.50986636550888,118.33551230992974,149.51050848913766,154.66510013039058,187.77977941529275,114.45579634923097,11.0671792942827,
PP,Producer Prices,554,New Zealand,5532,Producer Price (USD/tonne),0115,Barley,2023,2023,7021,Annual value,USD,363.5,A,Official figure,NZL,False,False,124.51966645168862,114.10852024490974,123.72456940111083,130.87805882527132,126.29144514063518,144.9803113652603,11.2682320290767,
PP,Producer Prices,554,New Zealand,5532,Producer Price (USD/tonne),0115,Barley,2024,2024,7021,Annual value,USD,269.3,A,Official figure,NZL,False,False,121.9819961575273,117.25906623977029,129.71297215949022,113.47684568733492,138.06843188494958,125.71292330063521,12.4737636662727,
PP,Producer Prices,554,New Zealand,5532,Producer Price (USD/tonne),01355.01,Blueberries,2008,2008,7021,Annual value,USD,6536.7,A,Official figure,NZL,False,False,117.73787331863998,90.84433092873273,132.33661799232738,137.64181782223199,141.07285693456427,79.19536905542518,9.35585893641528,
PP,Producer Prices,554,New Zealand,5532,Producer Price (USD/tonne),01355.01,Blueberries,2009,2009,7021,Annual value,USD,6371.5,A,Official figure,NZL,False,False,91.78785298482406,81.60267222893671,91.405730315563,97.1899325654129,94.42735946277953,112.2254832184969,10.6785335151412,
PP,Producer Prices,554,New Zealand,5532,Producer Price (USD/tonne),01243,"Broad beans and horse beans, green",1997,1997,7021,Annual value,USD,727.3,A,Official figure,NZL,False,False,70.75682380399682,79.31706264103354,59.44728416757198,66.51116723257967,70.68473461622513,70.38581190707349,7.77401372480264,
PP,Producer Prices,554,New Zealand,5532,Producer Price (USD/tonne),01212,Cabbages,1991,1991,7021,Annual value,USD,167.3,A,Official figure,NZL,False,False,62.34528439011702,81.47466716487295,45.46032558544059,57.863819886673106,49.00795416086814,55.480617553691815,7.82005006852862,
PP,Producer Prices,554,New Zealand,5532,Producer Price (USD/tonne),01212,Cabbages,1992,1992,7021,Annual value,USD,161.1,A,Official figure,NZL,False,False,64.22555868464649,78.38728862271715,54.8015933451503,60.9576514895015,52.991996389394096,56.04274688194544,7.26186523522237,
PP,Producer Prices,554,New Zealand,5532,Producer Price (USD/tonne),01212,Cabbages,1993,1993,7021,Annual value,USD,108.1,A,Official figure,NZL,False,False,62.259404847966515,75.01403295972897,48.61651615517863,59.01858803408094,53.966480634247155,62.03019780031652,7.74549467533267,
PP,Producer Prices,554,New Zealand,5532,Producer Price (USD/tonne),01212,Cabbages,1994,1994,7021,Annual value,USD,415.1,A,Official figure,NZL,False,False,67.26054679350919,76.29710199787732,47.42020205529957,61.936823654585105,71.86775375736012,74.94370090074824,7.51124643252268,
PP,Producer Prices,554,New Zealand,5532,Producer Price (USD/tonne),01212,Cabbages,1995,1995,7021,Annual value,USD,525.0,A,Official figure,NZL,False,False,76.8287850116353,85.24932673337705,62.72510536671231,70.8474665240566,79.95838810789446,82.19981067004032,7.44919887987459,
PP,Producer Prices,554,New Zealand,5532,Producer Price (USD/tonne),01212,Cabbages,1996,1996,7021,Annual value,USD,343.7,A,Official figure,NZL,False,False,77.82086308655745,84.34557234442748,61.619550783954395,83.65592765127325,69.93519294281285,73.98962818765723,7.60935139371214,
PP,Producer Prices,554,New Zealand,5532,Producer Price (USD/tonne),01212,Cabbages,1997,1997,7021,Annual value,USD,264.5,A,Official figure,NZL,False,False,70.75682380399682,79.31706264103354,59.44728416757198,66.51116723257967,70.68473461622513,70.38581190707349,7.77401372480264,
PP,Producer Prices,554,New Zealand,5532,Producer Price (USD/tonne),01212,Cabbages,1998,1998,7021,Annual value,USD,374.7,A,Official figure,NZL,False,False,64.8237651326436,66.27116245186038,55.776184862258724,58.90385220966683,83.88543382429606,55.22279355165295,9.20103004215946,
PP,Producer Prices,554,New Zealand,5532,Producer Price (USD/tonne),01212,Cabbages,1999,1999,7021,Annual value,USD,412.8,A,Official figure,NZL,False,False,55.38494745729497,62.42928865091984,48.31192059218944,53.12085523046289,58.22698225943004,38.798878860400684,7.78436649828484,
PP,Producer Prices,554,New Zealand,5532,Producer Price (USD/tonne),01212,Cabbages,2000,2000,7021,Annual value,USD,381.6,A,Official figure,NZL,False,False,53.658254311091945,61.295380665724906,54.46468606873116,51.41600714746175,42.89305770905415,50.612781624475126,7.72539363500583,
PP,Producer Prices,554,New Zealand,5532,Producer Price (USD/tonne),01212,Cabbages,2001,2001,7021,Annual value,USD,269.0,A,Official figure,NZL,False,False,55.353759430433776,62.905581984538294,60.88469474046613,51.84540600513508,42.481465934354574,53.47099426092313,8.35043726681559,
PP,Producer Prices,554,New Zealand,5532,Producer Price (USD/tonne),01212,Cabbages,2002,2002,7021,Annual value,USD,277.5,A,Official figure,NZL,False,False,53.432698046969534,56.102316657369585,46.09884987045724,55.57542707086668,55.144333609249486,42.632850317668414,8.55424398531967,
PP,Producer Prices,554,New Zealand,5532,Producer Price (USD/tonne),01212,Cabbages,2003,2003,7021,Annual value,USD,371.6,A,Official figure,NZL,False,False,58.11559303636253,59.31684044946804,54.48407776395476,59.38331088130321,62.630981044686195,43.854657616127014,8.15797307027291,
PP,Producer Prices,554,New Zealand,5532,Producer Price (USD/tonne),01251,Carrots and turnips,1997,1997,7021,Annual value,USD,264.5,A,Official figure,NZL,False,False,70.75682380399682,79.31706264103354,59.44728416757198,66.51116723257967,70.68473461622513,70.38581190707349,7.77401372480264,
PP,Producer Prices,554,New Zealand,5532,Producer Price (USD/tonne),01213,Cauliflowers and broccoli,1991,1991,7021,Annual value,USD,323.0,A,Official figure,NZL,False,False,62.34528439011702,81.47466716487295,45.46032558544059,57.863819886673106,49.00795416086814,55.480617553691815,7.82005006852862,
PP,Producer Prices,554,New Zealand,5532,Producer Price (USD/tonne),01213,Cauliflowers and broccoli,1992,1992,7021,Annual value,USD,376.0,A,Official figure,NZL,False,False,64.22555868464649,78.38728862271715,54.8015933451503,60.9576514895015,52.991996389394096,56.04274688194544,7.26186523522237,
PP,Producer Prices,554,New Zealand,5532,Producer Price (USD/tonne),01213,Cauliflowers and broccoli,1993,1993,7021,Annual value,USD,162.1,A,Official figure,NZL,False,False,62.259404847966515,75.01403295972897,48.61651615517863,59.01858803408094,53.966480634247155,62.03019780031652,7.74549467533267,
PP,Producer Prices,554,New Zealand,5532,Producer Price (USD/tonne),01213,Cauliflowers and broccoli,1994,1994,7021,Annual value,USD,533.6,A,Official figure,NZL,False,False,67.26054679350919,76.29710199787732,47.42020205529957,61.936823654585105,71.86775375736012,74.94370090074824,7.51124643252268,
PP,Producer Prices,554,New Zealand,5532,Producer Price (USD/tonne),01213,Cauliflowers and broccoli,1995,1995,7021,Annual value,USD,656.2,A,Official figure,NZL,False,False,76.8287850116353,85.24932673337705,62.72510536671231,70.8474665240566,79.95838810789446,82.19981067004032,7.44919887987459,
PP,Producer Prices,554,New Zealand,5532,Producer Price (USD/tonne),01213,Cauliflowers and broccoli,1996,1996,7021,Annual value,USD,481.2,A,Official figure,NZL,False,False,77.82086308655745,84.34557234442748,61.619550783954395,83.65592765127325,69.93519294281285,73.98962818765723,7.60935139371214,
PP,Producer Prices,554,New Zealand,5532,Producer Price (USD/tonne),01213,Cauliflowers and broccoli,1997,1997,7021,Annual value,USD,462.8,A,Official figure,NZL,False,False,70.75682380399682,79.31706264103354,59.44728416757198,66.51116723257967,70.68473461622513,70.38581190707349,7.77401372480264,
PP,Producer Prices,554,New Zealand,5532,Producer Price (USD/tonne),01213,Cauliflowers and broccoli,1998,1998,7021,Annual value,USD,428.2,A,Official figure,NZL,False,False,64.8237651326436,66.27116245186038,55.776184862258724,58.90385220966683,83.88543382429606,55.22279355165295,9.20103004215946,
PP,Producer Prices,554,New Zealand,5532,Producer Price (USD/tonne),01213,Cauliflowers and broccoli,1999,1999,7021,Annual value,USD,423.4,A,Official figure,NZL,False,False,55.38494745729497,62.42928865091984,48.31192059218944,53.12085523046289,58.22698225943004,38.798878860400684,7.78436649828484,
PP,Producer Prices,554,New Zealand,5532,Producer Price (USD/tonne),01213,Cauliflowers and broccoli,2000,2000,7021,Annual value,USD,386.2,A,Official figure,NZL,False,False,53.658254311091945,61.295380665724906,54.46468606873116,51.41600714746175,42.89305770905415,50.612781624475126,7.72539363500583,
PP,Producer Prices,554,New Zealand,5532,Producer Price (USD/tonne),01213,Cauliflowers and broccoli,2001,2001,7021,Annual value,USD,378.3,A,Official figure,NZL,False,False,55.353759430433776,62.905581984538294,60.88469474046613,51.84540600513508,42.481465934354574,53.47099426092313,8.35043726681559,
PP,Producer Prices,554,New Zealand,5532,Producer Price (USD/tonne),01213,Cauliflowers and broccoli,2002,2002,7021,Annual value,USD,300.6,A,Official figure,NZL,False,False,53.432698046969534,56.102316657369585,46.09884987045724,55.57542707086668,55.144333609249486,42.632850317668414,8.55424398531967,
PP,Producer Prices,554,New Zealand,5532,Producer Price (USD/tonne),01213,Cauliflowers and broccoli,2003,2003,7021,Annual value,USD,362.9,A,Official figure,NZL,False,False,58.11559303636253,59.31684044946804,54.48407776395476,59.38331088130321,62.630981044686195,43.854657616127014,8.15797307027291,
PP,Producer Prices,554,New Zealand,5532,Producer Price (USD/tonne),01344.02,Cherries,1991,1991,7021,Annual value,USD,2134.4,A,Official figure,NZL,False,False,62.34528439011702,81.47466716487295,45.46032558544059,57.863819886673106,49.00795416086814,55.480617553691815,7.82005006852862,
PP,Producer Prices,554,New Zealand,5532,Producer Price (USD/tonne),01344.02,Cherries,1992,1992,7021,Annual value,USD,1997.0,A,Official figure,NZL,False,False,64.22555868464649,78.38728862271715,54.8015933451503,60.9576514895015,52.991996389394096,56.04274688194544,7.26186523522237,
PP,Producer Prices,554,New Zealand,5532,Producer Price (USD/tonne),01344.02,Cherries,1993,1993,7021,Annual value,USD,2252.9,A,Official figure,NZL,False,False,62.259404847966515,75.01403295972897,48.61651615517863,59.01858803408094,53.966480634247155,62.03019780031652,7.74549467533267,
PP,Producer Prices,554,New Zealand,5532,Producer Price (USD/tonne),01344.02,Cherries,1994,1994,7021,Annual value,USD,2250.8,A,Official figure,NZL,False,False,67.26054679350919,76.29710199787732,47.42020205529957,61.936823654585105,71.86775375736012,74.94370090074824,7.51124643252268,
PP,Producer Prices,554,New Zealand,5532,Producer Price (USD/tonne),01344.02,Cherries,1995,1995,7021,Annual value,USD,4673.0,A,Official figure,NZL,False,False,76.8287850116353,85.24932673337705,62.72510536671231,70.8474665240566,79.95838810789446,82.19981067004032,7.44919887987459,
PP,Producer Prices,554,New Zealand,5532,Producer Price (USD/tonne),01344.02,Cherries,1996,1996,7021,Annual value,USD,2937.1,A,Official figure,NZL,False,False,77.82086308655745,84.34557234442748,61.619550783954395,83.65592765127325,69.93519294281285,73.98962818765723,7.60935139371214,
PP,Producer Prices,554,New Zealand,5532,Producer Price (USD/tonne),01344.02,Cherries,1997,1997,7021,Annual value,USD,3735.7,A,Official figure,NZL,False,False,70.75682380399682,79.31706264103354,59.44728416757198,66.51116723257967,70.68473461622513,70.38581190707349,7.77401372480264,
PP,Producer Prices,554,New Zealand,5532,Producer Price (USD/tonne),01344.02,Cherries,1998,1998,7021,Annual value,USD,3667.6,A,Official figure,NZL,False,False,64.8237651326436,66.27116245186038,55.776184862258724,58.90385220966683,83.88543382429606,55.22279355165295,9.20103004215946,
PP,Producer Prices,554,New Zealand,5532,Producer Price (USD/tonne),01344.02,Cherries,1999,1999,7021,Annual value,USD,4830.1,A,Official figure,NZL,False,False,55.38494745729497,62.42928865091984,48.31192059218944,53.12085523046289,58.22698225943004,38.798878860400684,7.78436649828484,
PP,Producer Prices,554,New Zealand,5532,Producer Price (USD/tonne),01344.02,Cherries,2000,2000,7021,Annual value,USD,3962.9,A,Official figure,NZL,False,False,53.658254311091945,61.295380665724906,54.46468606873116,51.41600714746175,42.89305770905415,50.612781624475126,7.72539363500583,
PP,Producer Prices,554,New Zealand,5532,Producer Price (USD/tonne),01344.02,Cherries,2001,2001,7021,Annual value,USD,4973.2,A,Official figure,NZL,False,False,55.353759430433776,62.905581984538294,60.88469474046613,51.84540600513508,42.481465934354574,53.47099426092313,8.35043726681559,
PP,Producer Prices,554,New Zealand,5532,Producer Price (USD/tonne),01344.02,Cherries,2002,2002,7021,Annual value,USD,4576.8,A,Official figure,NZL,False,False,53.432698046969534,56.102316657369585,46.09884987045724,55.57542707086668,55.144333609249486,42.632850317668414,8.55424398531967,
PP,Producer Prices,554,New Zealand,5532,Producer Price (USD/tonne),01344.02,Cherries,2003,2003,7021,Annual value,USD,6450.3,A,Official figure,NZL,False,False,58.11559303636253,59.31684044946804,54.48407776395476,59.38331088130321,62.630981044686195,43.854657616127014,8.15797307027291,
PP,Producer Prices,554,New Zealand,5532,Producer Price (USD/tonne),01344.02,Cherries,2004,2004,7021,Annual value,USD,6495.7,A,Official figure,NZL,False,False,65.89944729053757,68.6029390549955,69.84888089256499,64.00158065193195,69.61163025660183,44.346000561265534,7.59012384281528,
PP,Producer Prices,554,New Zealand,5532,Producer Price (USD/tonne),01344.02,Cherries,2005,2005,7021,Annual value,USD,6407.2,A,Official figure,NZL,False,False,67.6467997866706,72.57908938487195,77.21006263097178,60.766594200041034,64.39872945308146,61.19575106393876,7.6532725496079,
PP,Producer Prices,554,New Zealand,5532,Producer Price (USD/tonne),01344.02,Cherries,2006,2006,7021,Annual value,USD,8002.3,A,Official figure,NZL,False,False,72.85198153556445,71.39005672414655,73.05336517091054,71.22837696143655,70.5451171722111,91.39314395266837,8.09644035294417,
PP,Producer Prices,554,New Zealand,5532,Producer Price (USD/tonne),01344.02,Cherries,2007,2007,7021,Annual value,USD,5276.8,A,Official figure,NZL,False,False,94.55025065074518,77.75672729408136,122.39946263841763,100.90811631831873,107.3148060387481,62.36914297123817,8.57888175013431,
PP,Producer Prices,554,New Zealand,5532,Producer Price (USD/tonne),01344.02,Cherries,2008,2008,7021,Annual value,USD,5285.6,A,Official figure,NZL,False,False,117.73787331863998,90.84433092873273,132.33661799232738,137.64181782223199,141.07285693456427,79.19536905542518,9.35585893641528,
PP,Producer Prices,554,New Zealand,5532,Producer Price (USD/tonne),01344.02,Cherries,2009,2009,7021,Annual value,USD,5809.3,A,Official figure,NZL,False,False,91.78785298482406,81.60267222893671,91.405730315563,97.1899325654129,94.42735946277953,112.2254832184969,10.6785335151412,
PP,Producer Prices,554,New Zealand,5532,Producer Price (USD/tonne),01351.01,Currants,1991,1991,7021,Annual value,USD,923.0,A,Official figure,NZL,False,False,62.34528439011702,81.47466716487295,45.46032558544059,57.863819886673106,49.00795416086814,55.480617553691815,7.82005006852862,
PP,Producer Prices,554,New Zealand,5532,Producer Price (USD/tonne),01351.01,Currants,1992,1992,7021,Annual value,USD,867.4,A,Official figure,NZL,False,False,64.22555868464649,78.38728862271715,54.8015933451503,60.9576514895015,52.991996389394096,56.04274688194544,7.26186523522237,
PP,Producer Prices,554,New Zealand,5532,Producer Price (USD/tonne),01351.01,Currants,1993,1993,7021,Annual value,USD,861.9,A,Official figure,NZL,False,False,62.259404847966515,75.01403295972897,48.61651615517863,59.01858803408094,53.966480634247155,62.03019780031652,7.74549467533267,
PP,Producer Prices,554,New Zealand,5532,Producer Price (USD/tonne),01351.01,Currants,1994,1994,7021,Annual value,USD,992.6,A,Official figure,NZL,False,False,67.26054679350919,76.29710199787732,47.42020205529957,61.936823654585105,71.86775375736012,74.94370090074824,7.51124643252268,
PP,Producer Prices,554,New Zealand,5532,Producer Price (USD/tonne),01351.01,Currants,1995,1995,7021,Annual value,USD,602.4,A,Official figure,NZL,False,False,76.8287850116353,85.24932673337705,62.72510536671231,70.8474665240566,79.95838810789446,82.19981067004032,7.44919887987459,
PP,Producer Prices,554,New Zealand,5532,Producer Price (USD/tonne),01351.01,Currants,1996,1996,7021,Annual value,USD,1211.1,A,Official figure,NZL,False,False,77.82086308655745,84.34557234442748,61.619550783954395,83.65592765127325,69.93519294281285,73.98962818765723,7.60935139371214,
PP,Producer Prices,554,New Zealand,5532,Producer Price (USD/tonne),01351.01,Currants,1997,1997,7021,Annual value,USD,688.3,A,Official figure,NZL,False,False,70.75682380399682,79.31706264103354,59.44728416757198,66.51116723257967,70.68473461622513,70.38581190707349,7.77401372480264,
PP,Producer Prices,554,New Zealand,5532,Producer Price (USD/tonne),01351.01,Currants,1998,1998,7021,Annual value,USD,615.0,A,Official figure,NZL,False,False,64.8237651326436,66.27116245186038,55.776184862258724,58.90385220966683,83.88543382429606,55.22279355165295,9.20103004215946,
PP,Producer Prices,554,New Zealand,5532,Producer Price (USD/tonne),01351.01,Currants,1999,1999,7021,Annual value,USD,793.8,A,Official figure,NZL,False,False,55.38494745729497,62.42928865091984,48.31192059218944,53.12085523046289,58.22698225943004,38.798878860400684,7.78436649828484,
PP,Producer Prices,554,New Zealand,5532,Producer Price (USD/tonne),01351.01,Currants,2000,2000,7021,Annual value,USD,795.0,A,Official figure,NZL,False,False,53.658254311091945,61.295380665724906,54.46468606873116,51.41600714746175,42.89305770905415,50.612781624475126,7.72539363500583,
PP,Producer Prices,554,New Zealand,5532,Producer Price (USD/tonne),01351.01,Currants,2001,2001,7021,Annual value,USD,672.6,A,Official figure,NZL,False,False,55.353759430433776,62.905581984538294,60.88469474046613,51.84540600513508,42.481465934354574,53.47099426092313,8.35043726681559,
PP,Producer Prices,554,New Zealand,5532,Producer Price (USD/tonne),01351.01,Currants,2002,2002,7021,Annual value,USD,693.7,A,Official figure,NZL,False,False,53.432698046969534,56.102316657369585,46.09884987045724,55.57542707086668,55.144333609249486,42.632850317668414,8.55424398531967,
PP,Producer Prices,554,New Zealand,5532,Producer Price (USD/tonne),01351.01,Currants,2003,2003,7021,Annual value,USD,813.0,A,Official figure,NZL,False,False,58.11559303636253,59.31684044946804,54.48407776395476,59.38331088130321,62.630981044686195,43.854657616127014,8.15797307027291,
PP,Producer Prices,554,New Zealand,5532,Producer Price (USD/tonne),01351.01,Currants,2004,2004,7021,Annual value,USD,821.9,A,Official figure,NZL,False,False,65.89944729053757,68.6029390549955,69.84888089256499,64.00158065193195,69.61163025660183,44.346000561265534,7.59012384281528,
PP,Producer Prices,554,New Zealand,5532,Producer Price (USD/tonne),01351.01,Currants,2005,2005,7021,Annual value,USD,704.1,A,Official figure,NZL,False,False,67.6467997866706,72.57908938487195,77.21006263097178,60.766594200041034,64.39872945308146,61.19575106393876,7.6532725496079,
PP,Producer Prices,554,New Zealand,5532,Producer Price (USD/tonne),01351.01,Currants,2006,2006,7021,Annual value,USD,804.1,A,Official figure,NZL,False,False,72.85198153556445,71.39005672414655,73.05336517091054,71.22837696143655,70.5451171722111,91.39314395266837,8.09644035294417,
PP,Producer Prices,554,New Zealand,5532,Producer Price (USD/tonne),01351.01,Currants,2007,2007,7021,Annual value,USD,911.3,A,Official figure,NZL,False,False,94.55025065074518,77.75672729408136,122.39946263841763,100.90811631831873,107.3148060387481,62.36914297123817,8.57888175013431,
PP,Producer Prices,554,New Zealand,5532,Producer Price (USD/tonne),01351.01,Currants,2008,2008,7021,Annual value,USD,871.6,A,Official figure,NZL,False,False,117.73787331863998,90.84433092873273,132.33661799232738,137.64181782223199,141.07285693456427,79.19536905542518,9.35585893641528,
PP,Producer Prices,554,New Zealand,5532,Producer Price (USD/tonne),01351.01,Currants,2009,2009,7021,Annual value,USD,774.6,A,Official figure,NZL,False,False,91.78785298482406,81.60267222893671,91.405730315563,97.1899325654129,94.42735946277953,112.2254832184969,10.6785335151412,
PP,Producer Prices,554,New Zealand,5532,Producer Price (USD/tonne),21170.02,"Game meat, fresh, chilled or frozen",1991,1991,7021,Annual value,USD,2417.1,A,Official figure,NZL,False,False,62.34528439011702,81.47466716487295,45.46032558544059,57.863819886673106,49.00795416086814,55.480617553691815,7.82005006852862,
PP,Producer Prices,554,New Zealand,5532,Producer Price (USD/tonne),21170.02,"Game meat, fresh, chilled or frozen",1992,1992,7021,Annual value,USD,926.0,A,Official figure,NZL,False,False,64.22555868464649,78.38728862271715,54.8015933451503,60.9576514895015,52.991996389394096,56.04274688194544,7.26186523522237,
PP,Producer Prices,554,New Zealand,5532,Producer Price (USD/tonne),21170.02,"Game meat, fresh, chilled or frozen",1993,1993,7021,Annual value,USD,1386.1,A,Official figure,NZL,False,False,62.259404847966515,75.01403295972897,48.61651615517863,59.01858803408094,53.966480634247155,62.03019780031652,7.74549467533267,
PP,Producer Prices,554,New Zealand,5532,Producer Price (USD/tonne),21170.02,"Game meat, fresh, chilled or frozen",1994,1994,7021,Annual value,USD,1414.2,A,Official figure,NZL,False,False,67.26054679350919,76.29710199787732,47.42020205529957,61.936823654585105,71.86775375736012,74.94370090074824,7.51124643252268,
PP,Producer Prices,554,New Zealand,5532,Producer Price (USD/tonne),21170.02,"Game meat, fresh, chilled or frozen",1995,1995,7021,Annual value,USD,1678.0,A,Official figure,NZL,False,False,76.8287850116353,85.24932673337705,62.72510536671231,70.8474665240566,79.95838810789446,82.19981067004032,7.44919887987459,
PP,Producer Prices,554,New Zealand,5532,Producer Price (USD/tonne),21170.02,"Game meat, fresh, chilled or frozen",1996,1996,7021,Annual value,USD,2430.5,A,Official figure,NZL,False,False,77.82086308655745,84.34557234442748,61.619550783954395,83.65592765127325,69.93519294281285,73.98962818765723,7.60935139371214,
PP,Producer Prices,554,New Zealand,5532,Producer Price (USD/tonne),21170.02,"Game meat, fresh, chilled or frozen",1997,1997,7021,Annual value,USD,2305.6,A,Official figure,NZL,False,False,70.75682380399682,79.31706264103354,59.44728416757198,66.51116723257967,70.68473461622513,70.38581190707349,7.77401372480264,
PP,Producer Prices,554,New Zealand,5532,Producer Price (USD/tonne),21170.02,"Game meat, fresh, chilled or frozen",1998,1998,7021,Annual value,USD,1416.8,A,Official figure,NZL,False,False,64.8237651326436,66.27116245186038,55.776184862258724,58.90385220966683,83.88543382429606,55.22279355165295,9.20103004215946,
PP,Producer Prices,554,New Zealand,5532,Producer Price (USD/tonne),21170.02,"Game meat, fresh, chilled or frozen",1999,1999,7021,Annual value,USD,1270.1,A,Official figure,NZL,False,False,55.38494745729497,62.42928865091984,48.31192059218944,53.12085523046289,58.22698225943004,38.798878860400684,7.78436649828484,
PP,Producer Prices,554,New Zealand,5532,Producer Price (USD/tonne),21170.02,"Game meat, fresh, chilled or frozen",2000,2000,7021,Annual value,USD,1399.3,A,Official figure,NZL,False,False,53.658254311091945,61.295380665724906,54.46468606873116,51.41600714746175,42.89305770905415,50.612781624475126,7.72539363500583,
PP,Producer Prices,554,New Zealand,5532,Producer Price (USD/tonne),21170.02,"Game meat, fresh, chilled or frozen",2001,2001,7021,Annual value,USD,1588.2,A,Official figure,NZL,False,False,55.353759430433776,62.905581984538294,60.88469474046613,51.84540600513508,42.481465934354574,53.47099426092313,8.35043726681559,
PP,Producer Prices,554,New Zealand,5532,Producer Price (USD/tonne),21170.02,"Game meat, fresh, chilled or frozen",2002,2002,7021,Annual value,USD,1889.3,A,Official figure,NZL,False,False,53.432698046969534,56.102316657369585,46.09884987045724,55.57542707086668,55.144333609249486,42.632850317668414,8.55424398531967,
PP,Producer Prices,554,New Zealand,5532,Producer Price (USD/tonne),21170.02,"Game meat, fresh, chilled or frozen",2003,2003,7021,Annual value,USD,1408.2,A,Official figure,NZL,False,False,58.11559303636253,59.31684044946804,54.48407776395476,59.38331088130321,62.630981044686195,43.854657616127014,8.15797307027291,
PP,Producer Prices,554,New Zealand,5532,Producer Price (USD/tonne),21170.02,"Game meat, fresh, chilled or frozen",2004,2004,7021,Annual value,USD,1450.3,A,Official figure,NZL,False,False,65.89944729053757,68.6029390549955,69.84888089256499,64.00158065193195,69.61163025660183,44.346000561265534,7.59012384281528,
PP,Producer Prices,554,New Zealand,5532,Producer Price (USD/tonne),21170.02,"Game meat, fresh, chilled or frozen",2005,2005,7021,Annual value,USD,1503.9,A,Official figure,NZL,False,False,67.6467997866706,72.57908938487195,77.21006263097178,60.766594200041034,64.39872945308146,61.19575106393876,7.6532725496079,
PP,Producer Prices,554,New Zealand,5532,Producer Price (USD/tonne),21170.02,"Game meat, fresh, chilled or frozen",2006,2006,7021,Annual value,USD,1330.0,A,Official figure,NZL,False,False,72.85198153556445,71.39005672414655,73.05336517091054,71.22837696143655,70.5451171722111,91.39314395266837,8.09644035294417,
PP,Producer Prices,554,New Zealand,5532,Producer Price (USD/tonne),21170.02,"Game meat, fresh, chilled or frozen",2007,2007,7021,Annual value,USD,1900.5,A,Official figure,NZL,False,False,94.55025065074518,77.75672729408136,122.39946263841763,100.90811631831873,107.3148060387481,62.36914297123817,8.57888175013431,
PP,Producer Prices,554,New Zealand,5532,Producer Price (USD/tonne),21170.02,"Game meat, fresh, chilled or frozen",2008,2008,7021,Annual value,USD,2358.1,A,Official figure,NZL,False,False,117.73787331863998,90.84433092873273,132.33661799232738,137.64181782223199,141.07285693456427,79.19536905542518,9.35585893641528,
PP,Producer Prices,554,New Zealand,5532,Producer Price (USD/tonne),21170.02,"Game meat, fresh, chilled or frozen",2009,2009,7021,Annual value,USD,2810.3,A,Official figure,NZL,False,False,91.78785298482406,81.60267222893671,91.405730315563,97.1899325654129,94.42735946277953,112.2254832184969,10.6785335151412,
PP,Producer Prices,554,New Zealand,5532,Producer Price (USD/tonne),21170.02,"Game meat, fresh, chilled or frozen",2010,2010,7021,Annual value,USD,2779.2,A,Official figure,NZL,False,False,106.87404108388505,91.39347096403203,111.89896716658724,107.49931237044449,121.95018353123997,131.72406046543753,10.6098870848979,
PP,Producer Prices,554,New Zealand,5532,Producer Price (USD/tonne),21170.02,"Game meat, fresh, chilled or frozen",2011,2011,7021,Annual value,USD,3087.3,A,Official figure,NZL,False,False,131.77593256915614,105.02246669637043,129.89070190611824,142.15740841093506,156.4798891014947,160.90057382271044,10.5379127413242,
PP,Producer Prices,554,New Zealand,5532,Producer Price (USD/tonne),21170.02,"Game meat, fresh, chilled or frozen",2012,2012,7021,Annual value,USD,3345.3,A,Official figure,NZL,False,False,122.75022327595461,104.69498650707051,111.65677557794167,137.3983528628098,138.30661545629084,133.31863424562349,10.64842973973,
PP,Producer Prices,554,New Zealand,5532,Producer Price (USD/tonne),21170.02,"Game meat, fresh, chilled or frozen",2013,2013,7021,Annual value,USD,2939.1,A,Official figure,NZL,False,False,120.14390446093925,106.21599274087434,140.90691300197804,129.1108717873773,119.49987300357218,109.45334619156017,10.6409212747116,
PP,Producer Prices,554,New Zealand,5532,Producer Price (USD/tonne),21170.02,"Game meat, fresh, chilled or frozen",2014,2014,7021,Annual value,USD,2693.6,A,Official figure,NZL,False,False,114.98315043593857,112.11017428857667,130.20652445334494,115.8182908031581,110.6162614969274,105.19538929713728,10.7736810383188,
PP,Producer Prices,554,New Zealand,5532,Producer Price (USD/tonne),21170.02,"Game meat, fresh, chilled or frozen",2015,2015,7021,Annual value,USD,2260.2,A,Official figure,NZL,False,False,93.0638125181246,96.78279749075053,87.1451487854646,95.87342014077292,89.94109402113435,83.1811851391223,11.3631197214515,
PP,Producer Prices,554,New Zealand,5532,Producer Price (USD/tonne),21170.02,"Game meat, fresh, chilled or frozen",2016,2016,7021,Annual value,USD,2578.4,A,Official figure,NZL,False,False,91.95303704593685,91.10702822067289,82.64832676119045,88.30828905606897,99.44264448193826,111.62342556374044,11.4413385056481,
PP,Producer Prices,554,New Zealand,5532,Producer Price (USD/tonne),21170.02,"Game meat, fresh, chilled or frozen",2017,2017,7021,Annual value,USD,2864.1,A,Official figure,NZL,False,False,97.9325465965461,97.47103081764828,108.01127219003995,90.98426329355082,101.90947584276995,99.11220417429126,11.5262393633489,
PP,Producer Prices,554,New Zealand,5532,Producer Price (USD/tonne),21170.02,"Game meat, fresh, chilled or frozen",2018,2018,7021,Annual value,USD,3488.0,A,Official figure,NZL,False,False,95.75177402259017,94.39851038295467,107.2716875332135,100.82233026984352,87.76107702264312,77.40205315573543,11.3255665553283,
PP,Producer Prices,554,New Zealand,5532,Producer Price (USD/tonne),21170.02,"Game meat, fresh, chilled or frozen",2019,2019,7021,Annual value,USD,3474.6,A,Official figure,NZL,False,False,94.93129436453303,99.4754122501492,102.81578202753263,96.60386371200734,83.23927616454294,78.61501498294437,11.5258173901989,
PP,Producer Prices,554,New Zealand,5532,Producer Price (USD/tonne),21170.02,"Game meat, fresh, chilled or frozen",2020,2020,7021,Annual value,USD,2723.6,A,Official figure,NZL,False,False,98.05250486501859,95.316293513863,101.8142204334863,103.1167289201083,99.44353567977252,79.52871763805308,13.4141194210952,
PP,Producer Prices,554,New Zealand,5532,Producer Price (USD/tonne),21170.02,"Game meat, fresh, chilled or frozen",2021,2021,7021,Annual value,USD,2078.1,A,Official figure,NZL,False,False,125.73406972850047,107.53442746784815,119.59735631930364,131.1533847436843,164.85113256482796,109.33464293018675,11.475669248619,
PP,Producer Prices,554,New Zealand,5532,Producer Price (USD/tonne),21170.02,"Game meat, fresh, chilled or frozen",2022,2022,7021,Annual value,USD,2359.9,A,Official figure,NZL,False,False,144.50986636550888,118.33551230992974,149.51050848913766,154.66510013039058,187.77977941529275,114.45579634923097,11.0671792942827,
PP,Producer Prices,554,New Zealand,5532,Producer Price (USD/tonne),21170.02,"Game meat, fresh, chilled or frozen",2023,2023,7021,Annual value,USD,2773.2,A,Official figure,NZL,False,False,124.51966645168862,114.10852024490974,123.72456940111083,130.87805882527132,126.29144514063518,144.9803113652603,11.2682320290767,
PP,Producer Prices,554,New Zealand,5532,Producer Price (USD/tonne),21170.02,"Game meat, fresh, chilled or frozen",2024,2024,7021,Annual value,USD,2694.4,A,Official figure,NZL,False,False,121.9819961575273,117.25906623977029,129.71297215949022,113.47684568733492,138.06843188494958,125.71292330063521,12.4737636662727,
PP,Producer Prices,554,New Zealand,5532,Producer Price (USD/tonne),01330,Grapes,1997,1997,7021,Annual value,USD,556.7,A,Official figure,NZL,False,False,70.75682380399682,79.31706264103354,59.44728416757198,66.51116723257967,70.68473461622513,70.38581190707349,7.77401372480264,
PP,Producer Prices,554,New Zealand,5532,Producer Price (USD/tonne),01330,Grapes,1998,1998,7021,Annual value,USD,537.9,A,Official figure,NZL,False,False,64.8237651326436,66.27116245186038,55.776184862258724,58.90385220966683,83.88543382429606,55.22279355165295,9.20103004215946,
PP,Producer Prices,554,New Zealand,5532,Producer Price (USD/tonne),01330,Grapes,1999,1999,7021,Annual value,USD,557.8,A,Official figure,NZL,False,False,55.38494745729497,62.42928865091984,48.31192059218944,53.12085523046289,58.22698225943004,38.798878860400684,7.78436649828484,
PP,Producer Prices,554,New Zealand,5532,Producer Price (USD/tonne),01330,Grapes,2000,2000,7021,Annual value,USD,523.8,A,Official figure,NZL,False,False,53.658254311091945,61.295380665724906,54.46468606873116,51.41600714746175,42.89305770905415,50.612781624475126,7.72539363500583,
PP,Producer Prices,554,New Zealand,5532,Producer Price (USD/tonne),01330,Grapes,2001,2001,7021,Annual value,USD,605.8,A,Official figure,NZL,False,False,55.353759430433776,62.905581984538294,60.88469474046613,51.84540600513508,42.481465934354574,53.47099426092313,8.35043726681559,
PP,Producer Prices,554,New Zealand,5532,Producer Price (USD/tonne),01330,Grapes,2002,2002,7021,Annual value,USD,755.7,A,Official figure,NZL,False,False,53.432698046969534,56.102316657369585,46.09884987045724,55.57542707086668,55.144333609249486,42.632850317668414,8.55424398531967,
PP,Producer Prices,554,New Zealand,5532,Producer Price (USD/tonne),01330,Grapes,2003,2003,7021,Annual value,USD,1120.1,A,Official figure,NZL,False,False,58.11559303636253,59.31684044946804,54.48407776395476,59.38331088130321,62.630981044686195,43.854657616127014,8.15797307027291,
PP,Producer Prices,554,New Zealand,5532,Producer Price (USD/tonne),01330,Grapes,2004,2004,7021,Annual value,USD,1200.4,A,Official figure,NZL,False,False,65.89944729053757,68.6029390549955,69.84888089256499,64.00158065193195,69.61163025660183,44.346000561265534,7.59012384281528,
PP,Producer Prices,554,New Zealand,5532,Producer Price (USD/tonne),01330,Grapes,2005,2005,7021,Annual value,USD,1261.7,A,Official figure,NZL,False,False,67.6467997866706,72.57908938487195,77.21006263097178,60.766594200041034,64.39872945308146,61.19575106393876,7.6532725496079,
PP,Producer Prices,554,New Zealand,5532,Producer Price (USD/tonne),01330,Grapes,2006,2006,7021,Annual value,USD,1311.2,A,Official figure,NZL,False,False,72.85198153556445,71.39005672414655,73.05336517091054,71.22837696143655,70.5451171722111,91.39314395266837,8.09644035294417,
PP,Producer Prices,554,New Zealand,5532,Producer Price (USD/tonne),01330,Grapes,2007,2007,7021,Annual value,USD,1455.9,A,Official figure,NZL,False,False,94.55025065074518,77.75672729408136,122.39946263841763,100.90811631831873,107.3148060387481,62.36914297123817,8.57888175013431,
PP,Producer Prices,554,New Zealand,5532,Producer Price (USD/tonne),01330,Grapes,2008,2008,7021,Annual value,USD,1518.2,A,Official figure,NZL,False,False,117.73787331863998,90.84433092873273,132.33661799232738,137.64181782223199,141.07285693456427,79.19536905542518,9.35585893641528,
PP,Producer Prices,554,New Zealand,5532,Producer Price (USD/tonne),01330,Grapes,2009,2009,7021,Annual value,USD,1018.2,A,Official figure,NZL,False,False,91.78785298482406,81.60267222893671,91.405730315563,97.1899325654129,94.42735946277953,112.2254832184969,10.6785335151412,
PP,Producer Prices,554,New Zealand,5532,Producer Price (USD/tonne),01290.01,Green corn (maize),2000,2000,7021,Annual value,USD,68.1,A,Official figure,NZL,False,False,53.658254311091945,61.295380665724906,54.46468606873116,51.41600714746175,42.89305770905415,50.612781624475126,7.72539363500583,
PP,Producer Prices,554,New Zealand,5532,Producer Price (USD/tonne),01290.01,Green corn (maize),2001,2001,7021,Annual value,USD,56.8,A,Official figure,NZL,False,False,55.353759430433776,62.905581984538294,60.88469474046613,51.84540600513508,42.481465934354574,53.47099426092313,8.35043726681559,
PP,Producer Prices,554,New Zealand,5532,Producer Price (USD/tonne),01252,Green garlic,1997,1997,7021,Annual value,USD,4165.5,X,Figure from external organization,NZL,True,False,70.75682380399682,79.31706264103354,59.44728416757198,66.51116723257967,70.68473461622513,70.38581190707349,7.77401372480264,
PP,Producer Prices,554,New Zealand,5532,Producer Price (USD/tonne),0231,"Hen eggs in shell, fresh",1991,1991,7021,Annual value,USD,1375.8,A,Official figure,NZL,False,False,62.34528439011702,81.47466716487295,45.46032558544059,57.863819886673106,49.00795416086814,55.480617553691815,7.82005006852862,
PP,Producer Prices,554,New Zealand,5532,Producer Price (USD/tonne),0231,"Hen eggs in shell, fresh",1992,1992,7021,Annual value,USD,1269.7,A,Official figure,NZL,False,False,64.22555868464649,78.38728862271715,54.8015933451503,60.9576514895015,52.991996389394096,56.04274688194544,7.26186523522237,
PP,Producer Prices,554,New Zealand,5532,Producer Price (USD/tonne),0231,"Hen eggs in shell, fresh",1993,1993,7021,Annual value,USD,1211.6,A,Official figure,NZL,False,False,62.259404847966515,75.01403295972897,48.61651615517863,59.01858803408094,53.966480634247155,62.03019780031652,7.74549467533267,
PP,Producer Prices,554,New Zealand,5532,Producer Price (USD/tonne),0231,"Hen eggs in shell, fresh",1994,1994,7021,Annual value,USD,1327.0,A,Official figure,NZL,False,False,67.26054679350919,76.29710199787732,47.42020205529957,61.936823654585105,71.86775375736012,74.94370090074824,7.51124643252268,
PP,Producer Prices,554,New Zealand,5532,Producer Price (USD/tonne),0231,"Hen eggs in shell, fresh",1995,1995,7021,Annual value,USD,1427.3,A,Official figure,NZL,False,False,76.8287850116353,85.24932673337705,62.72510536671231,70.8474665240566,79.95838810789446,82.19981067004032,7.44919887987459,
PP,Producer Prices,554,New Zealand,5532,Producer Price (USD/tonne),0231,"Hen eggs in shell, fresh",1996,1996,7021,Annual value,USD,1462.7,A,Official figure,NZL,False,False,77.82086308655745,84.34557234442748,61.619550783954395,83.65592765127325,69.93519294281285,73.98962818765723,7.60935139371214,
PP,Producer Prices,554,New Zealand,5532,Producer Price (USD/tonne),0231,"Hen eggs in shell, fresh",1997,1997,7021,Annual value,USD,1426.9,A,Official figure,NZL,False,False,70.75682380399682,79.31706264103354,59.44728416757198,66.51116723257967,70.68473461622513,70.38581190707349,7.77401372480264,
PP,Producer Prices,554,New Zealand,5532,Producer Price (USD/tonne),0231,"Hen eggs in shell, fresh",1998,1998,7021,Annual value,USD,1171.1,A,Official figure,NZL,False,False,64.8237651326436,66.27116245186038,55.776184862258724,58.90385220966683,83.88543382429606,55.22279355165295,9.20103004215946,
PP,Producer Prices,554,New Zealand,5532,Producer Price (USD/tonne),0231,"Hen eggs in shell, fresh",1999,1999,7021,Annual value,USD,1137.8,A,Official figure,NZL,False,False,55.38494745729497,62.42928865091984,48.31192059218944,53.12085523046289,58.22698225943004,38.798878860400684,7.78436649828484,
PP,Producer Prices,554,New Zealand,5532,Producer Price (USD/tonne),0231,"Hen eggs in shell, fresh",2000,2000,7021,Annual value,USD,892.3,A,Official figure,NZL,False,False,53.658254311091945,61.295380665724906,54.46468606873116,51.41600714746175,42.89305770905415,50.612781624475126,7.72539363500583,
PP,Producer Prices,554,New Zealand,5532,Producer Price (USD/tonne),0231,"Hen eggs in shell, fresh",2001,2001,7021,Annual value,USD,1126.2,A,Official figure,NZL,False,False,55.353759430433776,62.905581984538294,60.88469474046613,51.84540600513508,42.481465934354574,53.47099426092313,8.35043726681559,
PP,Producer Prices,554,New Zealand,5532,Producer Price (USD/tonne),0231,"Hen eggs in shell, fresh",2002,2002,7021,Annual value,USD,1251.0,A,Official figure,NZL,False,False,53.432698046969534,56.102316657369585,46.09884987045724,55.57542707086668,55.144333609249486,42.632850317668414,8.55424398531967,
PP,Producer Prices,554,New Zealand,5532,Producer Price (USD/tonne),0231,"Hen eggs in shell, fresh",2003,2003,7021,Annual value,USD,1586.4,A,Official figure,NZL,False,False,58.11559303636253,59.31684044946804,54.48407776395476,59.38331088130321,62.630981044686195,43.854657616127014,8.15797307027291,
PP,Producer Prices,554,New Zealand,5532,Producer Price (USD/tonne),01659,Hop cones,1991,1991,7021,Annual value,USD,5191.8,A,Official figure,NZL,False,False,62.34528439011702,81.47466716487295,45.46032558544059,57.863819886673106,49.00795416086814,55.480617553691815,7.82005006852862,
PP,Producer Prices,554,New Zealand,5532,Producer Price (USD/tonne),01659,Hop cones,1992,1992,7021,Annual value,USD,4834.1,A,Official figure,NZL,False,False,64.22555868464649,78.38728862271715,54.8015933451503,60.9576514895015,52.991996389394096,56.04274688194544,7.26186523522237,
PP,Producer Prices,554,New Zealand,5532,Producer Price (USD/tonne),01659,Hop cones,1993,1993,7021,Annual value,USD,5403.9,A,Official figure,NZL,False,False,62.259404847966515,75.01403295972897,48.61651615517863,59.01858803408094,53.966480634247155,62.03019780031652,7.74549467533267,
PP,Producer Prices,554,New Zealand,5532,Producer Price (USD/tonne),01659,Hop cones,1994,1994,7021,Annual value,USD,5929.4,A,Official figure,NZL,False,False,67.26054679350919,76.29710199787732,47.42020205529957,61.936823654585105,71.86775375736012,74.94370090074824,7.51124643252268,
PP,Producer Prices,554,New Zealand,5532,Producer Price (USD/tonne),01659,Hop cones,1995,1995,7021,Annual value,USD,6562.2,A,Official figure,NZL,False,False,76.8287850116353,85.24932673337705,62.72510536671231,70.8474665240566,79.95838810789446,82.19981067004032,7.44919887987459,
PP,Producer Prices,554,New Zealand,5532,Producer Price (USD/tonne),01659,Hop cones,1996,1996,7021,Annual value,USD,5842.5,A,Official figure,NZL,False,False,77.82086308655745,84.34557234442748,61.619550783954395,83.65592765127325,69.93519294281285,73.98962818765723,7.60935139371214,
PP,Producer Prices,554,New Zealand,5532,Producer Price (USD/tonne),01659,Hop cones,1997,1997,7021,Annual value,USD,5091.2,A,Official figure,NZL,False,False,70.75682380399682,79.31706264103354,59.44728416757198,66.51116723257967,70.68473461622513,70.38581190707349,7.77401372480264,
PP,Producer Prices,554,New Zealand,5532,Producer Price (USD/tonne),01659,Hop cones,1998,1998,7021,Annual value,USD,4121.5,A,Official figure,NZL,False,False,64.8237651326436,66.27116245186038,55.776184862258724,58.90385220966683,83.88543382429606,55.22279355165295,9.20103004215946,
PP,Producer Prices,554,New Zealand,5532,Producer Price (USD/tonne),01659,Hop cones,1999,1999,7021,Annual value,USD,4392.4,A,Official figure,NZL,False,False,55.38494745729497,62.42928865091984,48.31192059218944,53.12085523046289,58.22698225943004,38.798878860400684,7.78436649828484,
PP,Producer Prices,554,New Zealand,5532,Producer Price (USD/tonne),01659,Hop cones,2000,2000,7021,Annual value,USD,3679.9,A,Official figure,NZL,False,False,53.658254311091945,61.295380665724906,54.46468606873116,51.41600714746175,42.89305770905415,50.612781624475126,7.72539363500583,
PP,Producer Prices,554,New Zealand,5532,Producer Price (USD/tonne),01659,Hop cones,2001,2001,7021,Annual value,USD,3783.5,A,Official figure,NZL,False,False,55.353759430433776,62.905581984538294,60.88469474046613,51.84540600513508,42.481465934354574,53.47099426092313,8.35043726681559,
PP,Producer Prices,554,New Zealand,5532,Producer Price (USD/tonne),01659,Hop cones,2002,2002,7021,Annual value,USD,4439.9,A,Official figure,NZL,False,False,53.432698046969534,56.102316657369585,46.09884987045724,55.57542707086668,55.144333609249486,42.632850317668414,8.55424398531967,
PP,Producer Prices,554,New Zealand,5532,Producer Price (USD/tonne),01659,Hop cones,2003,2003,7021,Annual value,USD,5574.6,A,Official figure,NZL,False,False,58.11559303636253,59.31684044946804,54.48407776395476,59.38331088130321,62.630981044686195,43.854657616127014,8.15797307027291,
PP,Producer Prices,554,New Zealand,5532,Producer Price (USD/tonne),01352,Kiwi fruit,1991,1991,7021,Annual value,USD,923.0,A,Official figure,NZL,False,False,62.34528439011702,81.47466716487295,45.46032558544059,57.863819886673106,49.00795416086814,55.480617553691815,7.82005006852862,
PP,Producer Prices,554,New Zealand,5532,Producer Price (USD/tonne),01352,Kiwi fruit,1992,1992,7021,Annual value,USD,574.2,A,Official figure,NZL,False,False,64.22555868464649,78.38728862271715,54.8015933451503,60.9576514895015,52.991996389394096,56.04274688194544,7.26186523522237,
PP,Producer Prices,554,New Zealand,5532,Producer Price (USD/tonne),01352,Kiwi fruit,1993,1993,7021,Annual value,USD,645.2,A,Official figure,NZL,False,False,62.259404847966515,75.01403295972897,48.61651615517863,59.01858803408094,53.966480634247155,62.03019780031652,7.74549467533267,
PP,Producer Prices,554,New Zealand,5532,Producer Price (USD/tonne),01352,Kiwi fruit,1994,1994,7021,Annual value,USD,807.0,A,Official figure,NZL,False,False,67.26054679350919,76.29710199787732,47.42020205529957,61.936823654585105,71.86775375736012,74.94370090074824,7.51124643252268,
PP,Producer Prices,554,New Zealand,5532,Producer Price (USD/tonne),01352,Kiwi fruit,1995,1995,7021,Annual value,USD,768.4,A,Official figure,NZL,False,False,76.8287850116353,85.24932673337705,62.72510536671231,70.8474665240566,79.95838810789446,82.19981067004032,7.44919887987459,
PP,Producer Prices,554,New Zealand,5532,Producer Price (USD/tonne),01352,Kiwi fruit,1996,1996,7021,Annual value,USD,831.0,A,Official figure,NZL,False,False,77.82086308655745,84.34557234442748,61.619550783954395,83.65592765127325,69.93519294281285,73.98962818765723,7.60935139371214,
PP,Producer Prices,554,New Zealand,5532,Producer Price (USD/tonne),01352,Kiwi fruit,1997,1997,7021,Annual value,USD,791.4,A,Official figure,NZL,False,False,70.75682380399682,79.31706264103354,59.44728416757198,66.51116723257967,70.68473461622513,70.38581190707349,7.77401372480264,
PP,Producer Prices,554,New Zealand,5532,Producer Price (USD/tonne),01352,Kiwi fruit,1998,1998,7021,Annual value,USD,824.3,A,Official figure,NZL,False,False,64.8237651326436,66.27116245186038,55.776184862258724,58.90385220966683,83.88543382429606,55.22279355165295,9.20103004215946,
PP,Producer Prices,554,New Zealand,5532,Producer Price (USD/tonne),01352,Kiwi fruit,1999,1999,7021,Annual value,USD,979.0,A,Official figure,NZL,False,False,55.38494745729497,62.42928865091984,48.31192059218944,53.12085523046289,58.22698225943004,38.798878860400684,7.78436649828484,
PP,Producer Prices,554,New Zealand,5532,Producer Price (USD/tonne),01352,Kiwi fruit,2000,2000,7021,Annual value,USD,704.2,A,Official figure,NZL,False,False,53.658254311091945,61.295380665724906,54.46468606873116,51.41600714746175,42.89305770905415,50.612781624475126,7.72539363500583,
PP,Producer Prices,554,New Zealand,5532,Producer Price (USD/tonne),01352,Kiwi fruit,2001,2001,7021,Annual value,USD,693.6,A,Official figure,NZL,False,False,55.353759430433776,62.905581984538294,60.88469474046613,51.84540600513508,42.481465934354574,53.47099426092313,8.35043726681559,
PP,Producer Prices,554,New Zealand,5532,Producer Price (USD/tonne),01352,Kiwi fruit,2002,2002,7021,Annual value,USD,585.1,A,Official figure,NZL,False,False,53.432698046969534,56.102316657369585,46.09884987045724,55.57542707086668,55.144333609249486,42.632850317668414,8.55424398531967,
PP,Producer Prices,554,New Zealand,5532,Producer Price (USD/tonne),01352,Kiwi fruit,2003,2003,7021,Annual value,USD,934.9,A,Official figure,NZL,False,False,58.11559303636253,59.31684044946804,54.48407776395476,59.38331088130321,62.630981044686195,43.854657616127014,8.15797307027291,
PP,Producer Prices,554,New Zealand,5532,Producer Price (USD/tonne),01352,Kiwi fruit,2004,2004,7021,Annual value,USD,1193.1,A,Official figure,NZL,False,False,65.89944729053757,68.6029390549955,69.84888089256499,64.00158065193195,69.61163025660183,44.346000561265534,7.59012384281528,
PP,Producer Prices,554,New Zealand,5532,Producer Price (USD/tonne),01352,Kiwi fruit,2005,2005,7021,Annual value,USD,890.7,A,Official figure,NZL,False,False,67.6467997866706,72.57908938487195,77.21006263097178,60.766594200041034,64.39872945308146,61.19575106393876,7.6532725496079,
PP,Producer Prices,554,New Zealand,5532,Producer Price (USD/tonne),01352,Kiwi fruit,2006,2006,7021,Annual value,USD,693.9,A,Official figure,NZL,False,False,72.85198153556445,71.39005672414655,73.05336517091054,71.22837696143655,70.5451171722111,91.39314395266837,8.09644035294417,
PP,Producer Prices,554,New Zealand,5532,Producer Price (USD/tonne),01352,Kiwi fruit,2007,2007,7021,Annual value,USD,885.6,A,Official figure,NZL,False,False,94.55025065074518,77.75672729408136,122.39946263841763,100.90811631831873,107.3148060387481,62.36914297123817,8.57888175013431,
PP,Producer Prices,554,New Zealand,5532,Producer Price (USD/tonne),01352,Kiwi fruit,2008,2008,7021,Annual value,USD,664.2,A,Official figure,NZL,False,False,117.73787331863998,90.84433092873273,132.33661799232738,137.64181782223199,141.07285693456427,79.19536905542518,9.35585893641528,
PP,Producer Prices,554,New Zealand,5532,Producer Price (USD/tonne),01352,Kiwi fruit,2009,2009,7021,Annual value,USD,709.0,A,Official figure,NZL,False,False,91.78785298482406,81.60267222893671,91.405730315563,97.1899325654129,94.42735946277953,112.2254832184969,10.6785335151412,
PP,Producer Prices,554,New Zealand,5532,Producer Price (USD/tonne),01352,Kiwi fruit,2010,2010,7021,Annual value,USD,925.9,A,Official figure,NZL,False,False,106.87404108388505,91.39347096403203,111.89896716658724,107.49931237044449,121.95018353123997,131.72406046543753,10.6098870848979,
PP,Producer Prices,554,New Zealand,5532,Producer Price (USD/tonne),01352,Kiwi fruit,2011,2011,7021,Annual value,USD,1157.4,A,Official figure,NZL,False,False,131.77593256915614,105.02246669637043,129.89070190611824,142.15740841093506,156.4798891014947,160.90057382271044,10.5379127413242,
PP,Producer Prices,554,New Zealand,5532,Producer Price (USD/tonne),01352,Kiwi fruit,2012,2012,7021,Annual value,USD,935.8,A,Official figure,NZL,False,False,122.75022327595461,104.69498650707051,111.65677557794167,137.3983528628098,138.30661545629084,133.31863424562349,10.64842973973,
PP,Producer Prices,554,New Zealand,5532,Producer Price (USD/tonne),01352,Kiwi fruit,2013,2013,7021,Annual value,USD,1385.9,A,Official figure,NZL,False,False,120.14390446093925,106.21599274087434,140.90691300197804,129.1108717873773,119.49987300357218,109.45334619156017,10.6409212747116,
PP,Producer Prices,554,New Zealand,5532,Producer Price (USD/tonne),01352,Kiwi fruit,2014,2014,7021,Annual value,USD,1431.0,A,Official figure,NZL,False,False,114.98315043593857,112.11017428857667,130.20652445334494,115.8182908031581,110.6162614969274,105.19538929713728,10.7736810383188,
PP,Producer Prices,554,New Zealand,5532,Producer Price (USD/tonne),01352,Kiwi fruit,2015,2015,7021,Annual value,USD,1307.6,A,Official figure,NZL,False,False,93.0638125181246,96.78279749075053,87.1451487854646,95.87342014077292,89.94109402113435,83.1811851391223,11.3631197214515,
PP,Producer Prices,554,New Zealand,5532,Producer Price (USD/tonne),01352,Kiwi fruit,2016,2016,7021,Annual value,USD,1159.0,A,Official figure,NZL,False,False,91.95303704593685,91.10702822067289,82.64832676119045,88.30828905606897,99.44264448193826,111.62342556374044,11.4413385056481,
PP,Producer Prices,554,New Zealand,5532,Producer Price (USD/tonne),01352,Kiwi fruit,2017,2017,7021,Annual value,USD,1154.6,A,Official figure,NZL,False,False,97.9325465965461,97.47103081764828,108.01127219003995,90.98426329355082,101.90947584276995,99.11220417429126,11.5262393633489,
PP,Producer Prices,554,New Zealand,5532,Producer Price (USD/tonne),01352,Kiwi fruit,2018,2018,7021,Annual value,USD,1577.6,A,Official figure,NZL,False,False,95.75177402259017,94.39851038295467,107.2716875332135,100.82233026984352,87.76107702264312,77.40205315573543,11.3255665553283,
PP,Producer Prices,554,New Zealand,5532,Producer Price (USD/tonne),01352,Kiwi fruit,2019,2019,7021,Annual value,USD,1516.8,A,Official figure,NZL,False,False,94.93129436453303,99.4754122501492,102.81578202753263,96.60386371200734,83.23927616454294,78.61501498294437,11.5258173901989,
PP,Producer Prices,554,New Zealand,5532,Producer Price (USD/tonne),01352,Kiwi fruit,2020,2020,7021,Annual value,USD,1643.0,A,Official figure,NZL,False,False,98.05250486501859,95.316293513863,101.8142204334863,103.1167289201083,99.44353567977252,79.52871763805308,13.4141194210952,
PP,Producer Prices,554,New Zealand,5532,Producer Price (USD/tonne),01352,Kiwi fruit,2021,2021,7021,Annual value,USD,2022.9,A,Official figure,NZL,False,False,125.73406972850047,107.53442746784815,119.59735631930364,131.1533847436843,164.85113256482796,109.33464293018675,11.475669248619,
PP,Producer Prices,554,New Zealand,5532,Producer Price (USD/tonne),01352,Kiwi fruit,2022,2022,7021,Annual value,USD,1642.2,A,Official figure,NZL,False,False,144.50986636550888,118.33551230992974,149.51050848913766,154.66510013039058,187.77977941529275,114.45579634923097,11.0671792942827,
PP,Producer Prices,554,New Zealand,5532,Producer Price (USD/tonne),01352,Kiwi fruit,2023,2023,7021,Annual value,USD,1437.0,A,Official figure,NZL,False,False,124.51966645168862,114.10852024490974,123.72456940111083,130.87805882527132,126.29144514063518,144.9803113652603,11.2682320290767,
PP,Producer Prices,554,New Zealand,5532,Producer Price (USD/tonne),01352,Kiwi fruit,2024,2024,7021,Annual value,USD,1994.2,A,Official figure,NZL,False,False,121.9819961575273,117.25906623977029,129.71297215949022,113.47684568733492,138.06843188494958,125.71292330063521,12.4737636662727,
PP,Producer Prices,554,New Zealand,5532,Producer Price (USD/tonne),01322,Lemons and limes,1991,1991,7021,Annual value,USD,461.5,A,Official figure,NZL,False,False,62.34528439011702,81.47466716487295,45.46032558544059,57.863819886673106,49.00795416086814,55.480617553691815,7.82005006852862,
PP,Producer Prices,554,New Zealand,5532,Producer Price (USD/tonne),01322,Lemons and limes,1992,1992,7021,Annual value,USD,752.0,A,Official figure,NZL,False,False,64.22555868464649,78.38728862271715,54.8015933451503,60.9576514895015,52.991996389394096,56.04274688194544,7.26186523522237,
PP,Producer Prices,554,New Zealand,5532,Producer Price (USD/tonne),01322,Lemons and limes,1993,1993,7021,Annual value,USD,648.5,A,Official figure,NZL,False,False,62.259404847966515,75.01403295972897,48.61651615517863,59.01858803408094,53.966480634247155,62.03019780031652,7.74549467533267,
PP,Producer Prices,554,New Zealand,5532,Producer Price (USD/tonne),01322,Lemons and limes,1994,1994,7021,Annual value,USD,711.5,A,Official figure,NZL,False,False,67.26054679350919,76.29710199787732,47.42020205529957,61.936823654585105,71.86775375736012,74.94370090074824,7.51124643252268,
PP,Producer Prices,554,New Zealand,5532,Producer Price (USD/tonne),01322,Lemons and limes,1995,1995,7021,Annual value,USD,328.1,A,Official figure,NZL,False,False,76.8287850116353,85.24932673337705,62.72510536671231,70.8474665240566,79.95838810789446,82.19981067004032,7.44919887987459,
PP,Producer Prices,554,New Zealand,5532,Producer Price (USD/tonne),01322,Lemons and limes,1996,1996,7021,Annual value,USD,549.9,A,Official figure,NZL,False,False,77.82086308655745,84.34557234442748,61.619550783954395,83.65592765127325,69.93519294281285,73.98962818765723,7.60935139371214,
PP,Producer Prices,554,New Zealand,5532,Producer Price (USD/tonne),01322,Lemons and limes,1997,1997,7021,Annual value,USD,529.0,A,Official figure,NZL,False,False,70.75682380399682,79.31706264103354,59.44728416757198,66.51116723257967,70.68473461622513,70.38581190707349,7.77401372480264,
PP,Producer Prices,554,New Zealand,5532,Producer Price (USD/tonne),01322,Lemons and limes,1998,1998,7021,Annual value,USD,535.3,A,Official figure,NZL,False,False,64.8237651326436,66.27116245186038,55.776184862258724,58.90385220966683,83.88543382429606,55.22279355165295,9.20103004215946,
PP,Producer Prices,554,New Zealand,5532,Producer Price (USD/tonne),01322,Lemons and limes,1999,1999,7021,Annual value,USD,528.2,A,Official figure,NZL,False,False,55.38494745729497,62.42928865091984,48.31192059218944,53.12085523046289,58.22698225943004,38.798878860400684,7.78436649828484,
PP,Producer Prices,554,New Zealand,5532,Producer Price (USD/tonne),01322,Lemons and limes,2000,2000,7021,Annual value,USD,423.0,A,Official figure,NZL,False,False,53.658254311091945,61.295380665724906,54.46468606873116,51.41600714746175,42.89305770905415,50.612781624475126,7.72539363500583,
PP,Producer Prices,554,New Zealand,5532,Producer Price (USD/tonne),01322,Lemons and limes,2001,2001,7021,Annual value,USD,444.4,A,Official figure,NZL,False,False,55.353759430433776,62.905581984538294,60.88469474046613,51.84540600513508,42.481465934354574,53.47099426092313,8.35043726681559,
PP,Producer Prices,554,New Zealand,5532,Producer Price (USD/tonne),01322,Lemons and limes,2002,2002,7021,Annual value,USD,440.3,A,Official figure,NZL,False,False,53.432698046969534,56.102316657369585,46.09884987045724,55.57542707086668,55.144333609249486,42.632850317668414,8.55424398531967,
PP,Producer Prices,554,New Zealand,5532,Producer Price (USD/tonne),01322,Lemons and limes,2003,2003,7021,Annual value,USD,442.5,A,Official figure,NZL,False,False,58.11559303636253,59.31684044946804,54.48407776395476,59.38331088130321,62.630981044686195,43.854657616127014,8.15797307027291,
PP,Producer Prices,554,New Zealand,5532,Producer Price (USD/tonne),01322,Lemons and limes,2004,2004,7021,Annual value,USD,464.0,A,Official figure,NZL,False,False,65.89944729053757,68.6029390549955,69.84888089256499,64.00158065193195,69.61163025660183,44.346000561265534,7.59012384281528,
PP,Producer Prices,554,New Zealand,5532,Producer Price (USD/tonne),01322,Lemons and limes,2005,2005,7021,Annual value,USD,521.0,A,Official figure,NZL,False,False,67.6467997866706,72.57908938487195,77.21006263097178,60.766594200041034,64.39872945308146,61.19575106393876,7.6532725496079,
PP,Producer Prices,554,New Zealand,5532,Producer Price (USD/tonne),01322,Lemons and limes,2006,2006,7021,Annual value,USD,324.2,A,Official figure,NZL,False,False,72.85198153556445,71.39005672414655,73.05336517091054,71.22837696143655,70.5451171722111,91.39314395266837,8.09644035294417,
PP,Producer Prices,554,New Zealand,5532,Producer Price (USD/tonne),01322,Lemons and limes,2007,2007,7021,Annual value,USD,793.7,A,Official figure,NZL,False,False,94.55025065074518,77.75672729408136,122.39946263841763,100.90811631831873,107.3148060387481,62.36914297123817,8.57888175013431,
PP,Producer Prices,554,New Zealand,5532,Producer Price (USD/tonne),01322,Lemons and limes,2008,2008,7021,Annual value,USD,738.0,A,Official figure,NZL,False,False,117.73787331863998,90.84433092873273,132.33661799232738,137.64181782223199,141.07285693456427,79.19536905542518,9.35585893641528,
PP,Producer Prices,554,New Zealand,5532,Producer Price (USD/tonne),01214,Lettuce and chicory,1991,1991,7021,Annual value,USD,519.2,A,Official figure,NZL,False,False,62.34528439011702,81.47466716487295,45.46032558544059,57.863819886673106,49.00795416086814,55.480617553691815,7.82005006852862,
PP,Producer Prices,554,New Zealand,5532,Producer Price (USD/tonne),01214,Lettuce and chicory,1992,1992,7021,Annual value,USD,268.6,A,Official figure,NZL,False,False,64.22555868464649,78.38728862271715,54.8015933451503,60.9576514895015,52.991996389394096,56.04274688194544,7.26186523522237,
PP,Producer Prices,554,New Zealand,5532,Producer Price (USD/tonne),01214,Lettuce and chicory,1993,1993,7021,Annual value,USD,270.2,A,Official figure,NZL,False,False,62.259404847966515,75.01403295972897,48.61651615517863,59.01858803408094,53.966480634247155,62.03019780031652,7.74549467533267,
PP,Producer Prices,554,New Zealand,5532,Producer Price (USD/tonne),01214,Lettuce and chicory,1994,1994,7021,Annual value,USD,652.2,A,Official figure,NZL,False,False,67.26054679350919,76.29710199787732,47.42020205529957,61.936823654585105,71.86775375736012,74.94370090074824,7.51124643252268,
PP,Producer Prices,554,New Zealand,5532,Producer Price (USD/tonne),01214,Lettuce and chicory,1995,1995,7021,Annual value,USD,721.8,A,Official figure,NZL,False,False,76.8287850116353,85.24932673337705,62.72510536671231,70.8474665240566,79.95838810789446,82.19981067004032,7.44919887987459,
PP,Producer Prices,554,New Zealand,5532,Producer Price (USD/tonne),01214,Lettuce and chicory,1996,1996,7021,Annual value,USD,618.6,A,Official figure,NZL,False,False,77.82086308655745,84.34557234442748,61.619550783954395,83.65592765127325,69.93519294281285,73.98962818765723,7.60935139371214,
PP,Producer Prices,554,New Zealand,5532,Producer Price (USD/tonne),01214,Lettuce and chicory,1997,1997,7021,Annual value,USD,529.0,A,Official figure,NZL,False,False,70.75682380399682,79.31706264103354,59.44728416757198,66.51116723257967,70.68473461622513,70.38581190707349,7.77401372480264,
PP,Producer Prices,554,New Zealand,5532,Producer Price (USD/tonne),01214,Lettuce and chicory,1998,1998,7021,Annual value,USD,428.2,A,Official figure,NZL,False,False,64.8237651326436,66.27116245186038,55.776184862258724,58.90385220966683,83.88543382429606,55.22279355165295,9.20103004215946,
PP,Producer Prices,554,New Zealand,5532,Producer Price (USD/tonne),01214,Lettuce and chicory,1999,1999,7021,Annual value,USD,396.9,A,Official figure,NZL,False,False,55.38494745729497,62.42928865091984,48.31192059218944,53.12085523046289,58.22698225943004,38.798878860400684,7.78436649828484,
PP,Producer Prices,554,New Zealand,5532,Producer Price (USD/tonne),01214,Lettuce and chicory,2000,2000,7021,Annual value,USD,363.4,A,Official figure,NZL,False,False,53.658254311091945,61.295380665724906,54.46468606873116,51.41600714746175,42.89305770905415,50.612781624475126,7.72539363500583,
PP,Producer Prices,554,New Zealand,5532,Producer Price (USD/tonne),01214,Lettuce and chicory,2001,2001,7021,Annual value,USD,273.3,A,Official figure,NZL,False,False,55.353759430433776,62.905581984538294,60.88469474046613,51.84540600513508,42.481465934354574,53.47099426092313,8.35043726681559,
PP,Producer Prices,554,New Zealand,5532,Producer Price (USD/tonne),01214,Lettuce and chicory,2002,2002,7021,Annual value,USD,300.6,A,Official figure,NZL,False,False,53.432698046969534,56.102316657369585,46.09884987045724,55.57542707086668,55.144333609249486,42.632850317668414,8.55424398531967,
PP,Producer Prices,554,New Zealand,5532,Producer Price (USD/tonne),01214,Lettuce and chicory,2003,2003,7021,Annual value,USD,400.7,A,Official figure,NZL,False,False,58.11559303636253,59.31684044946804,54.48407776395476,59.38331088130321,62.630981044686195,43.854657616127014,8.15797307027291,
PP,Producer Prices,554,New Zealand,5532,Producer Price (USD/tonne),0112,Maize (corn),1991,1991,7021,Annual value,USD,144.2,A,Official figure,NZL,False,False,62.34528439011702,81.47466716487295,45.46032558544059,57.863819886673106,49.00795416086814,55.480617553691815,7.82005006852862,
PP,Producer Prices,554,New Zealand,5532,Producer Price (USD/tonne),0112,Maize (corn),1992,1992,7021,Annual value,USD,134.3,A,Official figure,NZL,False,False,64.22555868464649,78.38728862271715,54.8015933451503,60.9576514895015,52.991996389394096,56.04274688194544,7.26186523522237,
PP,Producer Prices,554,New Zealand,5532,Producer Price (USD/tonne),0112,Maize (corn),1993,1993,7021,Annual value,USD,143.2,A,Official figure,NZL,False,False,62.259404847966515,75.01403295972897,48.61651615517863,59.01858803408094,53.966480634247155,62.03019780031652,7.74549467533267,
PP,Producer Prices,554,New Zealand,5532,Producer Price (USD/tonne),0112,Maize (corn),1994,1994,7021,Annual value,USD,163.1,A,Official figure,NZL,False,False,67.26054679350919,76.29710199787732,47.42020205529957,61.936823654585105,71.86775375736012,74.94370090074824,7.51124643252268,
PP,Producer Prices,554,New Zealand,5532,Producer Price (USD/tonne),0112,Maize (corn),1995,1995,7021,Annual value,USD,180.5,A,Official figure,NZL,False,False,76.8287850116353,85.24932673337705,62.72510536671231,70.8474665240566,79.95838810789446,82.19981067004032,7.44919887987459,
PP,Producer Prices,554,New Zealand,5532,Producer Price (USD/tonne),0112,Maize (corn),1996,1996,7021,Annual value,USD,191.1,A,Official figure,NZL,False,False,77.82086308655745,84.34557234442748,61.619550783954395,83.65592765127325,69.93519294281285,73.98962818765723,7.60935139371214,
PP,Producer Prices,554,New Zealand,5532,Producer Price (USD/tonne),0112,Maize (corn),1997,1997,7021,Annual value,USD,165.3,A,Official figure,NZL,False,False,70.75682380399682,79.31706264103354,59.44728416757198,66.51116723257967,70.68473461622513,70.38581190707349,7.77401372480264,
PP,Producer Prices,554,New Zealand,5532,Producer Price (USD/tonne),0112,Maize (corn),1998,1998,7021,Annual value,USD,131.1,A,Official figure,NZL,False,False,64.8237651326436,66.27116245186038,55.776184862258724,58.90385220966683,83.88543382429606,55.22279355165295,9.20103004215946,
PP,Producer Prices,554,New Zealand,5532,Producer Price (USD/tonne),0112,Maize (corn),1999,1999,7021,Annual value,USD,129.7,A,Official figure,NZL,False,False,55.38494745729497,62.42928865091984,48.31192059218944,53.12085523046289,58.22698225943004,38.798878860400684,7.78436649828484,
PP,Producer Prices,554,New Zealand,5532,Producer Price (USD/tonne),0112,Maize (corn),2000,2000,7021,Annual value,USD,109.9,A,Official figure,NZL,False,False,53.658254311091945,61.295380665724906,54.46468606873116,51.41600714746175,42.89305770905415,50.612781624475126,7.72539363500583,
PP,Producer Prices,554,New Zealand,5532,Producer Price (USD/tonne),0112,Maize (corn),2001,2001,7021,Annual value,USD,105.5,A,Official figure,NZL,False,False,55.353759430433776,62.905581984538294,60.88469474046613,51.84540600513508,42.481465934354574,53.47099426092313,8.35043726681559,
PP,Producer Prices,554,New Zealand,5532,Producer Price (USD/tonne),0112,Maize (corn),2002,2002,7021,Annual value,USD,135.5,A,Official figure,NZL,False,False,53.432698046969534,56.102316657369585,46.09884987045724,55.57542707086668,55.144333609249486,42.632850317668414,8.55424398531967,
PP,Producer Prices,554,New Zealand,5532,Producer Price (USD/tonne),0112,Maize (corn),2003,2003,7021,Annual value,USD,179.4,A,Official figure,NZL,False,False,58.11559303636253,59.31684044946804,54.48407776395476,59.38331088130321,62.630981044686195,43.854657616127014,8.15797307027291,
PP,Producer Prices,554,New Zealand,5532,Producer Price (USD/tonne),0112,Maize (corn),2004,2004,7021,Annual value,USD,172.3,A,Official figure,NZL,False,False,65.89944729053757,68.6029390549955,69.84888089256499,64.00158065193195,69.61163025660183,44.346000561265534,7.59012384281528,
PP,Producer Prices,554,New Zealand,5532,Producer Price (USD/tonne),0112,Maize (corn),2005,2005,7021,Annual value,USD,183.1,A,Official figure,NZL,False,False,67.6467997866706,72.57908938487195,77.21006263097178,60.766594200041034,64.39872945308146,61.19575106393876,7.6532725496079,
PP,Producer Prices,554,New Zealand,5532,Producer Price (USD/tonne),0112,Maize (corn),2006,2006,7021,Annual value,USD,175.1,A,Official figure,NZL,False,False,72.85198153556445,71.39005672414655,73.05336517091054,71.22837696143655,70.5451171722111,91.39314395266837,8.09644035294417,
PP,Producer Prices,554,New Zealand,5532,Producer Price (USD/tonne),0112,Maize (corn),2007,2007,7021,Annual value,USD,216.8,A,Official figure,NZL,False,False,94.55025065074518,77.75672729408136,122.39946263841763,100.90811631831873,107.3148060387481,62.36914297123817,8.57888175013431,
PP,Producer Prices,554,New Zealand,5532,Producer Price (USD/tonne),0112,Maize (corn),2008,2008,7021,Annual value,USD,256.5,A,Official figure,NZL,False,False,117.73787331863998,90.84433092873273,132.33661799232738,137.64181782223199,141.07285693456427,79.19536905542518,9.35585893641528,
PP,Producer Prices,554,New Zealand,5532,Producer Price (USD/tonne),0112,Maize (corn),2009,2009,7021,Annual value,USD,287.3,A,Official figure,NZL,False,False,91.78785298482406,81.60267222893671,91.405730315563,97.1899325654129,94.42735946277953,112.2254832184969,10.6785335151412,
PP,Producer Prices,554,New Zealand,5532,Producer Price (USD/tonne),0112,Maize (corn),2010,2010,7021,Annual value,USD,230.6,A,Official figure,NZL,False,False,106.87404108388505,91.39347096403203,111.89896716658724,107.49931237044449,121.95018353123997,131.72406046543753,10.6098870848979,
PP,Producer Prices,554,New Zealand,5532,Producer Price (USD/tonne),0112,Maize (corn),2011,2011,7021,Annual value,USD,365.8,A,Official figure,NZL,False,False,131.77593256915614,105.02246669637043,129.89070190611824,142.15740841093506,156.4798891014947,160.90057382271044,10.5379127413242,
PP,Producer Prices,554,New Zealand,5532,Producer Price (USD/tonne),0112,Maize (corn),2012,2012,7021,Annual value,USD,390.5,A,Official figure,NZL,False,False,122.75022327595461,104.69498650707051,111.65677557794167,137.3983528628098,138.30661545629084,133.31863424562349,10.64842973973,
PP,Producer Prices,554,New Zealand,5532,Producer Price (USD/tonne),0112,Maize (corn),2013,2013,7021,Annual value,USD,429.7,A,Official figure,NZL,False,False,120.14390446093925,106.21599274087434,140.90691300197804,129.1108717873773,119.49987300357218,109.45334619156017,10.6409212747116,
PP,Producer Prices,554,New Zealand,5532,Producer Price (USD/tonne),0112,Maize (corn),2014,2014,7021,Annual value,USD,376.6,A,Official figure,NZL,False,False,114.98315043593857,112.11017428857667,130.20652445334494,115.8182908031581,110.6162614969274,105.19538929713728,10.7736810383188,
PP,Producer Prices,554,New Zealand,5532,Producer Price (USD/tonne),0112,Maize (corn),2015,2015,7021,Annual value,USD,304.7,A,Official figure,NZL,False,False,93.0638125181246,96.78279749075053,87.1451487854646,95.87342014077292,89.94109402113435,83.1811851391223,11.3631197214515,
PP,Producer Prices,554,New Zealand,5532,Producer Price (USD/tonne),0112,Maize (corn),2016,2016,7021,Annual value,USD,243.6,A,Official figure,NZL,False,False,91.95303704593685,91.10702822067289,82.64832676119045,88.30828905606897,99.44264448193826,111.62342556374044,11.4413385056481,
PP,Producer Prices,554,New Zealand,5532,Producer Price (USD/tonne),0112,Maize (corn),2017,2017,7021,Annual value,USD,254.4,A,Official figure,NZL,False,False,97.9325465965461,97.47103081764828,108.01127219003995,90.98426329355082,101.90947584276995,99.11220417429126,11.5262393633489,
PP,Producer Prices,554,New Zealand,5532,Producer Price (USD/tonne),0112,Maize (corn),2018,2018,7021,Annual value,USD,213.5,A,Official figure,NZL,False,False,95.75177402259017,94.39851038295467,107.2716875332135,100.82233026984352,87.76107702264312,77.40205315573543,11.3255665553283,
PP,Producer Prices,554,New Zealand,5532,Producer Price (USD/tonne),0112,Maize (corn),2019,2019,7021,Annual value,USD,282.6,A,Official figure,NZL,False,False,94.93129436453303,99.4754122501492,102.81578202753263,96.60386371200734,83.23927616454294,78.61501498294437,11.5258173901989,
PP,Producer Prices,554,New Zealand,5532,Producer Price (USD/tonne),0112,Maize (corn),2020,2020,7021,Annual value,USD,272.4,A,Official figure,NZL,False,False,98.05250486501859,95.316293513863,101.8142204334863,103.1167289201083,99.44353567977252,79.52871763805308,13.4141194210952,
PP,Producer Prices,554,New Zealand,5532,Producer Price (USD/tonne),0112,Maize (corn),2021,2021,7021,Annual value,USD,307.7,A,Official figure,NZL,False,False,125.73406972850047,107.53442746784815,119.59735631930364,131.1533847436843,164.85113256482796,109.33464293018675,11.475669248619,
PP,Producer Prices,554,New Zealand,5532,Producer Price (USD/tonne),0112,Maize (corn),2022,2022,7021,Annual value,USD,305.6,A,Official figure,NZL,False,False,144.50986636550888,118.33551230992974,149.51050848913766,154.66510013039058,187.77977941529275,114.45579634923097,11.0671792942827,
PP,Producer Prices,554,New Zealand,5532,Producer Price (USD/tonne),0112,Maize (corn),2023,2023,7021,Annual value,USD,420.0,A,Official figure,NZL,False,False,124.51966645168862,114.10852024490974,123.72456940111083,130.87805882527132,126.29144514063518,144.9803113652603,11.2682320290767,
PP,Producer Prices,554,New Zealand,5532,Producer Price (USD/tonne),0112,Maize (corn),2024,2024,7021,Annual value,USD,322.0,A,Official figure,NZL,False,False,121.9819961575273,117.25906623977029,129.71297215949022,113.47684568733492,138.06843188494958,125.71292330063521,12.4737636662727,
PP,Producer Prices,554,New Zealand,5532,Producer Price (USD/tonne),21111.01b,"Meat of cattle with the bone, fresh or chilled (biological)",1991,1991,7021,Annual value,USD,625.3,A,Official figure,NZL,False,False,62.34528439011702,81.47466716487295,45.46032558544059,57.863819886673106,49.00795416086814,55.480617553691815,7.82005006852862,
PP,Producer Prices,554,New Zealand,5532,Producer Price (USD/tonne),21111.01b,"Meat of cattle with the bone, fresh or chilled (biological)",1992,1992,7021,Annual value,USD,568.3,A,Official figure,NZL,False,False,64.22555868464649,78.38728862271715,54.8015933451503,60.9576514895015,52.991996389394096,56.04274688194544,7.26186523522237,
PP,Producer Prices,554,New Zealand,5532,Producer Price (USD/tonne),21111.01b,"Meat of cattle with the bone, fresh or chilled (biological)",1993,1993,7021,Annual value,USD,599.3,A,Official figure,NZL,False,False,62.259404847966515,75.01403295972897,48.61651615517863,59.01858803408094,53.966480634247155,62.03019780031652,7.74549467533267,
PP,Producer Prices,554,New Zealand,5532,Producer Price (USD/tonne),21111.01b,"Meat of cattle with the bone, fresh or chilled (biological)",1994,1994,7021,Annual value,USD,592.9,A,Official figure,NZL,False,False,67.26054679350919,76.29710199787732,47.42020205529957,61.936823654585105,71.86775375736012,74.94370090074824,7.51124643252268,
PP,Producer Prices,554,New Zealand,5532,Producer Price (USD/tonne),21111.01b,"Meat of cattle with the bone, fresh or chilled (biological)",1995,1995,7021,Annual value,USD,749.4,A,Official figure,NZL,False,False,76.8287850116353,85.24932673337705,62.72510536671231,70.8474665240566,79.95838810789446,82.19981067004032,7.44919887987459,
PP,Producer Prices,554,New Zealand,5532,Producer Price (USD/tonne),21111.01b,"Meat of cattle with the bone, fresh or chilled (biological)",1996,1996,7021,Annual value,USD,562.9,A,Official figure,NZL,False,False,77.82086308655745,84.34557234442748,61.619550783954395,83.65592765127325,69.93519294281285,73.98962818765723,7.60935139371214,
PP,Producer Prices,554,New Zealand,5532,Producer Price (USD/tonne),21111.01b,"Meat of cattle with the bone, fresh or chilled (biological)",1997,1997,7021,Annual value,USD,569.9,A,Official figure,NZL,False,False,70.75682380399682,79.31706264103354,59.44728416757198,66.51116723257967,70.68473461622513,70.38581190707349,7.77401372480264,
PP,Producer Prices,554,New Zealand,5532,Producer Price (USD/tonne),21111.01b,"Meat of cattle with the bone, fresh or chilled (biological)",1998,1998,7021,Annual value,USD,533.1,A,Official figure,NZL,False,False,64.8237651326436,66.27116245186038,55.776184862258724,58.90385220966683,83.88543382429606,55.22279355165295,9.20103004215946,
PP,Producer Prices,554,New Zealand,5532,Producer Price (USD/tonne),21111.01b,"Meat of cattle with the bone, fresh or chilled (biological)",1999,1999,7021,Annual value,USD,607.0,A,Official figure,NZL,False,False,55.38494745729497,62.42928865091984,48.31192059218944,53.12085523046289,58.22698225943004,38.798878860400684,7.78436649828484,
PP,Producer Prices,554,New Zealand,5532,Producer Price (USD/tonne),21111.01b,"Meat of cattle with the bone, fresh or chilled (biological)",2000,2000,7021,Annual value,USD,676.9,A,Official figure,NZL,False,False,53.658254311091945,61.295380665724906,54.46468606873116,51.41600714746175,42.89305770905415,50.612781624475126,7.72539363500583,
PP,Producer Prices,554,New Zealand,5532,Producer Price (USD/tonne),21111.01b,"Meat of cattle with the bone, fresh or chilled (biological)",2001,2001,7021,Annual value,USD,758.4,A,Official figure,NZL,False,False,55.353759430433776,62.905581984538294,60.88469474046613,51.84540600513508,42.481465934354574,53.47099426092313,8.35043726681559,
PP,Producer Prices,554,New Zealand,5532,Producer Price (USD/tonne),21111.01b,"Meat of cattle with the bone, fresh or chilled (biological)",2002,2002,7021,Annual value,USD,838.0,A,Official figure,NZL,False,False,53.432698046969534,56.102316657369585,46.09884987045724,55.57542707086668,55.144333609249486,42.632850317668414,8.55424398531967,
PP,Producer Prices,554,New Zealand,5532,Producer Price (USD/tonne),21111.01b,"Meat of cattle with the bone, fresh or chilled (biological)",2003,2003,7021,Annual value,USD,770.6,A,Official figure,NZL,False,False,58.11559303636253,59.31684044946804,54.48407776395476,59.38331088130321,62.630981044686195,43.854657616127014,8.15797307027291,
PP,Producer Prices,554,New Zealand,5532,Producer Price (USD/tonne),21111.01b,"Meat of cattle with the bone, fresh or chilled (biological)",2004,2004,7021,Annual value,USD,902.1,A,Official figure,NZL,False,False,65.89944729053757,68.6029390549955,69.84888089256499,64.00158065193195,69.61163025660183,44.346000561265534,7.59012384281528,
PP,Producer Prices,554,New Zealand,5532,Producer Price (USD/tonne),21111.01b,"Meat of cattle with the bone, fresh or chilled (biological)",2005,2005,7021,Annual value,USD,1032.9,A,Official figure,NZL,False,False,67.6467997866706,72.57908938487195,77.21006263097178,60.766594200041034,64.39872945308146,61.19575106393876,7.6532725496079,
PP,Producer Prices,554,New Zealand,5532,Producer Price (USD/tonne),21111.01b,"Meat of cattle with the bone, fresh or chilled (biological)",2006,2006,7021,Annual value,USD,953.9,A,Official figure,NZL,False,False,72.85198153556445,71.39005672414655,73.05336517091054,71.22837696143655,70.5451171722111,91.39314395266837,8.09644035294417,
PP,Producer Prices,554,New Zealand,5532,Producer Price (USD/tonne),21111.01b,"Meat of cattle with the bone, fresh or chilled (biological)",2007,2007,7021,Annual value,USD,1079.6,A,Official figure,NZL,False,False,94.55025065074518,77.75672729408136,122.39946263841763,100.90811631831873,107.3148060387481,62.36914297123817,8.57888175013431,
PP,Producer Prices,554,New Zealand,5532,Producer Price (USD/tonne),21111.01b,"Meat of cattle with the bone, fresh or chilled (biological)",2008,2008,7021,Annual value,USD,1105.6,A,Official figure,NZL,False,False,117.73787331863998,90.84433092873273,132.33661799232738,137.64181782223199,141.07285693456427,79.19536905542518,9.35585893641528,
PP,Producer Prices,554,New Zealand,5532,Producer Price (USD/tonne),21111.01b,"Meat of cattle with the bone, fresh or chilled (biological)",2009,2009,7021,Annual value,USD,1003.8,A,Official figure,NZL,False,False,91.78785298482406,81.60267222893671,91.405730315563,97.1899325654129,94.42735946277953,112.2254832184969,10.6785335151412,
PP,Producer Prices,554,New Zealand,5532,Producer Price (USD/tonne),21111.01b,"Meat of cattle with the bone, fresh or chilled (biological)",2010,2010,7021,Annual value,USD,1126.9,A,Official figure,NZL,False,False,106.87404108388505,91.39347096403203,111.89896716658724,107.49931237044449,121.95018353123997,131.72406046543753,10.6098870848979,
PP,Producer Prices,554,New Zealand,5532,Producer Price (USD/tonne),21111.01b,"Meat of cattle with the bone, fresh or chilled (biological)",2011,2011,7021,Annual value,USD,1526.3,A,Official figure,NZL,False,False,131.77593256915614,105.02246669637043,129.89070190611824,142.15740841093506,156.4798891014947,160.90057382271044,10.5379127413242,
PP,Producer Prices,554,New Zealand,5532,Producer Price (USD/tonne),21111.01b,"Meat of cattle with the bone, fresh or chilled (biological)",2012,2012,7021,Annual value,USD,1560.4,A,Official figure,NZL,False,False,122.75022327595461,104.69498650707051,111.65677557794167,137.3983528628098,138.30661545629084,133.31863424562349,10.64842973973,
PP,Producer Prices,554,New Zealand,5532,Producer Price (USD/tonne),21111.01b,"Meat of cattle with the bone, fresh or chilled (biological)",2013,2013,7021,Annual value,USD,1536.8,A,Official figure,NZL,False,False,120.14390446093925,106.21599274087434,140.90691300197804,129.1108717873773,119.49987300357218,109.45334619156017,10.6409212747116,
PP,Producer Prices,554,New Zealand,5532,Producer Price (USD/tonne),21111.01b,"Meat of cattle with the bone, fresh or chilled (biological)",2014,2014,7021,Annual value,USD,1489.9,A,Official figure,NZL,False,False,114.98315043593857,112.11017428857667,130.20652445334494,115.8182908031581,110.6162614969274,105.19538929713728,10.7736810383188,
PP,Producer Prices,554,New Zealand,5532,Producer Price (USD/tonne),21111.01b,"Meat of cattle with the bone, fresh or chilled (biological)",2015,2015,7021,Annual value,USD,1623.5,A,Official figure,NZL,False,False,93.0638125181246,96.78279749075053,87.1451487854646,95.87342014077292,89.94109402113435,83.1811851391223,11.3631197214515,
PP,Producer Prices,554,New Zealand,5532,Producer Price (USD/tonne),21111.01b,"Meat of cattle with the bone, fresh or chilled (biological)",2016,2016,7021,Annual value,USD,1654.7,A,Official figure,NZL,False,False,91.95303704593685,91.10702822067289,82.64832676119045,88.30828905606897,99.44264448193826,111.62342556374044,11.4413385056481,
PP,Producer Prices,554,New Zealand,5532,Producer Price (USD/tonne),21111.01b,"Meat of cattle with the bone, fresh or chilled (biological)",2017,2017,7021,Annual value,USD,1747.2,A,Official figure,NZL,False,False,97.9325465965461,97.47103081764828,108.01127219003995,90.98426329355082,101.90947584276995,99.11220417429126,11.5262393633489,
PP,Producer Prices,554,New Zealand,5532,Producer Price (USD/tonne),21111.01b,"Meat of cattle with the bone, fresh or chilled (biological)",2018,2018,7021,Annual value,USD,1702.8,A,Official figure,NZL,False,False,95.75177402259017,94.39851038295467,107.2716875332135,100.82233026984352,87.76107702264312,77.40205315573543,11.3255665553283,
PP,Producer Prices,554,New Zealand,5532,Producer Price (USD/tonne),21111.01b,"Meat of cattle with the bone, fresh or chilled (biological)",2019,2019,7021,Annual value,USD,1577.9,A,Official figure,NZL,False,False,94.93129436453303,99.4754122501492,102.81578202753263,96.60386371200734,83.23927616454294,78.61501498294437,11.5258173901989,
PP,Producer Prices,554,New Zealand,5532,Producer Price (USD/tonne),21111.01b,"Meat of cattle with the bone, fresh or chilled (biological)",2020,2020,7021,Annual value,USD,1544.7,A,Official figure,NZL,False,False,98.05250486501859,95.316293513863,101.8142204334863,103.1167289201083,99.44353567977252,79.52871763805308,13.4141194210952,
PP,Producer Prices,554,New Zealand,5532,Producer Price (USD/tonne),21111.01b,"Meat of cattle with the bone, fresh or chilled (biological)",2021,2021,7021,Annual value,USD,1660.1,A,Official figure,NZL,False,False,125.73406972850047,107.53442746784815,119.59735631930364,131.1533847436843,164.85113256482796,109.33464293018675,11.475669248619,
PP,Producer Prices,554,New Zealand,5532,Producer Price (USD/tonne),21111.01b,"Meat of cattle with the bone, fresh or chilled (biological)",2022,2022,7021,Annual value,USD,1747.4,A,Official figure,NZL,False,False,144.50986636550888,118.33551230992974,149.51050848913766,154.66510013039058,187.77977941529275,114.45579634923097,11.0671792942827,
PP,Producer Prices,554,New Zealand,5532,Producer Price (USD/tonne),21111.01b,"Meat of cattle with the bone, fresh or chilled (biological)",2023,2023,7021,Annual value,USD,1617.5,A,Official figure,NZL,False,False,124.51966645168862,114.10852024490974,123.72456940111083,130.87805882527132,126.29144514063518,144.9803113652603,11.2682320290767,
PP,Producer Prices,554,New Zealand,5532,Producer Price (USD/tonne),21121b,"Meat of chickens, fresh or chilled (biological)",1991,1991,7021,Annual value,USD,873.9,A,Official figure,NZL,False,False,62.34528439011702,81.47466716487295,45.46032558544059,57.863819886673106,49.00795416086814,55.480617553691815,7.82005006852862,
PP,Producer Prices,554,New Zealand,5532,Producer Price (USD/tonne),21121b,"Meat of chickens, fresh or chilled (biological)",1992,1992,7021,Annual value,USD,797.6,A,Official figure,NZL,False,False,64.22555868464649,78.38728862271715,54.8015933451503,60.9576514895015,52.991996389394096,56.04274688194544,7.26186523522237,
PP,Producer Prices,554,New Zealand,5532,Producer Price (USD/tonne),21121b,"Meat of chickens, fresh or chilled (biological)",1993,1993,7021,Annual value,USD,790.6,A,Official figure,NZL,False,False,62.259404847966515,75.01403295972897,48.61651615517863,59.01858803408094,53.966480634247155,62.03019780031652,7.74549467533267,
PP,Producer Prices,554,New Zealand,5532,Producer Price (USD/tonne),21121b,"Meat of chickens, fresh or chilled (biological)",1994,1994,7021,Annual value,USD,863.9,A,Official figure,NZL,False,False,67.26054679350919,76.29710199787732,47.42020205529957,61.936823654585105,71.86775375736012,74.94370090074824,7.51124643252268,
PP,Producer Prices,554,New Zealand,5532,Producer Price (USD/tonne),21121b,"Meat of chickens, fresh or chilled (biological)",1995,1995,7021,Annual value,USD,961.4,A,Official figure,NZL,False,False,76.8287850116353,85.24932673337705,62.72510536671231,70.8474665240566,79.95838810789446,82.19981067004032,7.44919887987459,
PP,Producer Prices,554,New Zealand,5532,Producer Price (USD/tonne),21121b,"Meat of chickens, fresh or chilled (biological)",1996,1996,7021,Annual value,USD,989.8,A,Official figure,NZL,False,False,77.82086308655745,84.34557234442748,61.619550783954395,83.65592765127325,69.93519294281285,73.98962818765723,7.60935139371214,
PP,Producer Prices,554,New Zealand,5532,Producer Price (USD/tonne),21121b,"Meat of chickens, fresh or chilled (biological)",1997,1997,7021,Annual value,USD,923.7,A,Official figure,NZL,False,False,70.75682380399682,79.31706264103354,59.44728416757198,66.51116723257967,70.68473461622513,70.38581190707349,7.77401372480264,
PP,Producer Prices,554,New Zealand,5532,Producer Price (USD/tonne),21121b,"Meat of chickens, fresh or chilled (biological)",1998,1998,7021,Annual value,USD,768.6,A,Official figure,NZL,False,False,64.8237651326436,66.27116245186038,55.776184862258724,58.90385220966683,83.88543382429606,55.22279355165295,9.20103004215946,
PP,Producer Prices,554,New Zealand,5532,Producer Price (USD/tonne),21121b,"Meat of chickens, fresh or chilled (biological)",1999,1999,7021,Annual value,USD,753.6,A,Official figure,NZL,False,False,55.38494745729497,62.42928865091984,48.31192059218944,53.12085523046289,58.22698225943004,38.798878860400684,7.78436649828484,
PP,Producer Prices,554,New Zealand,5532,Producer Price (USD/tonne),21121b,"Meat of chickens, fresh or chilled (biological)",2000,2000,7021,Annual value,USD,640.1,A,Official figure,NZL,False,False,53.658254311091945,61.295380665724906,54.46468606873116,51.41600714746175,42.89305770905415,50.612781624475126,7.72539363500583,
PP,Producer Prices,554,New Zealand,5532,Producer Price (USD/tonne),21121b,"Meat of chickens, fresh or chilled (biological)",2001,2001,7021,Annual value,USD,598.6,A,Official figure,NZL,False,False,55.353759430433776,62.905581984538294,60.88469474046613,51.84540600513508,42.481465934354574,53.47099426092313,8.35043726681559,
PP,Producer Prices,554,New Zealand,5532,Producer Price (USD/tonne),21121b,"Meat of chickens, fresh or chilled (biological)",2002,2002,7021,Annual value,USD,676.2,A,Official figure,NZL,False,False,53.432698046969534,56.102316657369585,46.09884987045724,55.57542707086668,55.144333609249486,42.632850317668414,8.55424398531967,
PP,Producer Prices,554,New Zealand,5532,Producer Price (USD/tonne),21121b,"Meat of chickens, fresh or chilled (biological)",2003,2003,7021,Annual value,USD,909.4,A,Official figure,NZL,False,False,58.11559303636253,59.31684044946804,54.48407776395476,59.38331088130321,62.630981044686195,43.854657616127014,8.15797307027291,
PP,Producer Prices,554,New Zealand,5532,Producer Price (USD/tonne),21121b,"Meat of chickens, fresh or chilled (biological)",2004,2004,7021,Annual value,USD,1050.6,A,Official figure,NZL,False,False,65.89944729053757,68.6029390549955,69.84888089256499,64.00158065193195,69.61163025660183,44.346000561265534,7.59012384281528,
PP,Producer Prices,554,New Zealand,5532,Producer Price (USD/tonne),21121b,"Meat of chickens, fresh or chilled (biological)",2005,2005,7021,Annual value,USD,1104.0,A,Official figure,NZL,False,False,67.6467997866706,72.57908938487195,77.21006263097178,60.766594200041034,64.39872945308146,61.19575106393876,7.6532725496079,
PP,Producer Prices,554,New Zealand,5532,Producer Price (USD/tonne),21121b,"Meat of chickens, fresh or chilled (biological)",2006,2006,7021,Annual value,USD,1030.4,A,Official figure,NZL,False,False,72.85198153556445,71.39005672414655,73.05336517091054,71.22837696143655,70.5451171722111,91.39314395266837,8.09644035294417,
PP,Producer Prices,554,New Zealand,5532,Producer Price (USD/tonne),21121b,"Meat of chickens, fresh or chilled (biological)",2007,2007,7021,Annual value,USD,1178.8,A,Official figure,NZL,False,False,94.55025065074518,77.75672729408136,122.39946263841763,100.90811631831873,107.3148060387481,62.36914297123817,8.57888175013431,
PP,Producer Prices,554,New Zealand,5532,Producer Price (USD/tonne),21121b,"Meat of chickens, fresh or chilled (biological)",2008,2008,7021,Annual value,USD,1193.5,A,Official figure,NZL,False,False,117.73787331863998,90.84433092873273,132.33661799232738,137.64181782223199,141.07285693456427,79.19536905542518,9.35585893641528,
PP,Producer Prices,554,New Zealand,5532,Producer Price (USD/tonne),21121b,"Meat of chickens, fresh or chilled (biological)",2009,2009,7021,Annual value,USD,1115.6,A,Official figure,NZL,False,False,91.78785298482406,81.60267222893671,91.405730315563,97.1899325654129,94.42735946277953,112.2254832184969,10.6785335151412,
PP,Producer Prices,554,New Zealand,5532,Producer Price (USD/tonne),21121b,"Meat of chickens, fresh or chilled (biological)",2010,2010,7021,Annual value,USD,1320.0,A,Official figure,NZL,False,False,106.87404108388505,91.39347096403203,111.89896716658724,107.49931237044449,121.95018353123997,131.72406046543753,10.6098870848979,
PP,Producer Prices,554,New Zealand,5532,Producer Price (USD/tonne),21121b,"Meat of chickens, fresh or chilled (biological)",2011,2011,7021,Annual value,USD,1454.4,A,Official figure,NZL,False,False,131.77593256915614,105.02246669637043,129.89070190611824,142.15740841093506,156.4798891014947,160.90057382271044,10.5379127413242,
PP,Producer Prices,554,New Zealand,5532,Producer Price (USD/tonne),21121b,"Meat of chickens, fresh or chilled (biological)",2012,2012,7021,Annual value,USD,1511.8,A,Official figure,NZL,False,False,122.75022327595461,104.69498650707051,111.65677557794167,137.3983528628098,138.30661545629084,133.31863424562349,10.64842973973,
PP,Producer Prices,554,New Zealand,5532,Producer Price (USD/tonne),21121b,"Meat of chickens, fresh or chilled (biological)",2013,2013,7021,Annual value,USD,1582.7,A,Official figure,NZL,False,False,120.14390446093925,106.21599274087434,140.90691300197804,129.1108717873773,119.49987300357218,109.45334619156017,10.6409212747116,
PP,Producer Prices,554,New Zealand,5532,Producer Price (USD/tonne),21121b,"Meat of chickens, fresh or chilled (biological)",2014,2014,7021,Annual value,USD,1594.4,A,Official figure,NZL,False,False,114.98315043593857,112.11017428857667,130.20652445334494,115.8182908031581,110.6162614969274,105.19538929713728,10.7736810383188,
PP,Producer Prices,554,New Zealand,5532,Producer Price (USD/tonne),21121b,"Meat of chickens, fresh or chilled (biological)",2015,2015,7021,Annual value,USD,1340.3,A,Official figure,NZL,False,False,93.0638125181246,96.78279749075053,87.1451487854646,95.87342014077292,89.94109402113435,83.1811851391223,11.3631197214515,
PP,Producer Prices,554,New Zealand,5532,Producer Price (USD/tonne),21121b,"Meat of chickens, fresh or chilled (biological)",2016,2016,7021,Annual value,USD,1333.1,A,Official figure,NZL,False,False,91.95303704593685,91.10702822067289,82.64832676119045,88.30828905606897,99.44264448193826,111.62342556374044,11.4413385056481,
PP,Producer Prices,554,New Zealand,5532,Producer Price (USD/tonne),21121b,"Meat of chickens, fresh or chilled (biological)",2017,2017,7021,Annual value,USD,1315.2,A,Official figure,NZL,False,False,97.9325465965461,97.47103081764828,108.01127219003995,90.98426329355082,101.90947584276995,99.11220417429126,11.5262393633489,
PP,Producer Prices,554,New Zealand,5532,Producer Price (USD/tonne),21121b,"Meat of chickens, fresh or chilled (biological)",2018,2018,7021,Annual value,USD,1264.8,A,Official figure,NZL,False,False,95.75177402259017,94.39851038295467,107.2716875332135,100.82233026984352,87.76107702264312,77.40205315573543,11.3255665553283,
PP,Producer Prices,554,New Zealand,5532,Producer Price (USD/tonne),21121b,"Meat of chickens, fresh or chilled (biological)",2019,2019,7021,Annual value,USD,1210.1,A,Official figure,NZL,False,False,94.93129436453303,99.4754122501492,102.81578202753263,96.60386371200734,83.23927616454294,78.61501498294437,11.5258173901989,
PP,Producer Prices,554,New Zealand,5532,Producer Price (USD/tonne),21121b,"Meat of chickens, fresh or chilled (biological)",2020,2020,7021,Annual value,USD,1205.5,A,Official figure,NZL,False,False,98.05250486501859,95.316293513863,101.8142204334863,103.1167289201083,99.44353567977252,79.52871763805308,13.4141194210952,
PP,Producer Prices,554,New Zealand,5532,Producer Price (USD/tonne),21121b,"Meat of chickens, fresh or chilled (biological)",2021,2021,7021,Annual value,USD,1343.9,A,Official figure,NZL,False,False,125.73406972850047,107.53442746784815,119.59735631930364,131.1533847436843,164.85113256482796,109.33464293018675,11.475669248619,
PP,Producer Prices,554,New Zealand,5532,Producer Price (USD/tonne),21121b,"Meat of chickens, fresh or chilled (biological)",2022,2022,7021,Annual value,USD,1303.6,A,Official figure,NZL,False,False,144.50986636550888,118.33551230992974,149.51050848913766,154.66510013039058,187.77977941529275,114.45579634923097,11.0671792942827,
PP,Producer Prices,554,New Zealand,5532,Producer Price (USD/tonne),21121b,"Meat of chickens, fresh or chilled (biological)",2023,2023,7021,Annual value,USD,1420.4,A,Official figure,NZL,False,False,124.51966645168862,114.10852024490974,123.72456940111083,130.87805882527132,126.29144514063518,144.9803113652603,11.2682320290767,
PP,Producer Prices,554,New Zealand,5532,Producer Price (USD/tonne),21121b,"Meat of chickens, fresh or chilled (biological)",2024,2024,7021,Annual value,USD,1433.8,A,Official figure,NZL,False,False,121.9819961575273,117.25906623977029,129.71297215949022,113.47684568733492,138.06843188494958,125.71292330063521,12.4737636662727,
PP,Producer Prices,554,New Zealand,5532,Producer Price (USD/tonne),21113.01b,"Meat of pig with the bone, fresh or chilled (biological)",1991,1991,7021,Annual value,USD,1262.8,A,Official figure,NZL,False,False,62.34528439011702,81.47466716487295,45.46032558544059,57.863819886673106,49.00795416086814,55.480617553691815,7.82005006852862,
PP,Producer Prices,554,New Zealand,5532,Producer Price (USD/tonne),21113.01b,"Meat of pig with the bone, fresh or chilled (biological)",1992,1992,7021,Annual value,USD,1109.7,A,Official figure,NZL,False,False,64.22555868464649,78.38728862271715,54.8015933451503,60.9576514895015,52.991996389394096,56.04274688194544,7.26186523522237,
PP,Producer Prices,554,New Zealand,5532,Producer Price (USD/tonne),21113.01b,"Meat of pig with the bone, fresh or chilled (biological)",1993,1993,7021,Annual value,USD,1174.8,A,Official figure,NZL,False,False,62.259404847966515,75.01403295972897,48.61651615517863,59.01858803408094,53.966480634247155,62.03019780031652,7.74549467533267,
PP,Producer Prices,554,New Zealand,5532,Producer Price (USD/tonne),21113.01b,"Meat of pig with the bone, fresh or chilled (biological)",1994,1994,7021,Annual value,USD,1331.7,A,Official figure,NZL,False,False,67.26054679350919,76.29710199787732,47.42020205529957,61.936823654585105,71.86775375736012,74.94370090074824,7.51124643252268,
PP,Producer Prices,554,New Zealand,5532,Producer Price (USD/tonne),21113.01b,"Meat of pig with the bone, fresh or chilled (biological)",1995,1995,7021,Annual value,USD,1343.9,A,Official figure,NZL,False,False,76.8287850116353,85.24932673337705,62.72510536671231,70.8474665240566,79.95838810789446,82.19981067004032,7.44919887987459,
PP,Producer Prices,554,New Zealand,5532,Producer Price (USD/tonne),21113.01b,"Meat of pig with the bone, fresh or chilled (biological)",1996,1996,7021,Annual value,USD,1438.6,A,Official figure,NZL,False,False,77.82086308655745,84.34557234442748,61.619550783954395,83.65592765127325,69.93519294281285,73.98962818765723,7.60935139371214,
PP,Producer Prices,554,New Zealand,5532,Producer Price (USD/tonne),21113.01b,"Meat of pig with the bone, fresh or chilled (biological)",1997,1997,7021,Annual value,USD,1392.5,A,Official figure,NZL,False,False,70.75682380399682,79.31706264103354,59.44728416757198,66.51116723257967,70.68473461622513,70.38581190707349,7.77401372480264,
PP,Producer Prices,554,New Zealand,5532,Producer Price (USD/tonne),21113.01b,"Meat of pig with the bone, fresh or chilled (biological)",1998,1998,7021,Annual value,USD,1067.3,A,Official figure,NZL,False,False,64.8237651326436,66.27116245186038,55.776184862258724,58.90385220966683,83.88543382429606,55.22279355165295,9.20103004215946,
PP,Producer Prices,554,New Zealand,5532,Producer Price (USD/tonne),21113.01b,"Meat of pig with the bone, fresh or chilled (biological)",1999,1999,7021,Annual value,USD,975.3,A,Official figure,NZL,False,False,55.38494745729497,62.42928865091984,48.31192059218944,53.12085523046289,58.22698225943004,38.798878860400684,7.78436649828484,
PP,Producer Prices,554,New Zealand,5532,Producer Price (USD/tonne),21113.01b,"Meat of pig with the bone, fresh or chilled (biological)",2000,2000,7021,Annual value,USD,988.1,A,Official figure,NZL,False,False,53.658254311091945,61.295380665724906,54.46468606873116,51.41600714746175,42.89305770905415,50.612781624475126,7.72539363500583,
PP,Producer Prices,554,New Zealand,5532,Producer Price (USD/tonne),21113.01b,"Meat of pig with the bone, fresh or chilled (biological)",2001,2001,7021,Annual value,USD,1040.5,A,Official figure,NZL,False,False,55.353759430433776,62.905581984538294,60.88469474046613,51.84540600513508,42.481465934354574,53.47099426092313,8.35043726681559,
PP,Producer Prices,554,New Zealand,5532,Producer Price (USD/tonne),21113.01b,"Meat of pig with the bone, fresh or chilled (biological)",2002,2002,7021,Annual value,USD,1254.7,A,Official figure,NZL,False,False,53.432698046969534,56.102316657369585,46.09884987045724,55.57542707086668,55.144333609249486,42.632850317668414,8.55424398531967,
PP,Producer Prices,554,New Zealand,5532,Producer Price (USD/tonne),21113.01b,"Meat of pig with the bone, fresh or chilled (biological)",2003,2003,7021,Annual value,USD,1410.5,A,Official figure,NZL,False,False,58.11559303636253,59.31684044946804,54.48407776395476,59.38331088130321,62.630981044686195,43.854657616127014,8.15797307027291,
PP,Producer Prices,554,New Zealand,5532,Producer Price (USD/tonne),21113.01b,"Meat of pig with the bone, fresh or chilled (biological)",2004,2004,7021,Annual value,USD,1456.2,A,Official figure,NZL,False,False,65.89944729053757,68.6029390549955,69.84888089256499,64.00158065193195,69.61163025660183,44.346000561265534,7.59012384281528,
PP,Producer Prices,554,New Zealand,5532,Producer Price (USD/tonne),21113.01b,"Meat of pig with the bone, fresh or chilled (biological)",2005,2005,7021,Annual value,USD,1648.3,A,Official figure,NZL,False,False,67.6467997866706,72.57908938487195,77.21006263097178,60.766594200041034,64.39872945308146,61.19575106393876,7.6532725496079,
PP,Producer Prices,554,New Zealand,5532,Producer Price (USD/tonne),21113.01b,"Meat of pig with the bone, fresh or chilled (biological)",2006,2006,7021,Annual value,USD,1485.7,A,Official figure,NZL,False,False,72.85198153556445,71.39005672414655,73.05336517091054,71.22837696143655,70.5451171722111,91.39314395266837,8.09644035294417,
PP,Producer Prices,554,New Zealand,5532,Producer Price (USD/tonne),21113.01b,"Meat of pig with the bone, fresh or chilled (biological)",2007,2007,7021,Annual value,USD,1773.4,A,Official figure,NZL,False,False,94.55025065074518,77.75672729408136,122.39946263841763,100.90811631831873,107.3148060387481,62.36914297123817,8.57888175013431,
PP,Producer Prices,554,New Zealand,5532,Producer Price (USD/tonne),21113.01b,"Meat of pig with the bone, fresh or chilled (biological)",2008,2008,7021,Annual value,USD,1629.3,A,Official figure,NZL,False,False,117.73787331863998,90.84433092873273,132.33661799232738,137.64181782223199,141.07285693456427,79.19536905542518,9.35585893641528,
PP,Producer Prices,554,New Zealand,5532,Producer Price (USD/tonne),21113.01b,"Meat of pig with the bone, fresh or chilled (biological)",2009,2009,7021,Annual value,USD,1842.1,A,Official figure,NZL,False,False,91.78785298482406,81.60267222893671,91.405730315563,97.1899325654129,94.42735946277953,112.2254832184969,10.6785335151412,
PP,Producer Prices,554,New Zealand,5532,Producer Price (USD/tonne),21113.01b,"Meat of pig with the bone, fresh or chilled (biological)",2010,2010,7021,Annual value,USD,1917.4,A,Official figure,NZL,False,False,106.87404108388505,91.39347096403203,111.89896716658724,107.49931237044449,121.95018353123997,131.72406046543753,10.6098870848979,
PP,Producer Prices,554,New Zealand,5532,Producer Price (USD/tonne),21113.01b,"Meat of pig with the bone, fresh or chilled (biological)",2011,2011,7021,Annual value,USD,2110.1,A,Official figure,NZL,False,False,131.77593256915614,105.02246669637043,129.89070190611824,142.15740841093506,156.4798891014947,160.90057382271044,10.5379127413242,
PP,Producer Prices,554,New Zealand,5532,Producer Price (USD/tonne),21113.01b,"Meat of pig with the bone, fresh or chilled (biological)",2012,2012,7021,Annual value,USD,2072.5,A,Official figure,NZL,False,False,122.75022327595461,104.69498650707051,111.65677557794167,137.3983528628098,138.30661545629084,133.31863424562349,10.64842973973,
PP,Producer Prices,554,New Zealand,5532,Producer Price (USD/tonne),21113.01b,"Meat of pig with the bone, fresh or chilled (biological)",2013,2013,7021,Annual value,USD,2329.8,A,Official figure,NZL,False,False,120.14390446093925,106.21599274087434,140.90691300197804,129.1108717873773,119.49987300357218,109.45334619156017,10.6409212747116,
PP,Producer Prices,554,New Zealand,5532,Producer Price (USD/tonne),21113.01b,"Meat of pig with the bone, fresh or chilled (biological)",2014,2014,7021,Annual value,USD,2288.0,A,Official figure,NZL,False,False,114.98315043593857,112.11017428857667,130.20652445334494,115.8182908031581,110.6162614969274,105.19538929713728,10.7736810383188,
PP,Producer Prices,554,New Zealand,5532,Producer Price (USD/tonne),21113.01b,"Meat of pig with the bone, fresh or chilled (biological)",2015,2015,7021,Annual value,USD,2106.7,A,Official figure,NZL,False,False,93.0638125181246,96.78279749075053,87.1451487854646,95.87342014077292,89.94109402113435,83.1811851391223,11.3631197214515,
PP,Producer Prices,554,New Zealand,5532,Producer Price (USD/tonne),21113.01b,"Meat of pig with the bone, fresh or chilled (biological)",2016,2016,7021,Annual value,USD,2025.0,A,Official figure,NZL,False,False,91.95303704593685,91.10702822067289,82.64832676119045,88.30828905606897,99.44264448193826,111.62342556374044,11.4413385056481,
PP,Producer Prices,554,New Zealand,5532,Producer Price (USD/tonne),21113.01b,"Meat of pig with the bone, fresh or chilled (biological)",2017,2017,7021,Annual value,USD,1782.7,A,Official figure,NZL,False,False,97.9325465965461,97.47103081764828,108.01127219003995,90.98426329355082,101.90947584276995,99.11220417429126,11.5262393633489,
PP,Producer Prices,554,New Zealand,5532,Producer Price (USD/tonne),21113.01b,"Meat of pig with the bone, fresh or chilled (biological)",2018,2018,7021,Annual value,USD,1766.7,A,Official figure,NZL,False,False,95.75177402259017,94.39851038295467,107.2716875332135,100.82233026984352,87.76107702264312,77.40205315573543,11.3255665553283,
PP,Producer Prices,554,New Zealand,5532,Producer Price (USD/tonne),21113.01b,"Meat of pig with the bone, fresh or chilled (biological)",2019,2019,7021,Annual value,USD,1702.5,A,Official figure,NZL,False,False,94.93129436453303,99.4754122501492,102.81578202753263,96.60386371200734,83.23927616454294,78.61501498294437,11.5258173901989,
PP,Producer Prices,554,New Zealand,5532,Producer Price (USD/tonne),21113.01b,"Meat of pig with the bone, fresh or chilled (biological)",2020,2020,7021,Annual value,USD,1838.5,A,Official figure,NZL,False,False,98.05250486501859,95.316293513863,101.8142204334863,103.1167289201083,99.44353567977252,79.52871763805308,13.4141194210952,
PP,Producer Prices,554,New Zealand,5532,Producer Price (USD/tonne),21113.01b,"Meat of pig with the bone, fresh or chilled (biological)",2021,2021,7021,Annual value,USD,2122.6,A,Official figure,NZL,False,False,125.73406972850047,107.53442746784815,119.59735631930364,131.1533847436843,164.85113256482796,109.33464293018675,11.475669248619,
PP,Producer Prices,554,New Zealand,5532,Producer Price (USD/tonne),21113.01b,"Meat of pig with the bone, fresh or chilled (biological)",2022,2022,7021,Annual value,USD,2006.7,A,Official figure,NZL,False,False,144.50986636550888,118.33551230992974,149.51050848913766,154.66510013039058,187.77977941529275,114.45579634923097,11.0671792942827,
PP,Producer Prices,554,New Zealand,5532,Producer Price (USD/tonne),21113.01b,"Meat of pig with the bone, fresh or chilled (biological)",2023,2023,7021,Annual value,USD,2193.5,A,Official figure,NZL,False,False,124.51966645168862,114.10852024490974,123.72456940111083,130.87805882527132,126.29144514063518,144.9803113652603,11.2682320290767,
PP,Producer Prices,554,New Zealand,5532,Producer Price (USD/tonne),21113.01b,"Meat of pig with the bone, fresh or chilled (biological)",2024,2024,7021,Annual value,USD,2367.6,A,Official figure,NZL,False,False,121.9819961575273,117.25906623977029,129.71297215949022,113.47684568733492,138.06843188494958,125.71292330063521,12.4737636662727,
PP,Producer Prices,554,New Zealand,5532,Producer Price (USD/tonne),21115b,"Meat of sheep, fresh or chilled (biological)",1991,1991,7021,Annual value,USD,539.4,A,Official figure,NZL,False,False,62.34528439011702,81.47466716487295,45.46032558544059,57.863819886673106,49.00795416086814,55.480617553691815,7.82005006852862,
PP,Producer Prices,554,New Zealand,5532,Producer Price (USD/tonne),21115b,"Meat of sheep, fresh or chilled (biological)",1992,1992,7021,Annual value,USD,532.8,A,Official figure,NZL,False,False,64.22555868464649,78.38728862271715,54.8015933451503,60.9576514895015,52.991996389394096,56.04274688194544,7.26186523522237,
PP,Producer Prices,554,New Zealand,5532,Producer Price (USD/tonne),21115b,"Meat of sheep, fresh or chilled (biological)",1993,1993,7021,Annual value,USD,724.7,A,Official figure,NZL,False,False,62.259404847966515,75.01403295972897,48.61651615517863,59.01858803408094,53.966480634247155,62.03019780031652,7.74549467533267,
PP,Producer Prices,554,New Zealand,5532,Producer Price (USD/tonne),21115b,"Meat of sheep, fresh or chilled (biological)",1994,1994,7021,Annual value,USD,768.4,A,Official figure,NZL,False,False,67.26054679350919,76.29710199787732,47.42020205529957,61.936823654585105,71.86775375736012,74.94370090074824,7.51124643252268,
PP,Producer Prices,554,New Zealand,5532,Producer Price (USD/tonne),21115b,"Meat of sheep, fresh or chilled (biological)",1995,1995,7021,Annual value,USD,578.1,A,Official figure,NZL,False,False,76.8287850116353,85.24932673337705,62.72510536671231,70.8474665240566,79.95838810789446,82.19981067004032,7.44919887987459,
PP,Producer Prices,554,New Zealand,5532,Producer Price (USD/tonne),21115b,"Meat of sheep, fresh or chilled (biological)",1996,1996,7021,Annual value,USD,657.8,A,Official figure,NZL,False,False,77.82086308655745,84.34557234442748,61.619550783954395,83.65592765127325,69.93519294281285,73.98962818765723,7.60935139371214,
PP,Producer Prices,554,New Zealand,5532,Producer Price (USD/tonne),21115b,"Meat of sheep, fresh or chilled (biological)",1997,1997,7021,Annual value,USD,758.4,A,Official figure,NZL,False,False,70.75682380399682,79.31706264103354,59.44728416757198,66.51116723257967,70.68473461622513,70.38581190707349,7.77401372480264,
PP,Producer Prices,554,New Zealand,5532,Producer Price (USD/tonne),21115b,"Meat of sheep, fresh or chilled (biological)",1998,1998,7021,Annual value,USD,558.8,A,Official figure,NZL,False,False,64.8237651326436,66.27116245186038,55.776184862258724,58.90385220966683,83.88543382429606,55.22279355165295,9.20103004215946,
PP,Producer Prices,554,New Zealand,5532,Producer Price (USD/tonne),21115b,"Meat of sheep, fresh or chilled (biological)",1999,1999,7021,Annual value,USD,568.9,A,Official figure,NZL,False,False,55.38494745729497,62.42928865091984,48.31192059218944,53.12085523046289,58.22698225943004,38.798878860400684,7.78436649828484,
PP,Producer Prices,554,New Zealand,5532,Producer Price (USD/tonne),21115b,"Meat of sheep, fresh or chilled (biological)",2000,2000,7021,Annual value,USD,567.0,A,Official figure,NZL,False,False,53.658254311091945,61.295380665724906,54.46468606873116,51.41600714746175,42.89305770905415,50.612781624475126,7.72539363500583,
PP,Producer Prices,554,New Zealand,5532,Producer Price (USD/tonne),21115b,"Meat of sheep, fresh or chilled (biological)",2001,2001,7021,Annual value,USD,664.2,A,Official figure,NZL,False,False,55.353759430433776,62.905581984538294,60.88469474046613,51.84540600513508,42.481465934354574,53.47099426092313,8.35043726681559,
PP,Producer Prices,554,New Zealand,5532,Producer Price (USD/tonne),21115b,"Meat of sheep, fresh or chilled (biological)",2002,2002,7021,Annual value,USD,812.6,A,Official figure,NZL,False,False,53.432698046969534,56.102316657369585,46.09884987045724,55.57542707086668,55.144333609249486,42.632850317668414,8.55424398531967,
PP,Producer Prices,554,New Zealand,5532,Producer Price (USD/tonne),21115b,"Meat of sheep, fresh or chilled (biological)",2003,2003,7021,Annual value,USD,921.0,A,Official figure,NZL,False,False,58.11559303636253,59.31684044946804,54.48407776395476,59.38331088130321,62.630981044686195,43.854657616127014,8.15797307027291,
PP,Producer Prices,554,New Zealand,5532,Producer Price (USD/tonne),21115b,"Meat of sheep, fresh or chilled (biological)",2004,2004,7021,Annual value,USD,1038.7,A,Official figure,NZL,False,False,65.89944729053757,68.6029390549955,69.84888089256499,64.00158065193195,69.61163025660183,44.346000561265534,7.59012384281528,
PP,Producer Prices,554,New Zealand,5532,Producer Price (USD/tonne),21115b,"Meat of sheep, fresh or chilled (biological)",2005,2005,7021,Annual value,USD,1139.9,A,Official figure,NZL,False,False,67.6467997866706,72.57908938487195,77.21006263097178,60.766594200041034,64.39872945308146,61.19575106393876,7.6532725496079,
PP,Producer Prices,554,New Zealand,5532,Producer Price (USD/tonne),21115b,"Meat of sheep, fresh or chilled (biological)",2006,2006,7021,Annual value,USD,889.1,A,Official figure,NZL,False,False,72.85198153556445,71.39005672414655,73.05336517091054,71.22837696143655,70.5451171722111,91.39314395266837,8.09644035294417,
PP,Producer Prices,554,New Zealand,5532,Producer Price (USD/tonne),21115b,"Meat of sheep, fresh or chilled (biological)",2007,2007,7021,Annual value,USD,967.2,A,Official figure,NZL,False,False,94.55025065074518,77.75672729408136,122.39946263841763,100.90811631831873,107.3148060387481,62.36914297123817,8.57888175013431,
PP,Producer Prices,554,New Zealand,5532,Producer Price (USD/tonne),21115b,"Meat of sheep, fresh or chilled (biological)",2008,2008,7021,Annual value,USD,993.2,A,Official figure,NZL,False,False,117.73787331863998,90.84433092873273,132.33661799232738,137.64181782223199,141.07285693456427,79.19536905542518,9.35585893641528,
PP,Producer Prices,554,New Zealand,5532,Producer Price (USD/tonne),21115b,"Meat of sheep, fresh or chilled (biological)",2009,2009,7021,Annual value,USD,1300.5,A,Official figure,NZL,False,False,91.78785298482406,81.60267222893671,91.405730315563,97.1899325654129,94.42735946277953,112.2254832184969,10.6785335151412,
PP,Producer Prices,554,New Zealand,5532,Producer Price (USD/tonne),21115b,"Meat of sheep, fresh or chilled (biological)",2010,2010,7021,Annual value,USD,1386.3,A,Official figure,NZL,False,False,106.87404108388505,91.39347096403203,111.89896716658724,107.49931237044449,121.95018353123997,131.72406046543753,10.6098870848979,
PP,Producer Prices,554,New Zealand,5532,Producer Price (USD/tonne),21115b,"Meat of sheep, fresh or chilled (biological)",2011,2011,7021,Annual value,USD,2083.2,A,Official figure,NZL,False,False,131.77593256915614,105.02246669637043,129.89070190611824,142.15740841093506,156.4798891014947,160.90057382271044,10.5379127413242,
PP,Producer Prices,554,New Zealand,5532,Producer Price (USD/tonne),21115b,"Meat of sheep, fresh or chilled (biological)",2012,2012,7021,Annual value,USD,2082.2,A,Official figure,NZL,False,False,122.75022327595461,104.69498650707051,111.65677557794167,137.3983528628098,138.30661545629084,133.31863424562349,10.64842973973,
PP,Producer Prices,554,New Zealand,5532,Producer Price (USD/tonne),21115b,"Meat of sheep, fresh or chilled (biological)",2013,2013,7021,Annual value,USD,1604.1,A,Official figure,NZL,False,False,120.14390446093925,106.21599274087434,140.90691300197804,129.1108717873773,119.49987300357218,109.45334619156017,10.6409212747116,
PP,Producer Prices,554,New Zealand,5532,Producer Price (USD/tonne),21115b,"Meat of sheep, fresh or chilled (biological)",2014,2014,7021,Annual value,USD,1884.0,A,Official figure,NZL,False,False,114.98315043593857,112.11017428857667,130.20652445334494,115.8182908031581,110.6162614969274,105.19538929713728,10.7736810383188,
PP,Producer Prices,554,New Zealand,5532,Producer Price (USD/tonne),21115b,"Meat of sheep, fresh or chilled (biological)",2015,2015,7021,Annual value,USD,1506.3,A,Official figure,NZL,False,False,93.0638125181246,96.78279749075053,87.1451487854646,95.87342014077292,89.94109402113435,83.1811851391223,11.3631197214515,
PP,Producer Prices,554,New Zealand,5532,Producer Price (USD/tonne),21115b,"Meat of sheep, fresh or chilled (biological)",2016,2016,7021,Annual value,USD,1455.6,A,Official figure,NZL,False,False,91.95303704593685,91.10702822067289,82.64832676119045,88.30828905606897,99.44264448193826,111.62342556374044,11.4413385056481,
PP,Producer Prices,554,New Zealand,5532,Producer Price (USD/tonne),21115b,"Meat of sheep, fresh or chilled (biological)",2017,2017,7021,Annual value,USD,1686.1,A,Official figure,NZL,False,False,97.9325465965461,97.47103081764828,108.01127219003995,90.98426329355082,101.90947584276995,99.11220417429126,11.5262393633489,
PP,Producer Prices,554,New Zealand,5532,Producer Price (USD/tonne),21115b,"Meat of sheep, fresh or chilled (biological)",2018,2018,7021,Annual value,USD,2097.9,A,Official figure,NZL,False,False,95.75177402259017,94.39851038295467,107.2716875332135,100.82233026984352,87.76107702264312,77.40205315573543,11.3255665553283,
PP,Producer Prices,554,New Zealand,5532,Producer Price (USD/tonne),21115b,"Meat of sheep, fresh or chilled (biological)",2019,2019,7021,Annual value,USD,2083.8,A,Official figure,NZL,False,False,94.93129436453303,99.4754122501492,102.81578202753263,96.60386371200734,83.23927616454294,78.61501498294437,11.5258173901989,
PP,Producer Prices,554,New Zealand,5532,Producer Price (USD/tonne),21115b,"Meat of sheep, fresh or chilled (biological)",2020,2020,7021,Annual value,USD,2023.9,A,Official figure,NZL,False,False,98.05250486501859,95.316293513863,101.8142204334863,103.1167289201083,99.44353567977252,79.52871763805308,13.4141194210952,
PP,Producer Prices,554,New Zealand,5532,Producer Price (USD/tonne),21115b,"Meat of sheep, fresh or chilled (biological)",2021,2021,7021,Annual value,USD,2107.8,A,Official figure,NZL,False,False,125.73406972850047,107.53442746784815,119.59735631930364,131.1533847436843,164.85113256482796,109.33464293018675,11.475669248619,
PP,Producer Prices,554,New Zealand,5532,Producer Price (USD/tonne),21115b,"Meat of sheep, fresh or chilled (biological)",2022,2022,7021,Annual value,USD,2320.0,A,Official figure,NZL,False,False,144.50986636550888,118.33551230992974,149.51050848913766,154.66510013039058,187.77977941529275,114.45579634923097,11.0671792942827,
PP,Producer Prices,554,New Zealand,5532,Producer Price (USD/tonne),21115b,"Meat of sheep, fresh or chilled (biological)",2023,2023,7021,Annual value,USD,1882.8,A,Official figure,NZL,False,False,124.51966645168862,114.10852024490974,123.72456940111083,130.87805882527132,126.29144514063518,144.9803113652603,11.2682320290767,
PP,Producer Prices,554,New Zealand,5532,Producer Price (USD/tonne),01270,Mushrooms and truffles,1991,1991,7021,Annual value,USD,2595.9,A,Official figure,NZL,False,False,62.34528439011702,81.47466716487295,45.46032558544059,57.863819886673106,49.00795416086814,55.480617553691815,7.82005006852862,
PP,Producer Prices,554,New Zealand,5532,Producer Price (USD/tonne),01270,Mushrooms and truffles,1992,1992,7021,Annual value,USD,2148.5,A,Official figure,NZL,False,False,64.22555868464649,78.38728862271715,54.8015933451503,60.9576514895015,52.991996389394096,56.04274688194544,7.26186523522237,
PP,Producer Prices,554,New Zealand,5532,Producer Price (USD/tonne),01270,Mushrooms and truffles,1993,1993,7021,Annual value,USD,2161.6,A,Official figure,NZL,False,False,62.259404847966515,75.01403295972897,48.61651615517863,59.01858803408094,53.966480634247155,62.03019780031652,7.74549467533267,
PP,Producer Prices,554,New Zealand,5532,Producer Price (USD/tonne),01270,Mushrooms and truffles,1994,1994,7021,Annual value,USD,2371.7,A,Official figure,NZL,False,False,67.26054679350919,76.29710199787732,47.42020205529957,61.936823654585105,71.86775375736012,74.94370090074824,7.51124643252268,
PP,Producer Prices,554,New Zealand,5532,Producer Price (USD/tonne),01270,Mushrooms and truffles,1995,1995,7021,Annual value,USD,2296.8,A,Official figure,NZL,False,False,76.8287850116353,85.24932673337705,62.72510536671231,70.8474665240566,79.95838810789446,82.19981067004032,7.44919887987459,
PP,Producer Prices,554,New Zealand,5532,Producer Price (USD/tonne),01270,Mushrooms and truffles,1996,1996,7021,Annual value,USD,2405.8,A,Official figure,NZL,False,False,77.82086308655745,84.34557234442748,61.619550783954395,83.65592765127325,69.93519294281285,73.98962818765723,7.60935139371214,
PP,Producer Prices,554,New Zealand,5532,Producer Price (USD/tonne),01270,Mushrooms and truffles,1997,1997,7021,Annual value,USD,2314.2,A,Official figure,NZL,False,False,70.75682380399682,79.31706264103354,59.44728416757198,66.51116723257967,70.68473461622513,70.38581190707349,7.77401372480264,
PP,Producer Prices,554,New Zealand,5532,Producer Price (USD/tonne),01270,Mushrooms and truffles,1998,1998,7021,Annual value,USD,1873.4,A,Official figure,NZL,False,False,64.8237651326436,66.27116245186038,55.776184862258724,58.90385220966683,83.88543382429606,55.22279355165295,9.20103004215946,
PP,Producer Prices,554,New Zealand,5532,Producer Price (USD/tonne),01270,Mushrooms and truffles,1999,1999,7021,Annual value,USD,1852.2,A,Official figure,NZL,False,False,55.38494745729497,62.42928865091984,48.31192059218944,53.12085523046289,58.22698225943004,38.798878860400684,7.78436649828484,
PP,Producer Prices,554,New Zealand,5532,Producer Price (USD/tonne),01270,Mushrooms and truffles,2000,2000,7021,Annual value,USD,1590.1,A,Official figure,NZL,False,False,53.658254311091945,61.295380665724906,54.46468606873116,51.41600714746175,42.89305770905415,50.612781624475126,7.72539363500583,
PP,Producer Prices,554,New Zealand,5532,Producer Price (USD/tonne),01270,Mushrooms and truffles,2001,2001,7021,Annual value,USD,1471.4,A,Official figure,NZL,False,False,55.353759430433776,62.905581984538294,60.88469474046613,51.84540600513508,42.481465934354574,53.47099426092313,8.35043726681559,
PP,Producer Prices,554,New Zealand,5532,Producer Price (USD/tonne),02910,Natural honey,1991,1991,7021,Annual value,USD,1153.7,A,Official figure,NZL,False,False,62.34528439011702,81.47466716487295,45.46032558544059,57.863819886673106,49.00795416086814,55.480617553691815,7.82005006852862,
PP,Producer Prices,554,New Zealand,5532,Producer Price (USD/tonne),02910,Natural honey,1992,1992,7021,Annual value,USD,1074.2,A,Official figure,NZL,False,False,64.22555868464649,78.38728862271715,54.8015933451503,60.9576514895015,52.991996389394096,56.04274688194544,7.26186523522237,
PP,Producer Prices,554,New Zealand,5532,Producer Price (USD/tonne),02910,Natural honey,1993,1993,7021,Annual value,USD,1080.8,A,Official figure,NZL,False,False,62.259404847966515,75.01403295972897,48.61651615517863,59.01858803408094,53.966480634247155,62.03019780031652,7.74549467533267,
PP,Producer Prices,554,New Zealand,5532,Producer Price (USD/tonne),02910,Natural honey,1994,1994,7021,Annual value,USD,1245.2,A,Official figure,NZL,False,False,67.26054679350919,76.29710199787732,47.42020205529957,61.936823654585105,71.86775375736012,74.94370090074824,7.51124643252268,
PP,Producer Prices,554,New Zealand,5532,Producer Price (USD/tonne),02910,Natural honey,1995,1995,7021,Annual value,USD,1279.6,A,Official figure,NZL,False,False,76.8287850116353,85.24932673337705,62.72510536671231,70.8474665240566,79.95838810789446,82.19981067004032,7.44919887987459,
PP,Producer Prices,554,New Zealand,5532,Producer Price (USD/tonne),02910,Natural honey,1996,1996,7021,Annual value,USD,1443.5,A,Official figure,NZL,False,False,77.82086308655745,84.34557234442748,61.619550783954395,83.65592765127325,69.93519294281285,73.98962818765723,7.60935139371214,
PP,Producer Prices,554,New Zealand,5532,Producer Price (USD/tonne),02910,Natural honey,1997,1997,7021,Annual value,USD,1421.6,A,Official figure,NZL,False,False,70.75682380399682,79.31706264103354,59.44728416757198,66.51116723257967,70.68473461622513,70.38581190707349,7.77401372480264,
PP,Producer Prices,554,New Zealand,5532,Producer Price (USD/tonne),02910,Natural honey,1998,1998,7021,Annual value,USD,1231.1,A,Official figure,NZL,False,False,64.8237651326436,66.27116245186038,55.776184862258724,58.90385220966683,83.88543382429606,55.22279355165295,9.20103004215946,
PP,Producer Prices,554,New Zealand,5532,Producer Price (USD/tonne),02910,Natural honey,1999,1999,7021,Annual value,USD,1323.0,A,Official figure,NZL,False,False,55.38494745729497,62.42928865091984,48.31192059218944,53.12085523046289,58.22698225943004,38.798878860400684,7.78436649828484,
PP,Producer Prices,554,New Zealand,5532,Producer Price (USD/tonne),02910,Natural honey,2000,2000,7021,Annual value,USD,1135.8,A,Official figure,NZL,False,False,53.658254311091945,61.295380665724906,54.46468606873116,51.41600714746175,42.89305770905415,50.612781624475126,7.72539363500583,
PP,Producer Prices,554,New Zealand,5532,Producer Price (USD/tonne),02910,Natural honey,2001,2001,7021,Annual value,USD,1093.0,A,Official figure,NZL,False,False,55.353759430433776,62.905581984538294,60.88469474046613,51.84540600513508,42.481465934354574,53.47099426092313,8.35043726681559,
PP,Producer Prices,554,New Zealand,5532,Producer Price (USD/tonne),02910,Natural honey,2002,2002,7021,Annual value,USD,1618.7,A,Official figure,NZL,False,False,53.432698046969534,56.102316657369585,46.09884987045724,55.57542707086668,55.144333609249486,42.632850317668414,8.55424398531967,
PP,Producer Prices,554,New Zealand,5532,Producer Price (USD/tonne),02910,Natural honey,2003,2003,7021,Annual value,USD,2613.1,A,Official figure,NZL,False,True,58.11559303636253,59.31684044946804,54.48407776395476,59.38331088130321,62.630981044686195,43.854657616127014,8.15797307027291,
PP,Producer Prices,554,New Zealand,5532,Producer Price (USD/tonne),0117,Oats,1991,1991,7021,Annual value,USD,124.0,A,Official figure,NZL,False,False,62.34528439011702,81.47466716487295,45.46032558544059,57.863819886673106,49.00795416086814,55.480617553691815,7.82005006852862,
PP,Producer Prices,554,New Zealand,5532,Producer Price (USD/tonne),0117,Oats,1992,1992,7021,Annual value,USD,115.5,A,Official figure,NZL,False,False,64.22555868464649,78.38728862271715,54.8015933451503,60.9576514895015,52.991996389394096,56.04274688194544,7.26186523522237,
PP,Producer Prices,554,New Zealand,5532,Producer Price (USD/tonne),0117,Oats,1993,1993,7021,Annual value,USD,118.9,A,Official figure,NZL,False,False,62.259404847966515,75.01403295972897,48.61651615517863,59.01858803408094,53.966480634247155,62.03019780031652,7.74549467533267,
PP,Producer Prices,554,New Zealand,5532,Producer Price (USD/tonne),0117,Oats,1994,1994,7021,Annual value,USD,142.3,A,Official figure,NZL,False,False,67.26054679350919,76.29710199787732,47.42020205529957,61.936823654585105,71.86775375736012,74.94370090074824,7.51124643252268,
PP,Producer Prices,554,New Zealand,5532,Producer Price (USD/tonne),0117,Oats,1995,1995,7021,Annual value,USD,157.5,A,Official figure,NZL,False,False,76.8287850116353,85.24932673337705,62.72510536671231,70.8474665240566,79.95838810789446,82.19981067004032,7.44919887987459,
PP,Producer Prices,554,New Zealand,5532,Producer Price (USD/tonne),0117,Oats,1996,1996,7021,Annual value,USD,151.2,A,Official figure,NZL,False,False,77.82086308655745,84.34557234442748,61.619550783954395,83.65592765127325,69.93519294281285,73.98962818765723,7.60935139371214,
PP,Producer Prices,554,New Zealand,5532,Producer Price (USD/tonne),0117,Oats,1997,1997,7021,Annual value,USD,165.3,A,Official figure,NZL,False,False,70.75682380399682,79.31706264103354,59.44728416757198,66.51116723257967,70.68473461622513,70.38581190707349,7.77401372480264,
PP,Producer Prices,554,New Zealand,5532,Producer Price (USD/tonne),0117,Oats,1998,1998,7021,Annual value,USD,115.1,A,Official figure,NZL,False,False,64.8237651326436,66.27116245186038,55.776184862258724,58.90385220966683,83.88543382429606,55.22279355165295,9.20103004215946,
PP,Producer Prices,554,New Zealand,5532,Producer Price (USD/tonne),0117,Oats,1999,1999,7021,Annual value,USD,104.8,A,Official figure,NZL,False,False,55.38494745729497,62.42928865091984,48.31192059218944,53.12085523046289,58.22698225943004,38.798878860400684,7.78436649828484,
PP,Producer Prices,554,New Zealand,5532,Producer Price (USD/tonne),0117,Oats,2000,2000,7021,Annual value,USD,87.2,A,Official figure,NZL,False,False,53.658254311091945,61.295380665724906,54.46468606873116,51.41600714746175,42.89305770905415,50.612781624475126,7.72539363500583,
PP,Producer Prices,554,New Zealand,5532,Producer Price (USD/tonne),0117,Oats,2001,2001,7021,Annual value,USD,84.1,A,Official figure,NZL,False,False,55.353759430433776,62.905581984538294,60.88469474046613,51.84540600513508,42.481465934354574,53.47099426092313,8.35043726681559,
PP,Producer Prices,554,New Zealand,5532,Producer Price (USD/tonne),0117,Oats,2002,2002,7021,Annual value,USD,115.6,A,Official figure,NZL,False,False,53.432698046969534,56.102316657369585,46.09884987045724,55.57542707086668,55.144333609249486,42.632850317668414,8.55424398531967,
PP,Producer Prices,554,New Zealand,5532,Producer Price (USD/tonne),0117,Oats,2003,2003,7021,Annual value,USD,174.2,A,Official figure,NZL,False,False,58.11559303636253,59.31684044946804,54.48407776395476,59.38331088130321,62.630981044686195,43.854657616127014,8.15797307027291,
PP,Producer Prices,554,New Zealand,5532,Producer Price (USD/tonne),0117,Oats,2004,2004,7021,Annual value,USD,192.2,A,Official figure,NZL,False,False,65.89944729053757,68.6029390549955,69.84888089256499,64.00158065193195,69.61163025660183,44.346000561265534,7.59012384281528,
PP,Producer Prices,554,New Zealand,5532,Producer Price (USD/tonne),0117,Oats,2005,2005,7021,Annual value,USD,204.2,A,Official figure,NZL,False,False,67.6467997866706,72.57908938487195,77.21006263097178,60.766594200041034,64.39872945308146,61.19575106393876,7.6532725496079,
PP,Producer Prices,554,New Zealand,5532,Producer Price (USD/tonne),0117,Oats,2006,2006,7021,Annual value,USD,188.1,A,Official figure,NZL,False,False,72.85198153556445,71.39005672414655,73.05336517091054,71.22837696143655,70.5451171722111,91.39314395266837,8.09644035294417,
PP,Producer Prices,554,New Zealand,5532,Producer Price (USD/tonne),0117,Oats,2007,2007,7021,Annual value,USD,235.9,A,Official figure,NZL,False,False,94.55025065074518,77.75672729408136,122.39946263841763,100.90811631831873,107.3148060387481,62.36914297123817,8.57888175013431,
PP,Producer Prices,554,New Zealand,5532,Producer Price (USD/tonne),0117,Oats,2008,2008,7021,Annual value,USD,272.0,A,Official figure,NZL,False,False,117.73787331863998,90.84433092873273,132.33661799232738,137.64181782223199,141.07285693456427,79.19536905542518,9.35585893641528,
PP,Producer Prices,554,New Zealand,5532,Producer Price (USD/tonne),0117,Oats,2009,2009,7021,Annual value,USD,330.4,A,Official figure,NZL,False,False,91.78785298482406,81.60267222893671,91.405730315563,97.1899325654129,94.42735946277953,112.2254832184969,10.6785335151412,
PP,Producer Prices,554,New Zealand,5532,Producer Price (USD/tonne),0117,Oats,2010,2010,7021,Annual value,USD,307.7,A,Official figure,NZL,False,False,106.87404108388505,91.39347096403203,111.89896716658724,107.49931237044449,121.95018353123997,131.72406046543753,10.6098870848979,
PP,Producer Prices,554,New Zealand,5532,Producer Price (USD/tonne),0117,Oats,2011,2011,7021,Annual value,USD,289.1,A,Official figure,NZL,False,False,131.77593256915614,105.02246669637043,129.89070190611824,142.15740841093506,156.4798891014947,160.90057382271044,10.5379127413242,
PP,Producer Prices,554,New Zealand,5532,Producer Price (USD/tonne),0117,Oats,2012,2012,7021,Annual value,USD,383.2,A,Official figure,NZL,False,False,122.75022327595461,104.69498650707051,111.65677557794167,137.3983528628098,138.30661545629084,133.31863424562349,10.64842973973,
PP,Producer Prices,554,New Zealand,5532,Producer Price (USD/tonne),0117,Oats,2013,2013,7021,Annual value,USD,337.9,A,Official figure,NZL,False,False,120.14390446093925,106.21599274087434,140.90691300197804,129.1108717873773,119.49987300357218,109.45334619156017,10.6409212747116,
PP,Producer Prices,554,New Zealand,5532,Producer Price (USD/tonne),0117,Oats,2014,2014,7021,Annual value,USD,374.1,A,Official figure,NZL,False,False,114.98315043593857,112.11017428857667,130.20652445334494,115.8182908031581,110.6162614969274,105.19538929713728,10.7736810383188,
PP,Producer Prices,554,New Zealand,5532,Producer Price (USD/tonne),0117,Oats,2015,2015,7021,Annual value,USD,292.9,A,Official figure,NZL,False,False,93.0638125181246,96.78279749075053,87.1451487854646,95.87342014077292,89.94109402113435,83.1811851391223,11.3631197214515,
PP,Producer Prices,554,New Zealand,5532,Producer Price (USD/tonne),0117,Oats,2016,2016,7021,Annual value,USD,278.4,A,Official figure,NZL,False,False,91.95303704593685,91.10702822067289,82.64832676119045,88.30828905606897,99.44264448193826,111.62342556374044,11.4413385056481,
PP,Producer Prices,554,New Zealand,5532,Producer Price (USD/tonne),0117,Oats,2017,2017,7021,Annual value,USD,284.2,A,Official figure,NZL,False,False,97.9325465965461,97.47103081764828,108.01127219003995,90.98426329355082,101.90947584276995,99.11220417429126,11.5262393633489,
PP,Producer Prices,554,New Zealand,5532,Producer Price (USD/tonne),0117,Oats,2018,2018,7021,Annual value,USD,221.4,A,Official figure,NZL,False,False,95.75177402259017,94.39851038295467,107.2716875332135,100.82233026984352,87.76107702264312,77.40205315573543,11.3255665553283,
PP,Producer Prices,554,New Zealand,5532,Producer Price (USD/tonne),0117,Oats,2019,2019,7021,Annual value,USD,243.8,A,Official figure,NZL,False,False,94.93129436453303,99.4754122501492,102.81578202753263,96.60386371200734,83.23927616454294,78.61501498294437,11.5258173901989,
PP,Producer Prices,554,New Zealand,5532,Producer Price (USD/tonne),0117,Oats,2020,2020,7021,Annual value,USD,251.9,A,Official figure,NZL,False,False,98.05250486501859,95.316293513863,101.8142204334863,103.1167289201083,99.44353567977252,79.52871763805308,13.4141194210952,
PP,Producer Prices,554,New Zealand,5532,Producer Price (USD/tonne),0117,Oats,2021,2021,7021,Annual value,USD,282.2,A,Official figure,NZL,False,False,125.73406972850047,107.53442746784815,119.59735631930364,131.1533847436843,164.85113256482796,109.33464293018675,11.475669248619,
PP,Producer Prices,554,New Zealand,5532,Producer Price (USD/tonne),0117,Oats,2022,2022,7021,Annual value,USD,287.9,A,Official figure,NZL,False,False,144.50986636550888,118.33551230992974,149.51050848913766,154.66510013039058,187.77977941529275,114.45579634923097,11.0671792942827,
PP,Producer Prices,554,New Zealand,5532,Producer Price (USD/tonne),0117,Oats,2023,2023,7021,Annual value,USD,377.7,A,Official figure,NZL,False,False,124.51966645168862,114.10852024490974,123.72456940111083,130.87805882527132,126.29144514063518,144.9803113652603,11.2682320290767,
PP,Producer Prices,554,New Zealand,5532,Producer Price (USD/tonne),0117,Oats,2024,2024,7021,Annual value,USD,330.4,A,Official figure,NZL,False,False,121.9819961575273,117.25906623977029,129.71297215949022,113.47684568733492,138.06843188494958,125.71292330063521,12.4737636662727,
PP,Producer Prices,554,New Zealand,5532,Producer Price (USD/tonne),01253.02,"Onions and shallots, dry (excluding dehydrated)",1991,1991,7021,Annual value,USD,300.0,A,Official figure,NZL,False,False,62.34528439011702,81.47466716487295,45.46032558544059,57.863819886673106,49.00795416086814,55.480617553691815,7.82005006852862,
PP,Producer Prices,554,New Zealand,5532,Producer Price (USD/tonne),01253.02,"Onions and shallots, dry (excluding dehydrated)",1992,1992,7021,Annual value,USD,134.3,A,Official figure,NZL,False,False,64.22555868464649,78.38728862271715,54.8015933451503,60.9576514895015,52.991996389394096,56.04274688194544,7.26186523522237,
PP,Producer Prices,554,New Zealand,5532,Producer Price (USD/tonne),01253.02,"Onions and shallots, dry (excluding dehydrated)",1993,1993,7021,Annual value,USD,216.2,A,Official figure,NZL,False,False,62.259404847966515,75.01403295972897,48.61651615517863,59.01858803408094,53.966480634247155,62.03019780031652,7.74549467533267,
PP,Producer Prices,554,New Zealand,5532,Producer Price (USD/tonne),01253.02,"Onions and shallots, dry (excluding dehydrated)",1994,1994,7021,Annual value,USD,355.8,A,Official figure,NZL,False,False,67.26054679350919,76.29710199787732,47.42020205529957,61.936823654585105,71.86775375736012,74.94370090074824,7.51124643252268,
PP,Producer Prices,554,New Zealand,5532,Producer Price (USD/tonne),01253.02,"Onions and shallots, dry (excluding dehydrated)",1995,1995,7021,Annual value,USD,393.7,A,Official figure,NZL,False,False,76.8287850116353,85.24932673337705,62.72510536671231,70.8474665240566,79.95838810789446,82.19981067004032,7.44919887987459,
PP,Producer Prices,554,New Zealand,5532,Producer Price (USD/tonne),01253.02,"Onions and shallots, dry (excluding dehydrated)",1996,1996,7021,Annual value,USD,412.4,A,Official figure,NZL,False,False,77.82086308655745,84.34557234442748,61.619550783954395,83.65592765127325,69.93519294281285,73.98962818765723,7.60935139371214,
PP,Producer Prices,554,New Zealand,5532,Producer Price (USD/tonne),01253.02,"Onions and shallots, dry (excluding dehydrated)",1997,1997,7021,Annual value,USD,165.3,A,Official figure,NZL,False,False,70.75682380399682,79.31706264103354,59.44728416757198,66.51116723257967,70.68473461622513,70.38581190707349,7.77401372480264,
PP,Producer Prices,554,New Zealand,5532,Producer Price (USD/tonne),01253.02,"Onions and shallots, dry (excluding dehydrated)",1998,1998,7021,Annual value,USD,374.7,A,Official figure,NZL,False,False,64.8237651326436,66.27116245186038,55.776184862258724,58.90385220966683,83.88543382429606,55.22279355165295,9.20103004215946,
PP,Producer Prices,554,New Zealand,5532,Producer Price (USD/tonne),01253.02,"Onions and shallots, dry (excluding dehydrated)",1999,1999,7021,Annual value,USD,304.3,A,Official figure,NZL,False,False,55.38494745729497,62.42928865091984,48.31192059218944,53.12085523046289,58.22698225943004,38.798878860400684,7.78436649828484,
PP,Producer Prices,554,New Zealand,5532,Producer Price (USD/tonne),01253.02,"Onions and shallots, dry (excluding dehydrated)",2000,2000,7021,Annual value,USD,68.1,A,Official figure,NZL,False,False,53.658254311091945,61.295380665724906,54.46468606873116,51.41600714746175,42.89305770905415,50.612781624475126,7.72539363500583,
PP,Producer Prices,554,New Zealand,5532,Producer Price (USD/tonne),01253.02,"Onions and shallots, dry (excluding dehydrated)",2001,2001,7021,Annual value,USD,157.6,A,Official figure,NZL,False,False,55.353759430433776,62.905581984538294,60.88469474046613,51.84540600513508,42.481465934354574,53.47099426092313,8.35043726681559,
PP,Producer Prices,554,New Zealand,5532,Producer Price (USD/tonne),01253.02,"Onions and shallots, dry (excluding dehydrated)",2002,2002,7021,Annual value,USD,161.9,A,Official figure,NZL,False,False,53.432698046969534,56.102316657369585,46.09884987045724,55.57542707086668,55.144333609249486,42.632850317668414,8.55424398531967,
PP,Producer Prices,554,New Zealand,5532,Producer Price (USD/tonne),01253.02,"Onions and shallots, dry (excluding dehydrated)",2003,2003,7021,Annual value,USD,203.2,A,Official figure,NZL,False,False,58.11559303636253,59.31684044946804,54.48407776395476,59.38331088130321,62.630981044686195,43.854657616127014,8.15797307027291,
PP,Producer Prices,554,New Zealand,5532,Producer Price (USD/tonne),01253.02,"Onions and shallots, dry (excluding dehydrated)",2004,2004,7021,Annual value,USD,139.2,A,Official figure,NZL,False,False,65.89944729053757,68.6029390549955,69.84888089256499,64.00158065193195,69.61163025660183,44.346000561265534,7.59012384281528,
PP,Producer Prices,554,New Zealand,5532,Producer Price (USD/tonne),01253.02,"Onions and shallots, dry (excluding dehydrated)",2005,2005,7021,Annual value,USD,228.8,A,Official figure,NZL,False,False,67.6467997866706,72.57908938487195,77.21006263097178,60.766594200041034,64.39872945308146,61.19575106393876,7.6532725496079,
PP,Producer Prices,554,New Zealand,5532,Producer Price (USD/tonne),01253.02,"Onions and shallots, dry (excluding dehydrated)",2006,2006,7021,Annual value,USD,210.8,A,Official figure,NZL,False,False,72.85198153556445,71.39005672414655,73.05336517091054,71.22837696143655,70.5451171722111,91.39314395266837,8.09644035294417,
PP,Producer Prices,554,New Zealand,5532,Producer Price (USD/tonne),01253.02,"Onions and shallots, dry (excluding dehydrated)",2007,2007,7021,Annual value,USD,323.4,A,Official figure,NZL,False,False,94.55025065074518,77.75672729408136,122.39946263841763,100.90811631831873,107.3148060387481,62.36914297123817,8.57888175013431,
PP,Producer Prices,554,New Zealand,5532,Producer Price (USD/tonne),01253.02,"Onions and shallots, dry (excluding dehydrated)",2008,2008,7021,Annual value,USD,246.0,A,Official figure,NZL,False,False,117.73787331863998,90.84433092873273,132.33661799232738,137.64181782223199,141.07285693456427,79.19536905542518,9.35585893641528,
PP,Producer Prices,554,New Zealand,5532,Producer Price (USD/tonne),01253.02,"Onions and shallots, dry (excluding dehydrated)",2009,2009,7021,Annual value,USD,218.6,A,Official figure,NZL,False,False,91.78785298482406,81.60267222893671,91.405730315563,97.1899325654129,94.42735946277953,112.2254832184969,10.6785335151412,
PP,Producer Prices,554,New Zealand,5532,Producer Price (USD/tonne),01323,Oranges,1991,1991,7021,Annual value,USD,346.1,A,Official figure,NZL,False,False,62.34528439011702,81.47466716487295,45.46032558544059,57.863819886673106,49.00795416086814,55.480617553691815,7.82005006852862,
PP,Producer Prices,554,New Zealand,5532,Producer Price (USD/tonne),01323,Oranges,1992,1992,7021,Annual value,USD,322.3,A,Official figure,NZL,False,False,64.22555868464649,78.38728862271715,54.8015933451503,60.9576514895015,52.991996389394096,56.04274688194544,7.26186523522237,
PP,Producer Prices,554,New Zealand,5532,Producer Price (USD/tonne),01323,Oranges,1993,1993,7021,Annual value,USD,243.2,A,Official figure,NZL,False,False,62.259404847966515,75.01403295972897,48.61651615517863,59.01858803408094,53.966480634247155,62.03019780031652,7.74549467533267,
PP,Producer Prices,554,New Zealand,5532,Producer Price (USD/tonne),01323,Oranges,1994,1994,7021,Annual value,USD,266.8,A,Official figure,NZL,False,False,67.26054679350919,76.29710199787732,47.42020205529957,61.936823654585105,71.86775375736012,74.94370090074824,7.51124643252268,
PP,Producer Prices,554,New Zealand,5532,Producer Price (USD/tonne),01323,Oranges,1995,1995,7021,Annual value,USD,196.9,A,Official figure,NZL,False,False,76.8287850116353,85.24932673337705,62.72510536671231,70.8474665240566,79.95838810789446,82.19981067004032,7.44919887987459,
PP,Producer Prices,554,New Zealand,5532,Producer Price (USD/tonne),01323,Oranges,1996,1996,7021,Annual value,USD,206.2,A,Official figure,NZL,False,False,77.82086308655745,84.34557234442748,61.619550783954395,83.65592765127325,69.93519294281285,73.98962818765723,7.60935139371214,
PP,Producer Prices,554,New Zealand,5532,Producer Price (USD/tonne),01323,Oranges,1997,1997,7021,Annual value,USD,198.4,A,Official figure,NZL,False,False,70.75682380399682,79.31706264103354,59.44728416757198,66.51116723257967,70.68473461622513,70.38581190707349,7.77401372480264,
PP,Producer Prices,554,New Zealand,5532,Producer Price (USD/tonne),01323,Oranges,1998,1998,7021,Annual value,USD,187.3,A,Official figure,NZL,False,False,64.8237651326436,66.27116245186038,55.776184862258724,58.90385220966683,83.88543382429606,55.22279355165295,9.20103004215946,
PP,Producer Prices,554,New Zealand,5532,Producer Price (USD/tonne),01323,Oranges,1999,1999,7021,Annual value,USD,264.6,A,Official figure,NZL,False,False,55.38494745729497,62.42928865091984,48.31192059218944,53.12085523046289,58.22698225943004,38.798878860400684,7.78436649828484,
PP,Producer Prices,554,New Zealand,5532,Producer Price (USD/tonne),01323,Oranges,2000,2000,7021,Annual value,USD,249.9,A,Official figure,NZL,False,False,53.658254311091945,61.295380665724906,54.46468606873116,51.41600714746175,42.89305770905415,50.612781624475126,7.72539363500583,
PP,Producer Prices,554,New Zealand,5532,Producer Price (USD/tonne),01323,Oranges,2001,2001,7021,Annual value,USD,231.2,A,Official figure,NZL,False,False,55.353759430433776,62.905581984538294,60.88469474046613,51.84540600513508,42.481465934354574,53.47099426092313,8.35043726681559,
PP,Producer Prices,554,New Zealand,5532,Producer Price (USD/tonne),01323,Oranges,2002,2002,7021,Annual value,USD,231.2,A,Official figure,NZL,False,False,53.432698046969534,56.102316657369585,46.09884987045724,55.57542707086668,55.144333609249486,42.632850317668414,8.55424398531967,
PP,Producer Prices,554,New Zealand,5532,Producer Price (USD/tonne),01323,Oranges,2003,2003,7021,Annual value,USD,290.3,A,Official figure,NZL,False,False,58.11559303636253,59.31684044946804,54.48407776395476,59.38331088130321,62.630981044686195,43.854657616127014,8.15797307027291,
PP,Producer Prices,554,New Zealand,5532,Producer Price (USD/tonne),01323,Oranges,2004,2004,7021,Annual value,USD,198.8,A,Official figure,NZL,False,False,65.89944729053757,68.6029390549955,69.84888089256499,64.00158065193195,69.61163025660183,44.346000561265534,7.59012384281528,
PP,Producer Prices,554,New Zealand,5532,Producer Price (USD/tonne),01323,Oranges,2005,2005,7021,Annual value,USD,246.4,A,Official figure,NZL,False,False,67.6467997866706,72.57908938487195,77.21006263097178,60.766594200041034,64.39872945308146,61.19575106393876,7.6532725496079,
PP,Producer Prices,554,New Zealand,5532,Producer Price (USD/tonne),01241.90,"Other beans, green",2002,2002,7021,Annual value,USD,97.1,A,Official figure,NZL,False,False,53.432698046969534,56.102316657369585,46.09884987045724,55.57542707086668,55.144333609249486,42.632850317668414,8.55424398531967,
PP,Producer Prices,554,New Zealand,5532,Producer Price (USD/tonne),01241.90,"Other beans, green",2003,2003,7021,Annual value,USD,121.9,A,Official figure,NZL,False,False,58.11559303636253,59.31684044946804,54.48407776395476,59.38331088130321,62.630981044686195,43.854657616127014,8.15797307027291,
PP,Producer Prices,554,New Zealand,5532,Producer Price (USD/tonne),01355.90,Other berries and fruits of the genus vaccinium n.e.c.,1991,1991,7021,Annual value,USD,2653.6,A,Official figure,NZL,False,False,62.34528439011702,81.47466716487295,45.46032558544059,57.863819886673106,49.00795416086814,55.480617553691815,7.82005006852862,
PP,Producer Prices,554,New Zealand,5532,Producer Price (USD/tonne),01355.90,Other berries and fruits of the genus vaccinium n.e.c.,1992,1992,7021,Annual value,USD,2470.7,A,Official figure,NZL,False,False,64.22555868464649,78.38728862271715,54.8015933451503,60.9576514895015,52.991996389394096,56.04274688194544,7.26186523522237,
PP,Producer Prices,554,New Zealand,5532,Producer Price (USD/tonne),01355.90,Other berries and fruits of the genus vaccinium n.e.c.,1993,1993,7021,Annual value,USD,2446.9,A,Official figure,NZL,False,False,62.259404847966515,75.01403295972897,48.61651615517863,59.01858803408094,53.966480634247155,62.03019780031652,7.74549467533267,
PP,Producer Prices,554,New Zealand,5532,Producer Price (USD/tonne),01355.90,Other berries and fruits of the genus vaccinium n.e.c.,1994,1994,7021,Annual value,USD,2026.7,A,Official figure,NZL,False,False,67.26054679350919,76.29710199787732,47.42020205529957,61.936823654585105,71.86775375736012,74.94370090074824,7.51124643252268,
PP,Producer Prices,554,New Zealand,5532,Producer Price (USD/tonne),01355.90,Other berries and fruits of the genus vaccinium n.e.c.,1995,1995,7021,Annual value,USD,2539.6,A,Official figure,NZL,False,False,76.8287850116353,85.24932673337705,62.72510536671231,70.8474665240566,79.95838810789446,82.19981067004032,7.44919887987459,
PP,Producer Prices,554,New Zealand,5532,Producer Price (USD/tonne),01355.90,Other berries and fruits of the genus vaccinium n.e.c.,1996,1996,7021,Annual value,USD,3143.3,A,Official figure,NZL,False,False,77.82086308655745,84.34557234442748,61.619550783954395,83.65592765127325,69.93519294281285,73.98962818765723,7.60935139371214,
PP,Producer Prices,554,New Zealand,5532,Producer Price (USD/tonne),01355.90,Other berries and fruits of the genus vaccinium n.e.c.,1997,1997,7021,Annual value,USD,3348.3,A,Official figure,NZL,False,False,70.75682380399682,79.31706264103354,59.44728416757198,66.51116723257967,70.68473461622513,70.38581190707349,7.77401372480264,
PP,Producer Prices,554,New Zealand,5532,Producer Price (USD/tonne),01355.90,Other berries and fruits of the genus vaccinium n.e.c.,1998,1998,7021,Annual value,USD,2486.3,A,Official figure,NZL,False,False,64.8237651326436,66.27116245186038,55.776184862258724,58.90385220966683,83.88543382429606,55.22279355165295,9.20103004215946,
PP,Producer Prices,554,New Zealand,5532,Producer Price (USD/tonne),01355.90,Other berries and fruits of the genus vaccinium n.e.c.,1999,1999,7021,Annual value,USD,3581.7,A,Official figure,NZL,False,False,55.38494745729497,62.42928865091984,48.31192059218944,53.12085523046289,58.22698225943004,38.798878860400684,7.78436649828484,
PP,Producer Prices,554,New Zealand,5532,Producer Price (USD/tonne),01355.90,Other berries and fruits of the genus vaccinium n.e.c.,2000,2000,7021,Annual value,USD,3348.3,A,Official figure,NZL,False,False,53.658254311091945,61.295380665724906,54.46468606873116,51.41600714746175,42.89305770905415,50.612781624475126,7.72539363500583,
PP,Producer Prices,554,New Zealand,5532,Producer Price (USD/tonne),01355.90,Other berries and fruits of the genus vaccinium n.e.c.,2001,2001,7021,Annual value,USD,3783.5,A,Official figure,NZL,False,False,55.353759430433776,62.905581984538294,60.88469474046613,51.84540600513508,42.481465934354574,53.47099426092313,8.35043726681559,
PP,Producer Prices,554,New Zealand,5532,Producer Price (USD/tonne),01355.90,Other berries and fruits of the genus vaccinium n.e.c.,2002,2002,7021,Annual value,USD,4714.2,A,Official figure,NZL,False,False,53.432698046969534,56.102316657369585,46.09884987045724,55.57542707086668,55.144333609249486,42.632850317668414,8.55424398531967,
PP,Producer Prices,554,New Zealand,5532,Producer Price (USD/tonne),01355.90,Other berries and fruits of the genus vaccinium n.e.c.,2003,2003,7021,Annual value,USD,4692.1,A,Official figure,NZL,False,False,58.11559303636253,59.31684044946804,54.48407776395476,59.38331088130321,62.630981044686195,43.854657616127014,8.15797307027291,
PP,Producer Prices,554,New Zealand,5532,Producer Price (USD/tonne),01345,Peaches and nectarines,1991,1991,7021,Annual value,USD,576.9,A,Official figure,NZL,False,False,62.34528439011702,81.47466716487295,45.46032558544059,57.863819886673106,49.00795416086814,55.480617553691815,7.82005006852862,
PP,Producer Prices,554,New Zealand,5532,Producer Price (USD/tonne),01345,Peaches and nectarines,1992,1992,7021,Annual value,USD,513.5,A,Official figure,NZL,False,False,64.22555868464649,78.38728862271715,54.8015933451503,60.9576514895015,52.991996389394096,56.04274688194544,7.26186523522237,
PP,Producer Prices,554,New Zealand,5532,Producer Price (USD/tonne),01345,Peaches and nectarines,1993,1993,7021,Annual value,USD,692.2,A,Official figure,NZL,False,False,62.259404847966515,75.01403295972897,48.61651615517863,59.01858803408094,53.966480634247155,62.03019780031652,7.74549467533267,
PP,Producer Prices,554,New Zealand,5532,Producer Price (USD/tonne),01345,Peaches and nectarines,1994,1994,7021,Annual value,USD,488.6,A,Official figure,NZL,False,False,67.26054679350919,76.29710199787732,47.42020205529957,61.936823654585105,71.86775375736012,74.94370090074824,7.51124643252268,
PP,Producer Prices,554,New Zealand,5532,Producer Price (USD/tonne),01345,Peaches and nectarines,1995,1995,7021,Annual value,USD,551.9,A,Official figure,NZL,False,False,76.8287850116353,85.24932673337705,62.72510536671231,70.8474665240566,79.95838810789446,82.19981067004032,7.44919887987459,
PP,Producer Prices,554,New Zealand,5532,Producer Price (USD/tonne),01345,Peaches and nectarines,1996,1996,7021,Annual value,USD,571.2,A,Official figure,NZL,False,False,77.82086308655745,84.34557234442748,61.619550783954395,83.65592765127325,69.93519294281285,73.98962818765723,7.60935139371214,
PP,Producer Prices,554,New Zealand,5532,Producer Price (USD/tonne),01345,Peaches and nectarines,1997,1997,7021,Annual value,USD,572.6,A,Official figure,NZL,False,False,70.75682380399682,79.31706264103354,59.44728416757198,66.51116723257967,70.68473461622513,70.38581190707349,7.77401372480264,
PP,Producer Prices,554,New Zealand,5532,Producer Price (USD/tonne),01345,Peaches and nectarines,1998,1998,7021,Annual value,USD,470.0,A,Official figure,NZL,False,False,64.8237651326436,66.27116245186038,55.776184862258724,58.90385220966683,83.88543382429606,55.22279355165295,9.20103004215946,
PP,Producer Prices,554,New Zealand,5532,Producer Price (USD/tonne),01345,Peaches and nectarines,1999,1999,7021,Annual value,USD,629.2,A,Official figure,NZL,False,False,55.38494745729497,62.42928865091984,48.31192059218944,53.12085523046289,58.22698225943004,38.798878860400684,7.78436649828484,
PP,Producer Prices,554,New Zealand,5532,Producer Price (USD/tonne),01345,Peaches and nectarines,2000,2000,7021,Annual value,USD,438.9,A,Official figure,NZL,False,False,53.658254311091945,61.295380665724906,54.46468606873116,51.41600714746175,42.89305770905415,50.612781624475126,7.72539363500583,
PP,Producer Prices,554,New Zealand,5532,Producer Price (USD/tonne),01345,Peaches and nectarines,2001,2001,7021,Annual value,USD,631.0,A,Official figure,NZL,False,False,55.353759430433776,62.905581984538294,60.88469474046613,51.84540600513508,42.481465934354574,53.47099426092313,8.35043726681559,
PP,Producer Prices,554,New Zealand,5532,Producer Price (USD/tonne),01345,Peaches and nectarines,2002,2002,7021,Annual value,USD,416.7,A,Official figure,NZL,False,False,53.432698046969534,56.102316657369585,46.09884987045724,55.57542707086668,55.144333609249486,42.632850317668414,8.55424398531967,
PP,Producer Prices,554,New Zealand,5532,Producer Price (USD/tonne),01345,Peaches and nectarines,2003,2003,7021,Annual value,USD,1566.1,A,Official figure,NZL,False,True,58.11559303636253,59.31684044946804,54.48407776395476,59.38331088130321,62.630981044686195,43.854657616127014,8.15797307027291,
PP,Producer Prices,554,New Zealand,5532,Producer Price (USD/tonne),01345,Peaches and nectarines,2004,2004,7021,Annual value,USD,928.0,A,Official figure,NZL,False,False,65.89944729053757,68.6029390549955,69.84888089256499,64.00158065193195,69.61163025660183,44.346000561265534,7.59012384281528,
PP,Producer Prices,554,New Zealand,5532,Producer Price (USD/tonne),01345,Peaches and nectarines,2005,2005,7021,Annual value,USD,1126.5,A,Official figure,NZL,False,False,67.6467997866706,72.57908938487195,77.21006263097178,60.766594200041034,64.39872945308146,61.19575106393876,7.6532725496079,
PP,Producer Prices,554,New Zealand,5532,Producer Price (USD/tonne),01342.01,Pears,1991,1991,7021,Annual value,USD,398.0,A,Official figure,NZL,False,False,62.34528439011702,81.47466716487295,45.46032558544059,57.863819886673106,49.00795416086814,55.480617553691815,7.82005006852862,
PP,Producer Prices,554,New Zealand,5532,Producer Price (USD/tonne),01342.01,Pears,1992,1992,7021,Annual value,USD,311.5,A,Official figure,NZL,False,False,64.22555868464649,78.38728862271715,54.8015933451503,60.9576514895015,52.991996389394096,56.04274688194544,7.26186523522237,
PP,Producer Prices,554,New Zealand,5532,Producer Price (USD/tonne),01342.01,Pears,1993,1993,7021,Annual value,USD,151.3,A,Official figure,NZL,False,False,62.259404847966515,75.01403295972897,48.61651615517863,59.01858803408094,53.966480634247155,62.03019780031652,7.74549467533267,
PP,Producer Prices,554,New Zealand,5532,Producer Price (USD/tonne),01342.01,Pears,1994,1994,7021,Annual value,USD,272.8,A,Official figure,NZL,False,False,67.26054679350919,76.29710199787732,47.42020205529957,61.936823654585105,71.86775375736012,74.94370090074824,7.51124643252268,
PP,Producer Prices,554,New Zealand,5532,Producer Price (USD/tonne),01342.01,Pears,1995,1995,7021,Annual value,USD,334.7,A,Official figure,NZL,False,False,76.8287850116353,85.24932673337705,62.72510536671231,70.8474665240566,79.95838810789446,82.19981067004032,7.44919887987459,
PP,Producer Prices,554,New Zealand,5532,Producer Price (USD/tonne),01342.01,Pears,1996,1996,7021,Annual value,USD,268.1,A,Official figure,NZL,False,False,77.82086308655745,84.34557234442748,61.619550783954395,83.65592765127325,69.93519294281285,73.98962818765723,7.60935139371214,
PP,Producer Prices,554,New Zealand,5532,Producer Price (USD/tonne),01342.01,Pears,1997,1997,7021,Annual value,USD,251.3,A,Official figure,NZL,False,False,70.75682380399682,79.31706264103354,59.44728416757198,66.51116723257967,70.68473461622513,70.38581190707349,7.77401372480264,
PP,Producer Prices,554,New Zealand,5532,Producer Price (USD/tonne),01342.01,Pears,1998,1998,7021,Annual value,USD,262.3,A,Official figure,NZL,False,False,64.8237651326436,66.27116245186038,55.776184862258724,58.90385220966683,83.88543382429606,55.22279355165295,9.20103004215946,
PP,Producer Prices,554,New Zealand,5532,Producer Price (USD/tonne),01705,"Peas, dry",1991,1991,7021,Annual value,USD,201.9,A,Official figure,NZL,False,False,62.34528439011702,81.47466716487295,45.46032558544059,57.863819886673106,49.00795416086814,55.480617553691815,7.82005006852862,
PP,Producer Prices,554,New Zealand,5532,Producer Price (USD/tonne),01705,"Peas, dry",1992,1992,7021,Annual value,USD,190.7,A,Official figure,NZL,False,False,64.22555868464649,78.38728862271715,54.8015933451503,60.9576514895015,52.991996389394096,56.04274688194544,7.26186523522237,
PP,Producer Prices,554,New Zealand,5532,Producer Price (USD/tonne),01705,"Peas, dry",1993,1993,7021,Annual value,USD,194.5,A,Official figure,NZL,False,False,62.259404847966515,75.01403295972897,48.61651615517863,59.01858803408094,53.966480634247155,62.03019780031652,7.74549467533267,
PP,Producer Prices,554,New Zealand,5532,Producer Price (USD/tonne),01705,"Peas, dry",1994,1994,7021,Annual value,USD,213.5,A,Official figure,NZL,False,False,67.26054679350919,76.29710199787732,47.42020205529957,61.936823654585105,71.86775375736012,74.94370090074824,7.51124643252268,
PP,Producer Prices,554,New Zealand,5532,Producer Price (USD/tonne),01705,"Peas, dry",1995,1995,7021,Annual value,USD,239.5,A,Official figure,NZL,False,False,76.8287850116353,85.24932673337705,62.72510536671231,70.8474665240566,79.95838810789446,82.19981067004032,7.44919887987459,
PP,Producer Prices,554,New Zealand,5532,Producer Price (USD/tonne),01705,"Peas, dry",1996,1996,7021,Annual value,USD,242.6,A,Official figure,NZL,False,False,77.82086308655745,84.34557234442748,61.619550783954395,83.65592765127325,69.93519294281285,73.98962818765723,7.60935139371214,
PP,Producer Prices,554,New Zealand,5532,Producer Price (USD/tonne),01705,"Peas, dry",1997,1997,7021,Annual value,USD,249.9,A,Official figure,NZL,False,False,70.75682380399682,79.31706264103354,59.44728416757198,66.51116723257967,70.68473461622513,70.38581190707349,7.77401372480264,
PP,Producer Prices,554,New Zealand,5532,Producer Price (USD/tonne),01705,"Peas, dry",1998,1998,7021,Annual value,USD,217.3,A,Official figure,NZL,False,False,64.8237651326436,66.27116245186038,55.776184862258724,58.90385220966683,83.88543382429606,55.22279355165295,9.20103004215946,
PP,Producer Prices,554,New Zealand,5532,Producer Price (USD/tonne),01705,"Peas, dry",1999,1999,7021,Annual value,USD,171.5,A,Official figure,NZL,False,False,55.38494745729497,62.42928865091984,48.31192059218944,53.12085523046289,58.22698225943004,38.798878860400684,7.78436649828484,
PP,Producer Prices,554,New Zealand,5532,Producer Price (USD/tonne),01705,"Peas, dry",2000,2000,7021,Annual value,USD,128.6,A,Official figure,NZL,False,False,53.658254311091945,61.295380665724906,54.46468606873116,51.41600714746175,42.89305770905415,50.612781624475126,7.72539363500583,
PP,Producer Prices,554,New Zealand,5532,Producer Price (USD/tonne),01705,"Peas, dry",2001,2001,7021,Annual value,USD,149.2,A,Official figure,NZL,False,False,55.353759430433776,62.905581984538294,60.88469474046613,51.84540600513508,42.481465934354574,53.47099426092313,8.35043726681559,
PP,Producer Prices,554,New Zealand,5532,Producer Price (USD/tonne),01705,"Peas, dry",2002,2002,7021,Annual value,USD,178.5,A,Official figure,NZL,False,False,53.432698046969534,56.102316657369585,46.09884987045724,55.57542707086668,55.144333609249486,42.632850317668414,8.55424398531967,
PP,Producer Prices,554,New Zealand,5532,Producer Price (USD/tonne),01705,"Peas, dry",2003,2003,7021,Annual value,USD,274.7,A,Official figure,NZL,False,False,58.11559303636253,59.31684044946804,54.48407776395476,59.38331088130321,62.630981044686195,43.854657616127014,8.15797307027291,
PP,Producer Prices,554,New Zealand,5532,Producer Price (USD/tonne),01705,"Peas, dry",2004,2004,7021,Annual value,USD,342.7,A,Official figure,NZL,False,False,65.89944729053757,68.6029390549955,69.84888089256499,64.00158065193195,69.61163025660183,44.346000561265534,7.59012384281528,
PP,Producer Prices,554,New Zealand,5532,Producer Price (USD/tonne),01705,"Peas, dry",2005,2005,7021,Annual value,USD,368.2,A,Official figure,NZL,False,False,67.6467997866706,72.57908938487195,77.21006263097178,60.766594200041034,64.39872945308146,61.19575106393876,7.6532725496079,
PP,Producer Prices,554,New Zealand,5532,Producer Price (USD/tonne),01705,"Peas, dry",2006,2006,7021,Annual value,USD,311.3,A,Official figure,NZL,False,False,72.85198153556445,71.39005672414655,73.05336517091054,71.22837696143655,70.5451171722111,91.39314395266837,8.09644035294417,
PP,Producer Prices,554,New Zealand,5532,Producer Price (USD/tonne),01705,"Peas, dry",2007,2007,7021,Annual value,USD,390.2,A,Official figure,NZL,False,False,94.55025065074518,77.75672729408136,122.39946263841763,100.90811631831873,107.3148060387481,62.36914297123817,8.57888175013431,
PP,Producer Prices,554,New Zealand,5532,Producer Price (USD/tonne),01705,"Peas, dry",2008,2008,7021,Annual value,USD,449.8,A,Official figure,NZL,False,False,117.73787331863998,90.84433092873273,132.33661799232738,137.64181782223199,141.07285693456427,79.19536905542518,9.35585893641528,
PP,Producer Prices,554,New Zealand,5532,Producer Price (USD/tonne),01705,"Peas, dry",2009,2009,7021,Annual value,USD,547.2,A,Official figure,NZL,False,False,91.78785298482406,81.60267222893671,91.405730315563,97.1899325654129,94.42735946277953,112.2254832184969,10.6785335151412,
PP,Producer Prices,554,New Zealand,5532,Producer Price (USD/tonne),01705,"Peas, dry",2010,2010,7021,Annual value,USD,509.4,A,Official figure,NZL,False,False,106.87404108388505,91.39347096403203,111.89896716658724,107.49931237044449,121.95018353123997,131.72406046543753,10.6098870848979,
PP,Producer Prices,554,New Zealand,5532,Producer Price (USD/tonne),01242,"Peas, green",1994,1994,7021,Annual value,USD,177.9,A,Official figure,NZL,False,False,67.26054679350919,76.29710199787732,47.42020205529957,61.936823654585105,71.86775375736012,74.94370090074824,7.51124643252268,
PP,Producer Prices,554,New Zealand,5532,Producer Price (USD/tonne),01242,"Peas, green",1995,1995,7021,Annual value,USD,196.9,A,Official figure,NZL,False,False,76.8287850116353,85.24932673337705,62.72510536671231,70.8474665240566,79.95838810789446,82.19981067004032,7.44919887987459,
PP,Producer Prices,554,New Zealand,5532,Producer Price (USD/tonne),01242,"Peas, green",1996,1996,7021,Annual value,USD,206.2,A,Official figure,NZL,False,False,77.82086308655745,84.34557234442748,61.619550783954395,83.65592765127325,69.93519294281285,73.98962818765723,7.60935139371214,
PP,Producer Prices,554,New Zealand,5532,Producer Price (USD/tonne),01242,"Peas, green",1997,1997,7021,Annual value,USD,198.4,A,Official figure,NZL,False,False,70.75682380399682,79.31706264103354,59.44728416757198,66.51116723257967,70.68473461622513,70.38581190707349,7.77401372480264,
PP,Producer Prices,554,New Zealand,5532,Producer Price (USD/tonne),01242,"Peas, green",1998,1998,7021,Annual value,USD,160.6,A,Official figure,NZL,False,False,64.8237651326436,66.27116245186038,55.776184862258724,58.90385220966683,83.88543382429606,55.22279355165295,9.20103004215946,
PP,Producer Prices,554,New Zealand,5532,Producer Price (USD/tonne),01242,"Peas, green",1999,1999,7021,Annual value,USD,158.8,A,Official figure,NZL,False,False,55.38494745729497,62.42928865091984,48.31192059218944,53.12085523046289,58.22698225943004,38.798878860400684,7.78436649828484,
PP,Producer Prices,554,New Zealand,5532,Producer Price (USD/tonne),01242,"Peas, green",2000,2000,7021,Annual value,USD,136.3,A,Official figure,NZL,False,False,53.658254311091945,61.295380665724906,54.46468606873116,51.41600714746175,42.89305770905415,50.612781624475126,7.72539363500583,
PP,Producer Prices,554,New Zealand,5532,Producer Price (USD/tonne),01242,"Peas, green",2001,2001,7021,Annual value,USD,126.1,A,Official figure,NZL,False,False,55.353759430433776,62.905581984538294,60.88469474046613,51.84540600513508,42.481465934354574,53.47099426092313,8.35043726681559,
PP,Producer Prices,554,New Zealand,5532,Producer Price (USD/tonne),01242,"Peas, green",2002,2002,7021,Annual value,USD,145.7,A,Official figure,NZL,False,False,53.432698046969534,56.102316657369585,46.09884987045724,55.57542707086668,55.144333609249486,42.632850317668414,8.55424398531967,
PP,Producer Prices,554,New Zealand,5532,Producer Price (USD/tonne),01242,"Peas, green",2003,2003,7021,Annual value,USD,168.4,A,Official figure,NZL,False,False,58.11559303636253,59.31684044946804,54.48407776395476,59.38331088130321,62.630981044686195,43.854657616127014,8.15797307027291,
PP,Producer Prices,554,New Zealand,5532,Producer Price (USD/tonne),01242,"Peas, green",2004,2004,7021,Annual value,USD,171.0,A,Official figure,NZL,False,False,65.89944729053757,68.6029390549955,69.84888089256499,64.00158065193195,69.61163025660183,44.346000561265534,7.59012384281528,
PP,Producer Prices,554,New Zealand,5532,Producer Price (USD/tonne),01242,"Peas, green",2005,2005,7021,Annual value,USD,232.3,A,Official figure,NZL,False,False,67.6467997866706,72.57908938487195,77.21006263097178,60.766594200041034,64.39872945308146,61.19575106393876,7.6532725496079,
PP,Producer Prices,554,New Zealand,5532,Producer Price (USD/tonne),01242,"Peas, green",2006,2006,7021,Annual value,USD,214.0,A,Official figure,NZL,False,False,72.85198153556445,71.39005672414655,73.05336517091054,71.22837696143655,70.5451171722111,91.39314395266837,8.09644035294417,
PP,Producer Prices,554,New Zealand,5532,Producer Price (USD/tonne),01242,"Peas, green",2007,2007,7021,Annual value,USD,194.8,A,Official figure,NZL,False,False,94.55025065074518,77.75672729408136,122.39946263841763,100.90811631831873,107.3148060387481,62.36914297123817,8.57888175013431,
PP,Producer Prices,554,New Zealand,5532,Producer Price (USD/tonne),01242,"Peas, green",2008,2008,7021,Annual value,USD,186.3,A,Official figure,NZL,False,False,117.73787331863998,90.84433092873273,132.33661799232738,137.64181782223199,141.07285693456427,79.19536905542518,9.35585893641528,
PP,Producer Prices,554,New Zealand,5532,Producer Price (USD/tonne),01242,"Peas, green",2009,2009,7021,Annual value,USD,237.4,A,Official figure,NZL,False,False,91.78785298482406,81.60267222893671,91.405730315563,97.1899325654129,94.42735946277953,112.2254832184969,10.6785335151412,
PP,Producer Prices,554,New Zealand,5532,Producer Price (USD/tonne),01359.01,Persimmons,2007,2007,7021,Annual value,USD,1719.7,A,Official figure,NZL,False,False,94.55025065074518,77.75672729408136,122.39946263841763,100.90811631831873,107.3148060387481,62.36914297123817,8.57888175013431,
PP,Producer Prices,554,New Zealand,5532,Producer Price (USD/tonne),01359.01,Persimmons,2008,2008,7021,Annual value,USD,1349.5,A,Official figure,NZL,False,False,117.73787331863998,90.84433092873273,132.33661799232738,137.64181782223199,141.07285693456427,79.19536905542518,9.35585893641528,
PP,Producer Prices,554,New Zealand,5532,Producer Price (USD/tonne),01359.01,Persimmons,2009,2009,7021,Annual value,USD,1368.0,A,Official figure,NZL,False,False,91.78785298482406,81.60267222893671,91.405730315563,97.1899325654129,94.42735946277953,112.2254832184969,10.6785335151412,
PP,Producer Prices,554,New Zealand,5532,Producer Price (USD/tonne),01346,Plums and sloes,1991,1991,7021,Annual value,USD,576.9,A,Official figure,NZL,False,False,62.34528439011702,81.47466716487295,45.46032558544059,57.863819886673106,49.00795416086814,55.480617553691815,7.82005006852862,
PP,Producer Prices,554,New Zealand,5532,Producer Price (USD/tonne),01346,Plums and sloes,1992,1992,7021,Annual value,USD,548.9,A,Official figure,NZL,False,False,64.22555868464649,78.38728862271715,54.8015933451503,60.9576514895015,52.991996389394096,56.04274688194544,7.26186523522237,
PP,Producer Prices,554,New Zealand,5532,Producer Price (USD/tonne),01346,Plums and sloes,1993,1993,7021,Annual value,USD,565.8,A,Official figure,NZL,False,False,62.259404847966515,75.01403295972897,48.61651615517863,59.01858803408094,53.966480634247155,62.03019780031652,7.74549467533267,
PP,Producer Prices,554,New Zealand,5532,Producer Price (USD/tonne),01346,Plums and sloes,1994,1994,7021,Annual value,USD,620.8,A,Official figure,NZL,False,False,67.26054679350919,76.29710199787732,47.42020205529957,61.936823654585105,71.86775375736012,74.94370090074824,7.51124643252268,
PP,Producer Prices,554,New Zealand,5532,Producer Price (USD/tonne),01346,Plums and sloes,1995,1995,7021,Annual value,USD,781.6,A,Official figure,NZL,False,False,76.8287850116353,85.24932673337705,62.72510536671231,70.8474665240566,79.95838810789446,82.19981067004032,7.44919887987459,
PP,Producer Prices,554,New Zealand,5532,Producer Price (USD/tonne),01346,Plums and sloes,1996,1996,7021,Annual value,USD,694.2,A,Official figure,NZL,False,False,77.82086308655745,84.34557234442748,61.619550783954395,83.65592765127325,69.93519294281285,73.98962818765723,7.60935139371214,
PP,Producer Prices,554,New Zealand,5532,Producer Price (USD/tonne),01346,Plums and sloes,1997,1997,7021,Annual value,USD,676.4,A,Official figure,NZL,False,False,70.75682380399682,79.31706264103354,59.44728416757198,66.51116723257967,70.68473461622513,70.38581190707349,7.77401372480264,
PP,Producer Prices,554,New Zealand,5532,Producer Price (USD/tonne),01346,Plums and sloes,1998,1998,7021,Annual value,USD,536.9,A,Official figure,NZL,False,False,64.8237651326436,66.27116245186038,55.776184862258724,58.90385220966683,83.88543382429606,55.22279355165295,9.20103004215946,
PP,Producer Prices,554,New Zealand,5532,Producer Price (USD/tonne),01346,Plums and sloes,1999,1999,7021,Annual value,USD,907.1,A,Official figure,NZL,False,False,55.38494745729497,62.42928865091984,48.31192059218944,53.12085523046289,58.22698225943004,38.798878860400684,7.78436649828484,
PP,Producer Prices,554,New Zealand,5532,Producer Price (USD/tonne),01346,Plums and sloes,2000,2000,7021,Annual value,USD,669.7,A,Official figure,NZL,False,False,53.658254311091945,61.295380665724906,54.46468606873116,51.41600714746175,42.89305770905415,50.612781624475126,7.72539363500583,
PP,Producer Prices,554,New Zealand,5532,Producer Price (USD/tonne),01346,Plums and sloes,2001,2001,7021,Annual value,USD,1330.5,A,Official figure,NZL,False,False,55.353759430433776,62.905581984538294,60.88469474046613,51.84540600513508,42.481465934354574,53.47099426092313,8.35043726681559,
PP,Producer Prices,554,New Zealand,5532,Producer Price (USD/tonne),01346,Plums and sloes,2002,2002,7021,Annual value,USD,1037.8,A,Official figure,NZL,False,False,53.432698046969534,56.102316657369585,46.09884987045724,55.57542707086668,55.144333609249486,42.632850317668414,8.55424398531967,
PP,Producer Prices,554,New Zealand,5532,Producer Price (USD/tonne),01346,Plums and sloes,2003,2003,7021,Annual value,USD,2069.6,A,Official figure,NZL,False,False,58.11559303636253,59.31684044946804,54.48407776395476,59.38331088130321,62.630981044686195,43.854657616127014,8.15797307027291,
PP,Producer Prices,554,New Zealand,5532,Producer Price (USD/tonne),01346,Plums and sloes,2004,2004,7021,Annual value,USD,1391.9,A,Official figure,NZL,False,False,65.89944729053757,68.6029390549955,69.84888089256499,64.00158065193195,69.61163025660183,44.346000561265534,7.59012384281528,
PP,Producer Prices,554,New Zealand,5532,Producer Price (USD/tonne),01346,Plums and sloes,2005,2005,7021,Annual value,USD,1971.5,A,Official figure,NZL,False,False,67.6467997866706,72.57908938487195,77.21006263097178,60.766594200041034,64.39872945308146,61.19575106393876,7.6532725496079,
PP,Producer Prices,554,New Zealand,5532,Producer Price (USD/tonne),01321,Pomelos and grapefruits,1991,1991,7021,Annual value,USD,144.2,A,Official figure,NZL,False,False,62.34528439011702,81.47466716487295,45.46032558544059,57.863819886673106,49.00795416086814,55.480617553691815,7.82005006852862,
PP,Producer Prices,554,New Zealand,5532,Producer Price (USD/tonne),01321,Pomelos and grapefruits,1992,1992,7021,Annual value,USD,161.1,A,Official figure,NZL,False,False,64.22555868464649,78.38728862271715,54.8015933451503,60.9576514895015,52.991996389394096,56.04274688194544,7.26186523522237,
PP,Producer Prices,554,New Zealand,5532,Producer Price (USD/tonne),01321,Pomelos and grapefruits,1993,1993,7021,Annual value,USD,189.1,A,Official figure,NZL,False,False,62.259404847966515,75.01403295972897,48.61651615517863,59.01858803408094,53.966480634247155,62.03019780031652,7.74549467533267,
PP,Producer Prices,554,New Zealand,5532,Producer Price (USD/tonne),01321,Pomelos and grapefruits,1994,1994,7021,Annual value,USD,207.5,A,Official figure,NZL,False,False,67.26054679350919,76.29710199787732,47.42020205529957,61.936823654585105,71.86775375736012,74.94370090074824,7.51124643252268,
PP,Producer Prices,554,New Zealand,5532,Producer Price (USD/tonne),01321,Pomelos and grapefruits,1995,1995,7021,Annual value,USD,328.1,A,Official figure,NZL,False,False,76.8287850116353,85.24932673337705,62.72510536671231,70.8474665240566,79.95838810789446,82.19981067004032,7.44919887987459,
PP,Producer Prices,554,New Zealand,5532,Producer Price (USD/tonne),01321,Pomelos and grapefruits,1996,1996,7021,Annual value,USD,137.5,A,Official figure,NZL,False,False,77.82086308655745,84.34557234442748,61.619550783954395,83.65592765127325,69.93519294281285,73.98962818765723,7.60935139371214,
PP,Producer Prices,554,New Zealand,5532,Producer Price (USD/tonne),01321,Pomelos and grapefruits,1997,1997,7021,Annual value,USD,132.2,A,Official figure,NZL,False,False,70.75682380399682,79.31706264103354,59.44728416757198,66.51116723257967,70.68473461622513,70.38581190707349,7.77401372480264,
PP,Producer Prices,554,New Zealand,5532,Producer Price (USD/tonne),01321,Pomelos and grapefruits,1998,1998,7021,Annual value,USD,107.1,A,Official figure,NZL,False,False,64.8237651326436,66.27116245186038,55.776184862258724,58.90385220966683,83.88543382429606,55.22279355165295,9.20103004215946,
PP,Producer Prices,554,New Zealand,5532,Producer Price (USD/tonne),01321,Pomelos and grapefruits,1999,1999,7021,Annual value,USD,105.8,A,Official figure,NZL,False,False,55.38494745729497,62.42928865091984,48.31192059218944,53.12085523046289,58.22698225943004,38.798878860400684,7.78436649828484,
PP,Producer Prices,554,New Zealand,5532,Producer Price (USD/tonne),01321,Pomelos and grapefruits,2000,2000,7021,Annual value,USD,90.9,A,Official figure,NZL,False,False,53.658254311091945,61.295380665724906,54.46468606873116,51.41600714746175,42.89305770905415,50.612781624475126,7.72539363500583,
PP,Producer Prices,554,New Zealand,5532,Producer Price (USD/tonne),01321,Pomelos and grapefruits,2001,2001,7021,Annual value,USD,84.1,A,Official figure,NZL,False,False,55.353759430433776,62.905581984538294,60.88469474046613,51.84540600513508,42.481465934354574,53.47099426092313,8.35043726681559,
PP,Producer Prices,554,New Zealand,5532,Producer Price (USD/tonne),01321,Pomelos and grapefruits,2002,2002,7021,Annual value,USD,92.5,A,Official figure,NZL,False,False,53.432698046969534,56.102316657369585,46.09884987045724,55.57542707086668,55.144333609249486,42.632850317668414,8.55424398531967,
PP,Producer Prices,554,New Zealand,5532,Producer Price (USD/tonne),01321,Pomelos and grapefruits,2003,2003,7021,Annual value,USD,116.1,A,Official figure,NZL,False,False,58.11559303636253,59.31684044946804,54.48407776395476,59.38331088130321,62.630981044686195,43.854657616127014,8.15797307027291,
PP,Producer Prices,554,New Zealand,5532,Producer Price (USD/tonne),01321,Pomelos and grapefruits,2004,2004,7021,Annual value,USD,265.1,A,Official figure,NZL,False,False,65.89944729053757,68.6029390549955,69.84888089256499,64.00158065193195,69.61163025660183,44.346000561265534,7.59012384281528,
PP,Producer Prices,554,New Zealand,5532,Producer Price (USD/tonne),01321,Pomelos and grapefruits,2005,2005,7021,Annual value,USD,281.6,A,Official figure,NZL,False,False,67.6467997866706,72.57908938487195,77.21006263097178,60.766594200041034,64.39872945308146,61.19575106393876,7.6532725496079,
PP,Producer Prices,554,New Zealand,5532,Producer Price (USD/tonne),01510,Potatoes,1991,1991,7021,Annual value,USD,173.1,A,Official figure,NZL,False,False,62.34528439011702,81.47466716487295,45.46032558544059,57.863819886673106,49.00795416086814,55.480617553691815,7.82005006852862,
PP,Producer Prices,554,New Zealand,5532,Producer Price (USD/tonne),01510,Potatoes,1992,1992,7021,Annual value,USD,174.6,A,Official figure,NZL,False,False,64.22555868464649,78.38728862271715,54.8015933451503,60.9576514895015,52.991996389394096,56.04274688194544,7.26186523522237,
PP,Producer Prices,554,New Zealand,5532,Producer Price (USD/tonne),01510,Potatoes,1993,1993,7021,Annual value,USD,189.1,A,Official figure,NZL,False,False,62.259404847966515,75.01403295972897,48.61651615517863,59.01858803408094,53.966480634247155,62.03019780031652,7.74549467533267,
PP,Producer Prices,554,New Zealand,5532,Producer Price (USD/tonne),01510,Potatoes,1994,1994,7021,Annual value,USD,148.2,A,Official figure,NZL,False,False,67.26054679350919,76.29710199787732,47.42020205529957,61.936823654585105,71.86775375736012,74.94370090074824,7.51124643252268,
PP,Producer Prices,554,New Zealand,5532,Producer Price (USD/tonne),01510,Potatoes,1995,1995,7021,Annual value,USD,255.9,A,Official figure,NZL,False,False,76.8287850116353,85.24932673337705,62.72510536671231,70.8474665240566,79.95838810789446,82.19981067004032,7.44919887987459,
PP,Producer Prices,554,New Zealand,5532,Producer Price (USD/tonne),01510,Potatoes,1996,1996,7021,Annual value,USD,257.8,A,Official figure,NZL,False,False,77.82086308655745,84.34557234442748,61.619550783954395,83.65592765127325,69.93519294281285,73.98962818765723,7.60935139371214,
PP,Producer Prices,554,New Zealand,5532,Producer Price (USD/tonne),01510,Potatoes,1997,1997,7021,Annual value,USD,168.6,A,Official figure,NZL,False,False,70.75682380399682,79.31706264103354,59.44728416757198,66.51116723257967,70.68473461622513,70.38581190707349,7.77401372480264,
PP,Producer Prices,554,New Zealand,5532,Producer Price (USD/tonne),01510,Potatoes,1998,1998,7021,Annual value,USD,187.3,A,Official figure,NZL,False,False,64.8237651326436,66.27116245186038,55.776184862258724,58.90385220966683,83.88543382429606,55.22279355165295,9.20103004215946,
PP,Producer Prices,554,New Zealand,5532,Producer Price (USD/tonne),01510,Potatoes,1999,1999,7021,Annual value,USD,190.5,A,Official figure,NZL,False,False,55.38494745729497,62.42928865091984,48.31192059218944,53.12085523046289,58.22698225943004,38.798878860400684,7.78436649828484,
PP,Producer Prices,554,New Zealand,5532,Producer Price (USD/tonne),01510,Potatoes,2000,2000,7021,Annual value,USD,79.5,A,Official figure,NZL,False,False,53.658254311091945,61.295380665724906,54.46468606873116,51.41600714746175,42.89305770905415,50.612781624475126,7.72539363500583,
PP,Producer Prices,554,New Zealand,5532,Producer Price (USD/tonne),01510,Potatoes,2001,2001,7021,Annual value,USD,115.6,A,Official figure,NZL,False,False,55.353759430433776,62.905581984538294,60.88469474046613,51.84540600513508,42.481465934354574,53.47099426092313,8.35043726681559,
PP,Producer Prices,554,New Zealand,5532,Producer Price (USD/tonne),01510,Potatoes,2002,2002,7021,Annual value,USD,97.1,A,Official figure,NZL,False,False,53.432698046969534,56.102316657369585,46.09884987045724,55.57542707086668,55.144333609249486,42.632850317668414,8.55424398531967,
PP,Producer Prices,554,New Zealand,5532,Producer Price (USD/tonne),01510,Potatoes,2003,2003,7021,Annual value,USD,121.9,A,Official figure,NZL,False,False,58.11559303636253,59.31684044946804,54.48407776395476,59.38331088130321,62.630981044686195,43.854657616127014,8.15797307027291,
PP,Producer Prices,554,New Zealand,5532,Producer Price (USD/tonne),01510,Potatoes,2004,2004,7021,Annual value,USD,152.5,A,Official figure,NZL,False,False,65.89944729053757,68.6029390549955,69.84888089256499,64.00158065193195,69.61163025660183,44.346000561265534,7.59012384281528,
PP,Producer Prices,554,New Zealand,5532,Producer Price (USD/tonne),01510,Potatoes,2005,2005,7021,Annual value,USD,176.0,A,Official figure,NZL,False,False,67.6467997866706,72.57908938487195,77.21006263097178,60.766594200041034,64.39872945308146,61.19575106393876,7.6532725496079,
PP,Producer Prices,554,New Zealand,5532,Producer Price (USD/tonne),01510,Potatoes,2006,2006,7021,Annual value,USD,162.1,A,Official figure,NZL,False,False,72.85198153556445,71.39005672414655,73.05336517091054,71.22837696143655,70.5451171722111,91.39314395266837,8.09644035294417,
PP,Producer Prices,554,New Zealand,5532,Producer Price (USD/tonne),01510,Potatoes,2007,2007,7021,Annual value,USD,242.5,A,Official figure,NZL,False,False,94.55025065074518,77.75672729408136,122.39946263841763,100.90811631831873,107.3148060387481,62.36914297123817,8.57888175013431,
PP,Producer Prices,554,New Zealand,5532,Producer Price (USD/tonne),01510,Potatoes,2008,2008,7021,Annual value,USD,400.6,A,Official figure,NZL,False,True,117.73787331863998,90.84433092873273,132.33661799232738,137.64181782223199,141.07285693456427,79.19536905542518,9.35585893641528,
PP,Producer Prices,554,New Zealand,5532,Producer Price (USD/tonne),01510,Potatoes,2009,2009,7021,Annual value,USD,224.9,A,Official figure,NZL,False,False,91.78785298482406,81.60267222893671,91.405730315563,97.1899325654129,94.42735946277953,112.2254832184969,10.6785335151412,
PP,Producer Prices,554,New Zealand,5532,Producer Price (USD/tonne),01235,"Pumpkins, squash and gourds",1991,1991,7021,Annual value,USD,288.4,A,Official figure,NZL,False,False,62.34528439011702,81.47466716487295,45.46032558544059,57.863819886673106,49.00795416086814,55.480617553691815,7.82005006852862,
PP,Producer Prices,554,New Zealand,5532,Producer Price (USD/tonne),01235,"Pumpkins, squash and gourds",1992,1992,7021,Annual value,USD,429.7,A,Official figure,NZL,False,False,64.22555868464649,78.38728862271715,54.8015933451503,60.9576514895015,52.991996389394096,56.04274688194544,7.26186523522237,
PP,Producer Prices,554,New Zealand,5532,Producer Price (USD/tonne),01235,"Pumpkins, squash and gourds",1993,1993,7021,Annual value,USD,486.4,A,Official figure,NZL,False,False,62.259404847966515,75.01403295972897,48.61651615517863,59.01858803408094,53.966480634247155,62.03019780031652,7.74549467533267,
PP,Producer Prices,554,New Zealand,5532,Producer Price (USD/tonne),01235,"Pumpkins, squash and gourds",1994,1994,7021,Annual value,USD,415.1,A,Official figure,NZL,False,False,67.26054679350919,76.29710199787732,47.42020205529957,61.936823654585105,71.86775375736012,74.94370090074824,7.51124643252268,
PP,Producer Prices,554,New Zealand,5532,Producer Price (USD/tonne),01235,"Pumpkins, squash and gourds",1995,1995,7021,Annual value,USD,525.0,A,Official figure,NZL,False,True,76.8287850116353,85.24932673337705,62.72510536671231,70.8474665240566,79.95838810789446,82.19981067004032,7.44919887987459,
PP,Producer Prices,554,New Zealand,5532,Producer Price (USD/tonne),01235,"Pumpkins, squash and gourds",1996,1996,7021,Annual value,USD,206.2,A,Official figure,NZL,False,False,77.82086308655745,84.34557234442748,61.619550783954395,83.65592765127325,69.93519294281285,73.98962818765723,7.60935139371214,
PP,Producer Prices,554,New Zealand,5532,Producer Price (USD/tonne),01235,"Pumpkins, squash and gourds",1997,1997,7021,Annual value,USD,330.6,A,Official figure,NZL,False,False,70.75682380399682,79.31706264103354,59.44728416757198,66.51116723257967,70.68473461622513,70.38581190707349,7.77401372480264,
PP,Producer Prices,554,New Zealand,5532,Producer Price (USD/tonne),01235,"Pumpkins, squash and gourds",1998,1998,7021,Annual value,USD,321.2,A,Official figure,NZL,False,False,64.8237651326436,66.27116245186038,55.776184862258724,58.90385220966683,83.88543382429606,55.22279355165295,9.20103004215946,
PP,Producer Prices,554,New Zealand,5532,Producer Price (USD/tonne),01235,"Pumpkins, squash and gourds",1999,1999,7021,Annual value,USD,317.5,A,Official figure,NZL,False,False,55.38494745729497,62.42928865091984,48.31192059218944,53.12085523046289,58.22698225943004,38.798878860400684,7.78436649828484,
PP,Producer Prices,554,New Zealand,5532,Producer Price (USD/tonne),01235,"Pumpkins, squash and gourds",2000,2000,7021,Annual value,USD,272.6,A,Official figure,NZL,False,False,53.658254311091945,61.295380665724906,54.46468606873116,51.41600714746175,42.89305770905415,50.612781624475126,7.72539363500583,
PP,Producer Prices,554,New Zealand,5532,Producer Price (USD/tonne),01235,"Pumpkins, squash and gourds",2001,2001,7021,Annual value,USD,294.3,A,Official figure,NZL,False,False,55.353759430433776,62.905581984538294,60.88469474046613,51.84540600513508,42.481465934354574,53.47099426092313,8.35043726681559,
PP,Producer Prices,554,New Zealand,5532,Producer Price (USD/tonne),01235,"Pumpkins, squash and gourds",2002,2002,7021,Annual value,USD,208.1,A,Official figure,NZL,False,False,53.432698046969534,56.102316657369585,46.09884987045724,55.57542707086668,55.144333609249486,42.632850317668414,8.55424398531967,
PP,Producer Prices,554,New Zealand,5532,Producer Price (USD/tonne),01235,"Pumpkins, squash and gourds",2003,2003,7021,Annual value,USD,232.3,A,Official figure,NZL,False,False,58.11559303636253,59.31684044946804,54.48407776395476,59.38331088130321,62.630981044686195,43.854657616127014,8.15797307027291,
PP,Producer Prices,554,New Zealand,5532,Producer Price (USD/tonne),01235,"Pumpkins, squash and gourds",2004,2004,7021,Annual value,USD,265.1,A,Official figure,NZL,False,False,65.89944729053757,68.6029390549955,69.84888089256499,64.00158065193195,69.61163025660183,44.346000561265534,7.59012384281528,
PP,Producer Prices,554,New Zealand,5532,Producer Price (USD/tonne),01235,"Pumpkins, squash and gourds",2005,2005,7021,Annual value,USD,281.6,A,Official figure,NZL,False,False,67.6467997866706,72.57908938487195,77.21006263097178,60.766594200041034,64.39872945308146,61.19575106393876,7.6532725496079,
PP,Producer Prices,554,New Zealand,5532,Producer Price (USD/tonne),01235,"Pumpkins, squash and gourds",2006,2006,7021,Annual value,USD,259.4,A,Official figure,NZL,False,False,72.85198153556445,71.39005672414655,73.05336517091054,71.22837696143655,70.5451171722111,91.39314395266837,8.09644035294417,
PP,Producer Prices,554,New Zealand,5532,Producer Price (USD/tonne),01235,"Pumpkins, squash and gourds",2007,2007,7021,Annual value,USD,294.0,A,Official figure,NZL,False,False,94.55025065074518,77.75672729408136,122.39946263841763,100.90811631831873,107.3148060387481,62.36914297123817,8.57888175013431,
PP,Producer Prices,554,New Zealand,5532,Producer Price (USD/tonne),01235,"Pumpkins, squash and gourds",2008,2008,7021,Annual value,USD,316.3,A,Official figure,NZL,False,False,117.73787331863998,90.84433092873273,132.33661799232738,137.64181782223199,141.07285693456427,79.19536905542518,9.35585893641528,
PP,Producer Prices,554,New Zealand,5532,Producer Price (USD/tonne),01235,"Pumpkins, squash and gourds",2009,2009,7021,Annual value,USD,312.3,A,Official figure,NZL,False,False,91.78785298482406,81.60267222893671,91.405730315563,97.1899325654129,94.42735946277953,112.2254832184969,10.6785335151412,
PP,Producer Prices,554,New Zealand,5532,Producer Price (USD/tonne),01353.01,Raspberries,1991,1991,7021,Annual value,USD,2019.0,A,Official figure,NZL,False,False,62.34528439011702,81.47466716487295,45.46032558544059,57.863819886673106,49.00795416086814,55.480617553691815,7.82005006852862,
PP,Producer Prices,554,New Zealand,5532,Producer Price (USD/tonne),01353.01,Raspberries,1992,1992,7021,Annual value,USD,1823.0,A,Official figure,NZL,False,False,64.22555868464649,78.38728862271715,54.8015933451503,60.9576514895015,52.991996389394096,56.04274688194544,7.26186523522237,
PP,Producer Prices,554,New Zealand,5532,Producer Price (USD/tonne),01353.01,Raspberries,1993,1993,7021,Annual value,USD,2000.5,A,Official figure,NZL,False,False,62.259404847966515,75.01403295972897,48.61651615517863,59.01858803408094,53.966480634247155,62.03019780031652,7.74549467533267,
PP,Producer Prices,554,New Zealand,5532,Producer Price (USD/tonne),01353.01,Raspberries,1994,1994,7021,Annual value,USD,2107.9,A,Official figure,NZL,False,False,67.26054679350919,76.29710199787732,47.42020205529957,61.936823654585105,71.86775375736012,74.94370090074824,7.51124643252268,
PP,Producer Prices,554,New Zealand,5532,Producer Price (USD/tonne),01353.01,Raspberries,1995,1995,7021,Annual value,USD,2322.4,A,Official figure,NZL,False,False,76.8287850116353,85.24932673337705,62.72510536671231,70.8474665240566,79.95838810789446,82.19981067004032,7.44919887987459,
PP,Producer Prices,554,New Zealand,5532,Producer Price (USD/tonne),01353.01,Raspberries,1996,1996,7021,Annual value,USD,2062.1,A,Official figure,NZL,False,False,77.82086308655745,84.34557234442748,61.619550783954395,83.65592765127325,69.93519294281285,73.98962818765723,7.60935139371214,
PP,Producer Prices,554,New Zealand,5532,Producer Price (USD/tonne),01353.01,Raspberries,1997,1997,7021,Annual value,USD,1983.6,A,Official figure,NZL,False,False,70.75682380399682,79.31706264103354,59.44728416757198,66.51116723257967,70.68473461622513,70.38581190707349,7.77401372480264,
PP,Producer Prices,554,New Zealand,5532,Producer Price (USD/tonne),01353.01,Raspberries,1998,1998,7021,Annual value,USD,1605.8,A,Official figure,NZL,False,False,64.8237651326436,66.27116245186038,55.776184862258724,58.90385220966683,83.88543382429606,55.22279355165295,9.20103004215946,
PP,Producer Prices,554,New Zealand,5532,Producer Price (USD/tonne),01353.01,Raspberries,1999,1999,7021,Annual value,USD,2451.3,A,Official figure,NZL,False,False,55.38494745729497,62.42928865091984,48.31192059218944,53.12085523046289,58.22698225943004,38.798878860400684,7.78436649828484,
PP,Producer Prices,554,New Zealand,5532,Producer Price (USD/tonne),01353.01,Raspberries,2000,2000,7021,Annual value,USD,1679.1,A,Official figure,NZL,False,False,53.658254311091945,61.295380665724906,54.46468606873116,51.41600714746175,42.89305770905415,50.612781624475126,7.72539363500583,
PP,Producer Prices,554,New Zealand,5532,Producer Price (USD/tonne),01353.01,Raspberries,2001,2001,7021,Annual value,USD,1636.5,A,Official figure,NZL,False,False,55.353759430433776,62.905581984538294,60.88469474046613,51.84540600513508,42.481465934354574,53.47099426092313,8.35043726681559,
PP,Producer Prices,554,New Zealand,5532,Producer Price (USD/tonne),01353.01,Raspberries,2002,2002,7021,Annual value,USD,1786.7,A,Official figure,NZL,False,False,53.432698046969534,56.102316657369585,46.09884987045724,55.57542707086668,55.144333609249486,42.632850317668414,8.55424398531967,
PP,Producer Prices,554,New Zealand,5532,Producer Price (USD/tonne),01353.01,Raspberries,2003,2003,7021,Annual value,USD,2220.8,A,Official figure,NZL,False,False,58.11559303636253,59.31684044946804,54.48407776395476,59.38331088130321,62.630981044686195,43.854657616127014,8.15797307027291,
PP,Producer Prices,554,New Zealand,5532,Producer Price (USD/tonne),02211,Raw milk of cattle,1991,1991,7021,Annual value,USD,113.1,A,Official figure,NZL,False,False,62.34528439011702,81.47466716487295,45.46032558544059,57.863819886673106,49.00795416086814,55.480617553691815,7.82005006852862,
PP,Producer Prices,554,New Zealand,5532,Producer Price (USD/tonne),02211,Raw milk of cattle,1992,1992,7021,Annual value,USD,145.0,A,Official figure,NZL,False,False,64.22555868464649,78.38728862271715,54.8015933451503,60.9576514895015,52.991996389394096,56.04274688194544,7.26186523522237,
PP,Producer Prices,554,New Zealand,5532,Producer Price (USD/tonne),02211,Raw milk of cattle,1993,1993,7021,Annual value,USD,160.0,A,Official figure,NZL,False,False,62.259404847966515,75.01403295972897,48.61651615517863,59.01858803408094,53.966480634247155,62.03019780031652,7.74549467533267,
PP,Producer Prices,554,New Zealand,5532,Producer Price (USD/tonne),02211,Raw milk of cattle,1994,1994,7021,Annual value,USD,159.5,A,Official figure,NZL,False,False,67.26054679350919,76.29710199787732,47.42020205529957,61.936823654585105,71.86775375736012,74.94370090074824,7.51124643252268,
PP,Producer Prices,554,New Zealand,5532,Producer Price (USD/tonne),02211,Raw milk of cattle,1995,1995,7021,Annual value,USD,185.1,A,Official figure,NZL,False,False,76.8287850116353,85.24932673337705,62.72510536671231,70.8474665240566,79.95838810789446,82.19981067004032,7.44919887987459,
PP,Producer Prices,554,New Zealand,5532,Producer Price (USD/tonne),02211,Raw milk of cattle,1996,1996,7021,Annual value,USD,222.7,A,Official figure,NZL,False,False,77.82086308655745,84.34557234442748,61.619550783954395,83.65592765127325,69.93519294281285,73.98962818765723,7.60935139371214,
PP,Producer Prices,554,New Zealand,5532,Producer Price (USD/tonne),02211,Raw milk of cattle,1997,1997,7021,Annual value,USD,195.7,A,Official figure,NZL,False,False,70.75682380399682,79.31706264103354,59.44728416757198,66.51116723257967,70.68473461622513,70.38581190707349,7.77401372480264,
PP,Producer Prices,554,New Zealand,5532,Producer Price (USD/tonne),02211,Raw milk of cattle,1998,1998,7021,Annual value,USD,148.3,A,Official figure,NZL,False,False,64.8237651326436,66.27116245186038,55.776184862258724,58.90385220966683,83.88543382429606,55.22279355165295,9.20103004215946,
PP,Producer Prices,554,New Zealand,5532,Producer Price (USD/tonne),02211,Raw milk of cattle,1999,1999,7021,Annual value,USD,153.5,A,Official figure,NZL,False,False,55.38494745729497,62.42928865091984,48.31192059218944,53.12085523046289,58.22698225943004,38.798878860400684,7.78436649828484,
PP,Producer Prices,554,New Zealand,5532,Producer Price (USD/tonne),02211,Raw milk of cattle,2000,2000,7021,Annual value,USD,140.4,A,Official figure,NZL,False,False,53.658254311091945,61.295380665724906,54.46468606873116,51.41600714746175,42.89305770905415,50.612781624475126,7.72539363500583,
PP,Producer Prices,554,New Zealand,5532,Producer Price (USD/tonne),02211,Raw milk of cattle,2001,2001,7021,Annual value,USD,172.4,A,Official figure,NZL,False,False,55.353759430433776,62.905581984538294,60.88469474046613,51.84540600513508,42.481465934354574,53.47099426092313,8.35043726681559,
PP,Producer Prices,554,New Zealand,5532,Producer Price (USD/tonne),02211,Raw milk of cattle,2002,2002,7021,Annual value,USD,200.7,A,Official figure,NZL,False,False,53.432698046969534,56.102316657369585,46.09884987045724,55.57542707086668,55.144333609249486,42.632850317668414,8.55424398531967,
PP,Producer Prices,554,New Zealand,5532,Producer Price (USD/tonne),02211,Raw milk of cattle,2003,2003,7021,Annual value,USD,174.8,A,Official figure,NZL,False,False,58.11559303636253,59.31684044946804,54.48407776395476,59.38331088130321,62.630981044686195,43.854657616127014,8.15797307027291,
PP,Producer Prices,554,New Zealand,5532,Producer Price (USD/tonne),02211,Raw milk of cattle,2004,2004,7021,Annual value,USD,232.0,A,Official figure,NZL,False,False,65.89944729053757,68.6029390549955,69.84888089256499,64.00158065193195,69.61163025660183,44.346000561265534,7.59012384281528,
PP,Producer Prices,554,New Zealand,5532,Producer Price (USD/tonne),02211,Raw milk of cattle,2005,2005,7021,Annual value,USD,267.6,A,Official figure,NZL,False,False,67.6467997866706,72.57908938487195,77.21006263097178,60.766594200041034,64.39872945308146,61.19575106393876,7.6532725496079,
PP,Producer Prices,554,New Zealand,5532,Producer Price (USD/tonne),02211,Raw milk of cattle,2006,2006,7021,Annual value,USD,220.5,A,Official figure,NZL,False,False,72.85198153556445,71.39005672414655,73.05336517091054,71.22837696143655,70.5451171722111,91.39314395266837,8.09644035294417,
PP,Producer Prices,554,New Zealand,5532,Producer Price (USD/tonne),02211,Raw milk of cattle,2007,2007,7021,Annual value,USD,277.1,A,Official figure,NZL,False,False,94.55025065074518,77.75672729408136,122.39946263841763,100.90811631831873,107.3148060387481,62.36914297123817,8.57888175013431,
PP,Producer Prices,554,New Zealand,5532,Producer Price (USD/tonne),02211,Raw milk of cattle,2008,2008,7021,Annual value,USD,444.9,A,Official figure,NZL,False,False,117.73787331863998,90.84433092873273,132.33661799232738,137.64181782223199,141.07285693456427,79.19536905542518,9.35585893641528,
PP,Producer Prices,554,New Zealand,5532,Producer Price (USD/tonne),02211,Raw milk of cattle,2009,2009,7021,Annual value,USD,266.1,A,Official figure,NZL,False,False,91.78785298482406,81.60267222893671,91.405730315563,97.1899325654129,94.42735946277953,112.2254832184969,10.6785335151412,
PP,Producer Prices,554,New Zealand,5532,Producer Price (USD/tonne),02211,Raw milk of cattle,2010,2010,7021,Annual value,USD,376.8,A,Official figure,NZL,False,False,106.87404108388505,91.39347096403203,111.89896716658724,107.49931237044449,121.95018353123997,131.72406046543753,10.6098870848979,
PP,Producer Prices,554,New Zealand,5532,Producer Price (USD/tonne),02211,Raw milk of cattle,2011,2011,7021,Annual value,USD,511.9,A,Official figure,NZL,False,False,131.77593256915614,105.02246669637043,129.89070190611824,142.15740841093506,156.4798891014947,160.90057382271044,10.5379127413242,
PP,Producer Prices,554,New Zealand,5532,Producer Price (USD/tonne),02211,Raw milk of cattle,2012,2012,7021,Annual value,USD,426.2,A,Official figure,NZL,False,False,122.75022327595461,104.69498650707051,111.65677557794167,137.3983528628098,138.30661545629084,133.31863424562349,10.64842973973,
PP,Producer Prices,554,New Zealand,5532,Producer Price (USD/tonne),02211,Raw milk of cattle,2013,2013,7021,Annual value,USD,413.3,A,Official figure,NZL,False,False,120.14390446093925,106.21599274087434,140.90691300197804,129.1108717873773,119.49987300357218,109.45334619156017,10.6409212747116,
PP,Producer Prices,554,New Zealand,5532,Producer Price (USD/tonne),02211,Raw milk of cattle,2014,2014,7021,Annual value,USD,577.4,A,Official figure,NZL,False,False,114.98315043593857,112.11017428857667,130.20652445334494,115.8182908031581,110.6162614969274,105.19538929713728,10.7736810383188,
PP,Producer Prices,554,New Zealand,5532,Producer Price (USD/tonne),02211,Raw milk of cattle,2015,2015,7021,Annual value,USD,266.4,A,Official figure,NZL,False,False,93.0638125181246,96.78279749075053,87.1451487854646,95.87342014077292,89.94109402113435,83.1811851391223,11.3631197214515,
PP,Producer Prices,554,New Zealand,5532,Producer Price (USD/tonne),02211,Raw milk of cattle,2016,2016,7021,Annual value,USD,244.3,A,Official figure,NZL,False,False,91.95303704593685,91.10702822067289,82.64832676119045,88.30828905606897,99.44264448193826,111.62342556374044,11.4413385056481,
PP,Producer Prices,554,New Zealand,5532,Producer Price (USD/tonne),02211,Raw milk of cattle,2017,2017,7021,Annual value,USD,374.4,A,Official figure,NZL,False,False,97.9325465965461,97.47103081764828,108.01127219003995,90.98426329355082,101.90947584276995,99.11220417429126,11.5262393633489,
PP,Producer Prices,554,New Zealand,5532,Producer Price (USD/tonne),02211,Raw milk of cattle,2018,2018,7021,Annual value,USD,397.9,A,Official figure,NZL,False,False,95.75177402259017,94.39851038295467,107.2716875332135,100.82233026984352,87.76107702264312,77.40205315573543,11.3255665553283,
PP,Producer Prices,554,New Zealand,5532,Producer Price (USD/tonne),02211,Raw milk of cattle,2019,2019,7021,Annual value,USD,359.1,A,Official figure,NZL,False,False,94.93129436453303,99.4754122501492,102.81578202753263,96.60386371200734,83.23927616454294,78.61501498294437,11.5258173901989,
PP,Producer Prices,554,New Zealand,5532,Producer Price (USD/tonne),02211,Raw milk of cattle,2020,2020,7021,Annual value,USD,381.3,A,Official figure,NZL,False,False,98.05250486501859,95.316293513863,101.8142204334863,103.1167289201083,99.44353567977252,79.52871763805308,13.4141194210952,
PP,Producer Prices,554,New Zealand,5532,Producer Price (USD/tonne),02211,Raw milk of cattle,2021,2021,7021,Annual value,USD,434.3,A,Official figure,NZL,False,False,125.73406972850047,107.53442746784815,119.59735631930364,131.1533847436843,164.85113256482796,109.33464293018675,11.475669248619,
PP,Producer Prices,554,New Zealand,5532,Producer Price (USD/tonne),02211,Raw milk of cattle,2022,2022,7021,Annual value,USD,486.3,A,Official figure,NZL,False,False,144.50986636550888,118.33551230992974,149.51050848913766,154.66510013039058,187.77977941529275,114.45579634923097,11.0671792942827,
PP,Producer Prices,554,New Zealand,5532,Producer Price (USD/tonne),02211,Raw milk of cattle,2023,2023,7021,Annual value,USD,415.1,A,Official figure,NZL,False,False,124.51966645168862,114.10852024490974,123.72456940111083,130.87805882527132,126.29144514063518,144.9803113652603,11.2682320290767,
PP,Producer Prices,554,New Zealand,5532,Producer Price (USD/tonne),02211,Raw milk of cattle,2024,2024,7021,Annual value,USD,394.6,A,Official figure,NZL,False,False,121.9819961575273,117.25906623977029,129.71297215949022,113.47684568733492,138.06843188494958,125.71292330063521,12.4737636662727,
PP,Producer Prices,554,New Zealand,5532,Producer Price (USD/tonne),02941,"Shorn wool, greasy, including fleece-washed shorn wool",1991,1991,7021,Annual value,USD,1824.0,A,Official figure,NZL,False,False,62.34528439011702,81.47466716487295,45.46032558544059,57.863819886673106,49.00795416086814,55.480617553691815,7.82005006852862,
PP,Producer Prices,554,New Zealand,5532,Producer Price (USD/tonne),02941,"Shorn wool, greasy, including fleece-washed shorn wool",1992,1992,7021,Annual value,USD,1759.6,A,Official figure,NZL,False,False,64.22555868464649,78.38728862271715,54.8015933451503,60.9576514895015,52.991996389394096,56.04274688194544,7.26186523522237,
PP,Producer Prices,554,New Zealand,5532,Producer Price (USD/tonne),02941,"Shorn wool, greasy, including fleece-washed shorn wool",1993,1993,7021,Annual value,USD,1766.0,A,Official figure,NZL,False,False,62.259404847966515,75.01403295972897,48.61651615517863,59.01858803408094,53.966480634247155,62.03019780031652,7.74549467533267,
PP,Producer Prices,554,New Zealand,5532,Producer Price (USD/tonne),02941,"Shorn wool, greasy, including fleece-washed shorn wool",1994,1994,7021,Annual value,USD,1852.3,A,Official figure,NZL,False,False,67.26054679350919,76.29710199787732,47.42020205529957,61.936823654585105,71.86775375736012,74.94370090074824,7.51124643252268,
PP,Producer Prices,554,New Zealand,5532,Producer Price (USD/tonne),02941,"Shorn wool, greasy, including fleece-washed shorn wool",1995,1995,7021,Annual value,USD,2722.0,A,Official figure,NZL,False,False,76.8287850116353,85.24932673337705,62.72510536671231,70.8474665240566,79.95838810789446,82.19981067004032,7.44919887987459,
PP,Producer Prices,554,New Zealand,5532,Producer Price (USD/tonne),02941,"Shorn wool, greasy, including fleece-washed shorn wool",1996,1996,7021,Annual value,USD,2553.5,A,Official figure,NZL,False,False,77.82086308655745,84.34557234442748,61.619550783954395,83.65592765127325,69.93519294281285,73.98962818765723,7.60935139371214,
PP,Producer Prices,554,New Zealand,5532,Producer Price (USD/tonne),02941,"Shorn wool, greasy, including fleece-washed shorn wool",1997,1997,7021,Annual value,USD,2203.1,A,Official figure,NZL,False,False,70.75682380399682,79.31706264103354,59.44728416757198,66.51116723257967,70.68473461622513,70.38581190707349,7.77401372480264,
PP,Producer Prices,554,New Zealand,5532,Producer Price (USD/tonne),02941,"Shorn wool, greasy, including fleece-washed shorn wool",1998,1998,7021,Annual value,USD,1806.5,A,Official figure,NZL,False,False,64.8237651326436,66.27116245186038,55.776184862258724,58.90385220966683,83.88543382429606,55.22279355165295,9.20103004215946,
PP,Producer Prices,554,New Zealand,5532,Producer Price (USD/tonne),02941,"Shorn wool, greasy, including fleece-washed shorn wool",1999,1999,7021,Annual value,USD,1608.8,A,Official figure,NZL,False,False,55.38494745729497,62.42928865091984,48.31192059218944,53.12085523046289,58.22698225943004,38.798878860400684,7.78436649828484,
PP,Producer Prices,554,New Zealand,5532,Producer Price (USD/tonne),02941,"Shorn wool, greasy, including fleece-washed shorn wool",2000,2000,7021,Annual value,USD,1498.8,A,Official figure,NZL,False,False,53.658254311091945,61.295380665724906,54.46468606873116,51.41600714746175,42.89305770905415,50.612781624475126,7.72539363500583,
PP,Producer Prices,554,New Zealand,5532,Producer Price (USD/tonne),02941,"Shorn wool, greasy, including fleece-washed shorn wool",2001,2001,7021,Annual value,USD,1653.0,A,Official figure,NZL,False,False,55.353759430433776,62.905581984538294,60.88469474046613,51.84540600513508,42.481465934354574,53.47099426092313,8.35043726681559,
PP,Producer Prices,554,New Zealand,5532,Producer Price (USD/tonne),02941,"Shorn wool, greasy, including fleece-washed shorn wool",2002,2002,7021,Annual value,USD,1782.0,A,Official figure,NZL,False,False,53.432698046969534,56.102316657369585,46.09884987045724,55.57542707086668,55.144333609249486,42.632850317668414,8.55424398531967,
PP,Producer Prices,554,New Zealand,5532,Producer Price (USD/tonne),02941,"Shorn wool, greasy, including fleece-washed shorn wool",2003,2003,7021,Annual value,USD,2404.0,A,Official figure,NZL,False,False,58.11559303636253,59.31684044946804,54.48407776395476,59.38331088130321,62.630981044686195,43.854657616127014,8.15797307027291,
PP,Producer Prices,554,New Zealand,5532,Producer Price (USD/tonne),02941,"Shorn wool, greasy, including fleece-washed shorn wool",2004,2004,7021,Annual value,USD,2329.8,A,Official figure,NZL,False,False,65.89944729053757,68.6029390549955,69.84888089256499,64.00158065193195,69.61163025660183,44.346000561265534,7.59012384281528,
PP,Producer Prices,554,New Zealand,5532,Producer Price (USD/tonne),02941,"Shorn wool, greasy, including fleece-washed shorn wool",2005,2005,7021,Annual value,USD,2141.1,A,Official figure,NZL,False,False,67.6467997866706,72.57908938487195,77.21006263097178,60.766594200041034,64.39872945308146,61.19575106393876,7.6532725496079,
PP,Producer Prices,554,New Zealand,5532,Producer Price (USD/tonne),02941,"Shorn wool, greasy, including fleece-washed shorn wool",2006,2006,7021,Annual value,USD,1778.8,A,Official figure,NZL,False,False,72.85198153556445,71.39005672414655,73.05336517091054,71.22837696143655,70.5451171722111,91.39314395266837,8.09644035294417,
PP,Producer Prices,554,New Zealand,5532,Producer Price (USD/tonne),02941,"Shorn wool, greasy, including fleece-washed shorn wool",2007,2007,7021,Annual value,USD,2049.7,A,Official figure,NZL,False,False,94.55025065074518,77.75672729408136,122.39946263841763,100.90811631831873,107.3148060387481,62.36914297123817,8.57888175013431,
PP,Producer Prices,554,New Zealand,5532,Producer Price (USD/tonne),02941,"Shorn wool, greasy, including fleece-washed shorn wool",2008,2008,7021,Annual value,USD,1991.2,A,Official figure,NZL,False,False,117.73787331863998,90.84433092873273,132.33661799232738,137.64181782223199,141.07285693456427,79.19536905542518,9.35585893641528,
PP,Producer Prices,554,New Zealand,5532,Producer Price (USD/tonne),02941,"Shorn wool, greasy, including fleece-washed shorn wool",2009,2009,7021,Annual value,USD,1946.4,A,Official figure,NZL,False,False,91.78785298482406,81.60267222893671,91.405730315563,97.1899325654129,94.42735946277953,112.2254832184969,10.6785335151412,
PP,Producer Prices,554,New Zealand,5532,Producer Price (USD/tonne),02941,"Shorn wool, greasy, including fleece-washed shorn wool",2010,2010,7021,Annual value,USD,2274.0,A,Official figure,NZL,False,False,106.87404108388505,91.39347096403203,111.89896716658724,107.49931237044449,121.95018353123997,131.72406046543753,10.6098870848979,
PP,Producer Prices,554,New Zealand,5532,Producer Price (USD/tonne),02941,"Shorn wool, greasy, including fleece-washed shorn wool",2011,2011,7021,Annual value,USD,3712.2,A,Official figure,NZL,False,False,131.77593256915614,105.02246669637043,129.89070190611824,142.15740841093506,156.4798891014947,160.90057382271044,10.5379127413242,
PP,Producer Prices,554,New Zealand,5532,Producer Price (USD/tonne),02941,"Shorn wool, greasy, including fleece-washed shorn wool",2012,2012,7021,Annual value,USD,4036.3,A,Official figure,NZL,False,False,122.75022327595461,104.69498650707051,111.65677557794167,137.3983528628098,138.30661545629084,133.31863424562349,10.64842973973,
PP,Producer Prices,554,New Zealand,5532,Producer Price (USD/tonne),02941,"Shorn wool, greasy, including fleece-washed shorn wool",2013,2013,7021,Annual value,USD,3069.5,A,Official figure,NZL,False,False,120.14390446093925,106.21599274087434,140.90691300197804,129.1108717873773,119.49987300357218,109.45334619156017,10.6409212747116,
PP,Producer Prices,554,New Zealand,5532,Producer Price (USD/tonne),02941,"Shorn wool, greasy, including fleece-washed shorn wool",2014,2014,7021,Annual value,USD,3577.1,A,Official figure,NZL,False,False,114.98315043593857,112.11017428857667,130.20652445334494,115.8182908031581,110.6162614969274,105.19538929713728,10.7736810383188,
PP,Producer Prices,554,New Zealand,5532,Producer Price (USD/tonne),02941,"Shorn wool, greasy, including fleece-washed shorn wool",2015,2015,7021,Annual value,USD,3090.0,A,Official figure,NZL,False,False,93.0638125181246,96.78279749075053,87.1451487854646,95.87342014077292,89.94109402113435,83.1811851391223,11.3631197214515,
PP,Producer Prices,554,New Zealand,5532,Producer Price (USD/tonne),02941,"Shorn wool, greasy, including fleece-washed shorn wool",2016,2016,7021,Annual value,USD,3416.6,A,Official figure,NZL,False,False,91.95303704593685,91.10702822067289,82.64832676119045,88.30828905606897,99.44264448193826,111.62342556374044,11.4413385056481,
PP,Producer Prices,554,New Zealand,5532,Producer Price (USD/tonne),02941,"Shorn wool, greasy, including fleece-washed shorn wool",2017,2017,7021,Annual value,USD,2685.8,A,Official figure,NZL,False,False,97.9325465965461,97.47103081764828,108.01127219003995,90.98426329355082,101.90947584276995,99.11220417429126,11.5262393633489,
PP,Producer Prices,554,New Zealand,5532,Producer Price (USD/tonne),02941,"Shorn wool, greasy, including fleece-washed shorn wool",2018,2018,7021,Annual value,USD,2622.7,A,Official figure,NZL,False,False,95.75177402259017,94.39851038295467,107.2716875332135,100.82233026984352,87.76107702264312,77.40205315573543,11.3255665553283,
PP,Producer Prices,554,New Zealand,5532,Producer Price (USD/tonne),02941,"Shorn wool, greasy, including fleece-washed shorn wool",2019,2019,7021,Annual value,USD,2510.1,A,Official figure,NZL,False,False,94.93129436453303,99.4754122501492,102.81578202753263,96.60386371200734,83.23927616454294,78.61501498294437,11.5258173901989,
PP,Producer Prices,554,New Zealand,5532,Producer Price (USD/tonne),02941,"Shorn wool, greasy, including fleece-washed shorn wool",2020,2020,7021,Annual value,USD,2153.0,A,Official figure,NZL,False,False,98.05250486501859,95.316293513863,101.8142204334863,103.1167289201083,99.44353567977252,79.52871763805308,13.4141194210952,
PP,Producer Prices,554,New Zealand,5532,Producer Price (USD/tonne),02941,"Shorn wool, greasy, including fleece-washed shorn wool",2021,2021,7021,Annual value,USD,1796.6,A,Official figure,NZL,False,False,125.73406972850047,107.53442746784815,119.59735631930364,131.1533847436843,164.85113256482796,109.33464293018675,11.475669248619,
PP,Producer Prices,554,New Zealand,5532,Producer Price (USD/tonne),02941,"Shorn wool, greasy, including fleece-washed shorn wool",2022,2022,7021,Annual value,USD,2136.7,A,Official figure,NZL,False,False,144.50986636550888,118.33551230992974,149.51050848913766,154.66510013039058,187.77977941529275,114.45579634923097,11.0671792942827,
PP,Producer Prices,554,New Zealand,5532,Producer Price (USD/tonne),02941,"Shorn wool, greasy, including fleece-washed shorn wool",2023,2023,7021,Annual value,USD,1965.1,A,Official figure,NZL,False,False,124.51966645168862,114.10852024490974,123.72456940111083,130.87805882527132,126.29144514063518,144.9803113652603,11.2682320290767,
PP,Producer Prices,554,New Zealand,5532,Producer Price (USD/tonne),02941,"Shorn wool, greasy, including fleece-washed shorn wool",2024,2024,7021,Annual value,USD,1767.2,A,Official figure,NZL,False,False,121.9819961575273,117.25906623977029,129.71297215949022,113.47684568733492,138.06843188494958,125.71292330063521,12.4737636662727,
PP,Producer Prices,554,New Zealand,5532,Producer Price (USD/tonne),0141,Soya beans,2022,2022,7021,Annual value,USD,219.3,A,Official figure,NZL,False,False,144.50986636550888,118.33551230992974,149.51050848913766,154.66510013039058,187.77977941529275,114.45579634923097,11.0671792942827,
PP,Producer Prices,554,New Zealand,5532,Producer Price (USD/tonne),01354,Strawberries,1991,1991,7021,Annual value,USD,1730.6,A,Official figure,NZL,False,False,62.34528439011702,81.47466716487295,45.46032558544059,57.863819886673106,49.00795416086814,55.480617553691815,7.82005006852862,
PP,Producer Prices,554,New Zealand,5532,Producer Price (USD/tonne),01354,Strawberries,1992,1992,7021,Annual value,USD,2150.6,A,Official figure,NZL,False,False,64.22555868464649,78.38728862271715,54.8015933451503,60.9576514895015,52.991996389394096,56.04274688194544,7.26186523522237,
PP,Producer Prices,554,New Zealand,5532,Producer Price (USD/tonne),01354,Strawberries,1993,1993,7021,Annual value,USD,2235.6,A,Official figure,NZL,False,False,62.259404847966515,75.01403295972897,48.61651615517863,59.01858803408094,53.966480634247155,62.03019780031652,7.74549467533267,
PP,Producer Prices,554,New Zealand,5532,Producer Price (USD/tonne),01354,Strawberries,1994,1994,7021,Annual value,USD,2414.4,A,Official figure,NZL,False,False,67.26054679350919,76.29710199787732,47.42020205529957,61.936823654585105,71.86775375736012,74.94370090074824,7.51124643252268,
PP,Producer Prices,554,New Zealand,5532,Producer Price (USD/tonne),01354,Strawberries,1995,1995,7021,Annual value,USD,2469.4,A,Official figure,NZL,False,False,76.8287850116353,85.24932673337705,62.72510536671231,70.8474665240566,79.95838810789446,82.19981067004032,7.44919887987459,
PP,Producer Prices,554,New Zealand,5532,Producer Price (USD/tonne),01354,Strawberries,1996,1996,7021,Annual value,USD,2875.2,A,Official figure,NZL,False,False,77.82086308655745,84.34557234442748,61.619550783954395,83.65592765127325,69.93519294281285,73.98962818765723,7.60935139371214,
PP,Producer Prices,554,New Zealand,5532,Producer Price (USD/tonne),01354,Strawberries,1997,1997,7021,Annual value,USD,2434.5,A,Official figure,NZL,False,False,70.75682380399682,79.31706264103354,59.44728416757198,66.51116723257967,70.68473461622513,70.38581190707349,7.77401372480264,
PP,Producer Prices,554,New Zealand,5532,Producer Price (USD/tonne),01354,Strawberries,1998,1998,7021,Annual value,USD,1967.1,A,Official figure,NZL,False,False,64.8237651326436,66.27116245186038,55.776184862258724,58.90385220966683,83.88543382429606,55.22279355165295,9.20103004215946,
PP,Producer Prices,554,New Zealand,5532,Producer Price (USD/tonne),01354,Strawberries,1999,1999,7021,Annual value,USD,1950.7,A,Official figure,NZL,False,False,55.38494745729497,62.42928865091984,48.31192059218944,53.12085523046289,58.22698225943004,38.798878860400684,7.78436649828484,
PP,Producer Prices,554,New Zealand,5532,Producer Price (USD/tonne),01354,Strawberries,2000,2000,7021,Annual value,USD,2023.9,A,Official figure,NZL,False,False,53.658254311091945,61.295380665724906,54.46468606873116,51.41600714746175,42.89305770905415,50.612781624475126,7.72539363500583,
PP,Producer Prices,554,New Zealand,5532,Producer Price (USD/tonne),01354,Strawberries,2001,2001,7021,Annual value,USD,1872.8,A,Official figure,NZL,False,False,55.353759430433776,62.905581984538294,60.88469474046613,51.84540600513508,42.481465934354574,53.47099426092313,8.35043726681559,
PP,Producer Prices,554,New Zealand,5532,Producer Price (USD/tonne),01354,Strawberries,2002,2002,7021,Annual value,USD,2175.1,A,Official figure,NZL,False,False,53.432698046969534,56.102316657369585,46.09884987045724,55.57542707086668,55.144333609249486,42.632850317668414,8.55424398531967,
PP,Producer Prices,554,New Zealand,5532,Producer Price (USD/tonne),01354,Strawberries,2003,2003,7021,Annual value,USD,2731.6,A,Official figure,NZL,False,False,58.11559303636253,59.31684044946804,54.48407776395476,59.38331088130321,62.630981044686195,43.854657616127014,8.15797307027291,
PP,Producer Prices,554,New Zealand,5532,Producer Price (USD/tonne),01354,Strawberries,2004,2004,7021,Annual value,USD,3181.6,A,Official figure,NZL,False,False,65.89944729053757,68.6029390549955,69.84888089256499,64.00158065193195,69.61163025660183,44.346000561265534,7.59012384281528,
PP,Producer Prices,554,New Zealand,5532,Producer Price (USD/tonne),01354,Strawberries,2005,2005,7021,Annual value,USD,2724.8,A,Official figure,NZL,False,False,67.6467997866706,72.57908938487195,77.21006263097178,60.766594200041034,64.39872945308146,61.19575106393876,7.6532725496079,
PP,Producer Prices,554,New Zealand,5532,Producer Price (USD/tonne),01354,Strawberries,2006,2006,7021,Annual value,USD,2593.9,A,Official figure,NZL,False,False,72.85198153556445,71.39005672414655,73.05336517091054,71.22837696143655,70.5451171722111,91.39314395266837,8.09644035294417,
PP,Producer Prices,554,New Zealand,5532,Producer Price (USD/tonne),01354,Strawberries,2007,2007,7021,Annual value,USD,3123.4,A,Official figure,NZL,False,False,94.55025065074518,77.75672729408136,122.39946263841763,100.90811631831873,107.3148060387481,62.36914297123817,8.57888175013431,
PP,Producer Prices,554,New Zealand,5532,Producer Price (USD/tonne),01354,Strawberries,2008,2008,7021,Annual value,USD,2938.0,A,Official figure,NZL,False,False,117.73787331863998,90.84433092873273,132.33661799232738,137.64181782223199,141.07285693456427,79.19536905542518,9.35585893641528,
PP,Producer Prices,554,New Zealand,5532,Producer Price (USD/tonne),01354,Strawberries,2009,2009,7021,Annual value,USD,2404.9,A,Official figure,NZL,False,False,91.78785298482406,81.60267222893671,91.405730315563,97.1899325654129,94.42735946277953,112.2254832184969,10.6785335151412,
PP,Producer Prices,554,New Zealand,5532,Producer Price (USD/tonne),01530,Sweet potatoes,1991,1991,7021,Annual value,USD,276.9,A,Official figure,NZL,False,False,62.34528439011702,81.47466716487295,45.46032558544059,57.863819886673106,49.00795416086814,55.480617553691815,7.82005006852862,
PP,Producer Prices,554,New Zealand,5532,Producer Price (USD/tonne),01530,Sweet potatoes,1992,1992,7021,Annual value,USD,263.2,A,Official figure,NZL,False,False,64.22555868464649,78.38728862271715,54.8015933451503,60.9576514895015,52.991996389394096,56.04274688194544,7.26186523522237,
PP,Producer Prices,554,New Zealand,5532,Producer Price (USD/tonne),01530,Sweet potatoes,1995,1995,7021,Annual value,USD,1181.2,A,Official figure,NZL,False,False,76.8287850116353,85.24932673337705,62.72510536671231,70.8474665240566,79.95838810789446,82.19981067004032,7.44919887987459,
PP,Producer Prices,554,New Zealand,5532,Producer Price (USD/tonne),01530,Sweet potatoes,1996,1996,7021,Annual value,USD,1512.2,A,Official figure,NZL,False,False,77.82086308655745,84.34557234442748,61.619550783954395,83.65592765127325,69.93519294281285,73.98962818765723,7.60935139371214,
PP,Producer Prices,554,New Zealand,5532,Producer Price (USD/tonne),01530,Sweet potatoes,1997,1997,7021,Annual value,USD,1454.6,A,Official figure,NZL,False,False,70.75682380399682,79.31706264103354,59.44728416757198,66.51116723257967,70.68473461622513,70.38581190707349,7.77401372480264,
PP,Producer Prices,554,New Zealand,5532,Producer Price (USD/tonne),01530,Sweet potatoes,1998,1998,7021,Annual value,USD,909.9,A,Official figure,NZL,False,False,64.8237651326436,66.27116245186038,55.776184862258724,58.90385220966683,83.88543382429606,55.22279355165295,9.20103004215946,
PP,Producer Prices,554,New Zealand,5532,Producer Price (USD/tonne),01530,Sweet potatoes,2000,2000,7021,Annual value,USD,567.9,A,Official figure,NZL,False,False,53.658254311091945,61.295380665724906,54.46468606873116,51.41600714746175,42.89305770905415,50.612781624475126,7.72539363500583,
PP,Producer Prices,554,New Zealand,5532,Producer Price (USD/tonne),01530,Sweet potatoes,2001,2001,7021,Annual value,USD,525.5,A,Official figure,NZL,False,False,55.353759430433776,62.905581984538294,60.88469474046613,51.84540600513508,42.481465934354574,53.47099426092313,8.35043726681559,
PP,Producer Prices,554,New Zealand,5532,Producer Price (USD/tonne),01324,"Tangerines, mandarins, clementines",1991,1991,7021,Annual value,USD,1153.7,A,Official figure,NZL,False,False,62.34528439011702,81.47466716487295,45.46032558544059,57.863819886673106,49.00795416086814,55.480617553691815,7.82005006852862,
PP,Producer Prices,554,New Zealand,5532,Producer Price (USD/tonne),01324,"Tangerines, mandarins, clementines",1992,1992,7021,Annual value,USD,1611.4,A,Official figure,NZL,False,False,64.22555868464649,78.38728862271715,54.8015933451503,60.9576514895015,52.991996389394096,56.04274688194544,7.26186523522237,
PP,Producer Prices,554,New Zealand,5532,Producer Price (USD/tonne),01324,"Tangerines, mandarins, clementines",1993,1993,7021,Annual value,USD,702.5,A,Official figure,NZL,False,False,62.259404847966515,75.01403295972897,48.61651615517863,59.01858803408094,53.966480634247155,62.03019780031652,7.74549467533267,
PP,Producer Prices,554,New Zealand,5532,Producer Price (USD/tonne),01324,"Tangerines, mandarins, clementines",1994,1994,7021,Annual value,USD,889.4,A,Official figure,NZL,False,False,67.26054679350919,76.29710199787732,47.42020205529957,61.936823654585105,71.86775375736012,74.94370090074824,7.51124643252268,
PP,Producer Prices,554,New Zealand,5532,Producer Price (USD/tonne),01324,"Tangerines, mandarins, clementines",1995,1995,7021,Annual value,USD,984.3,A,Official figure,NZL,False,False,76.8287850116353,85.24932673337705,62.72510536671231,70.8474665240566,79.95838810789446,82.19981067004032,7.44919887987459,
PP,Producer Prices,554,New Zealand,5532,Producer Price (USD/tonne),01324,"Tangerines, mandarins, clementines",1996,1996,7021,Annual value,USD,1202.9,A,Official figure,NZL,False,False,77.82086308655745,84.34557234442748,61.619550783954395,83.65592765127325,69.93519294281285,73.98962818765723,7.60935139371214,
PP,Producer Prices,554,New Zealand,5532,Producer Price (USD/tonne),01324,"Tangerines, mandarins, clementines",1997,1997,7021,Annual value,USD,1190.1,A,Official figure,NZL,False,False,70.75682380399682,79.31706264103354,59.44728416757198,66.51116723257967,70.68473461622513,70.38581190707349,7.77401372480264,
PP,Producer Prices,554,New Zealand,5532,Producer Price (USD/tonne),01324,"Tangerines, mandarins, clementines",1998,1998,7021,Annual value,USD,1017.0,A,Official figure,NZL,False,False,64.8237651326436,66.27116245186038,55.776184862258724,58.90385220966683,83.88543382429606,55.22279355165295,9.20103004215946,
PP,Producer Prices,554,New Zealand,5532,Producer Price (USD/tonne),01324,"Tangerines, mandarins, clementines",1999,1999,7021,Annual value,USD,1481.8,A,Official figure,NZL,False,False,55.38494745729497,62.42928865091984,48.31192059218944,53.12085523046289,58.22698225943004,38.798878860400684,7.78436649828484,
PP,Producer Prices,554,New Zealand,5532,Producer Price (USD/tonne),01324,"Tangerines, mandarins, clementines",2000,2000,7021,Annual value,USD,1181.2,A,Official figure,NZL,False,False,53.658254311091945,61.295380665724906,54.46468606873116,51.41600714746175,42.89305770905415,50.612781624475126,7.72539363500583,
PP,Producer Prices,554,New Zealand,5532,Producer Price (USD/tonne),01324,"Tangerines, mandarins, clementines",2001,2001,7021,Annual value,USD,782.8,A,Official figure,NZL,False,False,55.353759430433776,62.905581984538294,60.88469474046613,51.84540600513508,42.481465934354574,53.47099426092313,8.35043726681559,
PP,Producer Prices,554,New Zealand,5532,Producer Price (USD/tonne),01324,"Tangerines, mandarins, clementines",2002,2002,7021,Annual value,USD,888.9,A,Official figure,NZL,False,False,53.432698046969534,56.102316657369585,46.09884987045724,55.57542707086668,55.144333609249486,42.632850317668414,8.55424398531967,
PP,Producer Prices,554,New Zealand,5532,Producer Price (USD/tonne),01324,"Tangerines, mandarins, clementines",2003,2003,7021,Annual value,USD,915.7,A,Official figure,NZL,False,False,58.11559303636253,59.31684044946804,54.48407776395476,59.38331088130321,62.630981044686195,43.854657616127014,8.15797307027291,
PP,Producer Prices,554,New Zealand,5532,Producer Price (USD/tonne),01324,"Tangerines, mandarins, clementines",2004,2004,7021,Annual value,USD,762.3,A,Official figure,NZL,False,False,65.89944729053757,68.6029390549955,69.84888089256499,64.00158065193195,69.61163025660183,44.346000561265534,7.59012384281528,
PP,Producer Prices,554,New Zealand,5532,Producer Price (USD/tonne),01324,"Tangerines, mandarins, clementines",2005,2005,7021,Annual value,USD,760.4,A,Official figure,NZL,False,False,67.6467997866706,72.57908938487195,77.21006263097178,60.766594200041034,64.39872945308146,61.19575106393876,7.6532725496079,
PP,Producer Prices,554,New Zealand,5532,Producer Price (USD/tonne),01324,"Tangerines, mandarins, clementines",2006,2006,7021,Annual value,USD,648.5,A,Official figure,NZL,False,False,72.85198153556445,71.39005672414655,73.05336517091054,71.22837696143655,70.5451171722111,91.39314395266837,8.09644035294417,
PP,Producer Prices,554,New Zealand,5532,Producer Price (USD/tonne),01324,"Tangerines, mandarins, clementines",2007,2007,7021,Annual value,USD,823.1,A,Official figure,NZL,False,False,94.55025065074518,77.75672729408136,122.39946263841763,100.90811631831873,107.3148060387481,62.36914297123817,8.57888175013431,
PP,Producer Prices,554,New Zealand,5532,Producer Price (USD/tonne),01324,"Tangerines, mandarins, clementines",2008,2008,7021,Annual value,USD,808.3,A,Official figure,NZL,False,False,117.73787331863998,90.84433092873273,132.33661799232738,137.64181782223199,141.07285693456427,79.19536905542518,9.35585893641528,
PP,Producer Prices,554,New Zealand,5532,Producer Price (USD/tonne),01970,Unmanufactured tobacco,1991,1991,7021,Annual value,USD,3807.3,A,Official figure,NZL,False,False,62.34528439011702,81.47466716487295,45.46032558544059,57.863819886673106,49.00795416086814,55.480617553691815,7.82005006852862,
PP,Producer Prices,554,New Zealand,5532,Producer Price (USD/tonne),01970,Unmanufactured tobacco,1992,1992,7021,Annual value,USD,3598.7,A,Official figure,NZL,False,False,64.22555868464649,78.38728862271715,54.8015933451503,60.9576514895015,52.991996389394096,56.04274688194544,7.26186523522237,
PP,Producer Prices,554,New Zealand,5532,Producer Price (USD/tonne),01970,Unmanufactured tobacco,1993,1993,7021,Annual value,USD,3620.6,A,Official figure,NZL,False,False,62.259404847966515,75.01403295972897,48.61651615517863,59.01858803408094,53.966480634247155,62.03019780031652,7.74549467533267,
PP,Producer Prices,554,New Zealand,5532,Producer Price (USD/tonne),01970,Unmanufactured tobacco,1994,1994,7021,Annual value,USD,4032.0,A,Official figure,NZL,False,False,67.26054679350919,76.29710199787732,47.42020205529957,61.936823654585105,71.86775375736012,74.94370090074824,7.51124643252268,
PP,Producer Prices,554,New Zealand,5532,Producer Price (USD/tonne),01970,Unmanufactured tobacco,2022,2022,7021,Annual value,USD,4526.9,A,Official figure,NZL,False,False,144.50986636550888,118.33551230992974,149.51050848913766,154.66510013039058,187.77977941529275,114.45579634923097,11.0671792942827,
PP,Producer Prices,554,New Zealand,5532,Producer Price (USD/tonne),0111,Wheat,1991,1991,7021,Annual value,USD,167.3,A,Official figure,NZL,False,False,62.34528439011702,81.47466716487295,45.46032558544059,57.863819886673106,49.00795416086814,55.480617553691815,7.82005006852862,
PP,Producer Prices,554,New Zealand,5532,Producer Price (USD/tonne),0111,Wheat,1992,1992,7021,Annual value,USD,134.3,A,Official figure,NZL,False,False,64.22555868464649,78.38728862271715,54.8015933451503,60.9576514895015,52.991996389394096,56.04274688194544,7.26186523522237,
PP,Producer Prices,554,New Zealand,5532,Producer Price (USD/tonne),0111,Wheat,1993,1993,7021,Annual value,USD,147.0,A,Official figure,NZL,False,False,62.259404847966515,75.01403295972897,48.61651615517863,59.01858803408094,53.966480634247155,62.03019780031652,7.74549467533267,
PP,Producer Prices,554,New Zealand,5532,Producer Price (USD/tonne),0111,Wheat,1994,1994,7021,Annual value,USD,161.3,A,Official figure,NZL,False,False,67.26054679350919,76.29710199787732,47.42020205529957,61.936823654585105,71.86775375736012,74.94370090074824,7.51124643252268,
PP,Producer Prices,554,New Zealand,5532,Producer Price (USD/tonne),0111,Wheat,1995,1995,7021,Annual value,USD,180.5,A,Official figure,NZL,False,False,76.8287850116353,85.24932673337705,62.72510536671231,70.8474665240566,79.95838810789446,82.19981067004032,7.44919887987459,
PP,Producer Prices,554,New Zealand,5532,Producer Price (USD/tonne),0111,Wheat,1996,1996,7021,Annual value,USD,191.1,A,Official figure,NZL,False,False,77.82086308655745,84.34557234442748,61.619550783954395,83.65592765127325,69.93519294281285,73.98962818765723,7.60935139371214,
PP,Producer Prices,554,New Zealand,5532,Producer Price (USD/tonne),0111,Wheat,1997,1997,7021,Annual value,USD,194.4,A,Official figure,NZL,False,False,70.75682380399682,79.31706264103354,59.44728416757198,66.51116723257967,70.68473461622513,70.38581190707349,7.77401372480264,
PP,Producer Prices,554,New Zealand,5532,Producer Price (USD/tonne),0111,Wheat,1998,1998,7021,Annual value,USD,140.8,A,Official figure,NZL,False,False,64.8237651326436,66.27116245186038,55.776184862258724,58.90385220966683,83.88543382429606,55.22279355165295,9.20103004215946,
PP,Producer Prices,554,New Zealand,5532,Producer Price (USD/tonne),0111,Wheat,1999,1999,7021,Annual value,USD,130.2,A,Official figure,NZL,False,False,55.38494745729497,62.42928865091984,48.31192059218944,53.12085523046289,58.22698225943004,38.798878860400684,7.78436649828484,
PP,Producer Prices,554,New Zealand,5532,Producer Price (USD/tonne),0111,Wheat,2000,2000,7021,Annual value,USD,109.5,A,Official figure,NZL,False,False,53.658254311091945,61.295380665724906,54.46468606873116,51.41600714746175,42.89305770905415,50.612781624475126,7.72539363500583,
PP,Producer Prices,554,New Zealand,5532,Producer Price (USD/tonne),0111,Wheat,2001,2001,7021,Annual value,USD,105.9,A,Official figure,NZL,False,False,55.353759430433776,62.905581984538294,60.88469474046613,51.84540600513508,42.481465934354574,53.47099426092313,8.35043726681559,
PP,Producer Prices,554,New Zealand,5532,Producer Price (USD/tonne),0111,Wheat,2002,2002,7021,Annual value,USD,127.6,A,Official figure,NZL,False,False,53.432698046969534,56.102316657369585,46.09884987045724,55.57542707086668,55.144333609249486,42.632850317668414,8.55424398531967,
PP,Producer Prices,554,New Zealand,5532,Producer Price (USD/tonne),0111,Wheat,2003,2003,7021,Annual value,USD,175.4,A,Official figure,NZL,False,False,58.11559303636253,59.31684044946804,54.48407776395476,59.38331088130321,62.630981044686195,43.854657616127014,8.15797307027291,
PP,Producer Prices,554,New Zealand,5532,Producer Price (USD/tonne),0111,Wheat,2004,2004,7021,Annual value,USD,184.9,A,Official figure,NZL,False,False,65.89944729053757,68.6029390549955,69.84888089256499,64.00158065193195,69.61163025660183,44.346000561265534,7.59012384281528,
PP,Producer Prices,554,New Zealand,5532,Producer Price (USD/tonne),0111,Wheat,2005,2005,7021,Annual value,USD,183.1,A,Official figure,NZL,False,False,67.6467997866706,72.57908938487195,77.21006263097178,60.766594200041034,64.39872945308146,61.19575106393876,7.6532725496079,
PP,Producer Prices,554,New Zealand,5532,Producer Price (USD/tonne),0111,Wheat,2006,2006,7021,Annual value,USD,166.7,A,Official figure,NZL,False,False,72.85198153556445,71.39005672414655,73.05336517091054,71.22837696143655,70.5451171722111,91.39314395266837,8.09644035294417,
PP,Producer Prices,554,New Zealand,5532,Producer Price (USD/tonne),0111,Wheat,2007,2007,7021,Annual value,USD,206.5,A,Official figure,NZL,False,False,94.55025065074518,77.75672729408136,122.39946263841763,100.90811631831873,107.3148060387481,62.36914297123817,8.57888175013431,
PP,Producer Prices,554,New Zealand,5532,Producer Price (USD/tonne),0111,Wheat,2008,2008,7021,Annual value,USD,257.3,A,Official figure,NZL,False,False,117.73787331863998,90.84433092873273,132.33661799232738,137.64181782223199,141.07285693456427,79.19536905542518,9.35585893641528,
PP,Producer Prices,554,New Zealand,5532,Producer Price (USD/tonne),0111,Wheat,2009,2009,7021,Annual value,USD,312.9,A,Official figure,NZL,False,False,91.78785298482406,81.60267222893671,91.405730315563,97.1899325654129,94.42735946277953,112.2254832184969,10.6785335151412,
PP,Producer Prices,554,New Zealand,5532,Producer Price (USD/tonne),0111,Wheat,2010,2010,7021,Annual value,USD,293.0,A,Official figure,NZL,False,False,106.87404108388505,91.39347096403203,111.89896716658724,107.49931237044449,121.95018353123997,131.72406046543753,10.6098870848979,
PP,Producer Prices,554,New Zealand,5532,Producer Price (USD/tonne),0111,Wheat,2011,2011,7021,Annual value,USD,273.3,A,Official figure,NZL,False,False,131.77593256915614,105.02246669637043,129.89070190611824,142.15740841093506,156.4798891014947,160.90057382271044,10.5379127413242,
PP,Producer Prices,554,New Zealand,5532,Producer Price (USD/tonne),0111,Wheat,2012,2012,7021,Annual value,USD,338.7,A,Official figure,NZL,False,False,122.75022327595461,104.69498650707051,111.65677557794167,137.3983528628098,138.30661545629084,133.31863424562349,10.64842973973,
PP,Producer Prices,554,New Zealand,5532,Producer Price (USD/tonne),0111,Wheat,2013,2013,7021,Annual value,USD,326.4,A,Official figure,NZL,False,False,120.14390446093925,106.21599274087434,140.90691300197804,129.1108717873773,119.49987300357218,109.45334619156017,10.6409212747116,
PP,Producer Prices,554,New Zealand,5532,Producer Price (USD/tonne),0111,Wheat,2014,2014,7021,Annual value,USD,360.0,A,Official figure,NZL,False,False,114.98315043593857,112.11017428857667,130.20652445334494,115.8182908031581,110.6162614969274,105.19538929713728,10.7736810383188,
PP,Producer Prices,554,New Zealand,5532,Producer Price (USD/tonne),0111,Wheat,2015,2015,7021,Annual value,USD,246.2,A,Official figure,NZL,False,False,93.0638125181246,96.78279749075053,87.1451487854646,95.87342014077292,89.94109402113435,83.1811851391223,11.3631197214515,
PP,Producer Prices,554,New Zealand,5532,Producer Price (USD/tonne),0111,Wheat,2016,2016,7021,Annual value,USD,211.6,A,Official figure,NZL,False,False,91.95303704593685,91.10702822067289,82.64832676119045,88.30828905606897,99.44264448193826,111.62342556374044,11.4413385056481,
PP,Producer Prices,554,New Zealand,5532,Producer Price (USD/tonne),0111,Wheat,2017,2017,7021,Annual value,USD,213.2,A,Official figure,NZL,False,False,97.9325465965461,97.47103081764828,108.01127219003995,90.98426329355082,101.90947584276995,99.11220417429126,11.5262393633489,
PP,Producer Prices,554,New Zealand,5532,Producer Price (USD/tonne),0111,Wheat,2018,2018,7021,Annual value,USD,256.7,A,Official figure,NZL,False,False,95.75177402259017,94.39851038295467,107.2716875332135,100.82233026984352,87.76107702264312,77.40205315573543,11.3255665553283,
PP,Producer Prices,554,New Zealand,5532,Producer Price (USD/tonne),0111,Wheat,2019,2019,7021,Annual value,USD,296.5,A,Official figure,NZL,False,False,94.93129436453303,99.4754122501492,102.81578202753263,96.60386371200734,83.23927616454294,78.61501498294437,11.5258173901989,
PP,Producer Prices,554,New Zealand,5532,Producer Price (USD/tonne),0111,Wheat,2020,2020,7021,Annual value,USD,269.8,A,Official figure,NZL,False,False,98.05250486501859,95.316293513863,101.8142204334863,103.1167289201083,99.44353567977252,79.52871763805308,13.4141194210952,
PP,Producer Prices,554,New Zealand,5532,Producer Price (USD/tonne),0111,Wheat,2021,2021,7021,Annual value,USD,323.9,A,Official figure,NZL,False,False,125.73406972850047,107.53442746784815,119.59735631930364,131.1533847436843,164.85113256482796,109.33464293018675,11.475669248619,
PP,Producer Prices,554,New Zealand,5532,Producer Price (USD/tonne),0111,Wheat,2022,2022,7021,Annual value,USD,313.9,A,Official figure,NZL,False,False,144.50986636550888,118.33551230992974,149.51050848913766,154.66510013039058,187.77977941529275,114.45579634923097,11.0671792942827,
PP,Producer Prices,554,New Zealand,5532,Producer Price (USD/tonne),0111,Wheat,2023,2023,7021,Annual value,USD,382.6,A,Official figure,NZL,False,False,124.51966645168862,114.10852024490974,123.72456940111083,130.87805882527132,126.29144514063518,144.9803113652603,11.2682320290767,
PP,Producer Prices,554,New Zealand,5532,Producer Price (USD/tonne),0111,Wheat,2024,2024,7021,Annual value,USD,308.7,A,Official figure,NZL,False,False,121.9819961575273,117.25906623977029,129.71297215949022,113.47684568733492,138.06843188494958,125.71292330063521,12.4737636662727,
