country_wb,iso3,year,food_import_pct
Afghanistan,AFG,1962,7.83526679894446
Africa Western and Central,AFW,1962,18.0329623721956
Angola,AGO,1962,19.341475761938
Argentina,ARG,1962,3.89352505199727
Belgium,BEL,1962,13.7796504404069
Benin,BEN,1962,26.366404282406
Burkina Faso,BFA,1962,20.7205921079987
Bolivia,BOL,1962,25.183839979553
Brazil,BRA,1962,15.8595869443941
Brunei Darussalam,BRN,1962,35.1483688582417
Central African Republic,CAF,1962,13.8724557274414
Canada,CAN,1962,11.6613263689534
Switzerland,CHE,1962,16.5526687804139
Chile,CHL,1962,19.3829553057889
Cote d'Ivoire,CIV,1962,18.8597434320862
Cameroon,CMR,1962,18.5437021688288
"Congo, Dem. Rep.",COD,1962,25.6621165029152
"Congo, Rep.",COG,1962,19.3459249115769
Colombia,COL,1962,7.66349322764776
Comoros,COM,1962,38.2026100711838
Germany,DEU,1962,25.589610163604
Djibouti,DJI,1962,29.3321599053111
Denmark,DNK,1962,16.4265554353646
Europe & Central Asia,ECS,1962,23.0788281396046
Ecuador,ECU,1962,13.1989556670638
Euro area,EMU,1962,22.4443175317013
Spain,ESP,1962,19.8132526904676
European Union,EUU,1962,21.9310430144593
France,FRA,1962,23.011633155807
Gabon,GAB,1962,21.676114194449
United Kingdom,GBR,1962,37.1080160206994
Ghana,GHA,1962,20.8273242618307
Greece,GRC,1962,11.9816247713938
High income,HIC,1962,22.0885766350488
"Hong Kong SAR, China",HKG,1962,28.5349914421258
IDA blend,IDB,1962,15.364560221266
India,IND,1962,17.0800125693956
Iceland,ISL,1962,13.2558903221492
Israel,ISR,1962,16.9383678231154
Italy,ITA,1962,16.9264315675252
Jamaica,JAM,1962,23.0427877261334
Japan,JPN,1962,17.3352141447202
Cambodia,KHM,1962,13.4979466894236
"Korea, Rep.",KOR,1962,13.9134859516965
Latin America & Caribbean (excluding high income),LAC,1962,9.70450746406312
Lao PDR,LAO,1962,37.1273873746729
Libya,LBY,1962,11.7274328518363
Latin America & Caribbean,LCN,1962,10.7100292485342
Sri Lanka,LKA,1962,38.7392578513242
Morocco,MAR,1962,29.3747686781335
Madagascar,MDG,1962,13.9773914062395
Mexico,MEX,1962,6.42873877458445
Mali,MLI,1962,19.5347366070983
Myanmar,MMR,1962,13.4268937901212
Mauritania,MRT,1962,5.98132650341152
North America,NAC,1962,21.6898894396234
New Caledonia,NCL,1962,22.7083481578552
Niger,NER,1962,24.252569518729
Nigeria,NGA,1962,14.129950542571
Netherlands,NLD,1962,29.7344070968865
Norway,NOR,1962,12.1354952988322
OECD members,OED,1962,20.925484433438
Pakistan,PAK,1962,14.3419556394781
Panama,PAN,1962,13.7450195471755
Peru,PER,1962,16.4381528764021
Philippines,PHL,1962,15.834687431158
Portugal,PRT,1962,14.4944920553386
Paraguay,PRY,1962,21.3506010300001
Post-demographic dividend,PST,1962,22.3574426831456
French Polynesia,PYF,1962,26.6683159620797
South Asia,SAS,1962,18.0728752339899
Senegal,SEN,1962,32.3358307282206
Singapore,SGP,1962,21.6875164491213
"Somalia, Fed. Rep.",SOM,1962,32.2379382243434
Suriname,SUR,1962,18.2324373833641
Sweden,SWE,1962,12.9272768593549
Chad,TCD,1962,16.367769878283
Togo,TGO,1962,28.7576773345756
Thailand,THA,1962,7.94688778841393
Latin America & the Caribbean (IDA & IBRD countries),TLA,1962,10.7100292485342
South Asia (IDA & IBRD),TSA,1962,18.0728752339899
Tunisia,TUN,1962,25.0898504762515
Turkiye,TUR,1962,12.7747837866833
United States,USA,1962,23.5529412252051
"Venezuela, RB",VEN,1962,16.1137355091855
World,WLD,1962,20.5548545554978
Samoa,WSM,1962,35.3804439461617
Afghanistan,AFG,1963,13.1198638928934
Africa Western and Central,AFW,1963,16.41342911311
Argentina,ARG,1963,4.13659507747678
Australia,AUS,1963,6.42356313777626
Austria,AUT,1963,14.4785422643311
Belgium,BEL,1963,13.2232589389178
Benin,BEN,1963,22.6341631291737
Burkina Faso,BFA,1963,24.9128905008457
Bolivia,BOL,1963,26.4926443877786
Brazil,BRA,1963,17.0645100727179
Brunei Darussalam,BRN,1963,31.9823139384512
Central African Republic,CAF,1963,15.7556620309208
Canada,CAN,1963,12.9223946400352
Switzerland,CHE,1963,16.4614298298433
Chile,CHL,1963,21.4370548144457
Cote d'Ivoire,CIV,1963,17.6836067323058
Cameroon,CMR,1963,14.2617570508036
"Congo, Rep.",COG,1963,20.0556350976436
Colombia,COL,1963,5.50026881149243
Germany,DEU,1963,21.8792014492744
Denmark,DNK,1963,16.1882021278022
Early-demographic dividend,EAR,1963,12.8424060280258
Europe & Central Asia,ECS,1963,20.7912540258665
Ecuador,ECU,1963,9.79118415129886
Euro area,EMU,1963,19.3166904533056
Spain,ESP,1963,22.3647302541759
European Union,EUU,1963,19.0240679596826
Finland,FIN,1963,15.6092727796051
France,FRA,1963,20.8597011754354
Gabon,GAB,1963,18.3262565154724
United Kingdom,GBR,1963,36.8071586491522
Ghana,GHA,1963,15.7315048900109
Greece,GRC,1963,14.0922499287235
High income,HIC,1963,21.3060361135317
"Hong Kong SAR, China",HKG,1963,26.7531704979917
Honduras,HND,1963,12.0316595628099
IDA blend,IDB,1963,17.208842250681
India,IND,1963,15.1979120707817
Ireland,IRL,1963,19.0254433718849
"Iran, Islamic Rep.",IRN,1963,12.8036397410696
Iraq,IRQ,1963,21.4388331719483
Iceland,ISL,1963,11.8896975246505
Israel,ISR,1963,18.2241812863059
Italy,ITA,1963,20.8327688159008
Jamaica,JAM,1963,23.8509288293593
Japan,JPN,1963,20.7643475573489
Cambodia,KHM,1963,11.0704969430454
"Korea, Rep.",KOR,1963,22.540976897267
Latin America & Caribbean (excluding high income),LAC,1963,10.6428048715755
Lao PDR,LAO,1963,30.4510386194039
Liberia,LBR,1963,18.442012562326
Libya,LBY,1963,13.8675273102988
Latin America & Caribbean,LCN,1963,11.5542805716778
Sri Lanka,LKA,1963,43.2483748605673
Morocco,MAR,1963,25.5174641031824
Madagascar,MDG,1963,13.5221327519404
Mexico,MEX,1963,7.94827401787305
Mali,MLI,1963,21.2715833068228
Myanmar,MMR,1963,12.3226807652836
Mauritania,MRT,1963,4.97437009793034
North America,NAC,1963,21.7733909244965
Niger,NER,1963,20.0526353095885
Nigeria,NGA,1963,12.1392642079843
Netherlands,NLD,1963,16.6184894597073
Norway,NOR,1963,12.5474372049764
OECD members,OED,1963,20.2010697379096
Pakistan,PAK,1963,21.9603851995921
Panama,PAN,1963,11.7924969947815
Peru,PER,1963,16.0917859216741
Philippines,PHL,1963,14.4096435880673
Portugal,PRT,1963,15.8517771786
Paraguay,PRY,1963,23.029057660715
Post-demographic dividend,PST,1963,21.4398710962786
South Asia,SAS,1963,16.4837489901229
Sudan,SDN,1963,20.2405450765217
Senegal,SEN,1963,34.2620266904216
Singapore,SGP,1963,23.4894365242131
Sierra Leone,SLE,1963,21.754432140056
El Salvador,SLV,1963,16.4360396246187
Sweden,SWE,1963,13.0834545906428
Chad,TCD,1963,16.2409451644914
Togo,TGO,1963,25.2541883479576
Thailand,THA,1963,7.59758583412238
Latin America & the Caribbean (IDA & IBRD countries),TLA,1963,11.5542805716778
South Asia (IDA & IBRD),TSA,1963,16.4837489901229
Tunisia,TUN,1963,21.2571774394449
Turkiye,TUR,1963,13.8169579895431
United States,USA,1963,23.417680770982
"Venezuela, RB",VEN,1963,14.8978857488796
World,WLD,1963,19.9273252170771
Samoa,WSM,1963,38.7466880119425
Afghanistan,AFG,1964,17.3358407967507
Africa Western and Central,AFW,1964,15.5923134085116
Argentina,ARG,1964,5.90513059717013
Australia,AUS,1964,5.92702599523743
Austria,AUT,1964,13.874014090104
Belgium,BEL,1964,13.4459086147916
Benin,BEN,1964,24.3711120820637
Burkina Faso,BFA,1964,27.091736994991
Bolivia,BOL,1964,23.9103701052076
Brazil,BRA,1964,24.1083069403758
Brunei Darussalam,BRN,1964,25.3685368110254
Central African Republic,CAF,1964,13.7402742229147
Canada,CAN,1964,11.6162721328687
Switzerland,CHE,1964,16.8891525342846
Chile,CHL,1964,20.7122269736427
Cote d'Ivoire,CIV,1964,17.7133853631988
Cameroon,CMR,1964,14.8354452398283
"Congo, Rep.",COG,1964,19.6728423035823
Colombia,COL,1964,9.05270465190204
Germany,DEU,1964,20.2129327161493
Denmark,DNK,1964,15.7183066490519
Early-demographic dividend,EAR,1964,12.226638827612
Europe & Central Asia,ECS,1964,19.1752639837452
Ecuador,ECU,1964,12.1671949475188
Euro area,EMU,1964,18.3528607502654
Spain,ESP,1964,18.2837028790811
European Union,EUU,1964,17.7760662700301
Finland,FIN,1964,12.510292507722
France,FRA,1964,20.5411771383987
Gabon,GAB,1964,18.1200058293172
United Kingdom,GBR,1964,34.0008078903967
Ghana,GHA,1964,18.2966403752594
"Gambia, The",GMB,1964,28.4064189518691
Greece,GRC,1964,14.6434413055279
High income,HIC,1964,20.0957215611527
"Hong Kong SAR, China",HKG,1964,26.9556061159847
Honduras,HND,1964,12.0997647967298
Hungary,HUN,1964,3.84955718455586
IDA blend,IDB,1964,15.4822729724617
India,IND,1964,16.8630383690966
Ireland,IRL,1964,17.8763957617637
"Iran, Islamic Rep.",IRN,1964,16.1909995441839
Iceland,ISL,1964,12.3274395748494
Israel,ISR,1964,15.7892705603654
Italy,ITA,1964,20.9654551004243
Jordan,JOR,1964,29.429339609375
Japan,JPN,1964,21.6384797259099
Cambodia,KHM,1964,10.8134307061337
"Korea, Rep.",KOR,1964,18.1605983844936
Latin America & Caribbean (excluding high income),LAC,1964,11.2205996066911
Lao PDR,LAO,1964,30.9441357192357
Libya,LBY,1964,15.5379023701778
Latin America & Caribbean,LCN,1964,12.0455616711217
Sri Lanka,LKA,1964,51.8230596424302
Morocco,MAR,1964,30.8308408918542
Madagascar,MDG,1964,13.3990037037225
Mexico,MEX,1964,5.35733523746981
Mali,MLI,1964,17.3993313100399
Myanmar,MMR,1964,29.384944762811
Mauritania,MRT,1964,8.26778773557792
Malaysia,MYS,1964,29.921762393606
North America,NAC,1964,20.6126575683235
Niger,NER,1964,15.0004863281556
Nigeria,NGA,1964,9.23744265677605
Netherlands,NLD,1964,16.4123041144483
Norway,NOR,1964,12.0841257380666
New Zealand,NZL,1964,8.88649354661235
OECD members,OED,1964,18.7361425717081
Pakistan,PAK,1964,20.4083850672608
Panama,PAN,1964,13.9561036667605
Peru,PER,1964,17.385537072076
Philippines,PHL,1964,16.7262507114659
Portugal,PRT,1964,15.9990451454801
Paraguay,PRY,1964,19.071297362675
Post-demographic dividend,PST,1964,20.2470985262024
South Asia,SAS,1964,18.4656103619757
Sudan,SDN,1964,24.2627559918943
Senegal,SEN,1964,37.59422667313
Singapore,SGP,1964,23.8084450320983
Sierra Leone,SLE,1964,18.0899157062668
El Salvador,SLV,1964,14.7861845575116
Sweden,SWE,1964,13.1361210008931
Chad,TCD,1964,14.8534056641397
Togo,TGO,1964,22.243363986064
Thailand,THA,1964,7.68015267545227
Latin America & the Caribbean (IDA & IBRD countries),TLA,1964,12.0455616711217
South Asia (IDA & IBRD),TSA,1964,18.4656103619757
Tunisia,TUN,1964,18.6436547250594
Turkiye,TUR,1964,6.77456909173478
United States,USA,1964,22.2839570188224
"Venezuela, RB",VEN,1964,14.3243312373181
World,WLD,1964,19.1414000269997
Samoa,WSM,1964,33.8099476247696
Afghanistan,AFG,1965,17.099850581365
Africa Western and Central,AFW,1965,14.1237678276467
Argentina,ARG,1965,6.5068809086247
Australia,AUS,1965,5.71227115157313
Austria,AUT,1965,15.1625418327008
Burundi,BDI,1965,17.5192343357658
Belgium,BEL,1965,14.3192887385678
Benin,BEN,1965,22.7951998702366
Burkina Faso,BFA,1965,24.8465507980005
Bolivia,BOL,1965,19.8988566915431
Brazil,BRA,1965,19.8182709605454
Brunei Darussalam,BRN,1965,23.5260744108268
Central African Republic,CAF,1965,13.4231460659138
Canada,CAN,1965,9.8113481344217
Switzerland,CHE,1965,17.1247836028437
Chile,CHL,1965,20.0738508550484
Cote d'Ivoire,CIV,1965,18.3442385202153
Cameroon,CMR,1965,12.4940767158079
"Congo, Dem. Rep.",COD,1965,19.3854862753417
"Congo, Rep.",COG,1965,15.4010673292444
Colombia,COL,1965,8.34719287500278
Costa Rica,CRI,1965,9.46264178873874
Germany,DEU,1965,20.7512129423501
Denmark,DNK,1965,15.4539248127158
Early-demographic dividend,EAR,1965,13.7483171821622
Europe & Central Asia,ECS,1965,19.3520643502285
Ecuador,ECU,1965,10.3527070732507
"Egypt, Arab Rep.",EGY,1965,28.4776254448133
Euro area,EMU,1965,19.1272742156473
Spain,ESP,1965,20.2847097511375
European Union,EUU,1965,18.455311704677
Finland,FIN,1965,10.3715823361064
France,FRA,1965,19.9436205909414
Gabon,GAB,1965,15.9594629485013
United Kingdom,GBR,1965,31.6548259441914
Ghana,GHA,1965,12.7849963780103
Greece,GRC,1965,15.5125479117886
Guatemala,GTM,1965,10.9657569306015
High income,HIC,1965,19.323974975113
"Hong Kong SAR, China",HKG,1965,26.139535879034
Honduras,HND,1965,11.9575571891539
Hungary,HUN,1965,4.33851503488662
IDA blend,IDB,1965,14.8335207665263
India,IND,1965,22.0081319867605
Ireland,IRL,1965,19.0948002595573
"Iran, Islamic Rep.",IRN,1965,16.1087272584052
Iceland,ISL,1965,12.6276186335684
Israel,ISR,1965,16.4777138825688
Italy,ITA,1965,24.4526381833471
Jordan,JOR,1965,29.7482206025586
Japan,JPN,1965,22.6966552284957
Cambodia,KHM,1965,6.25581021198311
"Korea, Rep.",KOR,1965,15.0646058973233
Latin America & Caribbean (excluding high income),LAC,1965,10.0698203632516
Lao PDR,LAO,1965,31.9962476383541
Libya,LBY,1965,13.7942252423594
Latin America & Caribbean,LCN,1965,10.8182498507151
Sri Lanka,LKA,1965,41.4072586429957
Lower middle income,LMC,1965,21.846772182512
Morocco,MAR,1965,36.4717821268663
Madagascar,MDG,1965,19.6621644519831
Mexico,MEX,1965,5.21688843531826
Mali,MLI,1965,20.7322272033068
Malta,MLT,1965,33.6732384443895
Myanmar,MMR,1965,14.6971266831103
Mauritania,MRT,1965,8.69814587065531
Malaysia,MYS,1965,27.1897098690867
North America,NAC,1965,18.0756615692601
Niger,NER,1965,13.3696303264323
Nigeria,NGA,1965,9.14200082769154
Nicaragua,NIC,1965,12.6236200337085
Netherlands,NLD,1965,16.1826163282511
Norway,NOR,1965,10.7752536724844
New Zealand,NZL,1965,7.65666182636211
OECD members,OED,1965,18.0168171727958
Pakistan,PAK,1965,20.1622659687086
Panama,PAN,1965,11.5111230485834
Peru,PER,1965,17.294693100138
Philippines,PHL,1965,20.3542130974809
Portugal,PRT,1965,16.4816685764697
Paraguay,PRY,1965,13.6320163833594
Post-demographic dividend,PST,1965,19.5171323415535
South Asia,SAS,1965,22.8973905150243
Sudan,SDN,1965,24.367375904428
Senegal,SEN,1965,36.8919767623284
Singapore,SGP,1965,23.732224187585
El Salvador,SLV,1965,15.6572220567691
Suriname,SUR,1965,11.7472705681457
Sweden,SWE,1965,11.9936815338569
Chad,TCD,1965,13.2481910202587
Togo,TGO,1965,17.7052400562359
Thailand,THA,1965,6.97368649018466
Latin America & the Caribbean (IDA & IBRD countries),TLA,1965,10.8182498507151
South Asia (IDA & IBRD),TSA,1965,22.8973905150243
Tunisia,TUN,1965,16.2044175155589
Turkiye,TUR,1965,5.97685406416812
United States,USA,1965,19.6109606737163
"Venezuela, RB",VEN,1965,12.2427755901261
World,WLD,1965,18.5437968533142
Samoa,WSM,1965,36.3712065167281
Afghanistan,AFG,1966,20.8006767904764
Africa Western and Central,AFW,1966,15.9349039520446
Argentina,ARG,1966,6.65772759473769
Australia,AUS,1966,5.65764012120217
Austria,AUT,1966,14.0959668709441
Belgium,BEL,1966,13.717131650242
Benin,BEN,1966,24.6925546187054
Burkina Faso,BFA,1966,28.3457661689488
Bolivia,BOL,1966,18.6362370903053
Brazil,BRA,1966,18.8171931179456
Brunei Darussalam,BRN,1966,21.1758163349933
Central African Republic,CAF,1966,14.6666949755361
Canada,CAN,1966,9.01231295852714
Switzerland,CHE,1966,16.5298076631534
Chile,CHL,1966,18.5056470678468
Cote d'Ivoire,CIV,1966,20.6999938951518
Cameroon,CMR,1966,11.9111991055719
"Congo, Rep.",COG,1966,14.7660061114118
Colombia,COL,1966,10.7202475814459
Costa Rica,CRI,1966,10.5249125896565
Germany,DEU,1966,21.8186153041136
Denmark,DNK,1966,14.7815686744274
Algeria,DZA,1966,25.7783651346075
Early-demographic dividend,EAR,1966,16.3457982497005
Europe & Central Asia,ECS,1966,19.2012488862049
Ecuador,ECU,1966,13.2886741256898
"Egypt, Arab Rep.",EGY,1966,28.5763407597752
Euro area,EMU,1966,18.9460882296945
Spain,ESP,1966,19.7400730035183
European Union,EUU,1966,18.555939197055
Finland,FIN,1966,11.0988038591712
France,FRA,1966,18.8107946812508
Gabon,GAB,1966,15.2714916069975
United Kingdom,GBR,1966,30.6128436737154
Ghana,GHA,1966,17.6738667831226
Greece,GRC,1966,13.9713314209368
Guatemala,GTM,1966,11.4892088520194
High income,HIC,1966,18.8625168973063
"Hong Kong SAR, China",HKG,1966,25.1901378292412
Honduras,HND,1966,11.7644405673898
Hungary,HUN,1966,15.2701356703029
IDA blend,IDB,1966,14.0282623679364
India,IND,1966,34.1490195409254
Ireland,IRL,1966,18.3918834700258
"Iran, Islamic Rep.",IRN,1966,9.91276552881555
Iceland,ISL,1966,11.1963429818374
Israel,ISR,1966,19.9972704424544
Italy,ITA,1966,23.5652957630876
Jordan,JOR,1966,30.0037386922911
Japan,JPN,1966,22.5506072812597
Cambodia,KHM,1966,6.29189458675916
"Korea, Rep.",KOR,1966,13.5240950739973
Latin America & Caribbean (excluding high income),LAC,1966,9.77368856063996
Lao PDR,LAO,1966,40.8865517363413
Libya,LBY,1966,15.6441175839723
Latin America & Caribbean,LCN,1966,10.4588284400444
Sri Lanka,LKA,1966,47.862869817962
Lower middle income,LMC,1966,27.0602068832841
Morocco,MAR,1966,32.3769642254137
Madagascar,MDG,1966,14.6410426894837
Mexico,MEX,1966,4.69579779768704
Mali,MLI,1966,21.4773133748813
Malta,MLT,1966,33.4159643545171
Myanmar,MMR,1966,13.2309039257339
"Middle East, North Africa, Afghanistan & Pakistan (excluding high income)",MNA,1966,22.6317020194354
Mauritania,MRT,1966,14.2844665650868
Malawi,MWI,1966,19.4235286396009
Malaysia,MYS,1966,25.7552492799216
North America,NAC,1966,17.2174764840208
Niger,NER,1966,14.1767876140533
Nigeria,NGA,1966,11.017468240778
Nicaragua,NIC,1966,10.6482881907828
Netherlands,NLD,1966,15.8286373465558
Norway,NOR,1966,10.8553033101997
New Zealand,NZL,1966,6.61502666891505
OECD members,OED,1966,17.62004680377
Pakistan,PAK,1966,15.7490104999301
Panama,PAN,1966,11.131382981442
Peru,PER,1966,16.4692013164092
Philippines,PHL,1966,15.8421919185988
Portugal,PRT,1966,17.3216921484307
Paraguay,PRY,1966,12.9450418554715
Post-demographic dividend,PST,1966,19.0675662748037
South Asia,SAS,1966,34.7776642490246
Sudan,SDN,1966,22.6622947820166
Senegal,SEN,1966,36.0273324630879
Singapore,SGP,1966,22.5770148980192
El Salvador,SLV,1966,16.3186760359683
"Somalia, Fed. Rep.",SOM,1966,32.441624491527
Sweden,SWE,1966,12.7978796797373
Chad,TCD,1966,12.9206709903988
Togo,TGO,1966,23.1169375468584
Thailand,THA,1966,12.087012657947
Latin America & the Caribbean (IDA & IBRD countries),TLA,1966,10.4588284400444
"Middle East, North Africa, Afghanistan & Pakistan (IDA & IBRD)",TMN,1966,22.6317020194354
South Asia (IDA & IBRD),TSA,1966,34.7776642490246
Tunisia,TUN,1966,19.7453670242565
Turkiye,TUR,1966,4.26360994883262
United States,USA,1966,18.7417870407214
"Venezuela, RB",VEN,1966,11.8547895170071
World,WLD,1966,18.5482009023527
Samoa,WSM,1966,49.7923442701321
Zambia,ZMB,1966,10.3170786057449
Afghanistan,AFG,1967,20.8816634027342
Africa Western and Central,AFW,1967,15.6311642722092
Argentina,ARG,1967,6.58288376847721
Australia,AUS,1967,5.70567963868086
Austria,AUT,1967,12.7665789504352
Belgium,BEL,1967,14.9527623681113
Benin,BEN,1967,21.8383501801196
Burkina Faso,BFA,1967,26.982493571381
Bolivia,BOL,1967,20.5548953046345
Brazil,BRA,1967,20.0035707116468
Barbados,BRB,1967,27.6839984813611
Brunei Darussalam,BRN,1967,26.3156565377813
Central African Republic,CAF,1967,13.7786031535796
Canada,CAN,1967,8.62159355888779
Switzerland,CHE,1967,15.9784731078872
Chile,CHL,1967,16.7749684747394
Cote d'Ivoire,CIV,1967,15.8372019962605
Cameroon,CMR,1967,12.1775890560868
"Congo, Rep.",COG,1967,14.1862357054494
Colombia,COL,1967,7.35238641927331
Costa Rica,CRI,1967,11.942104890888
Germany,DEU,1967,20.3703404105007
Denmark,DNK,1967,13.5390265102537
Early-demographic dividend,EAR,1967,15.1784250024719
Europe & Central Asia,ECS,1967,18.0784133546647
Ecuador,ECU,1967,11.0122761440903
"Egypt, Arab Rep.",EGY,1967,41.9878252840111
Euro area,EMU,1967,18.2041242892917
Spain,ESP,1967,19.6167387074101
European Union,EUU,1967,17.5760724952533
Finland,FIN,1967,11.2321111212969
Fiji,FJI,1967,25.6270199816193
France,FRA,1967,17.3726234413776
Gabon,GAB,1967,15.6271582601887
United Kingdom,GBR,1967,28.9496392895799
Ghana,GHA,1967,19.3417760880809
Greece,GRC,1967,14.759965798085
Guatemala,GTM,1967,12.6938332572706
High income,HIC,1967,17.9471436959853
"Hong Kong SAR, China",HKG,1967,25.4341064635064
Honduras,HND,1967,12.1162140251632
Heavily indebted poor countries (HIPC),HPC,1967,17.5529668245478
Hungary,HUN,1967,4.54277373552168
IDA blend,IDB,1967,15.7792979575891
Indonesia,IDN,1967,9.25912396093395
India,IND,1967,32.0856191349502
Ireland,IRL,1967,17.6036267755086
"Iran, Islamic Rep.",IRN,1967,7.45760862118625
Iceland,ISL,1967,12.2400311300661
Israel,ISR,1967,18.9944545120678
Italy,ITA,1967,21.4663393089179
Jordan,JOR,1967,29.9325747204329
Japan,JPN,1967,19.4660106425987
Cambodia,KHM,1967,7.981380719942
"Korea, Rep.",KOR,1967,10.659605665284
Latin America & Caribbean (excluding high income),LAC,1967,9.55479374300953
Lao PDR,LAO,1967,38.0953847786517
Lebanon,LBN,1967,30.3720204136593
Liberia,LBR,1967,17.0835540139754
Libya,LBY,1967,18.2323577354412
Latin America & Caribbean,LCN,1967,10.2132802213976
Sri Lanka,LKA,1967,45.652129756818
Lower middle income,LMC,1967,27.5810063206666
Morocco,MAR,1967,31.4941696646615
Madagascar,MDG,1967,11.4319590320602
Mexico,MEX,1967,4.17434822646255
Mali,MLI,1967,18.386115350784
Malta,MLT,1967,32.4745012627234
Myanmar,MMR,1967,14.4921639939993
"Middle East, North Africa, Afghanistan & Pakistan (excluding high income)",MNA,1967,26.7954649686518
Mauritania,MRT,1967,17.1442931037367
Malawi,MWI,1967,16.9124015364983
Malaysia,MYS,1967,26.6351997321636
North America,NAC,1967,16.7033447695243
Niger,NER,1967,16.2127471778603
Nigeria,NGA,1967,10.470268957365
Nicaragua,NIC,1967,9.5954177251319
Netherlands,NLD,1967,16.2090987979342
Norway,NOR,1967,9.46570066003993
New Zealand,NZL,1967,7.02283220188366
OECD members,OED,1967,16.5046309596212
Pakistan,PAK,1967,21.5492599787595
Panama,PAN,1967,10.0106095865047
Peru,PER,1967,16.7824035719931
Philippines,PHL,1967,16.1450322815668
Portugal,PRT,1967,18.9554566346693
Paraguay,PRY,1967,15.0515715372004
Post-demographic dividend,PST,1967,18.0689490354379
South Asia,SAS,1967,32.707509773795
Sudan,SDN,1967,23.205844906965
Senegal,SEN,1967,38.4223950075462
Singapore,SGP,1967,22.029734159677
El Salvador,SLV,1967,14.7581097130993
Sweden,SWE,1967,12.1917664277123
Chad,TCD,1967,15.5540066278588
Togo,TGO,1967,23.2415063739752
Thailand,THA,1967,6.23561092748066
Latin America & the Caribbean (IDA & IBRD countries),TLA,1967,10.2132802213976
"Middle East, North Africa, Afghanistan & Pakistan (IDA & IBRD)",TMN,1967,26.7954649686518
South Asia (IDA & IBRD),TSA,1967,32.707509773795
Tunisia,TUN,1967,27.2966148187436
Turkiye,TUR,1967,1.45301589564307
United States,USA,1967,18.2047284590419
"Venezuela, RB",VEN,1967,12.660981596184
World,WLD,1967,17.5815738264078
Samoa,WSM,1967,39.9371430513874
Zambia,ZMB,1967,8.40968839814127
Afghanistan,AFG,1968,16.00906677632
Africa Western and Central,AFW,1968,14.9407151181389
Argentina,ARG,1968,5.50863981439474
Australia,AUS,1968,5.55501883240323
Austria,AUT,1968,11.348829355728
Belgium,BEL,1968,13.3203410598275
Benin,BEN,1968,21.8034312497349
Burkina Faso,BFA,1968,21.5258392934106
Bolivia,BOL,1968,17.6442976594512
Brazil,BRA,1968,16.3895612554279
Barbados,BRB,1968,26.5082116626712
Brunei Darussalam,BRN,1968,19.13104270004
Central African Republic,CAF,1968,14.8092717306504
Canada,CAN,1968,7.88161873167986
Switzerland,CHE,1968,14.0982783067681
Chile,CHL,1968,17.208924810553
Cote d'Ivoire,CIV,1968,16.6264575088474
Cameroon,CMR,1968,14.5630106851539
"Congo, Rep.",COG,1968,14.7347105555182
Colombia,COL,1968,7.70131234207193
Costa Rica,CRI,1968,12.8169319741918
Germany,DEU,1968,19.2312899942379
Denmark,DNK,1968,12.1061074766914
Algeria,DZA,1968,19.2985469326227
Early-demographic dividend,EAR,1968,15.6811407040654
Europe & Central Asia,ECS,1968,16.6920316989639
Ecuador,ECU,1968,9.26714241856461
"Egypt, Arab Rep.",EGY,1968,33.962032295952
Euro area,EMU,1968,17.0810321997862
Spain,ESP,1968,17.8981927446963
European Union,EUU,1968,16.4664190284974
Finland,FIN,1968,10.9496565781585
Fiji,FJI,1968,22.7089636239559
France,FRA,1968,15.5808301905799
Gabon,GAB,1968,16.9004171303349
United Kingdom,GBR,1968,25.4833798231379
Ghana,GHA,1968,19.1206777272678
Greece,GRC,1968,12.5982031860775
Guatemala,GTM,1968,11.0053869214013
High income,HIC,1968,16.9296473259794
"Hong Kong SAR, China",HKG,1968,22.4060389533364
Honduras,HND,1968,12.6021405467436
Hungary,HUN,1968,3.29669380308494
IDA blend,IDB,1968,14.1020680833892
Indonesia,IDN,1968,24.9861105616296
India,IND,1968,25.0445436582352
Ireland,IRL,1968,16.8707301382987
"Iran, Islamic Rep.",IRN,1968,8.04103151898436
Iceland,ISL,1968,13.4878416956079
Israel,ISR,1968,14.812771621245
Italy,ITA,1968,21.3518116996348
Jordan,JOR,1968,31.2042595968666
Japan,JPN,1968,18.075936083116
Cambodia,KHM,1968,7.29996642787384
"Korea, Rep.",KOR,1968,12.1890999619862
Latin America & Caribbean (excluding high income),LAC,1968,8.71326048743698
Lao PDR,LAO,1968,38.4932538929998
Lebanon,LBN,1968,27.1142476867743
Libya,LBY,1968,13.7866065527326
Latin America & Caribbean,LCN,1968,9.52741172455127
Sri Lanka,LKA,1968,46.1015992409091
Lower middle income,LMC,1968,22.9181699344541
Morocco,MAR,1968,26.669387230192
Madagascar,MDG,1968,11.2370008166332
Mexico,MEX,1968,3.76626866082164
Mali,MLI,1968,22.2429633617347
Malta,MLT,1968,29.2930341086444
Myanmar,MMR,1968,5.13816431076314
"Middle East, North Africa, Afghanistan & Pakistan (excluding high income)",MNA,1968,22.5450569745252
Mauritania,MRT,1968,25.6981092851983
Malawi,MWI,1968,13.6010353030727
Malaysia,MYS,1968,25.0189688851423
North America,NAC,1968,15.4973720770189
Niger,NER,1968,13.631872419271
Nigeria,NGA,1968,8.1025681287955
Nicaragua,NIC,1968,11.1596589714307
Netherlands,NLD,1968,16.1204704999509
Norway,NOR,1968,9.93915688378053
New Zealand,NZL,1968,7.42914791817646
OECD members,OED,1968,15.3788301315194
Pakistan,PAK,1968,19.0093186321648
Panama,PAN,1968,9.97063262420597
Peru,PER,1968,21.7864676726856
Philippines,PHL,1968,13.248665382171
Portugal,PRT,1968,15.7008772454599
Paraguay,PRY,1968,17.4543442761336
Post-demographic dividend,PST,1968,16.7771571241745
South Asia,SAS,1968,26.0098018674752
Saudi Arabia,SAU,1968,31.3287493173731
Sudan,SDN,1968,21.3592478665016
Senegal,SEN,1968,37.2080691676537
Singapore,SGP,1968,20.6435976750612
El Salvador,SLV,1968,17.6284241776233
Sweden,SWE,1968,11.7267523572642
Chad,TCD,1968,13.2858126229124
Togo,TGO,1968,19.3431583060948
Thailand,THA,1968,6.75854178831108
Latin America & the Caribbean (IDA & IBRD countries),TLA,1968,9.52741172455128
"Middle East, North Africa, Afghanistan & Pakistan (IDA & IBRD)",TMN,1968,22.5450569745252
South Asia (IDA & IBRD),TSA,1968,26.0098018674752
Trinidad and Tobago,TTO,1968,11.67685937485
Tunisia,TUN,1968,23.69452199071
Turkiye,TUR,1968,0.872249451672279
United States,USA,1968,16.9121852230896
"Venezuela, RB",VEN,1968,11.9590852377297
World,WLD,1968,16.5501129626787
Samoa,WSM,1968,40.9432388242117
Afghanistan,AFG,1969,20.5806444720536
Africa Western and Central,AFW,1969,14.1054682875294
Angola,AGO,1969,15.1310872822905
Argentina,ARG,1969,6.81812291536465
Australia,AUS,1969,5.68169593902625
Austria,AUT,1969,10.2346126353051
Belgium,BEL,1969,12.607839032072
Benin,BEN,1969,19.5642264893637
Burkina Faso,BFA,1969,19.3532348142038
Bolivia,BOL,1969,17.3091000769798
Brazil,BRA,1969,13.9177561673266
Barbados,BRB,1969,25.1397023822056
Brunei Darussalam,BRN,1969,19.4001269545333
Central African Republic,CAF,1969,15.0346120837193
Canada,CAN,1969,7.99570638841096
Switzerland,CHE,1969,13.6418948315902
Chile,CHL,1969,16.9714284299425
Cote d'Ivoire,CIV,1969,14.8292205470872
Cameroon,CMR,1969,11.905782236343
Colombia,COL,1969,7.96041047503711
Costa Rica,CRI,1969,10.3429278702251
Germany,DEU,1969,18.6501739061237
Denmark,DNK,1969,10.4759158923796
Algeria,DZA,1969,15.7147290285177
Early-demographic dividend,EAR,1969,13.8439921723445
Europe & Central Asia,ECS,1969,16.0973541973215
Ecuador,ECU,1969,8.09918949770469
"Egypt, Arab Rep.",EGY,1969,26.1414665362184
Euro area,EMU,1969,16.3708944904209
Spain,ESP,1969,16.9435562120005
European Union,EUU,1969,15.7547524121036
Finland,FIN,1969,9.96474856798019
Fiji,FJI,1969,22.9080096887183
France,FRA,1969,14.9611069827065
Gabon,GAB,1969,14.3820627430639
United Kingdom,GBR,1969,24.6017074950525
Ghana,GHA,1969,17.6785570565679
Greece,GRC,1969,12.4134120101934
Guatemala,GTM,1969,9.73063611681409
High income,HIC,1969,16.2024986233362
"Hong Kong SAR, China",HKG,1969,21.3284134334556
Honduras,HND,1969,11.4677801428164
Hungary,HUN,1969,3.92671820288387
Indonesia,IDN,1969,15.5624336931214
India,IND,1969,23.3030434476827
Ireland,IRL,1969,14.5540630360808
"Iran, Islamic Rep.",IRN,1969,4.91898907178078
Iceland,ISL,1969,14.6825256668619
Israel,ISR,1969,12.9172614189775
Italy,ITA,1969,20.0701916137005
Jordan,JOR,1969,29.4157569445532
Japan,JPN,1969,17.4860636466026
Cambodia,KHM,1969,10.0605836364106
"Korea, Rep.",KOR,1969,17.5827685446509
Latin America & Caribbean (excluding high income),LAC,1969,8.20829119372672
Lao PDR,LAO,1969,31.3546575773931
Lebanon,LBN,1969,23.9468157849939
Libya,LBY,1969,14.1789893006849
Latin America & Caribbean,LCN,1969,9.01577804245522
Sri Lanka,LKA,1969,37.8135070783273
Lower middle income,LMC,1969,20.1645909399448
Morocco,MAR,1969,18.570232255418
Madagascar,MDG,1969,13.4672224006886
Mexico,MEX,1969,3.73254903698316
Mali,MLI,1969,15.6871780107313
Malta,MLT,1969,27.4205050650149
Myanmar,MMR,1969,5.56928710659254
"Middle East, North Africa, Afghanistan & Pakistan (excluding high income)",MNA,1969,17.574706638701
Malawi,MWI,1969,12.2939406993011
Malaysia,MYS,1969,23.7964519633124
North America,NAC,1969,14.1305022414412
Niger,NER,1969,13.4447432040584
Nigeria,NGA,1969,8.78448452234804
Nicaragua,NIC,1969,9.33592908156873
Netherlands,NLD,1969,16.026080961162
Norway,NOR,1969,9.01451515281955
New Zealand,NZL,1969,6.52227876375834
OECD members,OED,1969,14.8677986060992
Pakistan,PAK,1969,8.35544036507234
Panama,PAN,1969,9.63155956611975
Peru,PER,1969,21.7232303879291
Philippines,PHL,1969,12.7912290359123
Portugal,PRT,1969,14.918694775684
Paraguay,PRY,1969,22.1714473318408
Post-demographic dividend,PST,1969,16.107757094595
South Asia,SAS,1969,23.9682050171323
Saudi Arabia,SAU,1969,27.7807590757825
Sudan,SDN,1969,13.9969773046482
Senegal,SEN,1969,34.8021465753769
Singapore,SGP,1969,18.0511706117175
El Salvador,SLV,1969,15.4474477328763
Sweden,SWE,1969,10.6514526636997
Chad,TCD,1969,20.8726589963097
Togo,TGO,1969,22.3467522834907
Thailand,THA,1969,7.08889105317735
Latin America & the Caribbean (IDA & IBRD countries),TLA,1969,9.01577804245522
"Middle East, North Africa, Afghanistan & Pakistan (IDA & IBRD)",TMN,1969,17.574706638701
South Asia (IDA & IBRD),TSA,1969,23.9682050171323
Trinidad and Tobago,TTO,1969,12.4326234138584
Tunisia,TUN,1969,25.4278891245241
Turkiye,TUR,1969,3.16723780955195
United States,USA,1969,15.270191176698
"Venezuela, RB",VEN,1969,11.3015931051964
World,WLD,1969,15.6525745937337
Samoa,WSM,1969,33.3929670662263
Afghanistan,AFG,1970,20.5416003093413
Africa Western and Central,AFW,1970,15.8834040006439
Angola,AGO,1970,15.6796214496573
Argentina,ARG,1970,5.82383922615393
Australia,AUS,1970,5.59045637688376
Austria,AUT,1970,9.53034457966169
Belgium,BEL,1970,13.0752088506188
Benin,BEN,1970,17.8162044039503
Burkina Faso,BFA,1970,20.4375785481473
Bahrain,BHR,1970,20.3566122451813
Bolivia,BOL,1970,20.1689779727791
Brazil,BRA,1970,10.9129252819961
Barbados,BRB,1970,24.5296252440348
Brunei Darussalam,BRN,1970,17.1590438897142
Central African Republic,CAF,1970,16.9363475730995
Canada,CAN,1970,8.63523518557344
Switzerland,CHE,1970,13.1699220496222
Chile,CHL,1970,14.6386430145635
Cote d'Ivoire,CIV,1970,15.9009292520116
Cameroon,CMR,1970,19.697690983171
"Congo, Dem. Rep.",COD,1970,15.6791478853874
"Congo, Rep.",COG,1970,20.1098673709085
Colombia,COL,1970,7.69159097885454
Costa Rica,CRI,1970,10.8785544063503
Cyprus,CYP,1970,16.0954623417674
Germany,DEU,1970,16.9411650801484
Denmark,DNK,1970,11.2569980847992
Algeria,DZA,1970,12.7373195973256
Early-demographic dividend,EAR,1970,13.5400285857239
Europe & Central Asia,ECS,1970,15.5910292184429
Ecuador,ECU,1970,7.91896933686616
"Egypt, Arab Rep.",EGY,1970,23.2237377821175
Euro area,EMU,1970,15.4668018777754
Spain,ESP,1970,15.6484842344615
European Union,EUU,1970,14.9702979748025
Finland,FIN,1970,9.82188396024666
Fiji,FJI,1970,22.0880928106351
France,FRA,1970,14.7880642992648
Gabon,GAB,1970,14.2613814152967
United Kingdom,GBR,1970,24.2437308589271
Ghana,GHA,1970,20.8537939123516
"Gambia, The",GMB,1970,31.6811061143644
Guinea-Bissau,GNB,1970,31.1250194881239
Greece,GRC,1970,10.9009888559278
Guatemala,GTM,1970,10.9790225312745
Guyana,GUY,1970,15.8527791244812
High income,HIC,1970,15.7272162735536
"Hong Kong SAR, China",HKG,1970,19.9351233089287
Honduras,HND,1970,11.6490271296636
Heavily indebted poor countries (HIPC),HPC,1970,18.5676472267812
Haiti,HTI,1970,20.8149410752313
Hungary,HUN,1970,4.96739308807571
IDA blend,IDB,1970,15.5523667770248
Indonesia,IDN,1970,15.3722145561628
India,IND,1970,20.9241411734079
Ireland,IRL,1970,14.2108165291011
"Iran, Islamic Rep.",IRN,1970,6.54963986607168
Iceland,ISL,1970,14.006962548524
Israel,ISR,1970,14.0360689216145
Italy,ITA,1970,19.0498781912528
Jordan,JOR,1970,31.0405793482387
Japan,JPN,1970,16.9185079935803
Cambodia,KHM,1970,10.0744434399909
"Korea, Rep.",KOR,1970,17.2247023209261
Kuwait,KWT,1970,19.7907184578847
Latin America & Caribbean (excluding high income),LAC,1970,9.23141250920838
Lao PDR,LAO,1970,23.8513597298245
Lebanon,LBN,1970,25.0690811873613
Liberia,LBR,1970,16.8827540393645
Libya,LBY,1970,22.586664137765
Latin America & Caribbean,LCN,1970,9.7457477918356
Sri Lanka,LKA,1970,46.9801026025258
Lower middle income,LMC,1970,19.8050878890659
Morocco,MAR,1970,20.6646398809891
Madagascar,MDG,1970,12.4222829825773
Mexico,MEX,1970,7.35723359058125
Mali,MLI,1970,28.7873341612024
Malta,MLT,1970,26.0289861612302
Myanmar,MMR,1970,7.04252592102402
"Middle East, North Africa, Afghanistan & Pakistan (excluding high income)",MNA,1970,19.443225702372
Mauritania,MRT,1970,23.4131524045353
Mauritius,MUS,1970,36.3642899693382
Malawi,MWI,1970,18.1136668836279
Malaysia,MYS,1970,21.5309879062641
North America,NAC,1970,14.9508303953643
Niger,NER,1970,14.1798002279083
Nigeria,NGA,1970,8.24463632817727
Nicaragua,NIC,1970,9.81080301584
Netherlands,NLD,1970,15.1491921131037
Norway,NOR,1970,7.69412031967065
New Zealand,NZL,1970,6.90259775517961
OECD members,OED,1970,14.919493495602
Pakistan,PAK,1970,20.9090071407348
Panama,PAN,1970,9.9866866902174
Peru,PER,1970,20.1389466838078
Philippines,PHL,1970,11.2200175837745
Portugal,PRT,1970,13.6586536531962
Paraguay,PRY,1970,19.1273885451904
Pacific island small states,PSS,1970,24.369024771814
Post-demographic dividend,PST,1970,15.7924564580106
South Asia,SAS,1970,22.1185498869315
Sudan,SDN,1970,21.2717789040841
Senegal,SEN,1970,28.9410603511555
Singapore,SGP,1970,16.398516387496
Solomon Islands,SLB,1970,27.1822890707314
El Salvador,SLV,1970,13.909402782694
"Somalia, Fed. Rep.",SOM,1970,33.6672186832715
Sweden,SWE,1970,10.8116906718993
Chad,TCD,1970,20.6250574160525
Togo,TGO,1970,23.1121868847942
Thailand,THA,1970,5.39252828527172
Latin America & the Caribbean (IDA & IBRD countries),TLA,1970,9.7457477918356
"Middle East, North Africa, Afghanistan & Pakistan (IDA & IBRD)",TMN,1970,19.443225702372
South Asia (IDA & IBRD),TSA,1970,22.1185498869315
Trinidad and Tobago,TTO,1970,11.2552549265963
Tunisia,TUN,1970,27.8608396739673
Turkiye,TUR,1970,7.6313481796965
Uruguay,URY,1970,12.6797014129278
United States,USA,1970,16.124107249655
"Venezuela, RB",VEN,1970,10.4039729765608
Virgin Islands (U.S.),VIR,1970,11.5579516857283
Vanuatu,VUT,1970,29.0870376066691
World,WLD,1970,15.3492401034722
Samoa,WSM,1970,28.9623604524776
Zambia,ZMB,1970,10.5971463393379
Afghanistan,AFG,1971,25.4323707121459
Africa Western and Central,AFW,1971,14.9682728954898
Angola,AGO,1971,13.39212281824
Argentina,ARG,1971,5.0483696753398
Australia,AUS,1971,5.59286780436645
Austria,AUT,1971,9.61243334866787
Belgium,BEL,1971,13.2504639278565
Benin,BEN,1971,17.1579714575736
Burkina Faso,BFA,1971,22.0054511221418
Bahrain,BHR,1971,12.0338113935531
Bermuda,BMU,1971,25.2375431864066
Bolivia,BOL,1971,21.6947795520219
Brazil,BRA,1971,8.89696099442917
Barbados,BRB,1971,25.5748049457047
Brunei Darussalam,BRN,1971,10.2982098887169
Central African Republic,CAF,1971,18.9572354301621
Canada,CAN,1971,7.92200271112654
Switzerland,CHE,1971,13.0811898244832
Chile,CHL,1971,17.7346859053738
Cote d'Ivoire,CIV,1971,16.070609265524
Cameroon,CMR,1971,13.5413973415301
"Congo, Rep.",COG,1971,16.2664506442036
Colombia,COL,1971,10.3099375871281
Costa Rica,CRI,1971,12.2205749756137
Cyprus,CYP,1971,15.8048643946603
Germany,DEU,1971,20.7897679264628
Denmark,DNK,1971,11.4448541675861
Algeria,DZA,1971,15.6301393223539
Early-demographic dividend,EAR,1971,11.2294408816585
Europe & Central Asia,ECS,1971,16.2685423411774
Ecuador,ECU,1971,6.76744438194413
"Egypt, Arab Rep.",EGY,1971,29.5728221662263
Euro area,EMU,1971,16.9031735231142
Spain,ESP,1971,17.5602706297443
European Union,EUU,1971,16.2712297449536
Finland,FIN,1971,7.20740603935493
Fiji,FJI,1971,22.0681958814109
France,FRA,1971,14.0686211682009
Gabon,GAB,1971,14.0460156621273
United Kingdom,GBR,1971,23.6457255961207
Ghana,GHA,1971,16.3757523934054
"Gambia, The",GMB,1971,25.868815524463
Guinea-Bissau,GNB,1971,37.5953948199002
Greece,GRC,1971,12.0946833388525
Guatemala,GTM,1971,10.1129614504107
Guyana,GUY,1971,17.9617642717545
High income,HIC,1971,15.8689639676232
"Hong Kong SAR, China",HKG,1971,20.0379111837133
Honduras,HND,1971,9.68062460405902
Heavily indebted poor countries (HIPC),HPC,1971,18.3107329925006
Haiti,HTI,1971,24.1067999766897
Hungary,HUN,1971,4.22816850076353
IDA blend,IDB,1971,14.4343937834701
Indonesia,IDN,1971,9.42213040750967
India,IND,1971,14.5837681650156
Ireland,IRL,1971,12.6933793397688
"Iran, Islamic Rep.",IRN,1971,10.648019101746
Iceland,ISL,1971,10.3170444069585
Israel,ISR,1971,13.6799271375938
Italy,ITA,1971,21.7275358419595
Jordan,JOR,1971,30.1949972638989
Japan,JPN,1971,18.1839541159188
Cambodia,KHM,1971,20.7992700165238
"Korea, Rep.",KOR,1971,18.2333954415411
Kuwait,KWT,1971,20.7578060176207
Latin America & Caribbean (excluding high income),LAC,1971,8.30801879345827
Lao PDR,LAO,1971,25.3522976159007
Lebanon,LBN,1971,23.536661708377
Liberia,LBR,1971,18.3683459718402
Libya,LBY,1971,22.2578733760157
Latin America & Caribbean,LCN,1971,9.20688900565905
Sri Lanka,LKA,1971,46.8534289883577
Lower middle income,LMC,1971,17.6088657825322
Morocco,MAR,1971,24.8318089235286
Madagascar,MDG,1971,15.1067829398856
Mexico,MEX,1971,6.54332771893348
Mali,MLI,1971,29.1512763580461
Malta,MLT,1971,29.727004538465
Myanmar,MMR,1971,7.39944587864101
"Middle East, North Africa, Afghanistan & Pakistan (excluding high income)",MNA,1971,21.5785449636581
Mauritania,MRT,1971,24.0116946574352
Mauritius,MUS,1971,33.9935163839789
Malawi,MWI,1971,12.3042137753842
Malaysia,MYS,1971,20.1872858465493
North America,NAC,1971,13.5057764942687
Niger,NER,1971,13.0011117548473
Nigeria,NGA,1971,8.62537383183015
Nicaragua,NIC,1971,10.537701337667
Netherlands,NLD,1971,14.9859482601102
Norway,NOR,1971,7.18615885008377
New Zealand,NZL,1971,7.05511736928152
OECD members,OED,1971,14.998796509332
Pakistan,PAK,1971,19.029161516921
Panama,PAN,1971,12.3335235771732
Peru,PER,1971,17.2715389123894
Philippines,PHL,1971,13.6396345402011
Papua New Guinea,PNG,1971,18.8675988235664
Portugal,PRT,1971,15.4333171797959
Paraguay,PRY,1971,17.5684999208005
Pacific island small states,PSS,1971,23.9370080706849
Post-demographic dividend,PST,1971,15.9901098381013
South Asia,SAS,1971,16.0630136795096
Sudan,SDN,1971,21.0164343563708
Senegal,SEN,1971,32.2458928684234
Singapore,SGP,1971,15.527973339302
Solomon Islands,SLB,1971,20.987662722488
El Salvador,SLV,1971,12.5659637506667
"Somalia, Fed. Rep.",SOM,1971,37.7133465400128
Sweden,SWE,1971,10.5826081935945
Seychelles,SYC,1971,28.8281124958258
Chad,TCD,1971,19.5873940364572
Togo,TGO,1971,19.6801618832477
Thailand,THA,1971,5.97999627553419
Latin America & the Caribbean (IDA & IBRD countries),TLA,1971,9.20688900565905
"Middle East, North Africa, Afghanistan & Pakistan (IDA & IBRD)",TMN,1971,21.5785449636581
South Asia (IDA & IBRD),TSA,1971,16.0630136795096
Trinidad and Tobago,TTO,1971,10.0649061739191
Tunisia,TUN,1971,22.7986534547613
Turkiye,TUR,1971,2.01446400453109
Uruguay,URY,1971,12.3744509460409
United States,USA,1971,14.5383669197079
"Venezuela, RB",VEN,1971,9.66568386610342
Virgin Islands (U.S.),VIR,1971,8.03672092305859
Vanuatu,VUT,1971,28.7962549882643
World,WLD,1971,15.1101289570721
Samoa,WSM,1971,33.3171953466609
Zambia,ZMB,1971,13.5725145225099
Afghanistan,AFG,1972,28.4641730095204
Africa Western and Central,AFW,1972,16.2160644099086
Angola,AGO,1972,11.8308829041115
Argentina,ARG,1972,6.46203456245042
Australia,AUS,1972,6.13380591224198
Austria,AUT,1972,9.09288073076764
Belgium,BEL,1972,13.2736258715964
Benin,BEN,1972,20.9411379732231
Burkina Faso,BFA,1972,25.7925324241755
Bahrain,BHR,1972,10.9350463708881
Bermuda,BMU,1972,27.6534856755282
Bolivia,BOL,1972,21.1362796849026
Brazil,BRA,1972,7.64620521032524
Barbados,BRB,1972,27.0026378423412
Brunei Darussalam,BRN,1972,17.6759592017893
Canada,CAN,1972,7.85145198705488
Switzerland,CHE,1972,12.6541842486278
Chile,CHL,1972,23.4169369012795
Cote d'Ivoire,CIV,1972,17.3415508073804
Cameroon,CMR,1972,12.0540109055081
"Congo, Dem. Rep.",COD,1972,15.7468650129512
"Congo, Rep.",COG,1972,18.0766877466097
Colombia,COL,1972,8.65128036905234
Costa Rica,CRI,1972,10.140923206349
Cyprus,CYP,1972,17.1939257886352
Germany,DEU,1972,17.5630726820943
Denmark,DNK,1972,11.5383018952432
Dominican Republic,DOM,1972,14.3964965896669
Early-demographic dividend,EAR,1972,10.7833670419081
Europe & Central Asia,ECS,1972,15.5123588137714
Ecuador,ECU,1972,9.30834855088233
"Egypt, Arab Rep.",EGY,1972,28.6749084812325
Euro area,EMU,1972,16.079171543476
Spain,ESP,1972,16.3092978020651
European Union,EUU,1972,15.4973890995488
Fragile and conflict affected situations,FCS,1972,15.8328523280799
Finland,FIN,1972,8.70722462138866
Fiji,FJI,1972,21.9529073891893
France,FRA,1972,13.756852161299
United Kingdom,GBR,1972,22.4112957071616
Ghana,GHA,1972,20.3229643339847
"Gambia, The",GMB,1972,21.1032967818481
Guinea-Bissau,GNB,1972,34.1468141556363
Greece,GRC,1972,10.8520669286048
Guatemala,GTM,1972,9.00499330434405
Guyana,GUY,1972,15.9281751482209
High income,HIC,1972,15.2668605977614
"Hong Kong SAR, China",HKG,1972,19.8045132487035
Honduras,HND,1972,10.8329266029631
Heavily indebted poor countries (HIPC),HPC,1972,18.8389131478729
Haiti,HTI,1972,25.5644714950158
Hungary,HUN,1972,3.78287564788032
IDA blend,IDB,1972,19.3242057394745
Indonesia,IDN,1972,9.94415036841945
India,IND,1972,9.5959392901439
Ireland,IRL,1972,13.6350184188133
"Iran, Islamic Rep.",IRN,1972,10.5489158271942
Iraq,IRQ,1972,19.6227796240387
Iceland,ISL,1972,11.5557688421003
Israel,ISR,1972,12.7293267204493
Italy,ITA,1972,22.6248200260338
Jamaica,JAM,1972,21.193327884521
Jordan,JOR,1972,31.4710227524733
Japan,JPN,1972,18.5447000699654
Cambodia,KHM,1972,31.1995002665217
"Korea, Rep.",KOR,1972,15.5787246485985
Kuwait,KWT,1972,20.4975735149874
Latin America & Caribbean (excluding high income),LAC,1972,8.94377897388454
Lao PDR,LAO,1972,33.8487230778367
Lebanon,LBN,1972,20.1040115344522
Liberia,LBR,1972,17.0681758979517
Libya,LBY,1972,16.6907686586633
Latin America & Caribbean,LCN,1972,10.0053658173211
Sri Lanka,LKA,1972,47.6816211069486
Lower middle income,LMC,1972,16.0912951310039
Morocco,MAR,1972,21.5682787332903
Madagascar,MDG,1972,13.7523617543968
Mexico,MEX,1972,7.87425301035312
Mali,MLI,1972,22.6277202334871
Malta,MLT,1972,28.5712325436067
Myanmar,MMR,1972,5.55843372625363
"Middle East, North Africa, Afghanistan & Pakistan (excluding high income)",MNA,1972,22.629184192965
Mauritania,MRT,1972,22.6282169636846
Mauritius,MUS,1972,30.271770626297
Malawi,MWI,1972,12.0452094099443
Malaysia,MYS,1972,20.7633905167351
North America,NAC,1972,12.772021554456
Niger,NER,1972,15.9058088766592
Nigeria,NGA,1972,10.1405219734187
Nicaragua,NIC,1972,11.6904012945754
Netherlands,NLD,1972,15.8193738329543
Norway,NOR,1972,7.86340831559726
New Zealand,NZL,1972,7.19239038017855
OECD members,OED,1972,14.3860582688165
Pakistan,PAK,1972,30.1673318872022
Panama,PAN,1972,10.4676584615419
Peru,PER,1972,18.1715192582461
Philippines,PHL,1972,15.2590966965683
Papua New Guinea,PNG,1972,20.1589567883089
Pre-demographic dividend,PRE,1972,16.9568000197798
Portugal,PRT,1972,17.2143243563437
Paraguay,PRY,1972,16.7753175844514
Pacific island small states,PSS,1972,23.9885507677881
Post-demographic dividend,PST,1972,15.2395367870492
Qatar,QAT,1972,20.337716952613
South Asia,SAS,1972,11.3417919751899
Sudan,SDN,1972,23.3123004284564
Senegal,SEN,1972,28.5295484743967
Singapore,SGP,1972,14.1878903556375
Solomon Islands,SLB,1972,26.5951725768399
Sierra Leone,SLE,1972,22.3261572646242
El Salvador,SLV,1972,10.6398302417692
"Somalia, Fed. Rep.",SOM,1972,26.2022864516588
Sweden,SWE,1972,10.3776866505487
Seychelles,SYC,1972,24.1910750031415
Chad,TCD,1972,24.2417266170167
Togo,TGO,1972,19.1476683884048
Thailand,THA,1972,6.09661938378429
Latin America & the Caribbean (IDA & IBRD countries),TLA,1972,10.0053658173211
"Middle East, North Africa, Afghanistan & Pakistan (IDA & IBRD)",TMN,1972,22.629184192965
South Asia (IDA & IBRD),TSA,1972,11.3417919751899
Trinidad and Tobago,TTO,1972,10.1733275636556
Tunisia,TUN,1972,20.7130265158103
Turkiye,TUR,1972,2.03324153897883
Uruguay,URY,1972,13.5383484249832
United States,USA,1972,13.6801349173059
"Venezuela, RB",VEN,1972,9.44982005529189
Virgin Islands (U.S.),VIR,1972,8.03985025336027
Vanuatu,VUT,1972,24.3934614200425
World,WLD,1972,14.5729773450392
Samoa,WSM,1972,31.7321785264639
Zambia,ZMB,1972,10.5233320674062
Afghanistan,AFG,1973,23.8652945048808
Africa Western and Central,AFW,1973,17.1927290163539
Angola,AGO,1973,13.0863058964029
Argentina,ARG,1973,9.24388230143468
Antigua and Barbuda,ATG,1973,20.1063021985157
Australia,AUS,1973,5.70764897420087
Austria,AUT,1973,9.58935602083961
Belgium,BEL,1973,13.3323689500077
Benin,BEN,1973,21.829437012311
Burkina Faso,BFA,1973,26.02032302269
Bahrain,BHR,1973,11.2207970084463
Bermuda,BMU,1973,29.1379893791305
Brazil,BRA,1973,10.9172346801696
Barbados,BRB,1973,27.6774870669227
Brunei Darussalam,BRN,1973,19.4194149740956
Central African Republic,CAF,1973,16.8481148907321
Canada,CAN,1973,8.94007371140752
Switzerland,CHE,1973,13.1378329617687
Chile,CHL,1973,25.8189377282641
Cote d'Ivoire,CIV,1973,20.086812302956
Cameroon,CMR,1973,12.9137265429533
"Congo, Dem. Rep.",COD,1973,18.2247091245636
"Congo, Rep.",COG,1973,14.5386350580254
Colombia,COL,1973,12.0894694341911
Costa Rica,CRI,1973,10.393900739874
Caribbean small states,CSS,1973,15.4119971429758
Cyprus,CYP,1973,23.6637207003605
Germany,DEU,1973,17.1910379641861
Denmark,DNK,1973,11.4385235431879
Dominican Republic,DOM,1973,19.3267002096408
Algeria,DZA,1973,16.0927581409494
Early-demographic dividend,EAR,1973,13.8910476425082
Europe & Central Asia,ECS,1973,15.5166173882876
Ecuador,ECU,1973,9.67295586613239
"Egypt, Arab Rep.",EGY,1973,31.6652732312225
Euro area,EMU,1973,16.2614787045804
Spain,ESP,1973,16.8984706197282
European Union,EUU,1973,15.6857280028561
Fragile and conflict affected situations,FCS,1973,17.3817041158634
Finland,FIN,1973,9.0812894477502
Fiji,FJI,1973,22.5095593501537
France,FRA,1973,14.053449849757
United Kingdom,GBR,1973,21.0107469754358
Ghana,GHA,1973,23.4418744760414
"Gambia, The",GMB,1973,20.6838952297642
Greece,GRC,1973,12.4008077626581
Guatemala,GTM,1973,8.46281470032314
Guyana,GUY,1973,17.0040224753834
High income,HIC,1973,15.2953059379114
"Hong Kong SAR, China",HKG,1973,19.5912568875301
Honduras,HND,1973,9.72914846193092
Haiti,HTI,1973,24.9356872021693
Hungary,HUN,1973,5.34546729008722
IDA blend,IDB,1973,17.6646131443708
Indonesia,IDN,1973,10.3181200366041
India,IND,1973,20.0724897464491
Ireland,IRL,1973,13.7724894941722
"Iran, Islamic Rep.",IRN,1973,10.4850384711897
Iraq,IRQ,1973,23.9635041870118
Iceland,ISL,1973,10.6232254135739
Israel,ISR,1973,13.3532616722888
Italy,ITA,1973,22.549135226643
Jamaica,JAM,1973,22.5604572547261
Jordan,JOR,1973,31.4576688784799
Japan,JPN,1973,18.9167475223328
Kiribati,KIR,1973,37.0388383525629
"Korea, Rep.",KOR,1973,15.0118634051201
Kuwait,KWT,1973,19.9995890583451
Latin America & Caribbean (excluding high income),LAC,1973,11.4622939353364
Lao PDR,LAO,1973,33.2268459015626
Lebanon,LBN,1973,18.2341371476505
Liberia,LBR,1973,18.3512359507257
Libya,LBY,1973,17.8725843746403
St. Lucia,LCA,1973,29.0872358489794
Latin America & Caribbean,LCN,1973,12.4463185264146
Lower middle income,LMC,1973,20.2157782838594
"Macao SAR, China",MAC,1973,24.6662630511773
Morocco,MAR,1973,27.7896271237655
Madagascar,MDG,1973,18.4222381745196
Mexico,MEX,1973,11.3380158811025
Malta,MLT,1973,30.1360502239305
Myanmar,MMR,1973,7.41370969728112
"Middle East, North Africa, Afghanistan & Pakistan (excluding high income)",MNA,1973,22.7811463429827
Mauritius,MUS,1973,27.4533795034831
Malawi,MWI,1973,14.3273272796096
Malaysia,MYS,1973,20.7972921318947
North America,NAC,1973,13.0083961362965
Niger,NER,1973,20.0000892079496
Nigeria,NGA,1973,10.8162252021318
Nicaragua,NIC,1973,12.6703613724262
Netherlands,NLD,1973,16.8281283033787
Norway,NOR,1973,7.83962578096917
New Zealand,NZL,1973,7.29492314307692
OECD members,OED,1973,14.6220857166581
Pakistan,PAK,1973,24.858375387411
Panama,PAN,1973,11.2127399484716
Peru,PER,1973,13.3666632750456
Philippines,PHL,1973,13.8704908876259
Papua New Guinea,PNG,1973,23.2138945992936
Pre-demographic dividend,PRE,1973,18.5528945453738
Portugal,PRT,1973,16.5921322850544
Paraguay,PRY,1973,12.7921834959685
Pacific island small states,PSS,1973,25.4398565237882
Post-demographic dividend,PST,1973,15.2434566317783
French Polynesia,PYF,1973,21.344347363362
Qatar,QAT,1973,18.7393131392886
South Asia,SAS,1973,20.0724897464491
Sudan,SDN,1973,24.2907868247204
Senegal,SEN,1973,37.903070778835
Singapore,SGP,1973,12.7348255292286
Solomon Islands,SLB,1973,27.4378607842522
Sierra Leone,SLE,1973,28.5029802590313
El Salvador,SLV,1973,12.1531681291439
"Somalia, Fed. Rep.",SOM,1973,22.7090430549496
Suriname,SUR,1973,15.8150969791808
Sweden,SWE,1973,9.99019568073321
Seychelles,SYC,1973,28.1372780014933
Chad,TCD,1973,27.8911707676736
Togo,TGO,1973,19.971050157939
Thailand,THA,1973,4.48739093169985
Latin America & the Caribbean (IDA & IBRD countries),TLA,1973,12.4463185264146
"Middle East, North Africa, Afghanistan & Pakistan (IDA & IBRD)",TMN,1973,22.7811463429827
South Asia (IDA & IBRD),TSA,1973,20.0724897464491
Trinidad and Tobago,TTO,1973,11.8442531818492
Tunisia,TUN,1973,20.9339418585787
Turkiye,TUR,1973,2.27033456250145
United States,USA,1973,13.7576801708969
"Venezuela, RB",VEN,1973,13.2503727479835
Virgin Islands (U.S.),VIR,1973,6.65448792786447
Vanuatu,VUT,1973,29.9502073423022
World,WLD,1973,15.0567577082978
Samoa,WSM,1973,31.247130940489
Zambia,ZMB,1973,8.55010762044082
Afghanistan,AFG,1974,22.8817141890948
Africa Western and Central,AFW,1974,17.0610992367702
Angola,AGO,1974,14.3738539630869
Argentina,ARG,1974,4.75916786069586
Antigua and Barbuda,ATG,1974,17.9335258910816
Australia,AUS,1974,5.71464089750214
Austria,AUT,1974,8.07323659327274
Burundi,BDI,1974,21.5682464057185
Belgium,BEL,1974,11.6136195139563
Benin,BEN,1974,17.8493890928249
Burkina Faso,BFA,1974,34.5254665171104
Bahrain,BHR,1974,6.27955828584156
"Bahamas, The",BHS,1974,4.20419471733558
Bermuda,BMU,1974,27.9523235585977
Bolivia,BOL,1974,21.8179924159342
Brazil,BRA,1974,7.58817437415144
Barbados,BRB,1974,26.4695228809818
Brunei Darussalam,BRN,1974,16.7537979157996
Central African Republic,CAF,1974,15.9934574526225
Canada,CAN,1974,8.61463048876906
Switzerland,CHE,1974,12.1360861477348
Chile,CHL,1974,32.6610777888747
Cote d'Ivoire,CIV,1974,17.2510135931863
Cameroon,CMR,1974,14.0512431336237
"Congo, Dem. Rep.",COD,1974,21.4745699277326
"Congo, Rep.",COG,1974,16.9740236827987
Colombia,COL,1974,13.3171646430131
Costa Rica,CRI,1974,11.4816515396291
Caribbean small states,CSS,1974,10.7988711176854
Cyprus,CYP,1974,19.6842929664413
Germany,DEU,1974,13.954250920545
Denmark,DNK,1974,10.367297060536
Dominican Republic,DOM,1974,17.2959701630752
Algeria,DZA,1974,19.8168115732229
Early-demographic dividend,EAR,1974,16.2458919479403
Europe & Central Asia,ECS,1974,13.4987402748945
Ecuador,ECU,1974,8.77582924846004
"Egypt, Arab Rep.",EGY,1974,44.2679321524353
Euro area,EMU,1974,13.6600181058985
Spain,ESP,1974,15.3230468628622
European Union,EUU,1974,13.2173324090712
Fragile and conflict affected situations,FCS,1974,19.378210348593
Finland,FIN,1974,7.83570054605274
Fiji,FJI,1974,21.9370927550254
France,FRA,1974,10.9104186348987
United Kingdom,GBR,1974,17.8977013189526
Ghana,GHA,1974,17.2919615235602
"Gambia, The",GMB,1974,28.5625321862635
Greece,GRC,1974,11.2338600395444
Guatemala,GTM,1974,8.29814211375569
Guyana,GUY,1974,15.8424227616993
High income,HIC,1974,13.3438575052778
"Hong Kong SAR, China",HKG,1974,20.3228309291662
Honduras,HND,1974,9.97457866114422
Heavily indebted poor countries (HIPC),HPC,1974,19.6382274803407
Haiti,HTI,1974,24.0190999594981
Hungary,HUN,1974,5.92215346864547
IDA blend,IDB,1974,16.6440272847263
Indonesia,IDN,1974,14.9691008670067
India,IND,1974,19.6876302812429
Ireland,IRL,1974,12.9323468989514
"Iran, Islamic Rep.",IRN,1974,18.3792983592265
Iraq,IRQ,1974,28.6809365057435
Iceland,ISL,1974,9.86453401542219
Israel,ISR,1974,13.4889335477897
Italy,ITA,1974,17.1028445324482
Jamaica,JAM,1974,23.140619838274
Jordan,JOR,1974,29.170260994174
Japan,JPN,1974,15.5821087820752
Kiribati,KIR,1974,44.6258948071196
"Korea, Rep.",KOR,1974,13.2319580467263
Kuwait,KWT,1974,17.7887637239417
Latin America & Caribbean (excluding high income),LAC,1974,13.0507811919984
Lao PDR,LAO,1974,31.6670014271726
Liberia,LBR,1974,15.8059298229516
Libya,LBY,1974,17.3382389741397
St. Lucia,LCA,1974,29.2873346492649
Latin America & Caribbean,LCN,1974,14.0495304138141
Sri Lanka,LKA,1974,45.951762415068
Lower middle income,LMC,1974,21.0325476728578
"Macao SAR, China",MAC,1974,30.4495633585078
Morocco,MAR,1974,28.190403655057
Madagascar,MDG,1974,21.8127910245449
"Middle East, North Africa, Afghanistan & Pakistan",MEA,1974,23.1373851134254
Mexico,MEX,1974,16.4725098584161
Mali,MLI,1974,56.0838268854258
Malta,MLT,1974,27.1655484304632
Myanmar,MMR,1974,10.5463576582551
"Middle East, North Africa, Afghanistan & Pakistan (excluding high income)",MNA,1974,27.1261977417564
Mauritius,MUS,1974,33.5467336150323
Malawi,MWI,1974,12.2515202733626
Malaysia,MYS,1974,17.9924057736339
North America,NAC,1974,10.787297244893
Niger,NER,1974,22.2837951642989
Nigeria,NGA,1974,9.53322963625157
Nicaragua,NIC,1974,7.96322744143235
Netherlands,NLD,1974,15.5667969610848
Norway,NOR,1974,8.07714373226725
Nepal,NPL,1974,9.8224933135308
New Zealand,NZL,1974,7.06569166955037
OECD members,OED,1974,12.910462792957
Pakistan,PAK,1974,23.1846762675889
Panama,PAN,1974,10.0738810612858
Peru,PER,1974,15.0530559509838
Philippines,PHL,1974,11.1089256198786
Papua New Guinea,PNG,1974,27.161949288789
Pre-demographic dividend,PRE,1974,20.3746565411987
Portugal,PRT,1974,19.4615873551892
Paraguay,PRY,1974,14.933307597849
Pacific island small states,PSS,1974,25.9206672646397
Post-demographic dividend,PST,1974,13.0790046380247
French Polynesia,PYF,1974,19.9379629652296
Qatar,QAT,1974,24.4053595869335
South Asia,SAS,1974,20.7161505039752
Saudi Arabia,SAU,1974,19.8554240548797
Sudan,SDN,1974,23.9087167720568
Senegal,SEN,1974,34.8109084243747
Singapore,SGP,1974,10.3508558536042
Solomon Islands,SLB,1974,25.7696839288267
Sierra Leone,SLE,1974,25.592311682556
El Salvador,SLV,1974,10.3419481553323
"Somalia, Fed. Rep.",SOM,1974,20.3652078383806
Sub-Saharan Africa (excluding high income),SSA,1974,12.8401041216658
Sub-Saharan Africa,SSF,1974,12.9137174143836
Suriname,SUR,1974,11.8701721759525
Sweden,SWE,1974,8.14555003413827
Seychelles,SYC,1974,33.1380596361923
Syrian Arab Republic,SYR,1974,28.1413272607369
Chad,TCD,1974,23.3001027435021
Togo,TGO,1974,16.4120080037459
Thailand,THA,1974,4.11968307313715
Latin America & the Caribbean (IDA & IBRD countries),TLA,1974,14.0783466966821
"Middle East, North Africa, Afghanistan & Pakistan (IDA & IBRD)",TMN,1974,27.1261977417564
South Asia (IDA & IBRD),TSA,1974,20.7161505039752
Sub-Saharan Africa (IDA & IBRD countries),TSS,1974,12.9137174143836
Trinidad and Tobago,TTO,1974,7.62396564041156
Tunisia,TUN,1974,20.6930845603377
Turkiye,TUR,1974,9.78318892080306
Uruguay,URY,1974,9.25657427383001
United States,USA,1974,11.1839990047221
"Venezuela, RB",VEN,1974,11.9766796719088
Vanuatu,VUT,1974,30.2199497983873
World,WLD,1974,13.8143691820746
Samoa,WSM,1974,38.3029542636714
South Africa,ZAF,1974,5.3957257677202
Zambia,ZMB,1974,10.2088628923492
Afghanistan,AFG,1975,24.423571594431
Africa Western and Central,AFW,1975,13.6875884894846
Argentina,ARG,1975,4.5602070410893
Antigua and Barbuda,ATG,1975,19.8183403375179
Australia,AUS,1975,5.04050076185738
Austria,AUT,1975,8.23983890256781
Burundi,BDI,1975,16.1867234162423
Belgium,BEL,1975,12.9529856980899
Burkina Faso,BFA,1975,21.1695109997159
Bahrain,BHR,1975,6.43010961504669
"Bahamas, The",BHS,1975,2.61803931453144
Belize,BLZ,1975,28.017572615066
Bermuda,BMU,1975,26.3662771734597
Bolivia,BOL,1975,17.4713817351212
Brazil,BRA,1975,6.15959481457787
Barbados,BRB,1975,25.2749435344944
Brunei Darussalam,BRN,1975,13.8609890962467
Central African Republic,CAF,1975,16.1197985837816
Canada,CAN,1975,8.29776401014974
Switzerland,CHE,1975,13.0328819357592
Chile,CHL,1975,18.5341497086642
Cote d'Ivoire,CIV,1975,14.7048159829921
Cameroon,CMR,1975,10.9514614906834
"Congo, Dem. Rep.",COD,1975,16.9684529986001
"Congo, Rep.",COG,1975,16.3924759657718
Colombia,COL,1975,9.41901924138745
Costa Rica,CRI,1975,9.92147387731241
Caribbean small states,CSS,1975,12.4203949933141
Cyprus,CYP,1975,26.1758811032645
Germany,DEU,1975,14.6068563787678
Denmark,DNK,1975,10.0132454157666
Dominican Republic,DOM,1975,13.9016148442899
Algeria,DZA,1975,21.7011291937518
Early-demographic dividend,EAR,1975,16.7344365115361
Europe & Central Asia,ECS,1975,14.4055977458115
Ecuador,ECU,1975,8.38894351661273
"Egypt, Arab Rep.",EGY,1975,35.917158237049
Euro area,EMU,1975,14.8493765576494
Spain,ESP,1975,16.5534585801895
European Union,EUU,1975,14.2639828339023
Fragile and conflict affected situations,FCS,1975,15.9097673176064
Finland,FIN,1975,8.19013485012254
Fiji,FJI,1975,20.4412111301151
France,FRA,1975,12.9117240142995
Gabon,GAB,1975,13.1492470202191
United Kingdom,GBR,1975,19.2852389363628
Ghana,GHA,1975,13.4244492954325
"Gambia, The",GMB,1975,24.2086733442697
Guinea-Bissau,GNB,1975,36.1042786269628
Greece,GRC,1975,9.74595646384881
Guatemala,GTM,1975,9.48880994004554
Guyana,GUY,1975,13.0313027542033
High income,HIC,1975,13.7687169259252
"Hong Kong SAR, China",HKG,1975,20.8194171647168
Honduras,HND,1975,12.8850036026414
Heavily indebted poor countries (HIPC),HPC,1975,16.2710911427921
Haiti,HTI,1975,28.7228518052392
Hungary,HUN,1975,4.48032047734037
IDA blend,IDB,1975,16.3705557535357
Indonesia,IDN,1975,12.5032215169039
India,IND,1975,31.845541118297
Ireland,IRL,1975,13.9286363462064
"Iran, Islamic Rep.",IRN,1975,16.26112572448
Iraq,IRQ,1975,17.5095132122902
Iceland,ISL,1975,11.3045317243165
Israel,ISR,1975,15.533667932184
Italy,ITA,1975,19.3781585036273
Jamaica,JAM,1975,20.174419841081
Jordan,JOR,1975,22.4004170393947
Japan,JPN,1975,17.8845837278622
Kiribati,KIR,1975,39.1948770378622
"Korea, Rep.",KOR,1975,14.1604337772384
Kuwait,KWT,1975,17.0733473189155
Latin America & Caribbean (excluding high income),LAC,1975,10.8351641201834
Liberia,LBR,1975,13.8713271060508
Libya,LBY,1975,17.1296181319453
St. Lucia,LCA,1975,30.3528199902048
Latin America & Caribbean,LCN,1975,11.2699887451989
Low income,LIC,1975,22.1741110334283
Sri Lanka,LKA,1975,50.458248022285
Lower middle income,LMC,1975,25.8312221985495
"Macao SAR, China",MAC,1975,24.2562859630594
Morocco,MAR,1975,29.6083604222591
Madagascar,MDG,1975,14.2114266028959
"Middle East, North Africa, Afghanistan & Pakistan",MEA,1975,19.7700311212584
Mexico,MEX,1975,12.9674336137663
Mali,MLI,1975,27.2189651149224
Malta,MLT,1975,26.8438825680693
Myanmar,MMR,1975,7.34821182045488
"Middle East, North Africa, Afghanistan & Pakistan (excluding high income)",MNA,1975,23.9593911222905
Mauritius,MUS,1975,26.7104415603582
Malawi,MWI,1975,9.40526150323816
Malaysia,MYS,1975,18.2032035272429
North America,NAC,1975,10.4429478671747
New Caledonia,NCL,1975,18.7448481914956
Niger,NER,1975,21.605119939596
Nigeria,NGA,1975,9.38006531184191
Nicaragua,NIC,1975,8.51170680822387
Netherlands,NLD,1975,16.2577753407232
Norway,NOR,1975,6.77626578026334
Nepal,NPL,1975,2.9343240579113
New Zealand,NZL,1975,7.25757287769609
OECD members,OED,1975,13.2188633856082
Oman,OMN,1975,13.2855117991226
Pakistan,PAK,1975,23.5963346908793
Panama,PAN,1975,8.81615890665966
Peru,PER,1975,15.7543405171296
Philippines,PHL,1975,10.4928998282708
Papua New Guinea,PNG,1975,21.7600495004806
Pre-demographic dividend,PRE,1975,15.4538708364155
Portugal,PRT,1975,23.0820666044563
Paraguay,PRY,1975,14.6958730671513
Pacific island small states,PSS,1975,23.5690520248408
Post-demographic dividend,PST,1975,13.7109771366898
French Polynesia,PYF,1975,21.5414996393516
Qatar,QAT,1975,13.5143502654232
South Asia,SAS,1975,32.2270215154716
Saudi Arabia,SAU,1975,15.6372752937486
Sudan,SDN,1975,18.6703883263342
Senegal,SEN,1975,24.6959926369056
Singapore,SGP,1975,10.7614276968247
Solomon Islands,SLB,1975,18.89082183404
Sierra Leone,SLE,1975,20.1920748768512
El Salvador,SLV,1975,12.1759326244216
"Somalia, Fed. Rep.",SOM,1975,26.0108300859212
Sub-Saharan Africa (excluding high income),SSA,1975,10.4148421713783
Sub-Saharan Africa,SSF,1975,10.4892910387518
Sweden,SWE,1975,7.94625421160084
Seychelles,SYC,1975,29.4500127214244
Syrian Arab Republic,SYR,1975,21.3772714447375
Chad,TCD,1975,14.515227053303
Togo,TGO,1975,14.191990672246
Thailand,THA,1975,4.34000667539813
Latin America & the Caribbean (IDA & IBRD countries),TLA,1975,11.2953381556152
"Middle East, North Africa, Afghanistan & Pakistan (IDA & IBRD)",TMN,1975,23.9593911222905
Tonga,TON,1975,34.4019227812921
South Asia (IDA & IBRD),TSA,1975,32.2270215154716
Sub-Saharan Africa (IDA & IBRD countries),TSS,1975,10.4892910387518
Trinidad and Tobago,TTO,1975,10.0642877719686
Tunisia,TUN,1975,18.715668803445
Turkiye,TUR,1975,7.42924543630787
Uruguay,URY,1975,8.07782735012984
United States,USA,1975,10.8350449084436
"Venezuela, RB",VEN,1975,12.2316876772386
Vanuatu,VUT,1975,24.9475753078995
World,WLD,1975,14.1681365178224
Samoa,WSM,1975,34.5956897912367
"Yemen, Rep.",YEM,1975,45.4874927357924
South Africa,ZAF,1975,4.92824535291276
Zambia,ZMB,1975,7.7616628330573
Africa Eastern and Southern,AFE,1976,7.93518414427501
Afghanistan,AFG,1976,16.3241264867917
Africa Western and Central,AFW,1976,12.7302828623416
Argentina,ARG,1976,4.75687969547438
Australia,AUS,1976,5.32571340064367
Austria,AUT,1976,7.86568967131437
Burundi,BDI,1976,19.0375150455831
Belgium,BEL,1976,12.8256394253244
Burkina Faso,BFA,1976,18.929105293709
Bahrain,BHR,1976,7.32296594529873
"Bahamas, The",BHS,1976,2.6642893075574
Belize,BLZ,1976,26.5514936552087
Bermuda,BMU,1976,28.5475180215623
Bolivia,BOL,1976,15.0747393955597
Brazil,BRA,1976,7.85585530225391
Barbados,BRB,1976,24.5934737144805
Brunei Darussalam,BRN,1976,15.327668766762
Central African Republic,CAF,1976,17.4215117256793
Canada,CAN,1976,8.14586029292989
Switzerland,CHE,1976,11.9970434554006
Chile,CHL,1976,25.5737578017945
Cote d'Ivoire,CIV,1976,13.3655226401712
Cameroon,CMR,1976,9.80781451444535
"Congo, Dem. Rep.",COD,1976,21.1599320089107
"Congo, Rep.",COG,1976,16.5108018555145
Colombia,COL,1976,12.2055243459112
Costa Rica,CRI,1976,8.3253336113136
Caribbean small states,CSS,1976,11.2914102054595
Cyprus,CYP,1976,24.2989706329187
Germany,DEU,1976,13.9822993002228
Denmark,DNK,1976,10.8306677199353
Dominican Republic,DOM,1976,20.9392098948082
Algeria,DZA,1976,17.7376995741887
Early-demographic dividend,EAR,1976,13.6277681433697
Europe & Central Asia,ECS,1976,13.2715957280917
Ecuador,ECU,1976,8.31627533202161
"Egypt, Arab Rep.",EGY,1976,28.3220903568415
Euro area,EMU,1976,13.7380534480427
Spain,ESP,1976,13.1815675363733
European Union,EUU,1976,13.4068268617125
Fragile and conflict affected situations,FCS,1976,13.8303038593655
Finland,FIN,1976,7.53814817055314
Fiji,FJI,1976,21.0972043021429
France,FRA,1976,11.8338685817142
Faroe Islands,FRO,1976,15.0238675311174
Gabon,GAB,1976,11.7095815405027
United Kingdom,GBR,1976,17.3120939361919
Ghana,GHA,1976,14.371437617791
"Gambia, The",GMB,1976,27.6767276239956
Guinea-Bissau,GNB,1976,27.9596699733646
Greece,GRC,1976,8.41470023993739
Greenland,GRL,1976,26.6568125642689
Guatemala,GTM,1976,5.87435538296729
Guyana,GUY,1976,14.4842261557011
High income,HIC,1976,12.6298901544644
"Hong Kong SAR, China",HKG,1976,17.8516688660049
Honduras,HND,1976,9.97427780138712
Heavily indebted poor countries (HIPC),HPC,1976,14.0304042505525
Haiti,HTI,1976,30.8967522808711
Hungary,HUN,1976,10.0975993427196
IDA blend,IDB,1976,14.6737605444222
Indonesia,IDN,1976,14.5734624760581
India,IND,1976,27.4807902684274
Ireland,IRL,1976,12.9576719354199
"Iran, Islamic Rep.",IRN,1976,11.0969833278105
Iraq,IRQ,1976,14.9367518274985
Iceland,ISL,1976,12.4575893094241
Israel,ISR,1976,14.146754270641
Italy,ITA,1976,17.2313626221195
Jamaica,JAM,1976,23.1986541177509
Jordan,JOR,1976,25.8267069417527
Japan,JPN,1976,16.7504993147157
Kenya,KEN,1976,7.87185742934398
Kiribati,KIR,1976,36.1277825814218
"Korea, Rep.",KOR,1976,8.7318386650807
Kuwait,KWT,1976,14.2827852879926
Latin America & Caribbean (excluding high income),LAC,1976,8.71512317601779
Liberia,LBR,1976,12.7753656840172
Libya,LBY,1976,14.7951524941357
St. Lucia,LCA,1976,27.3995963574253
Latin America & Caribbean,LCN,1976,9.84292016722997
Sri Lanka,LKA,1976,36.2786134598512
Lower middle income,LMC,1976,21.8080008019308
"Macao SAR, China",MAC,1976,26.9404425248856
Morocco,MAR,1976,19.9537813645401
Madagascar,MDG,1976,14.0425467056882
"Middle East, North Africa, Afghanistan & Pakistan",MEA,1976,15.8552647573574
Mexico,MEX,1976,7.47310221306234
Mali,MLI,1976,19.1194133744935
Malta,MLT,1976,24.1655582731003
Myanmar,MMR,1976,9.74411756542369
"Middle East, North Africa, Afghanistan & Pakistan (excluding high income)",MNA,1976,18.9581682738771
Mauritius,MUS,1976,24.2274329182766
Malawi,MWI,1976,10.3899785629149
Malaysia,MYS,1976,16.6677135634125
North America,NAC,1976,9.86791832805752
New Caledonia,NCL,1976,21.0377257289497
Niger,NER,1976,9.93484489316264
Nigeria,NGA,1976,10.1080358596214
Nicaragua,NIC,1976,8.82620513654544
Netherlands,NLD,1976,15.605599236136
Norway,NOR,1976,7.11590479841295
Nepal,NPL,1976,6.08487544723677
New Zealand,NZL,1976,6.23249203559266
OECD members,OED,1976,11.971034690114
Oman,OMN,1976,14.3625365269938
Pakistan,PAK,1976,20.8957115263898
Panama,PAN,1976,9.36731644569805
Peru,PER,1976,13.9680253657858
Philippines,PHL,1976,9.88016530580472
Papua New Guinea,PNG,1976,23.0214679853464
Pre-demographic dividend,PRE,1976,13.0245915184793
Portugal,PRT,1976,19.9769008748859
Paraguay,PRY,1976,15.06460016956
Pacific island small states,PSS,1976,24.5029353224889
Post-demographic dividend,PST,1976,12.5664793569562
French Polynesia,PYF,1976,20.7860155743024
Qatar,QAT,1976,9.94197106061031
South Asia,SAS,1976,27.5385937382311
Saudi Arabia,SAU,1976,11.8153078265286
Sudan,SDN,1976,13.8969639879892
Singapore,SGP,1976,10.3882269888023
Solomon Islands,SLB,1976,21.6637878796998
Sierra Leone,SLE,1976,21.9757927163063
El Salvador,SLV,1976,11.1922919412234
"Somalia, Fed. Rep.",SOM,1976,24.9095658089798
Sub-Saharan Africa (excluding high income),SSA,1976,9.66524507762175
Sub-Saharan Africa,SSF,1976,9.71876767258313
Sweden,SWE,1976,8.45827725582005
Seychelles,SYC,1976,24.5983731238844
Syrian Arab Republic,SYR,1976,17.1788477957216
Togo,TGO,1976,15.7086873275759
Thailand,THA,1976,4.53101563958628
Latin America & the Caribbean (IDA & IBRD countries),TLA,1976,9.86395529001391
"Middle East, North Africa, Afghanistan & Pakistan (IDA & IBRD)",TMN,1976,18.9581682738771
Tonga,TON,1976,35.803066798578
South Asia (IDA & IBRD),TSA,1976,27.5385937382311
Sub-Saharan Africa (IDA & IBRD countries),TSS,1976,9.71876767258313
Trinidad and Tobago,TTO,1976,7.63138186513829
Tunisia,TUN,1976,13.5557420617186
Turkiye,TUR,1976,2.83382615859954
Tanzania,TZA,1976,11.3820311942124
Uganda,UGA,1976,7.87623268431885
Uruguay,URY,1976,6.43950632365876
United States,USA,1976,10.1802974719302
St. Vincent and the Grenadines,VCT,1976,37.2995773848321
"Venezuela, RB",VEN,1976,11.5755274666705
World,WLD,1976,12.7429817964012
Samoa,WSM,1976,37.1404942278313
South Africa,ZAF,1976,4.8472765872224
Zambia,ZMB,1976,8.16428722800222
Africa Eastern and Southern,AFE,1977,8.30222197036376
Afghanistan,AFG,1977,15.3513858405288
Africa Western and Central,AFW,1977,14.2351373231137
Argentina,ARG,1977,5.28456961824936
Antigua and Barbuda,ATG,1977,31.5106295969486
Australia,AUS,1977,6.57102139779839
Austria,AUT,1977,7.89151929834805
Belgium,BEL,1977,13.1862424354126
Burkina Faso,BFA,1977,20.3962896825336
Bangladesh,BGD,1977,17.6059037886905
Bahrain,BHR,1977,6.68091938194514
Belize,BLZ,1977,24.5682274927181
Bermuda,BMU,1977,24.7376249248755
Bolivia,BOL,1977,14.0093680380255
Brazil,BRA,1977,6.75922175822022
Barbados,BRB,1977,22.8650526454254
Brunei Darussalam,BRN,1977,16.6703826321817
Central African Republic,CAF,1977,16.0743954092694
Canada,CAN,1977,8.36581271349568
Switzerland,CHE,1977,11.4548905812624
Chile,CHL,1977,12.4230287470277
Cote d'Ivoire,CIV,1977,14.0066841614295
Cameroon,CMR,1977,12.1227635256986
"Congo, Dem. Rep.",COD,1977,16.9250896796848
"Congo, Rep.",COG,1977,21.3178704390222
Colombia,COL,1977,12.4384536040966
Costa Rica,CRI,1977,7.58312588891265
Caribbean small states,CSS,1977,15.0580884849359
Cyprus,CYP,1977,17.6297689822663
Germany,DEU,1977,16.6279169048639
Dominica,DMA,1977,35.0736120349154
Denmark,DNK,1977,12.7601797745376
Dominican Republic,DOM,1977,17.3807308531174
Algeria,DZA,1977,17.1820462563699
Early-demographic dividend,EAR,1977,12.2930932039966
Europe & Central Asia,ECS,1977,14.3143601602243
Ecuador,ECU,1977,7.22857880590277
"Egypt, Arab Rep.",EGY,1977,23.1176962774789
Euro area,EMU,1977,15.160303994675
Spain,ESP,1977,15.5438693038237
European Union,EUU,1977,14.7917939645315
Finland,FIN,1977,8.62770251163347
Fiji,FJI,1977,22.3790578879295
France,FRA,1977,13.9364522202435
Faroe Islands,FRO,1977,13.7938200148143
Gabon,GAB,1977,11.3072969175916
United Kingdom,GBR,1977,17.8714784617566
Ghana,GHA,1977,9.08253708279079
"Gambia, The",GMB,1977,26.4808524410744
Greece,GRC,1977,8.49992130570798
Grenada,GRD,1977,33.4086927491377
Greenland,GRL,1977,24.9229218019263
Guatemala,GTM,1977,6.17745371887177
Guyana,GUY,1977,15.0845015604837
High income,HIC,1977,13.0145433199996
"Hong Kong SAR, China",HKG,1977,17.0364737780609
Honduras,HND,1977,9.15292434405063
Heavily indebted poor countries (HIPC),HPC,1977,13.8014786631208
Haiti,HTI,1977,27.8384220487698
Hungary,HUN,1977,11.0027132460363
IDA total,IDA,1977,15.405167185629
IDA blend,IDB,1977,14.4656023759338
Indonesia,IDN,1977,16.3414187617476
IDA only,IDX,1977,16.054503752526
India,IND,1977,16.4346900008366
Ireland,IRL,1977,13.5238384661774
"Iran, Islamic Rep.",IRN,1977,12.696421914475
Iceland,ISL,1977,10.4250928950155
Israel,ISR,1977,13.1270508927116
Italy,ITA,1977,17.6057317947493
Jamaica,JAM,1977,19.9199312467817
Jordan,JOR,1977,18.2666250437697
Japan,JPN,1977,16.8251952895977
Kenya,KEN,1977,5.83990507700207
Kiribati,KIR,1977,34.1127071355433
"Korea, Rep.",KOR,1977,8.20184718337121
Kuwait,KWT,1977,11.9816422665157
Latin America & Caribbean (excluding high income),LAC,1977,11.0457093315009
Lebanon,LBN,1977,22.0886186519402
Liberia,LBR,1977,14.9492437158484
Libya,LBY,1977,18.7149219827159
St. Lucia,LCA,1977,26.0995039629528
Latin America & Caribbean,LCN,1977,11.0590391319208
Sri Lanka,LKA,1977,39.8297762822275
Lower middle income,LMC,1977,16.0995296058085
"Macao SAR, China",MAC,1977,25.5936361132447
Morocco,MAR,1977,16.9824818639447
Madagascar,MDG,1977,14.5450984750225
"Middle East, North Africa, Afghanistan & Pakistan",MEA,1977,14.4813304629504
Mexico,MEX,1977,13.0804703117484
Mali,MLI,1977,12.9375213697958
Malta,MLT,1977,21.8789033757812
Myanmar,MMR,1977,9.14689836378907
"Middle East, North Africa, Afghanistan & Pakistan (excluding high income)",MNA,1977,17.7316492357563
Mauritius,MUS,1977,23.7319192272371
Malawi,MWI,1977,8.11765123963903
Malaysia,MYS,1977,16.7168888376523
North America,NAC,1977,9.68855539889786
New Caledonia,NCL,1977,20.9570412120349
Niger,NER,1977,12.0818329324792
Nigeria,NGA,1977,12.8697524630324
Nicaragua,NIC,1977,7.74339643234788
Netherlands,NLD,1977,16.1342432337877
Norway,NOR,1977,6.75519061595144
Nepal,NPL,1977,3.82069447193656
New Zealand,NZL,1977,6.72637652343038
OECD members,OED,1977,12.6241630233401
Oman,OMN,1977,15.3668534440017
Pakistan,PAK,1977,16.9974219951489
Panama,PAN,1977,9.93605470025178
Peru,PER,1977,14.9497134470414
Philippines,PHL,1977,9.52951656107781
Portugal,PRT,1977,17.8900279209746
Paraguay,PRY,1977,11.9089795526074
Pacific island small states,PSS,1977,24.4792152080738
Post-demographic dividend,PST,1977,13.0936186327247
French Polynesia,PYF,1977,19.4042776211372
Qatar,QAT,1977,8.15554822412
South Asia,SAS,1977,17.3189572939788
Saudi Arabia,SAU,1977,10.5640669839203
Sudan,SDN,1977,12.7374926584558
Senegal,SEN,1977,23.7510920587846
Singapore,SGP,1977,11.501004117895
Solomon Islands,SLB,1977,21.6665708954359
El Salvador,SLV,1977,10.3142745478705
"Somalia, Fed. Rep.",SOM,1977,22.7207252218
Sub-Saharan Africa (excluding high income),SSA,1977,10.5633189790748
Sub-Saharan Africa,SSF,1977,10.6129293043753
Sweden,SWE,1977,8.84127848051046
Seychelles,SYC,1977,24.2783962766919
Syrian Arab Republic,SYR,1977,11.8492050248834
Togo,TGO,1977,18.4749494509908
Thailand,THA,1977,4.6300581856537
Latin America & the Caribbean (IDA & IBRD countries),TLA,1977,11.0590391319208
"Middle East, North Africa, Afghanistan & Pakistan (IDA & IBRD)",TMN,1977,17.7316492357562
Tonga,TON,1977,33.7336139427013
South Asia (IDA & IBRD),TSA,1977,17.3189572939788
Sub-Saharan Africa (IDA & IBRD countries),TSS,1977,10.6129293043753
Trinidad and Tobago,TTO,1977,9.97998075344622
Tunisia,TUN,1977,13.4906190755108
Turkiye,TUR,1977,1.32487891191428
Tuvalu,TUV,1977,39.0150895958314
Tanzania,TZA,1977,11.2277596597058
Uruguay,URY,1977,6.24953902556074
United States,USA,1977,9.92821648135698
"Venezuela, RB",VEN,1977,11.9412903223879
Virgin Islands (U.S.),VIR,1977,31.6392863776496
World,WLD,1977,12.8479425124621
Samoa,WSM,1977,30.0910868779162
South Africa,ZAF,1977,6.33922552803627
Zambia,ZMB,1977,7.59268451644104
Africa Eastern and Southern,AFE,1978,7.75383906478071
Africa Western and Central,AFW,1978,16.0346137926223
Arab World,ARB,1978,14.0850988967444
United Arab Emirates,ARE,1978,11.0069833688991
Argentina,ARG,1978,5.65960040903596
Antigua and Barbuda,ATG,1978,33.3311510763852
Australia,AUS,1978,5.86700785118628
Austria,AUT,1978,7.71168568243256
Belgium,BEL,1978,12.8431870483637
Burkina Faso,BFA,1978,28.449901901436
Bangladesh,BGD,1978,20.5862490206565
Bahrain,BHR,1978,8.05883041478292
Belize,BLZ,1978,26.8904914168184
Bermuda,BMU,1978,25.3468797775522
Bolivia,BOL,1978,13.8445580650965
Brazil,BRA,1978,10.1174458313833
Barbados,BRB,1978,22.9516638492963
Brunei Darussalam,BRN,1978,19.2904861524657
Central African Republic,CAF,1978,16.8936786387886
Canada,CAN,1978,8.10767329760615
Switzerland,CHE,1978,10.2962152776642
Chile,CHL,1978,16.6651961681585
Cote d'Ivoire,CIV,1978,13.3271405914419
Cameroon,CMR,1978,9.55583080094198
"Congo, Dem. Rep.",COD,1978,20.6664892689164
"Congo, Rep.",COG,1978,22.9546360231333
Colombia,COL,1978,10.7277320906928
Cabo Verde,CPV,1978,41.3069130222097
Costa Rica,CRI,1978,7.38707471303588
Caribbean small states,CSS,1978,16.1375617347635
Cyprus,CYP,1978,17.1857033396824
Germany,DEU,1978,15.2218505602461
Dominica,DMA,1978,34.728505752851
Denmark,DNK,1978,12.4878952159163
Dominican Republic,DOM,1978,16.747419349009
Algeria,DZA,1978,16.6124813552471
Early-demographic dividend,EAR,1978,11.7809582995705
Europe & Central Asia,ECS,1978,13.7524542631188
Ecuador,ECU,1978,7.80735112333711
"Egypt, Arab Rep.",EGY,1978,25.8468198427929
Euro area,EMU,1978,14.7338246106117
Spain,ESP,1978,16.3483899766842
European Union,EUU,1978,14.352112603524
Finland,FIN,1978,8.69457451970746
Fiji,FJI,1978,22.8893237859265
France,FRA,1978,14.0479203350851
Faroe Islands,FRO,1978,14.2392736678543
Gabon,GAB,1978,19.4186710583204
United Kingdom,GBR,1978,16.3421649300891
Ghana,GHA,1978,11.6588384106302
"Gambia, The",GMB,1978,26.8672802819957
Greece,GRC,1978,9.09074764612286
Grenada,GRD,1978,36.4832669562727
Greenland,GRL,1978,25.8714586961783
Guatemala,GTM,1978,6.92704565455666
Guyana,GUY,1978,16.7993140347866
High income,HIC,1978,12.4923071321229
"Hong Kong SAR, China",HKG,1978,15.158104219411
Honduras,HND,1978,9.17016856358431
Heavily indebted poor countries (HIPC),HPC,1978,14.8335435044279
Haiti,HTI,1978,25.6254874832358
Hungary,HUN,1978,8.65343348695291
IDA total,IDA,1978,16.8548808423441
IDA blend,IDB,1978,15.8639247645678
Indonesia,IDN,1978,17.6379704732133
India,IND,1978,13.8469096715189
Ireland,IRL,1978,12.2868786732775
Iceland,ISL,1978,10.3367019276855
Israel,ISR,1978,10.7054048641991
Italy,ITA,1978,17.5027072778361
Jamaica,JAM,1978,22.564777546914
Jordan,JOR,1978,21.3485051113263
Japan,JPN,1978,16.8287989179932
Kenya,KEN,1978,6.86325535631816
Kiribati,KIR,1978,33.6159259396218
"Korea, Rep.",KOR,1978,7.78171329832589
Kuwait,KWT,1978,14.6126037238633
Latin America & Caribbean (excluding high income),LAC,1978,11.0327335122377
Liberia,LBR,1978,16.9938515292818
Libya,LBY,1978,16.6227620583343
St. Lucia,LCA,1978,23.986626375865
Latin America & Caribbean,LCN,1978,11.3053869716008
Sri Lanka,LKA,1978,29.7056903922614
Lower middle income,LMC,1978,15.3691242373484
"Macao SAR, China",MAC,1978,25.0250340772647
Morocco,MAR,1978,19.8070451081548
Madagascar,MDG,1978,16.9156580250738
"Middle East, North Africa, Afghanistan & Pakistan",MEA,1978,14.100139370963
Mexico,MEX,1978,11.3556898788878
Mali,MLI,1978,22.6934363530408
Malta,MLT,1978,21.6739162539226
Mauritius,MUS,1978,26.4541053861057
Malawi,MWI,1978,5.10484752018856
Malaysia,MYS,1978,16.4375375120908
North America,NAC,1978,9.38992363941075
New Caledonia,NCL,1978,22.7637653811126
Niger,NER,1978,17.134752573721
Nigeria,NGA,1978,14.129781793651
Nicaragua,NIC,1978,10.0051074064671
Netherlands,NLD,1978,16.0626205967726
Norway,NOR,1978,8.05618201877062
Nepal,NPL,1978,7.87179311072844
New Zealand,NZL,1978,7.02168627087831
OECD members,OED,1978,12.1444425278581
Oman,OMN,1978,17.435771755982
Pakistan,PAK,1978,19.3193203267109
Panama,PAN,1978,9.32808534725326
Peru,PER,1978,17.4554720365775
Philippines,PHL,1978,7.97792863137421
Portugal,PRT,1978,16.5378953213045
Paraguay,PRY,1978,13.1008866245766
Pacific island small states,PSS,1978,24.7508066642544
Post-demographic dividend,PST,1978,12.538590435253
French Polynesia,PYF,1978,18.647428365281
Qatar,QAT,1978,11.1321515376045
South Asia,SAS,1978,15.0248000252661
Saudi Arabia,SAU,1978,11.3265354676967
Sudan,SDN,1978,19.0089737197005
Senegal,SEN,1978,25.2969558946824
Singapore,SGP,1978,10.0327186785818
Solomon Islands,SLB,1978,21.5362333586206
El Salvador,SLV,1978,11.5191139543658
"Somalia, Fed. Rep.",SOM,1978,20.7249403643955
Sub-Saharan Africa (excluding high income),SSA,1978,10.9417774294868
Sub-Saharan Africa,SSF,1978,10.9900943774874
Sweden,SWE,1978,9.21864768275659
Seychelles,SYC,1978,24.3287411493781
Syrian Arab Republic,SYR,1978,18.0198612934977
Togo,TGO,1978,10.0550131648597
Thailand,THA,1978,4.34223015869422
Latin America & the Caribbean (IDA & IBRD countries),TLA,1978,11.3053869716008
Tonga,TON,1978,35.1124892633858
South Asia (IDA & IBRD),TSA,1978,15.0248000252661
Sub-Saharan Africa (IDA & IBRD countries),TSS,1978,10.9900943774874
Trinidad and Tobago,TTO,1978,11.1110635445812
Tunisia,TUN,1978,13.4735592045809
Turkiye,TUR,1978,1.37514213772626
Tuvalu,TUV,1978,44.1958695417874
Tanzania,TZA,1978,7.56356293706745
Uruguay,URY,1978,6.63726454217029
United States,USA,1978,9.62169603055356
"Venezuela, RB",VEN,1978,11.7656833595306
Virgin Islands (U.S.),VIR,1978,11.3136222983766
World,WLD,1978,12.3813887623449
Samoa,WSM,1978,28.6577044683525
South Africa,ZAF,1978,4.74728679120625
Zambia,ZMB,1978,8.11905045820965
Africa Western and Central,AFW,1979,16.9191766159751
Arab World,ARB,1979,14.6236914741845
United Arab Emirates,ARE,1979,10.8945263539558
Argentina,ARG,1979,7.14199334069061
Australia,AUS,1979,5.4553361429617
Austria,AUT,1979,6.94243706026028
Belgium,BEL,1979,12.2218537867515
Benin,BEN,1979,23.4244160574426
Burkina Faso,BFA,1979,21.8460204537559
Bangladesh,BGD,1979,25.3097063981383
Bahrain,BHR,1979,14.9595836908676
Belize,BLZ,1979,27.5150915084601
Bermuda,BMU,1979,24.8570872508373
Bolivia,BOL,1979,13.8306119785438
Brazil,BRA,1979,11.8559956107463
Barbados,BRB,1979,19.3212553325701
Brunei Darussalam,BRN,1979,16.5295985048647
Central African Republic,CAF,1979,16.2889278443601
Canada,CAN,1979,7.29138635796391
Switzerland,CHE,1979,8.78131679115685
Chile,CHL,1979,12.7008931260148
Cote d'Ivoire,CIV,1979,15.0100897096455
Cameroon,CMR,1979,9.94019687089534
"Congo, Rep.",COG,1979,26.926291991375
Colombia,COL,1979,10.5433486356937
Cabo Verde,CPV,1979,45.1945450745265
Costa Rica,CRI,1979,7.480523294178
Caribbean small states,CSS,1979,16.2154613349589
Cyprus,CYP,1979,15.4464796171733
Germany,DEU,1979,13.2318237483473
Dominica,DMA,1979,32.6688602739746
Denmark,DNK,1979,11.4017148888015
Dominican Republic,DOM,1979,16.8906332647755
Algeria,DZA,1979,18.5180100453614
Early-demographic dividend,EAR,1979,10.8058594981241
Europe & Central Asia,ECS,1979,12.399706701949
"Egypt, Arab Rep.",EGY,1979,26.1650039872185
Euro area,EMU,1979,13.2939599787665
Spain,ESP,1979,14.6992139245543
European Union,EUU,1979,12.9358217473063
Finland,FIN,1979,7.41297885499498
Fiji,FJI,1979,18.7250765576604
France,FRA,1979,11.9620002313119
Faroe Islands,FRO,1979,14.4050527243043
Gabon,GAB,1979,19.0020327619304
United Kingdom,GBR,1979,14.7118741436716
Ghana,GHA,1979,9.76271612486069
"Gambia, The",GMB,1979,25.028574333117
Equatorial Guinea,GNQ,1979,9.73677131691223
Greece,GRC,1979,9.89397594401796
Grenada,GRD,1979,32.6834890856415
Greenland,GRL,1979,20.4977915681717
Guatemala,GTM,1979,7.00876064688006
Guyana,GUY,1979,17.8628030942021
High income,HIC,1979,11.5422556907942
"Hong Kong SAR, China",HKG,1979,13.3340950997222
Honduras,HND,1979,8.34664517357706
Heavily indebted poor countries (HIPC),HPC,1979,14.4171575603401
Haiti,HTI,1979,23.5685619322252
Hungary,HUN,1979,8.0688514620607
IDA total,IDA,1979,17.2139145136922
IDA blend,IDB,1979,17.2631509784092
Indonesia,IDN,1979,16.0043234842635
India,IND,1979,8.91882130560846
Ireland,IRL,1979,12.0739562448879
Iceland,ISL,1979,10.0979069481276
Israel,ISR,1979,11.3667565319273
Italy,ITA,1979,15.82268719803
Jamaica,JAM,1979,16.79203784425
Jordan,JOR,1979,20.1647721980217
Japan,JPN,1979,15.0861392195262
Kenya,KEN,1979,6.3159392850949
Kiribati,KIR,1979,40.0436278706987
"Korea, Rep.",KOR,1979,8.95147345612763
Kuwait,KWT,1979,15.557223113768
Latin America & Caribbean (excluding high income),LAC,1979,10.6587369417655
Liberia,LBR,1979,18.2258137764967
Libya,LBY,1979,16.7369988185269
St. Lucia,LCA,1979,22.0512583355737
Latin America & Caribbean,LCN,1979,10.8078570445685
Sri Lanka,LKA,1979,23.3143653607634
Lower middle income,LMC,1979,13.3678204654968
"Macao SAR, China",MAC,1979,28.5020613738669
Morocco,MAR,1979,19.18708842601
Madagascar,MDG,1979,15.1005437063487
"Middle East, North Africa, Afghanistan & Pakistan",MEA,1979,14.6472171943266
Mexico,MEX,1979,9.19641122038662
Mali,MLI,1979,16.1414612186619
Malta,MLT,1979,20.0939538480289
Malawi,MWI,1979,6.36570898429483
Malaysia,MYS,1979,13.5515594002653
North America,NAC,1979,8.88895004439707
New Caledonia,NCL,1979,20.9348271675183
Niger,NER,1979,11.8101761805152
Nigeria,NGA,1979,16.8472100615056
Nicaragua,NIC,1979,13.8211975523903
Netherlands,NLD,1979,15.3378520234775
Norway,NOR,1979,7.8622615144771
Nepal,NPL,1979,4.07019817855145
New Zealand,NZL,1979,6.19828821170251
OECD members,OED,1979,11.110618127963
Oman,OMN,1979,17.4332296792579
Pakistan,PAK,1979,19.9059789462728
Panama,PAN,1979,9.80227240916953
Peru,PER,1979,20.2457115629017
Philippines,PHL,1979,7.37941860047727
Portugal,PRT,1979,16.9922632137982
Paraguay,PRY,1979,13.3708554505799
Pacific island small states,PSS,1979,21.1681123964606
Post-demographic dividend,PST,1979,11.4929001642405
French Polynesia,PYF,1979,20.8674517354759
Qatar,QAT,1979,11.7193695232216
South Asia,SAS,1979,10.931780562219
Saudi Arabia,SAU,1979,12.7068397589581
Sudan,SDN,1979,18.7311811214522
Senegal,SEN,1979,24.0010756772873
Singapore,SGP,1979,9.66441233907624
Solomon Islands,SLB,1979,17.4943980211133
El Salvador,SLV,1979,12.7958427673638
"Somalia, Fed. Rep.",SOM,1979,18.8306285078644
Sub-Saharan Africa (excluding high income),SSA,1979,10.8501396087469
Sub-Saharan Africa,SSF,1979,10.8793359480126
Sweden,SWE,1979,7.66755408602899
Seychelles,SYC,1979,18.792015272903
Syrian Arab Republic,SYR,1979,13.622927972958
Togo,TGO,1979,13.5906447516585
Thailand,THA,1979,4.14251287701565
Latin America & the Caribbean (IDA & IBRD countries),TLA,1979,10.8078570445685
Tonga,TON,1979,33.1777982640823
South Asia (IDA & IBRD),TSA,1979,10.931780562219
Sub-Saharan Africa (IDA & IBRD countries),TSS,1979,10.8793359480126
Trinidad and Tobago,TTO,1979,12.787054524451
Tunisia,TUN,1979,14.7227401343564
Turkiye,TUR,1979,1.77091120147575
Tuvalu,TUV,1979,49.5191319864613
Tanzania,TZA,1979,4.93123554373679
Uruguay,URY,1979,9.99481472981415
United States,USA,1979,9.17929511957847
"Venezuela, RB",VEN,1979,12.2377849216237
World,WLD,1979,11.409286793073
Samoa,WSM,1979,23.9402447355609
South Africa,ZAF,1979,4.93968124773714
Zambia,ZMB,1979,8.57487419739351
Arab World,ARB,1980,15.8938488311619
United Arab Emirates,ARE,1980,11.1169792986763
Argentina,ARG,1980,5.67211544734954
Australia,AUS,1980,5.20443091547287
Austria,AUT,1980,6.43658723319169
Belgium,BEL,1980,11.1174301152003
Benin,BEN,1980,26.2681889202403
Burkina Faso,BFA,1980,20.4941032434201
Bangladesh,BGD,1980,23.6263758713111
Bahrain,BHR,1980,16.685522170231
"Bahamas, The",BHS,1980,2.04046473296024
Belize,BLZ,1980,24.7585141514934
Bermuda,BMU,1980,21.1225515472132
Bolivia,BOL,1980,18.9228228101898
Brazil,BRA,1980,9.60256806699567
Barbados,BRB,1980,17.9095931739745
Brunei Darussalam,BRN,1980,15.180339593934
Central African Republic,CAF,1980,20.8552565445745
Canada,CAN,1980,7.45274242410584
Switzerland,CHE,1980,8.04039121818594
Chile,CHL,1980,15.0277391244814
Cameroon,CMR,1980,8.61300234868643
"Congo, Rep.",COG,1980,19.1784078360216
Colombia,COL,1980,11.7080179578092
Cabo Verde,CPV,1980,46.4300603330964
Costa Rica,CRI,1980,8.80715373461049
Caribbean small states,CSS,1980,12.500965158919
Cayman Islands,CYM,1980,19.0820303559576
Cyprus,CYP,1980,14.7841095203963
Germany,DEU,1980,12.1346341016379
Djibouti,DJI,1980,42.7239538938075
Dominica,DMA,1980,27.3449762446753
Denmark,DNK,1980,11.4596095426301
Dominican Republic,DOM,1980,16.5146763706556
Algeria,DZA,1980,20.9550380993182
Early-demographic dividend,EAR,1980,12.2038155915625
Europe & Central Asia,ECS,1980,11.2885783908659
Ecuador,ECU,1980,8.38754619773345
"Egypt, Arab Rep.",EGY,1980,32.3884925013385
Euro area,EMU,1980,11.9643688020721
Spain,ESP,1980,12.5085371721581
European Union,EUU,1980,11.6990754994723
Finland,FIN,1980,7.10084357096629
Fiji,FJI,1980,16.3097987536128
France,FRA,1980,10.2843491989825
Faroe Islands,FRO,1980,13.703064581686
Gabon,GAB,1980,19.1403892721202
United Kingdom,GBR,1980,13.1817109261317
Ghana,GHA,1980,10.0929301532568
"Gambia, The",GMB,1980,25.8759789699465
Equatorial Guinea,GNQ,1980,36.3686129664329
Greece,GRC,1980,8.75795243042078
Grenada,GRD,1980,32.9373266111737
Greenland,GRL,1980,17.864699007929
Guatemala,GTM,1980,7.57084834594206
High income,HIC,1980,10.5684789580138
"Hong Kong SAR, China",HKG,1980,12.4293514490799
Honduras,HND,1980,10.0824724378074
Hungary,HUN,1980,8.3035806105676
Indonesia,IDN,1980,12.6780338095987
India,IND,1980,8.98622238034248
Ireland,IRL,1980,12.1170013588134
Iceland,ISL,1980,9.96325500874862
Israel,ISR,1980,10.7029939360041
Italy,ITA,1980,13.1298779783478
Jamaica,JAM,1980,20.3202741239821
Jordan,JOR,1980,18.1558734830066
Japan,JPN,1980,12.0444358068357
Kenya,KEN,1980,7.73496150170383
Kiribati,KIR,1980,39.4607504017068
"Korea, Rep.",KOR,1980,9.84931760372781
Kuwait,KWT,1980,14.8034991248448
Latin America & Caribbean (excluding high income),LAC,1980,13.4879908179804
Liberia,LBR,1980,18.890400357406
Libya,LBY,1980,19.2923901967781
St. Lucia,LCA,1980,20.9870457024886
Latin America & Caribbean,LCN,1980,13.3679498796069
Sri Lanka,LKA,1980,20.3972598285141
Lower middle income,LMC,1980,13.3262001009683
"Macao SAR, China",MAC,1980,29.3181606294943
Morocco,MAR,1980,19.7939208267467
Madagascar,MDG,1980,8.54426874551669
"Middle East, North Africa, Afghanistan & Pakistan",MEA,1980,15.2735934067832
Mexico,MEX,1980,16.1259602968831
Mali,MLI,1980,19.1128220363224
Malta,MLT,1980,19.3618028740129
Malawi,MWI,1980,7.51166955159788
Malaysia,MYS,1980,11.8680527508039
North America,NAC,1980,8.10402148162473
New Caledonia,NCL,1980,18.8513617061695
Nicaragua,NIC,1980,15.4343116200739
Netherlands,NLD,1980,15.021988715721
Norway,NOR,1980,7.52225773192746
Nepal,NPL,1980,4.33327793784495
New Zealand,NZL,1980,5.97683511044239
OECD members,OED,1980,10.4477576139968
Oman,OMN,1980,15.2090094335858
Pakistan,PAK,1980,13.02617333861
Panama,PAN,1980,10.063966055708
Peru,PER,1980,19.7675211538087
Philippines,PHL,1980,7.81392390358332
Portugal,PRT,1980,13.6652942990859
Paraguay,PRY,1980,11.4327451460602
Pacific island small states,PSS,1980,20.028793161584
Post-demographic dividend,PST,1980,10.3967506875206
French Polynesia,PYF,1980,18.6188349425526
Qatar,QAT,1980,14.9566170579064
South Asia,SAS,1980,10.7202020918503
Saudi Arabia,SAU,1980,14.1174925573243
Sudan,SDN,1980,25.868382558773
Senegal,SEN,1980,24.5645939592926
Singapore,SGP,1980,8.4770929346715
Solomon Islands,SLB,1980,14.4863085957466
El Salvador,SLV,1980,17.7327459734976
"Somalia, Fed. Rep.",SOM,1980,32.4895360368475
Sweden,SWE,1980,7.10227496941328
Seychelles,SYC,1980,20.8579919302969
Syrian Arab Republic,SYR,1980,14.0985749620066
Togo,TGO,1980,16.5386964159464
Thailand,THA,1980,5.23106288923418
Latin America & the Caribbean (IDA & IBRD countries),TLA,1980,13.3956796064716
Tonga,TON,1980,30.2599624934894
South Asia (IDA & IBRD),TSA,1980,10.7202020918503
Trinidad and Tobago,TTO,1980,11.0717078493583
Tunisia,TUN,1980,13.6840965612013
Turkiye,TUR,1980,3.50438149836299
Tuvalu,TUV,1980,37.5816037271408
Tanzania,TZA,1980,13.3315460301814
Uruguay,URY,1980,7.86669271701452
United States,USA,1980,8.21976083743851
St. Vincent and the Grenadines,VCT,1980,35.2023096949365
"Venezuela, RB",VEN,1980,14.4787957629893
Vanuatu,VUT,1980,29.5055184969162
World,WLD,1980,10.7959312648743
Samoa,WSM,1980,24.8340750866872
South Africa,ZAF,1980,2.91542594444797
Africa Western and Central,AFW,1981,17.1384305311835
Arab World,ARB,1981,15.8003494701303
United Arab Emirates,ARE,1981,10.6510162672479
Argentina,ARG,1981,4.99348223248526
Antigua and Barbuda,ATG,1981,23.8618737706556
Australia,AUS,1981,4.56125598097074
Austria,AUT,1981,6.61006019019713
Belgium,BEL,1981,11.8310960772709
Burkina Faso,BFA,1981,24.7155668594317
Bangladesh,BGD,1981,20.1877930691395
Bahrain,BHR,1981,12.7508777975081
"Bahamas, The",BHS,1981,1.51410067958757
Bermuda,BMU,1981,22.70030278572
Bolivia,BOL,1981,14.5457660263698
Brazil,BRA,1981,8.77954606046629
Barbados,BRB,1981,17.4555972780692
Brunei Darussalam,BRN,1981,17.7660803188015
Canada,CAN,1981,7.02868630982366
Switzerland,CHE,1981,8.94537361242157
Chile,CHL,1981,11.9731738345905
Cote d'Ivoire,CIV,1981,20.299866064843
Colombia,COL,1981,10.214372541564
Costa Rica,CRI,1981,8.47569402865799
Caribbean small states,CSS,1981,12.4315356422515
Cyprus,CYP,1981,16.274834636715
Germany,DEU,1981,12.4315530717647
Djibouti,DJI,1981,30.9482329088378
Dominica,DMA,1981,31.0310164974978
Denmark,DNK,1981,12.2893956973421
Dominican Republic,DOM,1981,17.4855941467493
Algeria,DZA,1981,20.7408853010556
Early-demographic dividend,EAR,1981,11.449325424731
Europe & Central Asia,ECS,1981,11.5649604655794
Ecuador,ECU,1981,6.43370144901536
"Egypt, Arab Rep.",EGY,1981,34.201486139678
Euro area,EMU,1981,12.1453936189318
Spain,ESP,1981,11.8996673147544
European Union,EUU,1981,11.8965655183529
Finland,FIN,1981,6.75207060859688
Fiji,FJI,1981,16.3245533644815
France,FRA,1981,10.3143240421778
Faroe Islands,FRO,1981,14.1536271003377
Gabon,GAB,1981,16.0242991094948
United Kingdom,GBR,1981,14.1028672209704
Ghana,GHA,1981,8.81584589603143
Equatorial Guinea,GNQ,1981,26.8522855756862
Greece,GRC,1981,11.2867477653954
Greenland,GRL,1981,17.3292621143954
Guatemala,GTM,1981,6.24133811861597
Guyana,GUY,1981,13.0907278849543
High income,HIC,1981,10.6369000131324
"Hong Kong SAR, China",HKG,1981,12.1747447876432
Honduras,HND,1981,10.1377263599597
Haiti,HTI,1981,26.1029546232386
Hungary,HUN,1981,8.90262185466503
IDA blend,IDB,1981,14.2779637328785
Indonesia,IDN,1981,11.0492752861062
India,IND,1981,8.54079616454866
Ireland,IRL,1981,13.1084681775363
Iceland,ISL,1981,9.78023487235194
Israel,ISR,1981,12.4389317732556
Italy,ITA,1981,12.3060241143656
Jamaica,JAM,1981,18.648189778922
Jordan,JOR,1981,17.0800081250309
Japan,JPN,1981,12.9566650564309
Kenya,KEN,1981,6.12676250052044
St. Kitts and Nevis,KNA,1981,22.7523084097491
"Korea, Rep.",KOR,1981,12.0410627475286
Kuwait,KWT,1981,14.6187177679135
Latin America & Caribbean (excluding high income),LAC,1981,11.7050707763164
Liberia,LBR,1981,22.2830124288173
Libya,LBY,1981,18.1389783619371
St. Lucia,LCA,1981,24.3748247737062
Latin America & Caribbean,LCN,1981,11.7357155325175
Sri Lanka,LKA,1981,19.3585614666169
Lower middle income,LMC,1981,13.3920255301317
"Macao SAR, China",MAC,1981,13.0726373890335
Morocco,MAR,1981,23.4253406804048
Madagascar,MDG,1981,14.0861710120781
"Middle East, North Africa, Afghanistan & Pakistan",MEA,1981,15.4433026491069
Mexico,MEX,1981,13.9578262000097
Malta,MLT,1981,17.8393045144299
Malawi,MWI,1981,10.9502581785325
Malaysia,MYS,1981,12.87098450313
North America,NAC,1981,7.60822544746945
New Caledonia,NCL,1981,20.4138007501508
Niger,NER,1981,23.5220153990074
Nigeria,NGA,1981,15.5443307366166
Nicaragua,NIC,1981,17.3422539302754
Netherlands,NLD,1981,15.5126907785936
Norway,NOR,1981,7.21809170338469
Nepal,NPL,1981,9.54635183083245
New Zealand,NZL,1981,5.78858167446509
OECD members,OED,1981,10.4892413289539
Oman,OMN,1981,13.4974469871144
Pakistan,PAK,1981,14.0511045901653
Panama,PAN,1981,9.03611190003335
Philippines,PHL,1981,8.50155350350287
Papua New Guinea,PNG,1981,19.605482683898
Portugal,PRT,1981,15.7455702699123
Paraguay,PRY,1981,12.6189347179251
Pacific island small states,PSS,1981,19.0442285395905
Post-demographic dividend,PST,1981,10.4929136669775
French Polynesia,PYF,1981,19.0840483191629
Qatar,QAT,1981,13.8800595687009
South Asia,SAS,1981,10.0594141220251
Saudi Arabia,SAU,1981,14.4309454339259
Sudan,SDN,1981,19.263228054487
Senegal,SEN,1981,27.4630852988879
Singapore,SGP,1981,7.54657251839494
Solomon Islands,SLB,1981,14.7717546047365
El Salvador,SLV,1981,16.4835982181793
"Somalia, Fed. Rep.",SOM,1981,20.2691451979675
Sweden,SWE,1981,7.07626683631564
Seychelles,SYC,1981,20.7248177873603
Syrian Arab Republic,SYR,1981,15.6267449476162
Togo,TGO,1981,25.7342072659789
Thailand,THA,1981,4.41373727739248
Latin America & the Caribbean (IDA & IBRD countries),TLA,1981,11.7668498475552
Tonga,TON,1981,30.3652270538706
South Asia (IDA & IBRD),TSA,1981,10.0594141220251
Trinidad and Tobago,TTO,1981,12.8812487677027
Tunisia,TUN,1981,14.2664219194109
Turkiye,TUR,1981,2.77030906854316
Tuvalu,TUV,1981,35.1030375739443
Tanzania,TZA,1981,6.65653652693838
Uruguay,URY,1981,6.74586066789757
United States,USA,1981,7.70980087623955
"Venezuela, RB",VEN,1981,16.862259758417
Vanuatu,VUT,1981,29.6749613074073
World,WLD,1981,10.7174834770096
Samoa,WSM,1981,21.1705717835238
South Africa,ZAF,1981,3.52503047254676
Arab World,ARB,1982,14.1535768453641
United Arab Emirates,ARE,1982,9.56086299062648
Argentina,ARG,1982,4.40776705762262
Australia,AUS,1982,4.57145778833745
Austria,AUT,1982,6.76113001370831
Belgium,BEL,1982,12.4721347871633
Benin,BEN,1982,24.9191430881199
Burkina Faso,BFA,1982,25.2434643709888
Bangladesh,BGD,1982,25.9714262709796
Bahrain,BHR,1982,12.6665031446711
"Bahamas, The",BHS,1982,2.86287143241133
Belize,BLZ,1982,20.3484836564823
Bermuda,BMU,1982,20.4098120830409
Bolivia,BOL,1982,18.8584746449276
Brazil,BRA,1982,8.45621859559949
Barbados,BRB,1982,17.0077322523556
Brunei Darussalam,BRN,1982,15.3571487223029
Canada,CAN,1982,7.68467220004943
Switzerland,CHE,1982,9.02722125199294
Chile,CHL,1982,16.2140265797574
Cote d'Ivoire,CIV,1982,19.3170284906731
Cameroon,CMR,1982,9.70683616104027
Colombia,COL,1982,10.723598946754
Costa Rica,CRI,1982,8.70767331884623
Caribbean small states,CSS,1982,11.9370427005978
Cyprus,CYP,1982,15.253361406208
Germany,DEU,1982,12.6168570335826
Denmark,DNK,1982,11.5616838343792
Dominican Republic,DOM,1982,15.617845433747
Algeria,DZA,1982,20.6893411618764
Early-demographic dividend,EAR,1982,10.9821652626928
Europe & Central Asia,ECS,1982,11.7486262991959
Ecuador,ECU,1982,5.07906418884707
"Egypt, Arab Rep.",EGY,1982,30.7738726359582
Euro area,EMU,1982,12.5487165828063
Spain,ESP,1982,12.1936909888457
European Union,EUU,1982,12.1982383522737
Finland,FIN,1982,7.37183969852799
Fiji,FJI,1982,17.0633451179848
France,FRA,1982,10.5936300796745
Faroe Islands,FRO,1982,13.7216297928417
Gabon,GAB,1982,16.6826528625457
United Kingdom,GBR,1982,13.8236385699133
Ghana,GHA,1982,11.1627671875022
Equatorial Guinea,GNQ,1982,22.8459174725053
Greece,GRC,1982,12.6860020662755
Greenland,GRL,1982,19.3221209376805
Guatemala,GTM,1982,8.62884954911447
High income,HIC,1982,10.6261320039644
"Hong Kong SAR, China",HKG,1982,13.5062732250967
Honduras,HND,1982,9.93542655575549
Hungary,HUN,1982,6.76571700771304
Indonesia,IDN,1982,7.16419424321577
Ireland,IRL,1982,12.6608134202747
Iceland,ISL,1982,10.1776579709134
Israel,ISR,1982,11.0420687593902
Italy,ITA,1982,13.9192594368551
Jamaica,JAM,1982,19.2420865661901
Jordan,JOR,1982,18.2193262175912
Japan,JPN,1982,12.7197066865943
Kenya,KEN,1982,7.70702689249391
St. Kitts and Nevis,KNA,1982,24.6255936798985
"Korea, Rep.",KOR,1982,7.77237471173709
Kuwait,KWT,1982,13.6057345350301
Latin America & Caribbean (excluding high income),LAC,1982,10.5770698710017
Liberia,LBR,1982,22.3365448074712
Libya,LBY,1982,15.9923517169319
St. Lucia,LCA,1982,24.9750929393727
Latin America & Caribbean,LCN,1982,10.9420833576557
Sri Lanka,LKA,1982,12.8232906694384
Morocco,MAR,1982,16.298756603584
Madagascar,MDG,1982,16.2010497006401
"Middle East, North Africa, Afghanistan & Pakistan",MEA,1982,13.8438050275127
Mexico,MEX,1982,11.3747688284096
Mali,MLI,1982,20.7986280666497
Malta,MLT,1982,18.1991701364949
Malawi,MWI,1982,7.59466184588216
Malaysia,MYS,1982,11.6647375596666
North America,NAC,1982,7.8414784302427
New Caledonia,NCL,1982,21.82445020389
Nicaragua,NIC,1982,12.2469943080988
Netherlands,NLD,1982,15.808617304943
Norway,NOR,1982,6.38503849609588
Nepal,NPL,1982,10.6781762298725
New Zealand,NZL,1982,6.72230634919251
OECD members,OED,1982,10.3643741821079
Oman,OMN,1982,12.6655561603591
Pakistan,PAK,1982,13.5746000959575
Panama,PAN,1982,9.25063194544233
Peru,PER,1982,17.7744314325114
Philippines,PHL,1982,8.35546598390342
Papua New Guinea,PNG,1982,19.6621168017644
Portugal,PRT,1982,14.0275188164573
Paraguay,PRY,1982,9.86059703134776
Pacific island small states,PSS,1982,19.9341705368295
Post-demographic dividend,PST,1982,10.5407951422248
French Polynesia,PYF,1982,19.3422094471605
Qatar,QAT,1982,10.658176243964
Saudi Arabia,SAU,1982,12.9293303435526
Sudan,SDN,1982,21.1502605202364
Singapore,SGP,1982,7.80267822723405
Solomon Islands,SLB,1982,19.4537792517805
El Salvador,SLV,1982,17.8881222737269
"Somalia, Fed. Rep.",SOM,1982,22.4442358215445
Sweden,SWE,1982,6.95267702003614
Seychelles,SYC,1982,21.4049864753367
Syrian Arab Republic,SYR,1982,14.4648514832858
Thailand,THA,1982,4.72154720130326
Latin America & the Caribbean (IDA & IBRD countries),TLA,1982,10.9658804333517
Tonga,TON,1982,27.4881924657816
Trinidad and Tobago,TTO,1982,11.8357538418568
Tunisia,TUN,1982,11.6377318178532
Turkiye,TUR,1982,2.60785896734055
Tuvalu,TUV,1982,27.1739880958252
Uruguay,URY,1982,6.01915220863388
United States,USA,1982,7.86553893007574
"Venezuela, RB",VEN,1982,14.0448280484306
Vanuatu,VUT,1982,26.5450191910027
World,WLD,1982,10.5848852472936
Samoa,WSM,1982,25.1234016595608
South Africa,ZAF,1982,3.48101433124095
Africa Western and Central,AFW,1983,20.4453037811655
Arab World,ARB,1983,14.9548748599706
United Arab Emirates,ARE,1983,12.2516542452435
Argentina,ARG,1983,3.86375449049171
Australia,AUS,1983,5.70876057059668
Austria,AUT,1983,6.61711228060459
Belgium,BEL,1983,12.1343742881135
Burkina Faso,BFA,1983,25.5114052027629
Bangladesh,BGD,1983,19.9649316936242
Bahrain,BHR,1983,12.8109634406304
"Bahamas, The",BHS,1983,3.44015886057295
Belize,BLZ,1983,23.438127072111
Bermuda,BMU,1983,20.3614501385793
Bolivia,BOL,1983,20.378698487183
Brazil,BRA,1983,8.25716521214095
Barbados,BRB,1983,14.8883029763525
Brunei Darussalam,BRN,1983,17.031214817302
Canada,CAN,1983,7.00550450100502
Switzerland,CHE,1983,8.43510502779932
Chile,CHL,1983,17.9763001277501
Cote d'Ivoire,CIV,1983,20.5890792607185
"Congo, Rep.",COG,1983,14.2216134522994
Colombia,COL,1983,10.9093170100708
Costa Rica,CRI,1983,10.2971570155099
Caribbean small states,CSS,1983,15.5018284565727
Cyprus,CYP,1983,17.2702451151958
Germany,DEU,1983,12.3936698268204
Djibouti,DJI,1983,23.5400499609528
Dominica,DMA,1983,29.123389222744
Denmark,DNK,1983,12.0725406570959
Dominican Republic,DOM,1983,14.6823345905577
Algeria,DZA,1983,21.2163414881976
Early-demographic dividend,EAR,1983,12.9987307402702
Europe & Central Asia,ECS,1983,11.6658768035539
Ecuador,ECU,1983,10.452226121722
"Egypt, Arab Rep.",EGY,1983,25.5387986151112
Euro area,EMU,1983,12.6291772717922
Spain,ESP,1983,12.7253799561016
European Union,EUU,1983,12.2943802967665
Finland,FIN,1983,6.11559622553145
Fiji,FJI,1983,18.144537173308
France,FRA,1983,11.3403550393084
Faroe Islands,FRO,1983,10.8533292162025
Gabon,GAB,1983,17.9811428589966
United Kingdom,GBR,1983,12.9561286624881
Ghana,GHA,1983,14.6637073972592
Equatorial Guinea,GNQ,1983,31.7995766557172
Greece,GRC,1983,13.2657708914333
Greenland,GRL,1983,21.6091566910618
Guatemala,GTM,1983,8.59356530521918
High income,HIC,1983,10.7178300094376
"Hong Kong SAR, China",HKG,1983,12.876112384405
Honduras,HND,1983,9.83943036293447
Hungary,HUN,1983,7.20284413095746
IDA blend,IDB,1983,16.8169556018927
Indonesia,IDN,1983,7.7277878811683
India,IND,1983,11.6588489306529
Ireland,IRL,1983,12.979517085222
Iceland,ISL,1983,11.5522430245394
Israel,ISR,1983,10.0910436137655
Italy,ITA,1983,14.4130194194725
Jamaica,JAM,1983,17.0718360109209
Jordan,JOR,1983,17.7060624864841
Japan,JPN,1983,13.6913880585299
Kenya,KEN,1983,9.44661684808839
Kiribati,KIR,1983,32.1498322834991
St. Kitts and Nevis,KNA,1983,23.3038928528961
"Korea, Rep.",KOR,1983,7.91765842730332
Kuwait,KWT,1983,13.9984083691256
Latin America & Caribbean (excluding high income),LAC,1983,15.3434146326423
Liberia,LBR,1983,26.075654673038
Libya,LBY,1983,17.979362709295
St. Lucia,LCA,1983,26.5310957925234
Latin America & Caribbean,LCN,1983,15.3989088811074
Sri Lanka,LKA,1983,17.1750253651635
Lower middle income,LMC,1983,14.4440265601721
"Macao SAR, China",MAC,1983,14.2521633573774
Morocco,MAR,1983,17.6394509560646
Madagascar,MDG,1983,20.0096864897815
"Middle East, North Africa, Afghanistan & Pakistan",MEA,1983,14.5745306666212
Mexico,MEX,1983,20.5568131764855
Malta,MLT,1983,16.7985516927517
Malawi,MWI,1983,8.19339300500368
Malaysia,MYS,1983,11.2293944328069
North America,NAC,1983,7.71846833679472
New Caledonia,NCL,1983,22.7465276693338
Nigeria,NGA,1983,21.5548760978154
Nicaragua,NIC,1983,12.7394970101144
Netherlands,NLD,1983,15.5713021457792
Norway,NOR,1983,6.89704596014809
Nepal,NPL,1983,16.0662651906759
New Zealand,NZL,1983,6.29355254623162
OECD members,OED,1983,10.7666976762938
Oman,OMN,1983,14.6892162027269
Pakistan,PAK,1983,14.0266163905235
Panama,PAN,1983,10.7576446412475
Peru,PER,1983,25.1651148671928
Philippines,PHL,1983,8.86318451385279
Papua New Guinea,PNG,1983,18.3848034131982
Portugal,PRT,1983,14.3707864770524
Paraguay,PRY,1983,9.29402765434424
Pacific island small states,PSS,1983,20.4292972754201
Post-demographic dividend,PST,1983,10.5351637848767
French Polynesia,PYF,1983,18.8742213561269
Qatar,QAT,1983,15.0946867822919
South Asia,SAS,1983,12.7048632359462
Saudi Arabia,SAU,1983,12.1740705090364
Singapore,SGP,1983,7.79800130293802
Solomon Islands,SLB,1983,16.6962803326618
Sierra Leone,SLE,1983,27.5743818422
El Salvador,SLV,1983,16.9975031060686
Sweden,SWE,1983,6.97949233874351
Seychelles,SYC,1983,19.0341374914468
Syrian Arab Republic,SYR,1983,19.8048106968698
Togo,TGO,1983,30.8568348121567
Thailand,THA,1983,4.11283953908561
Latin America & the Caribbean (IDA & IBRD countries),TLA,1983,15.4341255049679
Tonga,TON,1983,29.9797389413252
South Asia (IDA & IBRD),TSA,1983,12.7048632359462
Trinidad and Tobago,TTO,1983,17.3689436709581
Tunisia,TUN,1983,15.8514767281234
Turkiye,TUR,1983,1.83780351085629
Uruguay,URY,1983,8.38855774201567
United States,USA,1983,7.84581865189515
"Venezuela, RB",VEN,1983,20.0752921307684
Vanuatu,VUT,1983,25.8263320439721
World,WLD,1983,11.041400928506
Samoa,WSM,1983,23.5185560453462
South Africa,ZAF,1983,6.52383568719764
Argentina,ARG,1984,4.514638549706
Australia,AUS,1984,5.55415402010504
Austria,AUT,1984,6.5242125089571
Belgium,BEL,1984,12.3367042822656
Bangladesh,BGD,1984,28.9884685054435
Bahrain,BHR,1984,14.759658868539
"Bahamas, The",BHS,1984,4.39354492577715
Belize,BLZ,1984,24.3129029035951
Bermuda,BMU,1984,19.9977876625129
Bolivia,BOL,1984,16.8138643188174
Brazil,BRA,1984,9.30653496839704
Barbados,BRB,1984,14.4551471293562
Brunei Darussalam,BRN,1984,21.5193452679611
Canada,CAN,1984,6.5291639585122
Switzerland,CHE,1984,8.13719351921486
Chile,CHL,1984,13.5440166846771
China,CHN,1984,9.02561601825926
"Congo, Rep.",COG,1984,19.0286244475476
Colombia,COL,1984,10.2269631004099
Costa Rica,CRI,1984,9.51718105081639
Caribbean small states,CSS,1984,18.1953307283555
Cyprus,CYP,1984,15.1464747713162
Germany,DEU,1984,12.1664132741221
Djibouti,DJI,1984,22.768808464068
Denmark,DNK,1984,12.081504210063
Dominican Republic,DOM,1984,12.9100375325676
Algeria,DZA,1984,19.2004574217716
East Asia & Pacific (excluding high income),EAP,1984,8.70629322860418
Early-demographic dividend,EAR,1984,12.61441695562
East Asia & Pacific,EAS,1984,9.48029342873195
Europe & Central Asia,ECS,1984,11.5574000368376
Ecuador,ECU,1984,11.4930810254044
"Egypt, Arab Rep.",EGY,1984,27.68475945344
Euro area,EMU,1984,12.3746309633675
Spain,ESP,1984,12.0149033122443
European Union,EUU,1984,12.0474998050065
Finland,FIN,1984,6.22479177846832
Fiji,FJI,1984,18.1155513214406
France,FRA,1984,11.2850215694027
Faroe Islands,FRO,1984,9.86971434079632
United Kingdom,GBR,1984,12.3172530326682
Ghana,GHA,1984,7.71726080394065
Greece,GRC,1984,12.6472032024762
Grenada,GRD,1984,30.5997474305234
Greenland,GRL,1984,20.019016795568
Guatemala,GTM,1984,7.2833301293555
High income,HIC,1984,10.3819189596459
"Hong Kong SAR, China",HKG,1984,10.8804740928452
Honduras,HND,1984,10.9409688568084
Hungary,HUN,1984,7.20785219310975
IBRD only,IBD,1984,10.4375814055799
IDA & IBRD total,IBT,1984,10.8726328735978
IDA blend,IDB,1984,17.8401470891617
Indonesia,IDN,1984,6.50354620920944
India,IND,1984,10.1799906261651
Ireland,IRL,1984,12.0667748626523
Iceland,ISL,1984,11.1685738735372
Israel,ISR,1984,10.6802689595003
Italy,ITA,1984,13.0751372581453
Jamaica,JAM,1984,19.9667016123825
Jordan,JOR,1984,19.728644147787
Japan,JPN,1984,13.8604012829683
Kenya,KEN,1984,12.2026350412057
Kiribati,KIR,1984,32.5402230546758
"Korea, Rep.",KOR,1984,6.75240783389142
Kuwait,KWT,1984,17.4189331026992
Latin America & Caribbean (excluding high income),LAC,1984,13.2186198773799
Liberia,LBR,1984,25.011804089287
Libya,LBY,1984,16.1079341780686
Latin America & Caribbean,LCN,1984,13.2439165188873
Sri Lanka,LKA,1984,15.2804416963931
Lower middle income,LMC,1984,14.4811648426046
Low & middle income,LMY,1984,10.7367568186578
Late-demographic dividend,LTE,1984,9.93215753480472
"Macao SAR, China",MAC,1984,13.0874862599817
Morocco,MAR,1984,20.5448141259693
Madagascar,MDG,1984,12.0805476307585
Mexico,MEX,1984,16.0331721682175
Middle income,MIC,1984,10.7033087465992
Malta,MLT,1984,17.1368698864678
Malawi,MWI,1984,7.56199510835205
Malaysia,MYS,1984,11.4503332215512
North America,NAC,1984,7.07555653470573
Nigeria,NGA,1984,21.2878147491077
Nicaragua,NIC,1984,13.621662984983
Netherlands,NLD,1984,15.5249458847813
Norway,NOR,1984,6.61948485965345
Nepal,NPL,1984,14.6265117591591
New Zealand,NZL,1984,6.49188322667084
OECD members,OED,1984,10.297164198923
Oman,OMN,1984,15.0342802297251
Pakistan,PAK,1984,17.0808503887559
Panama,PAN,1984,10.4777547917364
Peru,PER,1984,23.5360646053578
Philippines,PHL,1984,8.5386471791245
Papua New Guinea,PNG,1984,19.6894600792133
Poland,POL,1984,11.6708351319298
Portugal,PRT,1984,17.0575245444695
Paraguay,PRY,1984,7.42117663576097
Pacific island small states,PSS,1984,21.3503849105509
Post-demographic dividend,PST,1984,10.1314339666412
Qatar,QAT,1984,21.7873238638955
South Asia,SAS,1984,12.1658392049475
Saudi Arabia,SAU,1984,15.5791781871632
Sudan,SDN,1984,17.2654678130329
Singapore,SGP,1984,10.106588596054
Solomon Islands,SLB,1984,21.2378615630227
Sierra Leone,SLE,1984,20.7292760721117
El Salvador,SLV,1984,12.9708096919466
Sweden,SWE,1984,7.14396755104596
Seychelles,SYC,1984,20.775593646079
Syrian Arab Republic,SYR,1984,18.8218436437095
East Asia & Pacific (IDA & IBRD countries),TEA,1984,8.70629322860418
Thailand,THA,1984,4.94949030914612
Latin America & the Caribbean (IDA & IBRD countries),TLA,1984,13.2699978951889
Tonga,TON,1984,30.2725146918496
South Asia (IDA & IBRD),TSA,1984,12.1658392049475
Trinidad and Tobago,TTO,1984,22.1101076464891
Tunisia,TUN,1984,15.7481855394036
Turkiye,TUR,1984,5.72668207191192
Upper middle income,UMC,1984,9.76549060420606
Uruguay,URY,1984,9.15538705858428
United States,USA,1984,7.17184949901978
"Venezuela, RB",VEN,1984,16.4461827600595
Vanuatu,VUT,1984,31.1874105011029
World,WLD,1984,10.4977209640703
South Africa,ZAF,1984,8.03747994085779
Zimbabwe,ZWE,1984,8.11936921647754
Africa Eastern and Southern,AFE,1985,10.9745537325037
Angola,AGO,1985,32.4960490980796
Argentina,ARG,1985,4.71657369165189
Australia,AUS,1985,5.26009437720321
Austria,AUT,1985,6.36714660983228
Belgium,BEL,1985,11.7291774453047
Bangladesh,BGD,1985,24.2527106051131
Bahrain,BHR,1985,15.5370563047592
"Bahamas, The",BHS,1985,6.04554219752858
Belize,BLZ,1985,26.862304287142
Bermuda,BMU,1985,19.7224241888945
Bolivia,BOL,1985,18.3133885356712
Brazil,BRA,1985,8.96606075350597
Barbados,BRB,1985,14.9936349056438
Brunei Darussalam,BRN,1985,20.622470177469
Canada,CAN,1985,5.94228424638857
Switzerland,CHE,1985,8.01474813278882
Chile,CHL,1985,8.31029383067664
China,CHN,1985,4.09832090762071
Cote d'Ivoire,CIV,1985,17.1564662889205
"Congo, Dem. Rep.",COD,1985,20.6424167693863
"Congo, Rep.",COG,1985,19.1304049607338
Colombia,COL,1985,9.49490699739424
Costa Rica,CRI,1985,8.22385348737891
Caribbean small states,CSS,1985,19.4551453447947
Cyprus,CYP,1985,15.1344809855815
Germany,DEU,1985,12.0897150615716
Djibouti,DJI,1985,29.5981815682944
Dominica,DMA,1985,26.3611031335897
Denmark,DNK,1985,11.0151384291422
Dominican Republic,DOM,1985,11.882132338189
Algeria,DZA,1985,25.4206172281161
East Asia & Pacific (excluding high income),EAP,1985,5.21514964073507
Early-demographic dividend,EAR,1985,11.4427338719805
East Asia & Pacific,EAS,1985,7.54599589310964
Europe & Central Asia,ECS,1985,11.2547962881262
Ecuador,ECU,1985,8.15229786822557
"Egypt, Arab Rep.",EGY,1985,27.0768851028388
Euro area,EMU,1985,12.1279314001758
Spain,ESP,1985,10.6419453747913
European Union,EUU,1985,11.7883305579282
Finland,FIN,1985,5.7728297922563
Fiji,FJI,1985,18.7803344183461
France,FRA,1985,10.9912917523917
Faroe Islands,FRO,1985,10.5452735780255
United Kingdom,GBR,1985,11.90480830515
Greece,GRC,1985,12.9571260760858
Grenada,GRD,1985,27.2949985377468
Greenland,GRL,1985,18.0900567510786
Guatemala,GTM,1985,9.16867050296701
High income,HIC,1985,10.0097684483808
"Hong Kong SAR, China",HKG,1985,10.7430532995859
Honduras,HND,1985,9.13978669762793
Hungary,HUN,1985,6.85476477678511
IBRD only,IBD,1985,7.87938823758728
IDA & IBRD total,IBT,1985,8.44095161450133
IDA blend,IDB,1985,16.9138505277791
Indonesia,IDN,1985,6.90911473796093
India,IND,1985,8.41407280327842
Ireland,IRL,1985,12.3080437732573
Iceland,ISL,1985,10.2982282248216
Israel,ISR,1985,9.57537972651992
Italy,ITA,1985,14.2865260047237
Jamaica,JAM,1985,17.8281408021471
Jordan,JOR,1985,18.8074421319868
Japan,JPN,1985,13.9215146363514
Kenya,KEN,1985,9.69760190737123
Kiribati,KIR,1985,32.6337209398919
"Korea, Rep.",KOR,1985,5.76687404611886
Latin America & Caribbean (excluding high income),LAC,1985,11.1706202456912
Libya,LBY,1985,17.3413211425355
St. Lucia,LCA,1985,25.3468527736125
Latin America & Caribbean,LCN,1985,11.0814207829644
Sri Lanka,LKA,1985,19.9609286744532
Lower middle income,LMC,1985,13.86621120442
Low & middle income,LMY,1985,8.3578156798111
Late-demographic dividend,LTE,1985,6.35305016455936
"Macao SAR, China",MAC,1985,12.2324696004165
Morocco,MAR,1985,17.5048334690155
Madagascar,MDG,1985,12.5818709224714
Mexico,MEX,1985,12.4438672125424
Middle income,MIC,1985,8.30468750538448
Malta,MLT,1985,16.4210841557447
Malawi,MWI,1985,7.64489350697389
Malaysia,MYS,1985,11.7640539977578
North America,NAC,1985,6.86569440679342
Nigeria,NGA,1985,17.9569212894035
Nicaragua,NIC,1985,9.50314217684989
Netherlands,NLD,1985,14.8973455948156
Norway,NOR,1985,6.15191162025306
Nepal,NPL,1985,13.9830590677044
New Zealand,NZL,1985,6.21886868959624
OECD members,OED,1985,9.81277885596652
Oman,OMN,1985,13.4570306980866
Pakistan,PAK,1985,18.8895715651981
Panama,PAN,1985,12.0519842223504
Peru,PER,1985,19.4508533680152
Philippines,PHL,1985,10.7120100806349
Papua New Guinea,PNG,1985,18.667663030494
Portugal,PRT,1985,14.8198498370063
Paraguay,PRY,1985,9.81478602169966
Pacific island small states,PSS,1985,20.5400021587783
Post-demographic dividend,PST,1985,9.85320625952256
Qatar,QAT,1985,18.2381255020466
South Asia,SAS,1985,10.4100054014732
Saudi Arabia,SAU,1985,14.9407330183652
Sudan,SDN,1985,16.8901031187523
Singapore,SGP,1985,9.59313829952455
Solomon Islands,SLB,1985,21.0384324673098
El Salvador,SLV,1985,15.51342177846
Sweden,SWE,1985,6.58278872724411
Seychelles,SYC,1985,17.8916311476823
Syrian Arab Republic,SYR,1985,18.9602258808754
East Asia & Pacific (IDA & IBRD countries),TEA,1985,5.21514964073507
Thailand,THA,1985,5.17489103403261
Latin America & the Caribbean (IDA & IBRD countries),TLA,1985,11.0962495387187
Tonga,TON,1985,28.5274508427075
South Asia (IDA & IBRD),TSA,1985,10.4100054014732
Trinidad and Tobago,TTO,1985,22.8925571813265
Tunisia,TUN,1985,14.0958530210496
Turkiye,TUR,1985,5.24082307057178
Tuvalu,TUV,1985,29.8713040974868
Upper middle income,UMC,1985,6.89768624665852
Uruguay,URY,1985,7.00231298326135
United States,USA,1985,7.03205406638735
"Venezuela, RB",VEN,1985,12.8837847641326
World,WLD,1985,9.53151210500982
South Africa,ZAF,1985,6.10895246519328
Zimbabwe,ZWE,1985,4.95904460944504
Argentina,ARG,1986,6.89167240737623
Australia,AUS,1986,5.33910383151579
Austria,AUT,1986,6.47300112960124
Belgium,BEL,1986,11.7173181925019
Bangladesh,BGD,1986,20.8689749959454
Bahrain,BHR,1986,17.6698584264649
"Bahamas, The",BHS,1986,5.96580338138234
Belize,BLZ,1986,27.2211451604908
Bolivia,BOL,1986,13.3747404261521
Brazil,BRA,1986,15.2504466647692
Barbados,BRB,1986,15.5945898421233
Brunei Darussalam,BRN,1986,20.8290128470476
Canada,CAN,1986,6.18517241384022
Switzerland,CHE,1986,7.71107673636484
Chile,CHL,1986,5.07966358497008
China,CHN,1986,4.39376389162299
Cameroon,CMR,1986,15.418589301763
"Congo, Dem. Rep.",COD,1986,20.5502872492802
"Congo, Rep.",COG,1986,18.5139260017031
Colombia,COL,1986,8.7026237538045
Costa Rica,CRI,1986,7.66076872709725
Caribbean small states,CSS,1986,16.4486136338979
Cyprus,CYP,1986,15.9212032979124
Germany,DEU,1986,12.6039417191363
Djibouti,DJI,1986,30.362023678269
Dominica,DMA,1986,27.7877812509206
Denmark,DNK,1986,11.6832647727094
Algeria,DZA,1986,21.9484424000057
East Asia & Pacific (excluding high income),EAP,1986,5.61569045562894
Early-demographic dividend,EAR,1986,10.8614010919017
East Asia & Pacific,EAS,1986,8.17818343388175
Europe & Central Asia,ECS,1986,11.8487443127301
Ecuador,ECU,1986,4.78469996990044
"Egypt, Arab Rep.",EGY,1986,30.0249839967238
Euro area,EMU,1986,12.7266817354693
Spain,ESP,1986,12.9151646949015
European Union,EUU,1986,12.3875381246816
Finland,FIN,1986,6.46819394307375
Fiji,FJI,1986,17.7160494344654
France,FRA,1986,11.7318147325915
Faroe Islands,FRO,1986,12.3297080290339
United Kingdom,GBR,1986,12.4935289532845
Greece,GRC,1986,16.5679860688955
Grenada,GRD,1986,25.0689581702582
Greenland,GRL,1986,20.3020560256878
Guatemala,GTM,1986,12.1086273769338
High income,HIC,1986,10.5333803234315
"Hong Kong SAR, China",HKG,1986,9.98762098616266
Honduras,HND,1986,10.5807551779809
Hungary,HUN,1986,7.14607590514921
IBRD only,IBD,1986,7.76166677095288
IDA & IBRD total,IBT,1986,8.26706943522796
IDA blend,IDB,1986,15.5744653144484
Indonesia,IDN,1986,7.17452703206772
India,IND,1986,7.04137324208479
Ireland,IRL,1986,13.0285734764477
Iceland,ISL,1986,9.83283555217397
Israel,ISR,1986,9.2206726256423
Italy,ITA,1986,15.0661062513019
Jamaica,JAM,1986,20.3951606197084
Jordan,JOR,1986,21.7849058152181
Japan,JPN,1986,17.5835782604899
Kenya,KEN,1986,9.27444742198956
Kiribati,KIR,1986,32.4010523183184
St. Kitts and Nevis,KNA,1986,22.9143651021063
"Korea, Rep.",KOR,1986,5.73854796934311
Kuwait,KWT,1986,18.0270230199943
Latin America & Caribbean (excluding high income),LAC,1986,11.0490996195288
Libya,LBY,1986,20.2983523558034
St. Lucia,LCA,1986,23.4540945523083
Latin America & Caribbean,LCN,1986,10.6367422326147
Sri Lanka,LKA,1986,17.7353729305417
Lower middle income,LMC,1986,12.5614401751623
Low & middle income,LMY,1986,8.25506364509054
Late-demographic dividend,LTE,1986,7.02982980867903
"Macao SAR, China",MAC,1986,11.5765519145413
Morocco,MAR,1986,15.8941293601568
Mexico,MEX,1986,9.05619877518329
Middle income,MIC,1986,8.21721635920493
Malta,MLT,1986,14.56312144313
Malawi,MWI,1986,6.60316072529818
Malaysia,MYS,1986,12.1793580239384
North America,NAC,1986,6.99601335604349
Nigeria,NGA,1986,15.7696387036938
Nicaragua,NIC,1986,12.0687500304715
Netherlands,NLD,1986,14.9264905598604
Nepal,NPL,1986,13.928103257115
New Zealand,NZL,1986,6.46698270521747
OECD members,OED,1986,10.223565051777
Oman,OMN,1986,16.285850602192
Pakistan,PAK,1986,17.8497345892955
Panama,PAN,1986,12.7663341504868
Peru,PER,1986,22.7124674586564
Philippines,PHL,1986,10.2670607477518
Papua New Guinea,PNG,1986,19.4609981535061
Portugal,PRT,1986,13.4268232898425
Paraguay,PRY,1986,9.83187700867196
Pacific island small states,PSS,1986,19.7528282138482
Post-demographic dividend,PST,1986,10.3869171744606
South Asia,SAS,1986,8.83819756420858
Saudi Arabia,SAU,1986,16.4628801502119
Senegal,SEN,1986,22.951186640357
Singapore,SGP,1986,9.46017393537504
Solomon Islands,SLB,1986,21.5854241781186
El Salvador,SLV,1986,12.5532644890629
Sweden,SWE,1986,7.35603903889946
Seychelles,SYC,1986,19.621846268878
Syrian Arab Republic,SYR,1986,17.1602664664097
East Asia & Pacific (IDA & IBRD countries),TEA,1986,5.61569045562894
Togo,TGO,1986,22.7170430541697
Thailand,THA,1986,6.85536133659387
Latin America & the Caribbean (IDA & IBRD countries),TLA,1986,10.6507279441587
Tonga,TON,1986,28.8662478326162
South Asia (IDA & IBRD),TSA,1986,8.83819756420858
Trinidad and Tobago,TTO,1986,17.5452941159783
Tunisia,TUN,1986,14.3756763108057
Turkiye,TUR,1986,4.9369605708467
Upper middle income,UMC,1986,7.10209084366656
Uruguay,URY,1986,9.03382647441343
United States,USA,1986,7.14664696671624
"Venezuela, RB",VEN,1986,9.37362042611309
World,WLD,1986,9.87519787384497
Zimbabwe,ZWE,1986,3.27457652984667
Argentina,ARG,1987,4.56200787428644
Australia,AUS,1987,5.46689354755344
Austria,AUT,1987,6.04104213289162
Belgium,BEL,1987,11.3222710118407
Bangladesh,BGD,1987,24.1907096555314
Bahrain,BHR,1987,16.8416778034625
"Bahamas, The",BHS,1987,7.27864921965627
Belize,BLZ,1987,25.2745165025
Bolivia,BOL,1987,18.083975823033
Brazil,BRA,1987,8.11086077187955
Barbados,BRB,1987,19.4054174886507
Brunei Darussalam,BRN,1987,24.2377469716895
Canada,CAN,1987,6.0492983453306
Switzerland,CHE,1987,7.34911766400617
Chile,CHL,1987,4.81185055838563
China,CHN,1987,7.33601824563825
Cameroon,CMR,1987,14.673771522635
Colombia,COL,1987,7.95193985259735
Costa Rica,CRI,1987,7.80347015777327
Caribbean small states,CSS,1987,19.3190907836481
Cyprus,CYP,1987,14.019417665747
Germany,DEU,1987,11.9452250153506
Djibouti,DJI,1987,26.7483500163777
Dominica,DMA,1987,26.83912238548
Denmark,DNK,1987,12.416404406874
Algeria,DZA,1987,27.3514779470487
East Asia & Pacific (excluding high income),EAP,1987,7.49107662147609
Early-demographic dividend,EAR,1987,11.2446063929926
East Asia & Pacific,EAS,1987,8.6441911459188
Europe & Central Asia,ECS,1987,11.3375743527742
Ecuador,ECU,1987,6.46632507289456
"Egypt, Arab Rep.",EGY,1987,27.3263469873743
Euro area,EMU,1987,12.1864296643425
Spain,ESP,1987,11.3734054801102
European Union,EUU,1987,11.87264269248
Finland,FIN,1987,5.85654263910547
Fiji,FJI,1987,20.3177627185591
France,FRA,1987,11.080926934867
Faroe Islands,FRO,1987,10.2798425683873
United Kingdom,GBR,1987,11.5278507459226
Greece,GRC,1987,18.8484987197639
Grenada,GRD,1987,27.2202113140675
Greenland,GRL,1987,20.1873243569546
Guatemala,GTM,1987,10.5848707809405
High income,HIC,1987,9.93332752280047
"Hong Kong SAR, China",HKG,1987,8.49585416604686
Honduras,HND,1987,9.6454634264294
Hungary,HUN,1987,7.18830259028393
IBRD only,IBD,1987,8.87335978126868
IDA & IBRD total,IBT,1987,9.19622426685808
IDA blend,IDB,1987,12.2390019120283
Indonesia,IDN,1987,6.99892171356163
India,IND,1987,8.43977180317303
Ireland,IRL,1987,12.3515377874802
Iceland,ISL,1987,8.12522666732447
Israel,ISR,1987,7.88680886670531
Italy,ITA,1987,14.5645367892272
Jamaica,JAM,1987,18.0588957549861
Jordan,JOR,1987,18.9945238957503
Japan,JPN,1987,16.6265846474108
Kenya,KEN,1987,7.19291984217652
Kiribati,KIR,1987,37.1968738153134
St. Kitts and Nevis,KNA,1987,19.1846968448439
"Korea, Rep.",KOR,1987,5.00407525806118
Kuwait,KWT,1987,19.6408026782908
Latin America & Caribbean (excluding high income),LAC,1987,10.0263764363972
Libya,LBY,1987,18.0129297915872
St. Lucia,LCA,1987,24.3314021169878
Latin America & Caribbean,LCN,1987,9.81053769816329
Sri Lanka,LKA,1987,15.6013002878504
Lower middle income,LMC,1987,12.2202874014962
Low & middle income,LMY,1987,9.09291459274648
Late-demographic dividend,LTE,1987,8.44172574541546
"Macao SAR, China",MAC,1987,9.47623436103664
Morocco,MAR,1987,13.4513624993469
Mexico,MEX,1987,10.7840676722838
Middle income,MIC,1987,9.06607413745633
Mali,MLI,1987,20.961150070901
Malta,MLT,1987,13.5695671838836
Malawi,MWI,1987,7.6322621148547
Malaysia,MYS,1987,11.1835109436029
North America,NAC,1987,6.41292710068802
Nigeria,NGA,1987,10.8598439846965
Netherlands,NLD,1987,14.9422524411994
Nepal,NPL,1987,8.47361618145859
New Zealand,NZL,1987,6.72179160380937
OECD members,OED,1987,9.79063325039176
Oman,OMN,1987,21.2910124535566
Pakistan,PAK,1987,13.806181173495
Panama,PAN,1987,11.2370868951731
Peru,PER,1987,19.4661652439196
Philippines,PHL,1987,8.53995461821167
Papua New Guinea,PNG,1987,17.5692262130978
Poland,POL,1987,11.6886545277366
Portugal,PRT,1987,13.2317679026282
Paraguay,PRY,1987,9.31623750518596
Pacific island small states,PSS,1987,21.2904689732394
Post-demographic dividend,PST,1987,9.72400690581236
South Asia,SAS,1987,10.168158230338
Saudi Arabia,SAU,1987,16.054414511523
Senegal,SEN,1987,21.3607273832954
Singapore,SGP,1987,7.97825510948341
Solomon Islands,SLB,1987,18.9008429328099
El Salvador,SLV,1987,14.4335507504869
Sweden,SWE,1987,6.62917023191699
Seychelles,SYC,1987,21.8037182157913
Syrian Arab Republic,SYR,1987,16.3939812028152
East Asia & Pacific (IDA & IBRD countries),TEA,1987,7.49107662147609
Togo,TGO,1987,21.3760959817904
Thailand,THA,1987,5.20706290142024
Latin America & the Caribbean (IDA & IBRD countries),TLA,1987,9.81817331228406
Tonga,TON,1987,27.3991679412156
South Asia (IDA & IBRD),TSA,1987,10.168158230338
Trinidad and Tobago,TTO,1987,21.719215859319
Tunisia,TUN,1987,11.9277032730519
Turkiye,TUR,1987,5.18794080837767
Tanzania,TZA,1987,14.7729846021206
Upper middle income,UMC,1987,8.2687630533341
Uruguay,URY,1987,7.88744814891413
United States,USA,1987,6.48048006886337
"Venezuela, RB",VEN,1987,10.7690790350677
World,WLD,1987,9.69732119862025
Australia,AUS,1988,5.2194981310277
Austria,AUT,1988,5.70913191966141
Canada,CAN,1988,5.60323392822954
Switzerland,CHE,1988,6.85038574260651
Germany,DEU,1988,11.4840430502893
Denmark,DNK,1988,12.6010997324458
Europe & Central Asia,ECS,1988,11.2427414842978
Euro area,EMU,1988,12.006933868221
Spain,ESP,1988,11.3205205976244
European Union,EUU,1988,11.8058688211048
Finland,FIN,1988,5.78105543423408
France,FRA,1988,10.7534488778709
Faroe Islands,FRO,1988,14.1595822302423
United Kingdom,GBR,1988,10.5232908697891
Greece,GRC,1988,17.8465918760618
Greenland,GRL,1988,17.3538042980566
India,IND,1988,8.05408745648698
Ireland,IRL,1988,12.3657585403924
Iceland,ISL,1988,8.55484350102001
Israel,ISR,1988,8.78106122845604
Italy,ITA,1988,13.4437890892915
Japan,JPN,1988,16.8842690924034
"Korea, Rep.",KOR,1988,5.55619520011292
Kuwait,KWT,1988,18.1354274666366
Mauritius,MUS,1988,10.2247378904287
Malaysia,MYS,1988,10.6405861481077
Netherlands,NLD,1988,15.7222733065068
Norway,NOR,1988,6.11344566189046
New Zealand,NZL,1988,7.70987607310527
Oman,OMN,1988,19.5143629080594
Portugal,PRT,1988,12.6673137418038
South Asia,SAS,1988,8.05408745648698
Sweden,SWE,1988,6.57205126033892
Togo,TGO,1988,25.9754720465025
Thailand,THA,1988,5.76067485184371
South Asia (IDA & IBRD),TSA,1988,8.05408745648698
Australia,AUS,1989,4.80060124086042
Austria,AUT,1989,5.48092177947057
Bangladesh,BGD,1989,24.1373737553816
Brazil,BRA,1989,9.88072496492476
Canada,CAN,1989,5.74244866856003
Switzerland,CHE,1989,6.34939536178772
Cuba,CUB,1989,12.024988653042
Cyprus,CYP,1989,12.8169185704884
Germany,DEU,1989,10.5113442933384
Denmark,DNK,1989,12.3771156259444
Europe & Central Asia,ECS,1989,10.156079006118
Euro area,EMU,1989,10.9764200274205
Spain,ESP,1989,10.6274538829365
European Union,EUU,1989,10.6841127315574
Finland,FIN,1989,5.21624121259231
Fiji,FJI,1989,16.3946923641716
France,FRA,1989,10.1662426152925
Faroe Islands,FRO,1989,16.3581729213918
United Kingdom,GBR,1989,9.90428177777848
Greece,GRC,1989,16.1949202937617
Greenland,GRL,1989,18.4454570931709
High income,HIC,1989,8.82996773876896
Indonesia,IDN,1989,7.60511146328845
India,IND,1989,3.50915103633338
Ireland,IRL,1989,10.9770713373284
Iceland,ISL,1989,9.85074780635017
Israel,ISR,1989,9.04932892911925
Italy,ITA,1989,12.8022353290707
Jordan,JOR,1989,16.9086527995861
Japan,JPN,1989,15.8690468354854
Kiribati,KIR,1989,36.0397626494054
"Korea, Rep.",KOR,1989,6.15317278043715
Kuwait,KWT,1989,19.3545645853652
Latin America & Caribbean (excluding high income),LAC,1989,13.9719150165699
"Macao SAR, China",MAC,1989,10.8251495548187
Mexico,MEX,1989,15.9519180597802
Mauritius,MUS,1989,12.4841757093779
Malaysia,MYS,1989,8.96346268401383
North America,NAC,1989,5.71618815623117
Netherlands,NLD,1989,13.2881903748769
Norway,NOR,1989,6.20877764928091
New Zealand,NZL,1989,7.44439519268392
OECD members,OED,1989,9.20225510560632
Oman,OMN,1989,19.5947904374907
Portugal,PRT,1989,12.0894117791762
Paraguay,PRY,1989,9.4066304462496
Post-demographic dividend,PST,1989,8.82866278321533
Romania,ROU,1989,4.2011183962541
South Asia,SAS,1989,5.49768526013152
Singapore,SGP,1989,6.76764162782378
Sweden,SWE,1989,5.99899221684142
Thailand,THA,1989,5.49121316273461
South Asia (IDA & IBRD),TSA,1989,5.49768526013152
Turkiye,TUR,1989,7.96344242647596
United States,USA,1989,5.71130962138627
Australia,AUS,1990,5.02975779718474
Austria,AUT,1990,5.20799553131794
Bangladesh,BGD,1990,18.9550352339494
Brazil,BRA,1990,9.40591655255336
Canada,CAN,1990,6.13059511390555
Switzerland,CHE,1990,6.27226195023179
Chile,CHL,1990,4.38558425386416
Cameroon,CMR,1990,18.5373967627893
Cyprus,CYP,1990,14.3347039619861
Germany,DEU,1990,10.1425853900894
Denmark,DNK,1990,11.946641238844
Europe & Central Asia,ECS,1990,10.0263293252579
Ecuador,ECU,1990,8.65942972274489
Euro area,EMU,1990,10.5467134402677
Spain,ESP,1990,10.7771139220824
European Union,EUU,1990,10.4347583204173
Finland,FIN,1990,4.89047591041444
Fiji,FJI,1990,14.6366963680672
France,FRA,1990,9.77367947417612
Faroe Islands,FRO,1990,20.8616065966283
United Kingdom,GBR,1990,10.2846587978716
Greece,GRC,1990,15.3235059949061
Greenland,GRL,1990,16.6368796456103
High income,HIC,1990,8.60544196110911
Indonesia,IDN,1990,5.05377949306375
India,IND,1990,3.24038005482108
Ireland,IRL,1990,10.5852771063834
Iceland,ISL,1990,9.28315885477353
Israel,ISR,1990,7.81163037139592
Italy,ITA,1990,11.9908770107767
Jordan,JOR,1990,25.8204120888579
Japan,JPN,1990,14.5460540397824
Kenya,KEN,1990,9.33278411667154
Kiribati,KIR,1990,31.4324154981949
"Korea, Rep.",KOR,1990,5.60181706971366
Kuwait,KWT,1990,16.7388149835091
Latin America & Caribbean (excluding high income),LAC,1990,12.7970543622505
Sri Lanka,LKA,1990,19.0541527255765
"Macao SAR, China",MAC,1990,11.8563232558191
Madagascar,MDG,1990,11.180491599109
Mexico,MEX,1990,14.6365145972461
Malta,MLT,1990,10.2459380157796
Mauritius,MUS,1990,12.3948573663611
Malawi,MWI,1990,8.6778996143093
Malaysia,MYS,1990,6.91103659774559
North America,NAC,1990,5.85809077183312
Netherlands,NLD,1990,12.6166518610603
Norway,NOR,1990,5.89142284811919
New Zealand,NZL,1990,6.77651004706933
OECD members,OED,1990,8.90461266066802
Oman,OMN,1990,18.1159185160647
Pakistan,PAK,1990,17.3537852098308
Portugal,PRT,1990,11.5083277539162
Paraguay,PRY,1990,8.02157535242014
Post-demographic dividend,PST,1990,8.58662084714994
Romania,ROU,1990,11.8589930410131
South Asia,SAS,1990,5.35015914668961
Singapore,SGP,1990,6.06103015281282
Sweden,SWE,1990,6.12998463122167
Thailand,THA,1990,5.01023921802328
Latin America & the Caribbean (IDA & IBRD countries),TLA,1990,11.9852452308516
South Asia (IDA & IBRD),TSA,1990,5.35015914668961
Tunisia,TUN,1990,10.6283197337028
Turkiye,TUR,1990,8.32096510813665
United States,USA,1990,5.80746640047511
"Venezuela, RB",VEN,1990,11.2023311843078
World,WLD,1990,8.64576975418401
Zimbabwe,ZWE,1990,3.68033099090342
United Arab Emirates,ARE,1991,17.1555915494262
Australia,AUS,1991,5.21988857452739
Austria,AUT,1991,5.18513928079438
Bangladesh,BGD,1991,17.3428211592337
Brazil,BRA,1991,11.2273384847548
Canada,CAN,1991,6.38316118422673
Switzerland,CHE,1991,6.60504459264326
Chile,CHL,1991,5.79550784259678
Colombia,COL,1991,6.68849644168993
Cyprus,CYP,1991,16.5220739562482
Germany,DEU,1991,9.93166470796516
Denmark,DNK,1991,12.3977845261466
Early-demographic dividend,EAR,1991,8.1239544616528
Europe & Central Asia,ECS,1991,10.2947697338458
Ecuador,ECU,1991,7.67057914655233
Euro area,EMU,1991,10.9320014226353
Spain,ESP,1991,11.7822625348109
European Union,EUU,1991,10.7302618311104
Finland,FIN,1991,5.9649670813007
Fiji,FJI,1991,17.007694771438
France,FRA,1991,10.3391829728411
Faroe Islands,FRO,1991,25.6134392555669
United Kingdom,GBR,1991,11.1515255755507
Greece,GRC,1991,14.018665470943
Greenland,GRL,1991,19.5292770053138
Guyana,GUY,1991,8.30562700538356
High income,HIC,1991,9.23485056430741
Hungary,HUN,1991,5.74324831983857
Indonesia,IDN,1991,5.47639999643048
India,IND,1991,2.69971091255533
Ireland,IRL,1991,11.3566931508674
Iceland,ISL,1991,9.23448507518824
Israel,ISR,1991,7.38434708524366
Italy,ITA,1991,12.9444228291372
Jamaica,JAM,1991,14.3653709491593
Jordan,JOR,1991,26.8142731035813
Japan,JPN,1991,15.545234802152
Kenya,KEN,1991,9.77301009988843
Kiribati,KIR,1991,37.0856559007699
"Korea, Rep.",KOR,1991,5.82241523967088
Kuwait,KWT,1991,10.7323108015673
Latin America & Caribbean (excluding high income),LAC,1991,10.6043174161134
St. Lucia,LCA,1991,23.74983321508
Latin America & Caribbean,LCN,1991,10.2632547392225
Sri Lanka,LKA,1991,17.4515442677025
"Macao SAR, China",MAC,1991,10.3241151221741
Madagascar,MDG,1991,11.2347986470465
"Middle East, North Africa, Afghanistan & Pakistan",MEA,1991,14.5570470970751
Mexico,MEX,1991,10.929211696308
Malta,MLT,1991,10.5404332775236
Mauritius,MUS,1991,12.3438494043823
Malawi,MWI,1991,8.1591553872637
Malaysia,MYS,1991,6.35449559809291
North America,NAC,1991,5.98804069969902
Netherlands,NLD,1991,13.1873947911331
Norway,NOR,1991,6.26845780404949
New Zealand,NZL,1991,7.82005006852862
OECD members,OED,1991,9.00047116081388
Oman,OMN,1991,18.4009196457605
Pakistan,PAK,1991,12.1574561622004
Philippines,PHL,1991,8.53757312193099
Portugal,PRT,1991,12.8102274284172
Paraguay,PRY,1991,11.1180163913364
Post-demographic dividend,PST,1991,8.92319371245828
Qatar,QAT,1991,16.9735506905242
Romania,ROU,1991,13.2163556793949
South Asia,SAS,1991,4.66631002337351
Saudi Arabia,SAU,1991,12.8442339805717
Singapore,SGP,1991,6.31320106632738
Sweden,SWE,1991,6.98170534674029
Togo,TGO,1991,23.0571183095141
Thailand,THA,1991,5.40389686970116
Latin America & the Caribbean (IDA & IBRD countries),TLA,1991,10.2632547392225
South Asia (IDA & IBRD),TSA,1991,4.66631002337351
Trinidad and Tobago,TTO,1991,15.4268298753991
Tunisia,TUN,1991,7.99193230683415
Turkiye,TUR,1991,6.05089157604798
United States,USA,1991,5.91463736972724
"Venezuela, RB",VEN,1991,10.3679083396533
World,WLD,1991,8.97109031410414
Zimbabwe,ZWE,1991,2.23416861955625
Arab World,ARB,1992,15.3854064902118
United Arab Emirates,ARE,1992,16.1180343531375
Argentina,ARG,1992,5.97842411999106
Australia,AUS,1992,5.04326421093316
Austria,AUT,1992,5.11513975342815
Bangladesh,BGD,1992,18.2681879625536
Bulgaria,BGR,1992,7.71100488367743
Belize,BLZ,1992,21.0153302875101
Bolivia,BOL,1992,10.9679061524701
Brazil,BRA,1992,9.55885730896852
Barbados,BRB,1992,21.6402522412688
Brunei Darussalam,BRN,1992,12.5879218450851
Canada,CAN,1992,6.34815890855753
Switzerland,CHE,1992,6.7419208612199
Chile,CHL,1992,6.31671594546787
China,CHN,1992,4.89049287327548
Colombia,COL,1992,9.30914348631745
Caribbean small states,CSS,1992,17.1577364515447
Cyprus,CYP,1992,16.2277243899946
Germany,DEU,1992,10.2421021791275
Denmark,DNK,1992,13.1754958696978
Algeria,DZA,1992,28.5079044496879
East Asia & Pacific (excluding high income),EAP,1992,5.36095769924505
Early-demographic dividend,EAR,1992,8.66918085332365
East Asia & Pacific,EAS,1992,7.2809346325544
Europe & Central Asia,ECS,1992,10.5512529950226
Ecuador,ECU,1992,5.09286765551748
Euro area,EMU,1992,11.1716066418393
Spain,ESP,1992,12.1229296417344
European Union,EUU,1992,11.0180179976158
Finland,FIN,1992,6.19049996941443
Fiji,FJI,1992,16.491532733745
France,FRA,1992,10.5459139653827
Faroe Islands,FRO,1992,28.1924457476855
United Kingdom,GBR,1992,11.1782892598459
Ghana,GHA,1992,11.1890919100961
Greece,GRC,1992,14.5839131839877
Greenland,GRL,1992,19.315780040577
Guyana,GUY,1992,6.88756225173545
High income,HIC,1992,9.25068042140392
"Hong Kong SAR, China",HKG,1992,6.50714352714331
Croatia,HRV,1992,12.4999029527334
Hungary,HUN,1992,5.63768313040419
IBRD only,IBD,1992,6.99920181130283
IDA & IBRD total,IBT,1992,7.32989840286928
Indonesia,IDN,1992,6.36183822713805
India,IND,1992,3.7775770995826
Ireland,IRL,1992,11.6426764925704
Iceland,ISL,1992,9.69081028323943
Israel,ISR,1992,7.12268944388912
Italy,ITA,1992,12.5722988888704
Jamaica,JAM,1992,14.7952799436157
Jordan,JOR,1992,21.2211243422292
Japan,JPN,1992,17.081411529623
Kenya,KEN,1992,16.9841536283889
Kiribati,KIR,1992,26.2891669820267
"Korea, Rep.",KOR,1992,6.11679718283407
Kuwait,KWT,1992,13.3633171666598
Latin America & Caribbean (excluding high income),LAC,1992,9.55572012239349
St. Lucia,LCA,1992,23.7162950309687
Latin America & Caribbean,LCN,1992,9.44058582589512
Sri Lanka,LKA,1992,16.2262182606057
Low & middle income,LMY,1992,6.92484883520351
Late-demographic dividend,LTE,1992,7.68512136029162
Lithuania,LTU,1992,11.6643723338389
"Macao SAR, China",MAC,1992,10.9095217383006
Madagascar,MDG,1992,13.3924561791987
"Middle East, North Africa, Afghanistan & Pakistan",MEA,1992,14.6277283029634
Mexico,MEX,1992,8.96679777558455
Middle income,MIC,1992,6.92038277860688
Malta,MLT,1992,10.2810816475372
Myanmar,MMR,1992,14.6502905320042
Mauritius,MUS,1992,13.0991094528165
Malaysia,MYS,1992,6.5152729382548
North America,NAC,1992,5.81917333551896
Netherlands,NLD,1992,13.9781742122971
Norway,NOR,1992,6.75809130742246
New Zealand,NZL,1992,7.26186523522237
OECD members,OED,1992,9.15764732547155
Oman,OMN,1992,19.078221314411
Pakistan,PAK,1992,15.0793967098079
Peru,PER,1992,21.8667601744066
Philippines,PHL,1992,8.4388391163982
Poland,POL,1992,11.4362876977727
Portugal,PRT,1992,12.1883300324249
Paraguay,PRY,1992,13.1108240401111
Post-demographic dividend,PST,1992,8.96591710056837
Qatar,QAT,1992,14.433257104167
Romania,ROU,1992,15.4100585119419
South Asia,SAS,1992,5.63426265973868
Saudi Arabia,SAU,1992,10.4545931838517
Singapore,SGP,1992,6.35810600398141
Serbia,SRB,1992,8.89618336811779
Slovenia,SVN,1992,9.00735912623847
Sweden,SWE,1992,7.42316317690396
Seychelles,SYC,1992,21.8808932722901
East Asia & Pacific (IDA & IBRD countries),TEA,1992,5.36095769924505
Thailand,THA,1992,5.51735136830149
Latin America & the Caribbean (IDA & IBRD countries),TLA,1992,9.44058582589512
South Asia (IDA & IBRD),TSA,1992,5.63426265973868
Trinidad and Tobago,TTO,1992,17.2128794686169
Tunisia,TUN,1992,8.30882582709448
Turkiye,TUR,1992,5.95271409337351
Upper middle income,UMC,1992,6.72253513588478
United States,USA,1992,5.72090127904871
"Venezuela, RB",VEN,1992,9.94631165321007
World,WLD,1992,8.61860452417646
South Africa,ZAF,1992,8.40312116158197
Zimbabwe,ZWE,1992,17.7705023463193
Arab World,ARB,1993,14.9803886870022
United Arab Emirates,ARE,1993,14.8763209524744
Argentina,ARG,1993,5.44556757395568
Australia,AUS,1993,4.98707923344647
Austria,AUT,1993,5.42117253916099
Burundi,BDI,1993,15.0389413479343
Bangladesh,BGD,1993,15.9299497929049
Belize,BLZ,1993,17.7627465981561
Bolivia,BOL,1993,9.29211333160771
Brazil,BRA,1993,9.72917435659051
Barbados,BRB,1993,19.8965574186624
Brunei Darussalam,BRN,1993,9.5065832069702
Bhutan,BTN,1993,19.4011039651637
Central African Republic,CAF,1993,18.3039255344493
Canada,CAN,1993,6.26474149056269
Central Europe and the Baltics,CEB,1993,9.67962404666932
Switzerland,CHE,1993,6.8321068913074
Chile,CHL,1993,5.99316794046771
China,CHN,1993,2.86866651857743
"Congo, Rep.",COG,1993,20.4148744349001
Colombia,COL,1993,7.60905948171592
Cyprus,CYP,1993,17.4325606425606
Czechia,CZE,1993,7.86851084005293
Germany,DEU,1993,9.96221636424182
Dominica,DMA,1993,27.2470927356136
Denmark,DNK,1993,13.5226808667367
Algeria,DZA,1993,27.3586358176649
East Asia & Pacific (excluding high income),EAP,1993,3.67685736922445
Early-demographic dividend,EAR,1993,8.05965061611912
East Asia & Pacific,EAS,1993,6.36499417594723
Europe & Central Asia,ECS,1993,10.6239434862973
Ecuador,ECU,1993,5.10091750548661
Euro area,EMU,1993,11.4597677694914
Spain,ESP,1993,13.5715617691352
European Union,EUU,1993,11.1665752895964
Finland,FIN,1993,6.67669947731948
Fiji,FJI,1993,18.0139672608473
France,FRA,1993,11.1710361763818
Faroe Islands,FRO,1993,27.8623059150517
Gabon,GAB,1993,19.3948102696316
United Kingdom,GBR,1993,10.7798352863278
Greece,GRC,1993,14.1600597059067
Grenada,GRD,1993,25.4683487726604
Greenland,GRL,1993,16.5610879140562
Guatemala,GTM,1993,11.0962532702199
High income,HIC,1993,9.13469049100289
"Hong Kong SAR, China",HKG,1993,5.75469952752918
Honduras,HND,1993,12.5386904369096
Croatia,HRV,1993,8.97733968874994
Hungary,HUN,1993,6.15880699401483
IBRD only,IBD,1993,5.93274320559581
IDA & IBRD total,IBT,1993,6.27785690084307
Indonesia,IDN,1993,6.46994103956628
India,IND,1993,3.09337045639327
Ireland,IRL,1993,9.95842792980599
Iceland,ISL,1993,11.6706477061283
Israel,ISR,1993,6.78288134149795
Italy,ITA,1993,13.0934051967901
Jamaica,JAM,1993,14.0271413172762
Jordan,JOR,1993,20.1690071871431
Japan,JPN,1993,17.4002395564459
Kenya,KEN,1993,13.6096670176983
Kiribati,KIR,1993,35.9270072950637
St. Kitts and Nevis,KNA,1993,21.9924490412046
"Korea, Rep.",KOR,1993,5.81123747846757
Kuwait,KWT,1993,15.0601554310357
Latin America & Caribbean (excluding high income),LAC,1993,9.07456052456012
St. Lucia,LCA,1993,24.2648754368963
Latin America & Caribbean,LCN,1993,9.02203032360161
Sri Lanka,LKA,1993,13.8519703718907
Low & middle income,LMY,1993,5.81776131347497
Late-demographic dividend,LTE,1993,6.43311648944398
"Macao SAR, China",MAC,1993,12.2727021220966
Morocco,MAR,1993,17.1195622425955
Madagascar,MDG,1993,13.9792691927243
"Middle East, North Africa, Afghanistan & Pakistan",MEA,1993,14.2394755983211
Mexico,MEX,1993,8.13316815882356
Middle income,MIC,1993,5.80919435178121
Malta,MLT,1993,9.90967998465829
Mauritius,MUS,1993,13.8671628011188
Malaysia,MYS,1993,5.99622131122854
North America,NAC,1993,5.47343996022157
Nicaragua,NIC,1993,21.5865898589673
Netherlands,NLD,1993,14.5706396746986
Norway,NOR,1993,6.71356124033363
New Zealand,NZL,1993,7.74549467533267
OECD members,OED,1993,9.07786643378865
Oman,OMN,1993,18.3161925518862
Pakistan,PAK,1993,14.218146154322
Peru,PER,1993,19.6446337115087
Philippines,PHL,1993,7.78415657722263
Poland,POL,1993,11.2132246613579
Portugal,PRT,1993,13.6425210640344
Paraguay,PRY,1993,11.4416813729218
Post-demographic dividend,PST,1993,8.89870854551349
Qatar,QAT,1993,14.6525849911397
Romania,ROU,1993,14.4193513054811
South Asia,SAS,1993,4.76105920238724
Saudi Arabia,SAU,1993,10.6638157094359
Singapore,SGP,1993,5.8753220733032
Slovenia,SVN,1993,8.40627760902703
Sweden,SWE,1993,7.6493658243679
Seychelles,SYC,1993,19.964463722222
East Asia & Pacific (IDA & IBRD countries),TEA,1993,3.67685736922445
Thailand,THA,1993,4.68134544174365
Latin America & the Caribbean (IDA & IBRD countries),TLA,1993,9.02203032360161
South Asia (IDA & IBRD),TSA,1993,4.76105920238724
Trinidad and Tobago,TTO,1993,14.6012994136879
Tunisia,TUN,1993,8.31175214901461
Turkiye,TUR,1993,5.62602862381084
Upper middle income,UMC,1993,5.40667696225699
Uruguay,URY,1993,8.18176239223718
United States,USA,1993,5.32643627498304
St. Vincent and the Grenadines,VCT,1993,25.4424847720446
"Venezuela, RB",VEN,1993,11.4470125752599
Vanuatu,VUT,1993,21.4260944179552
World,WLD,1993,8.23482270789867
South Africa,ZAF,1993,6.17220906343409
Zimbabwe,ZWE,1993,11.1475739370192
Argentina,ARG,1994,5.19108730969174
Australia,AUS,1994,4.99933415639271
Austria,AUT,1994,5.46312187782112
Burundi,BDI,1994,22.1462363007091
Bahrain,BHR,1994,10.7692059955473
Belize,BLZ,1994,18.43131309892
Bolivia,BOL,1994,9.988592227264
Brazil,BRA,1994,10.9308521220609
Barbados,BRB,1994,20.5636168823012
Brunei Darussalam,BRN,1994,14.37787786241
Bhutan,BTN,1994,21.4666393928091
Central African Republic,CAF,1994,27.0836105339917
Canada,CAN,1994,6.0244044833678
Central Europe and the Baltics,CEB,1994,9.18697915211886
Switzerland,CHE,1994,6.92479098796404
Chile,CHL,1994,6.93931512599929
China,CHN,1994,4.392123453808
"Congo, Rep.",COG,1994,26.4999083307136
Colombia,COL,1994,8.83984687158898
Costa Rica,CRI,1994,10.4267113496744
Caribbean small states,CSS,1994,18.6912178329155
Cyprus,CYP,1994,18.1858989931509
Czechia,CZE,1994,8.70568805371285
Germany,DEU,1994,10.2445518799975
Dominica,DMA,1994,27.9710217909188
Denmark,DNK,1994,12.5474197164181
Algeria,DZA,1994,33.0363379194779
East Asia & Pacific (excluding high income),EAP,1994,4.79559042036639
Early-demographic dividend,EAR,1994,9.36511862665678
East Asia & Pacific,EAS,1994,6.95114624969248
Europe & Central Asia,ECS,1994,10.553408996973
Ecuador,ECU,1994,6.37577893454147
"Egypt, Arab Rep.",EGY,1994,27.5162861365904
Euro area,EMU,1994,11.5573851040941
Spain,ESP,1994,13.618252422577
European Union,EUU,1994,11.1559849099688
Finland,FIN,1994,6.9925592498093
Fiji,FJI,1994,15.6866594995269
France,FRA,1994,11.1909751893185
Faroe Islands,FRO,1994,27.8562960366013
Gabon,GAB,1994,17.327259685442
United Kingdom,GBR,1994,10.2583943067501
Greece,GRC,1994,15.9290279704852
Grenada,GRD,1994,26.6091028205813
Greenland,GRL,1994,15.5376271132774
Guatemala,GTM,1994,13.29831668761
High income,HIC,1994,8.96895708521534
"Hong Kong SAR, China",HKG,1994,5.71490408154679
Honduras,HND,1994,14.4877450130019
Croatia,HRV,1994,11.1929110001769
Hungary,HUN,1994,6.54895139433427
IBRD only,IBD,1994,7.18479595597452
IDA & IBRD total,IBT,1994,7.42055014264714
Indonesia,IDN,1994,7.76367733094323
India,IND,1994,5.93343478180095
Ireland,IRL,1994,9.76467810996844
Iceland,ISL,1994,11.5619027997952
Israel,ISR,1994,6.84092393534289
Italy,ITA,1994,12.4304936297365
Jamaica,JAM,1994,13.9988780431968
Jordan,JOR,1994,21.6574032734716
Japan,JPN,1994,18.0149150033437
Kenya,KEN,1994,19.7899682674052
Kiribati,KIR,1994,40.6934020176924
St. Kitts and Nevis,KNA,1994,21.1787064425607
"Korea, Rep.",KOR,1994,5.74793345900719
Kuwait,KWT,1994,16.9733087933769
Latin America & Caribbean (excluding high income),LAC,1994,9.60115986219966
St. Lucia,LCA,1994,24.9919132555405
Latin America & Caribbean,LCN,1994,9.69882947254197
Sri Lanka,LKA,1994,15.7835409478575
Low & middle income,LMY,1994,7.12638026455999
Late-demographic dividend,LTE,1994,6.60465480978378
Lithuania,LTU,1994,9.72586804367604
Latvia,LVA,1994,10.5386168242405
"Macao SAR, China",MAC,1994,13.6580295938547
Morocco,MAR,1994,14.4843802523902
Moldova,MDA,1994,6.45932603938444
Madagascar,MDG,1994,15.3141398585444
Mexico,MEX,1994,8.31640899867933
Middle income,MIC,1994,7.06665958694419
North Macedonia,MKD,1994,20.74615401919
Malta,MLT,1994,8.98224742673439
Mozambique,MOZ,1994,17.9346157734621
Mauritius,MUS,1994,14.1657703352259
Malawi,MWI,1994,16.6945795905778
Malaysia,MYS,1994,5.23117674887806
North America,NAC,1994,5.19024745625066
Nicaragua,NIC,1994,19.5183708882378
Netherlands,NLD,1994,15.1016918620807
Norway,NOR,1994,6.93772557070359
Nepal,NPL,1994,10.7367484719526
New Zealand,NZL,1994,7.51124643252268
OECD members,OED,1994,9.06228828274295
Oman,OMN,1994,20.0667583875992
Peru,PER,1994,17.6263293858495
Philippines,PHL,1994,8.10110292474373
Poland,POL,1994,10.5884017714342
Portugal,PRT,1994,14.2538316918722
Paraguay,PRY,1994,14.4986219058476
Post-demographic dividend,PST,1994,8.87193765337528
Qatar,QAT,1994,15.0998214281564
Romania,ROU,1994,9.05582064052098
South Asia,SAS,1994,6.49178995877853
Saudi Arabia,SAU,1994,11.5607669123668
Singapore,SGP,1994,5.22063580890019
El Salvador,SLV,1994,15.1080326732619
Suriname,SUR,1994,9.3368822645829
Slovak Republic,SVK,1994,8.74970428681125
Sweden,SWE,1994,7.82531426455401
Seychelles,SYC,1994,21.255631503223
East Asia & Pacific (IDA & IBRD countries),TEA,1994,4.79559042036639
Togo,TGO,1994,24.8032575609934
Thailand,THA,1994,4.31947090429699
Latin America & the Caribbean (IDA & IBRD countries),TLA,1994,9.69882947254198
South Asia (IDA & IBRD),TSA,1994,6.49178995877853
Trinidad and Tobago,TTO,1994,19.2990386485313
Tunisia,TUN,1994,9.82130867176509
Turkiye,TUR,1994,4.95667186405414
Uganda,UGA,1994,15.8914127213221
Upper middle income,UMC,1994,6.36839406699259
Uruguay,URY,1994,10.8945609983774
United States,USA,1994,5.03528231040926
St. Vincent and the Grenadines,VCT,1994,22.6585684349974
"Venezuela, RB",VEN,1994,13.3225735906743
World,WLD,1994,8.46870284749425
South Africa,ZAF,1994,6.34422583091298
Zimbabwe,ZWE,1994,4.82702545947947
Africa Eastern and Southern,AFE,1995,10.2618262176272
Andorra,AND,1995,29.6743285169743
Argentina,ARG,1995,5.46757452429963
Australia,AUS,1995,4.95654793299687
Austria,AUT,1995,5.68360665010308
Burundi,BDI,1995,20.9105468813773
Burkina Faso,BFA,1995,21.2327189686854
Bangladesh,BGD,1995,17.3040410423957
Bahrain,BHR,1995,12.2685765205152
Belize,BLZ,1995,19.1332806074409
Bermuda,BMU,1995,20.6867259368719
Bolivia,BOL,1995,9.5346349703278
Brazil,BRA,1995,10.7123315227467
Barbados,BRB,1995,18.2648752124414
Central African Republic,CAF,1995,15.6161400318364
Canada,CAN,1995,5.69826088861219
Central Europe and the Baltics,CEB,1995,8.50600146634106
Switzerland,CHE,1995,6.44208114966903
Chile,CHL,1995,6.71933465753375
China,CHN,1995,6.99286331250247
Cote d'Ivoire,CIV,1995,20.8873863122636
Cameroon,CMR,1995,17.4409265519397
"Congo, Rep.",COG,1995,20.8102393165237
Colombia,COL,1995,9.38828939792348
Comoros,COM,1995,48.5314135023031
Costa Rica,CRI,1995,10.1824793003999
Caribbean small states,CSS,1995,17.0173833914096
Cyprus,CYP,1995,20.3737114778022
Czechia,CZE,1995,6.7128378654551
Germany,DEU,1995,9.78064290220925
Dominica,DMA,1995,26.2178551454349
Denmark,DNK,1995,12.0457530184558
Algeria,DZA,1995,29.4540833514883
East Asia & Pacific (excluding high income),EAP,1995,6.69595751357075
Early-demographic dividend,EAR,1995,9.61178643045105
East Asia & Pacific,EAS,1995,7.46560426287729
Europe & Central Asia,ECS,1995,10.1027065097649
Ecuador,ECU,1995,7.58019859775836
"Egypt, Arab Rep.",EGY,1995,28.3838533242064
Euro area,EMU,1995,11.0226447020028
Spain,ESP,1995,13.6095797099779
Estonia,EST,1995,13.8367703328053
Ethiopia,ETH,1995,13.8374895712574
European Union,EUU,1995,10.5248458979669
Finland,FIN,1995,5.96188920905004
France,FRA,1995,10.7508224104605
United Kingdom,GBR,1995,10.0619713278135
Guinea,GIN,1995,31.0490829769518
"Gambia, The",GMB,1995,36.365178247293
Greece,GRC,1995,15.9751296945784
Grenada,GRD,1995,27.4669340700923
Greenland,GRL,1995,14.2025784244261
Guatemala,GTM,1995,11.8607325722898
High income,HIC,1995,8.51823985993728
"Hong Kong SAR, China",HKG,1995,5.38851509076292
Honduras,HND,1995,12.6297005227581
Heavily indebted poor countries (HIPC),HPC,1995,17.0072897187193
Croatia,HRV,1995,11.7896442046705
Hungary,HUN,1995,5.67358037056373
IBRD only,IBD,1995,7.89719483851265
IDA & IBRD total,IBT,1995,8.35599336965809
Indonesia,IDN,1995,8.84105592907741
India,IND,1995,4.24430213390663
Ireland,IRL,1995,8.47133433020518
Iceland,ISL,1995,11.7604139989867
Israel,ISR,1995,6.58955183771655
Italy,ITA,1995,11.463635492268
Jamaica,JAM,1995,14.3396427467259
Jordan,JOR,1995,20.5932881567792
Japan,JPN,1995,16.0701402168553
Kazakhstan,KAZ,1995,9.8219023574874
Kenya,KEN,1995,10.0895954436116
Kyrgyz Republic,KGZ,1995,18.3424098238808
Kiribati,KIR,1995,39.4010569169204
St. Kitts and Nevis,KNA,1995,21.065593349866
"Korea, Rep.",KOR,1995,5.43163982045802
Kuwait,KWT,1995,15.5289372542288
Latin America & Caribbean (excluding high income),LAC,1995,8.47183710616166
St. Lucia,LCA,1995,26.7050679986289
Latin America & Caribbean,LCN,1995,8.74215935075062
Lower middle income,LMC,1995,10.5738626061066
Low & middle income,LMY,1995,8.19095285903001
Late-demographic dividend,LTE,1995,7.85967984617194
Lithuania,LTU,1995,13.0978541453555
Latvia,LVA,1995,10.4732212132349
"Macao SAR, China",MAC,1995,14.0234843029376
Morocco,MAR,1995,19.5284778829837
Moldova,MDA,1995,8.07747518889426
Madagascar,MDG,1995,16.2593444449737
Maldives,MDV,1995,23.9534962609947
Mexico,MEX,1995,6.31994891549659
Middle income,MIC,1995,8.06165388882846
North Macedonia,MKD,1995,17.4002960933702
Malta,MLT,1995,10.1162319751028
Mozambique,MOZ,1995,22.3137562913434
Mauritius,MUS,1995,16.6167288326183
Malawi,MWI,1995,13.9258896423704
Malaysia,MYS,1995,4.77840529698096
North America,NAC,1995,4.92902993336927
Niger,NER,1995,32.3583320361926
Nicaragua,NIC,1995,17.9461676186102
Netherlands,NLD,1995,13.9287251644164
Norway,NOR,1995,6.83296981011638
New Zealand,NZL,1995,7.44919887987459
OECD members,OED,1995,8.5275449124228
Oman,OMN,1995,19.7797257624624
Other small states,OSS,1995,15.3012252513176
Pakistan,PAK,1995,17.5042386549881
Panama,PAN,1995,10.7105176613708
Peru,PER,1995,13.5489703758908
Philippines,PHL,1995,8.34870147709685
Poland,POL,1995,9.55882551884648
Portugal,PRT,1995,13.5946935696895
Paraguay,PRY,1995,18.5341592437179
Post-demographic dividend,PST,1995,8.34660652444675
Qatar,QAT,1995,9.36811756811422
Romania,ROU,1995,8.45982507634371
South Asia,SAS,1995,5.58309757474585
Saudi Arabia,SAU,1995,16.1416457862141
Sudan,SDN,1995,24.384836658683
Singapore,SGP,1995,4.57963169560243
El Salvador,SLV,1995,14.7648132659807
Small states,SST,1995,15.8262954321378
Suriname,SUR,1995,13.9912555837575
Slovak Republic,SVK,1995,8.89927791589874
Slovenia,SVN,1995,7.78596963299575
Sweden,SWE,1995,6.67826065277864
Seychelles,SYC,1995,21.2380860686334
Chad,TCD,1995,24.2729146423595
East Asia & Pacific (IDA & IBRD countries),TEA,1995,6.69595751357075
Togo,TGO,1995,18.3878022005834
Thailand,THA,1995,3.76136052743437
Latin America & the Caribbean (IDA & IBRD countries),TLA,1995,8.74215935075062
South Asia (IDA & IBRD),TSA,1995,5.58309757474585
Trinidad and Tobago,TTO,1995,15.6750276292825
Tunisia,TUN,1995,12.5414040804603
Turkiye,TUR,1995,6.99518786543737
Tanzania,TZA,1995,10.0403202653785
Uganda,UGA,1995,15.7945555448167
Upper middle income,UMC,1995,7.47543671366484
Uruguay,URY,1995,10.4139064302812
United States,USA,1995,4.77976969314125
St. Vincent and the Grenadines,VCT,1995,22.5120829318685
"Venezuela, RB",VEN,1995,14.2903012388924
World,WLD,1995,8.44446406087757
South Africa,ZAF,1995,6.6828072955597
Zambia,ZMB,1995,9.85116249791585
Zimbabwe,ZWE,1995,5.97608929601991
Africa Eastern and Southern,AFE,1996,9.9808864135813
Africa Western and Central,AFW,1996,17.5351427828267
Albania,ALB,1996,34.2713500402147
Andorra,AND,1996,29.0834921549592
Argentina,ARG,1996,4.92520013332918
Australia,AUS,1996,4.85290173072787
Austria,AUT,1996,6.07173481951553
Azerbaijan,AZE,1996,39.0974399187551
Burundi,BDI,1996,15.8637354724772
Burkina Faso,BFA,1996,22.3281482167292
Bangladesh,BGD,1996,17.0307744820781
Bulgaria,BGR,1996,7.62389662948168
Bahrain,BHR,1996,19.1448962853797
Belize,BLZ,1996,20.3110335748171
Bolivia,BOL,1996,10.2365527315221
Brazil,BRA,1996,10.7608758919968
Barbados,BRB,1996,17.6742723021033
Central African Republic,CAF,1996,12.3370556510834
Canada,CAN,1996,5.81257780060635
Central Europe and the Baltics,CEB,1996,8.49911998992471
Switzerland,CHE,1996,6.5920225834654
Chile,CHL,1996,7.16674718354825
China,CHN,1996,5.90004277898128
Cote d'Ivoire,CIV,1996,18.5924684955342
Cameroon,CMR,1996,13.7307558153716
Colombia,COL,1996,12.5690755214473
Comoros,COM,1996,42.6281598135626
Costa Rica,CRI,1996,12.887826596399
Caribbean small states,CSS,1996,15.583396202884
Cyprus,CYP,1996,24.4866858101798
Czechia,CZE,1996,6.99919931000711
Germany,DEU,1996,9.83608260580621
Dominica,DMA,1996,27.8011568172457
Denmark,DNK,1996,12.324618570491
Algeria,DZA,1996,31.2561923243426
East Asia & Pacific (excluding high income),EAP,1996,6.08820923311446
Early-demographic dividend,EAR,1996,10.1923186517133
East Asia & Pacific,EAS,1996,7.16661279798884
Europe & Central Asia (excluding high income),ECA,1996,9.9014409336796
Europe & Central Asia,ECS,1996,10.3719647372137
Ecuador,ECU,1996,9.94638033359717
"Egypt, Arab Rep.",EGY,1996,29.4752308552429
Euro area,EMU,1996,10.8389132398362
Spain,ESP,1996,12.3102349063725
Estonia,EST,1996,15.2515879271628
European Union,EUU,1996,10.3847002945937
Finland,FIN,1996,6.67440627155206
France,FRA,1996,10.3834217774511
Faroe Islands,FRO,1996,22.3256890774988
Gabon,GAB,1996,19.1468237796913
United Kingdom,GBR,1996,10.0718786782777
Georgia,GEO,1996,36.1187245654637
Ghana,GHA,1996,7.90686476249858
Guinea,GIN,1996,22.4407225814328
"Gambia, The",GMB,1996,37.326611780845
Greece,GRC,1996,15.0359571889646
Grenada,GRD,1996,26.1710027532409
Greenland,GRL,1996,15.1717464397608
Guatemala,GTM,1996,14.3099096182086
High income,HIC,1996,8.70229849524769
"Hong Kong SAR, China",HKG,1996,5.49217868153355
Honduras,HND,1996,16.420330413501
Croatia,HRV,1996,11.2533151714454
Hungary,HUN,1996,5.30201235251708
IBRD only,IBD,1996,8.37578276413955
IDA & IBRD total,IBT,1996,8.82020351102362
IDA blend,IDB,1996,15.5461383979914
Indonesia,IDN,1996,10.7983565166038
India,IND,1996,4.62897518152086
Ireland,IRL,1996,8.316804787215
Iceland,ISL,1996,10.6903863547147
Israel,ISR,1996,6.85616849975908
Italy,ITA,1996,11.572151200374
Jamaica,JAM,1996,14.6227821427104
Japan,JPN,1996,15.492061722163
Kazakhstan,KAZ,1996,12.3663356998089
Kenya,KEN,1996,12.0314260133013
Kyrgyz Republic,KGZ,1996,20.880897066759
Kiribati,KIR,1996,40.8799197402463
St. Kitts and Nevis,KNA,1996,20.3134674307015
"Korea, Rep.",KOR,1996,5.90525146843388
Kuwait,KWT,1996,15.6643219607661
Latin America & Caribbean (excluding high income),LAC,1996,9.6523375457275
St. Lucia,LCA,1996,25.7691931695197
Latin America & Caribbean,LCN,1996,9.84670877667715
Lower middle income,LMC,1996,10.7648019297228
Low & middle income,LMY,1996,8.30271736503163
Late-demographic dividend,LTE,1996,8.2605001612648
Lithuania,LTU,1996,12.7904344571735
Latvia,LVA,1996,12.9489081977499
"Macao SAR, China",MAC,1996,13.157372644589
Morocco,MAR,1996,18.8878013074943
Moldova,MDA,1996,11.4629421023589
Madagascar,MDG,1996,11.4134668233824
Maldives,MDV,1996,25.6005576772992
Mexico,MEX,1996,7.62382308805047
Middle income,MIC,1996,8.19383758653461
North Macedonia,MKD,1996,15.9212152830967
Mali,MLI,1996,19.9361131435554
Malta,MLT,1996,10.8432505104676
Mongolia,MNG,1996,14.2673378768649
Mozambique,MOZ,1996,22.0330624338029
Mauritius,MUS,1996,16.209738440656
Malaysia,MYS,1996,5.25024399827156
North America,NAC,1996,5.06350272979673
Niger,NER,1996,43.448960242521
Nigeria,NGA,1996,17.5144194576951
Nicaragua,NIC,1996,18.6778400317507
Netherlands,NLD,1996,13.5886508373063
Norway,NOR,1996,6.97383612216916
New Zealand,NZL,1996,7.60935139371214
OECD members,OED,1996,8.57618184385251
Oman,OMN,1996,17.5681009680824
Other small states,OSS,1996,16.4417962459794
Pakistan,PAK,1996,14.815686903251
Panama,PAN,1996,11.1219759247748
Peru,PER,1996,16.61466090058
Philippines,PHL,1996,8.13143557503427
Poland,POL,1996,10.123842229841
Portugal,PRT,1996,13.3476554631732
Paraguay,PRY,1996,20.6946161188804
Post-demographic dividend,PST,1996,8.31134181367329
French Polynesia,PYF,1996,21.6191081914598
Qatar,QAT,1996,10.8618613081173
Romania,ROU,1996,7.27363397276951
Russian Federation,RUS,1996,17.9981084282432
Rwanda,RWA,1996,18.8807628771421
South Asia,SAS,1996,5.9100842535099
Saudi Arabia,SAU,1996,17.0786709112689
Sudan,SDN,1996,17.3376101940261
Senegal,SEN,1996,24.7093358322056
Singapore,SGP,1996,4.40831584729102
El Salvador,SLV,1996,16.9964638605663
Serbia,SRB,1996,14.237377444594
Sub-Saharan Africa (excluding high income),SSA,1996,12.5861353340798
Sub-Saharan Africa,SSF,1996,12.6114143430663
Small states,SST,1996,16.2586615117414
Suriname,SUR,1996,14.1429275243357
Slovak Republic,SVK,1996,8.17678477228274
Slovenia,SVN,1996,7.84348501093605
Sweden,SWE,1996,7.19520604613869
Seychelles,SYC,1996,19.6667832003412
East Asia & Pacific (IDA & IBRD countries),TEA,1996,6.08820923311446
Europe & Central Asia (IDA & IBRD countries),TEC,1996,11.5416746411903
Togo,TGO,1996,20.0527707759045
Thailand,THA,1996,4.13172657271736
Latin America & the Caribbean (IDA & IBRD countries),TLA,1996,9.84670877667715
South Asia (IDA & IBRD),TSA,1996,5.9100842535099
Sub-Saharan Africa (IDA & IBRD countries),TSS,1996,12.6114143430663
Trinidad and Tobago,TTO,1996,13.5352231802612
Tunisia,TUN,1996,9.6636528718994
Turkiye,TUR,1996,6.47763124993798
Tanzania,TZA,1996,15.5719594343971
Uganda,UGA,1996,14.4215671968689
Ukraine,UKR,1996,7.86525661863351
Upper middle income,UMC,1996,7.58408485558711
Uruguay,URY,1996,10.9256211479603
United States,USA,1996,4.92434364605042
"Venezuela, RB",VEN,1996,15.5756625071921
World,WLD,1996,8.60370809537101
South Africa,ZAF,1996,6.39838885649561
Zambia,ZMB,1996,10.9627207508765
Zimbabwe,ZWE,1996,10.3422047633978
Africa Eastern and Southern,AFE,1997,9.38919070332171
Africa Western and Central,AFW,1997,17.7007367018465
Albania,ALB,1997,27.1806727179409
Andorra,AND,1997,30.3978806021849
Argentina,ARG,1997,5.32102457254496
Armenia,ARM,1997,31.1017832466076
Australia,AUS,1997,4.91017735786183
Austria,AUT,1997,6.4831740230319
Azerbaijan,AZE,1997,22.6185429999363
Burundi,BDI,1997,18.3876198010089
Burkina Faso,BFA,1997,16.5469811719503
Bangladesh,BGD,1997,16.8620335114382
Bulgaria,BGR,1997,8.50636667700859
"Bahamas, The",BHS,1997,16.2571679351256
Belize,BLZ,1997,19.737687709447
Bermuda,BMU,1997,20.5265480017431
Bolivia,BOL,1997,8.53371972226124
Brazil,BRA,1997,9.07604208045229
Barbados,BRB,1997,17.687722933037
Brunei Darussalam,BRN,1997,13.5678308550153
Central African Republic,CAF,1997,21.774776813604
Canada,CAN,1997,5.52744777998062
Central Europe and the Baltics,CEB,1997,7.5371187150011
Switzerland,CHE,1997,6.25580444719335
Chile,CHL,1997,6.72935013902968
China,CHN,1997,5.0448743178983
Cote d'Ivoire,CIV,1997,19.2031840786059
Cameroon,CMR,1997,15.6773976495997
Colombia,COL,1997,11.1310721955848
Comoros,COM,1997,46.2660724938518
Cabo Verde,CPV,1997,34.7473818631825
Costa Rica,CRI,1997,9.73781104294057
Caribbean small states,CSS,1997,14.2753922929331
Cyprus,CYP,1997,26.9923014977191
Czechia,CZE,1997,6.57682826912133
Germany,DEU,1997,9.23044921594719
Dominica,DMA,1997,26.3097043238458
Denmark,DNK,1997,12.6297762050285
Algeria,DZA,1997,31.8243452268566
East Asia & Pacific (excluding high income),EAP,1997,5.36170413684259
Early-demographic dividend,EAR,1997,9.19621206370166
East Asia & Pacific,EAS,1997,6.58511933492872
Europe & Central Asia (excluding high income),ECA,1997,8.89723357354828
Europe & Central Asia,ECS,1997,9.67623198881329
Ecuador,ECU,1997,9.3924847092635
"Egypt, Arab Rep.",EGY,1997,26.2748015302147
Euro area,EMU,1997,10.0289388779079
Spain,ESP,1997,11.7649653318191
Estonia,EST,1997,16.1002522216785
Ethiopia,ETH,1997,2.43361549348437
European Union,EUU,1997,9.60188930087213
Finland,FIN,1997,6.72558967982868
France,FRA,1997,10.0099276204747
Faroe Islands,FRO,1997,23.0742236413552
Gabon,GAB,1997,17.6093071039785
United Kingdom,GBR,1997,9.4505246761595
Georgia,GEO,1997,33.4701002470786
Ghana,GHA,1997,5.8464458436442
Guinea,GIN,1997,23.6934733246437
"Gambia, The",GMB,1997,37.7451012096011
Greece,GRC,1997,14.8577916805437
Grenada,GRD,1997,23.3054120175872
Greenland,GRL,1997,15.6087415936837
Guatemala,GTM,1997,13.1884856242186
Guyana,GUY,1997,14.1165396058014
High income,HIC,1997,8.12202369352682
"Hong Kong SAR, China",HKG,1997,5.4234189044897
Honduras,HND,1997,18.5523931467538
Heavily indebted poor countries (HIPC),HPC,1997,14.6710726756589
Croatia,HRV,1997,10.4472929018381
Hungary,HUN,1997,4.71376759350975
IBRD only,IBD,1997,7.75996237171146
IDA & IBRD total,IBT,1997,8.24090231248691
IDA blend,IDB,1997,17.7666107464825
Indonesia,IDN,1997,8.82504490822098
India,IND,1997,5.24590888103246
Ireland,IRL,1997,7.83817894207549
"Iran, Islamic Rep.",IRN,1997,20.8806309077834
Iceland,ISL,1997,10.2523692964073
Israel,ISR,1997,7.11652422439436
Italy,ITA,1997,10.8450887921898
Jamaica,JAM,1997,16.7370107988849
Jordan,JOR,1997,23.5349445727124
Japan,JPN,1997,14.6480136568811
Kazakhstan,KAZ,1997,13.1017585803673
Kenya,KEN,1997,16.684952387724
Kiribati,KIR,1997,32.289962222385
St. Kitts and Nevis,KNA,1997,19.1581523961379
"Korea, Rep.",KOR,1997,5.62400681849711
Kuwait,KWT,1997,15.3046388194633
Latin America & Caribbean (excluding high income),LAC,1997,8.30072798982906
Lebanon,LBN,1997,19.4201894031712
St. Lucia,LCA,1997,25.5449061420091
Latin America & Caribbean,LCN,1997,8.45347136150906
Lower middle income,LMC,1997,10.3646722734136
Low & middle income,LMY,1997,7.80015056898502
Late-demographic dividend,LTE,1997,7.47875149863465
Lithuania,LTU,1997,10.7500823806234
Latvia,LVA,1997,13.419879169922
"Macao SAR, China",MAC,1997,12.3218483883736
Morocco,MAR,1997,16.6158486303408
Moldova,MDA,1997,15.0014813532872
Madagascar,MDG,1997,15.1838981890947
Maldives,MDV,1997,22.8005590813406
Mexico,MEX,1997,6.06867447784647
Middle income,MIC,1997,7.68954857387623
North Macedonia,MKD,1997,19.4217722251067
Mali,MLI,1997,19.023530107761
Malta,MLT,1997,11.991533467074
"Middle East, North Africa, Afghanistan & Pakistan (excluding high income)",MNA,1997,22.4272377326188
Mongolia,MNG,1997,16.3192622616956
Mozambique,MOZ,1997,23.8012521639292
Mauritius,MUS,1997,14.8920176338733
Malaysia,MYS,1997,5.3746148743586
North America,NAC,1997,5.07508690728539
Niger,NER,1997,38.4047155064475
Nigeria,NGA,1997,18.386889632813
Nicaragua,NIC,1997,14.4492469813282
Netherlands,NLD,1997,11.0146513039264
Norway,NOR,1997,6.57760526523423
New Zealand,NZL,1997,7.77401372480264
OECD members,OED,1997,8.03522907821767
Oman,OMN,1997,16.1243925803552
Other small states,OSS,1997,17.1502182870735
Pakistan,PAK,1997,18.5749550397068
Panama,PAN,1997,10.4117858135167
Peru,PER,1997,14.2334667324386
Philippines,PHL,1997,7.60483646364685
Poland,POL,1997,8.35538611784024
Portugal,PRT,1997,12.5434528065316
Paraguay,PRY,1997,19.7429666053499
Post-demographic dividend,PST,1997,7.88935081172771
French Polynesia,PYF,1997,21.7879737710854
Romania,ROU,1997,5.97966725218409
Russian Federation,RUS,1997,18.9557160400232
Rwanda,RWA,1997,18.585316540861
South Asia,SAS,1997,6.43681911335498
Sudan,SDN,1997,15.6362543038743
Senegal,SEN,1997,26.7874972403979
Singapore,SGP,1997,4.30368437311288
El Salvador,SLV,1997,16.8238001249406
Serbia,SRB,1997,14.1672405581521
Sub-Saharan Africa (excluding high income),SSA,1997,12.6658058693605
Sub-Saharan Africa,SSF,1997,12.1305901875563
Small states,SST,1997,16.2959641951113
Suriname,SUR,1997,14.8530498463973
Slovak Republic,SVK,1997,6.93669249483807
Slovenia,SVN,1997,7.45569606304011
Sweden,SWE,1997,7.22617664797949
Seychelles,SYC,1997,25.855480267989
East Asia & Pacific (IDA & IBRD countries),TEA,1997,5.36170413684259
Europe & Central Asia (IDA & IBRD countries),TEC,1997,10.8401687515147
Togo,TGO,1997,17.9839692591529
Thailand,THA,1997,4.82305107738418
Turkmenistan,TKM,1997,24.4032777023992
Latin America & the Caribbean (IDA & IBRD countries),TLA,1997,8.43019647791976
"Middle East, North Africa, Afghanistan & Pakistan (IDA & IBRD)",TMN,1997,22.4272377326188
South Asia (IDA & IBRD),TSA,1997,6.43681911335498
Sub-Saharan Africa (IDA & IBRD countries),TSS,1997,12.1305901875563
Trinidad and Tobago,TTO,1997,10.4582157763617
Tunisia,TUN,1997,10.8034564728673
Turkiye,TUR,1997,5.45234933703433
Tuvalu,TUV,1997,33.754448424994
Tanzania,TZA,1997,16.8348566748
Uganda,UGA,1997,21.151206340745
Ukraine,UKR,1997,5.06467442573012
Upper middle income,UMC,1997,6.91420701006739
Uruguay,URY,1997,10.4661485853841
United States,USA,1997,4.98481660002539
St. Vincent and the Grenadines,VCT,1997,25.3913974754997
"Venezuela, RB",VEN,1997,10.935405583505
Viet Nam,VNM,1997,4.94704678116554
World,WLD,1997,8.02559453441999
South Africa,ZAF,1997,5.54856215146623
Zambia,ZMB,1997,8.50555325520772
Zimbabwe,ZWE,1997,7.15098253129825
Africa Eastern and Southern,AFE,1998,9.0370608650995
Africa Western and Central,AFW,1998,19.4905441538134
Albania,ALB,1998,26.9408204433479
Andorra,AND,1998,22.9812748983497
Argentina,ARG,1998,4.93499848181451
Australia,AUS,1998,4.73775638168852
Austria,AUT,1998,6.344442702212
Azerbaijan,AZE,1998,16.1995458392033
Burundi,BDI,1998,19.6025648681522
Benin,BEN,1998,24.8394029951415
Burkina Faso,BFA,1998,20.6164331248184
Bangladesh,BGD,1998,15.2868354548332
Bulgaria,BGR,1998,7.48307210133366
"Bahamas, The",BHS,1998,16.4914809059998
Belarus,BLR,1998,11.0917537472656
Belize,BLZ,1998,19.2266858451244
Bolivia,BOL,1998,7.86723071000052
Brazil,BRA,1998,9.65622902657362
Barbados,BRB,1998,16.7356473743839
Brunei Darussalam,BRN,1998,16.5311194741903
Bhutan,BTN,1998,18.766361028819
Central African Republic,CAF,1998,23.4146668394681
Canada,CAN,1998,5.55314183232404
Central Europe and the Baltics,CEB,1998,7.26112368503973
Switzerland,CHE,1998,6.16407658244535
Chile,CHL,1998,7.30568880157966
China,CHN,1998,4.76664012437009
Cote d'Ivoire,CIV,1998,20.7542769189297
Cameroon,CMR,1998,15.422157444589
Colombia,COL,1998,11.7959985885846
Comoros,COM,1998,44.1570222008585
Cabo Verde,CPV,1998,34.4218573768561
Costa Rica,CRI,1998,7.87009348064918
Caribbean small states,CSS,1998,14.5247725222639
Cyprus,CYP,1998,20.3352048886723
Czechia,CZE,1998,5.99054235405358
Germany,DEU,1998,8.8887556752769
Denmark,DNK,1998,12.3208596351204
Algeria,DZA,1998,29.8747446468185
East Asia & Pacific (excluding high income),EAP,1998,5.41842830629674
Early-demographic dividend,EAR,1998,10.0826109503167
East Asia & Pacific,EAS,1998,6.78378527303895
Europe & Central Asia (excluding high income),ECA,1998,7.63973586769579
Europe & Central Asia,ECS,1998,9.53263805689522
Ecuador,ECU,1998,12.0047440043539
"Egypt, Arab Rep.",EGY,1998,21.2068945753265
Euro area,EMU,1998,9.78248723109876
Spain,ESP,1998,11.4224240276073
Estonia,EST,1998,16.5209006741172
Ethiopia,ETH,1998,6.05456679027489
European Union,EUU,1998,9.35087036355581
Finland,FIN,1998,6.50561817319958
France,FRA,1998,9.66022950157653
Faroe Islands,FRO,1998,24.3348388340737
Gabon,GAB,1998,15.3951031116904
United Kingdom,GBR,1998,9.33596699505758
Georgia,GEO,1998,18.6808044479978
Ghana,GHA,1998,10.2304693737779
Guinea,GIN,1998,25.4388995022932
"Gambia, The",GMB,1998,43.6258864795986
Greece,GRC,1998,13.6763052238116
Grenada,GRD,1998,20.3420758296432
Greenland,GRL,1998,17.7855679349181
Guatemala,GTM,1998,11.8802229727264
Guyana,GUY,1998,16.8611511977518
High income,HIC,1998,8.27277775226413
"Hong Kong SAR, China",HKG,1998,5.38449777021238
Honduras,HND,1998,17.7832157564458
Heavily indebted poor countries (HIPC),HPC,1998,16.0053980376534
Croatia,HRV,1998,9.68779293534315
Hungary,HUN,1998,4.25305115962469
IBRD only,IBD,1998,7.95452166542524
IDA & IBRD total,IBT,1998,8.46831478241473
IDA blend,IDB,1998,19.0913655197124
Indonesia,IDN,1998,10.5233403024791
India,IND,1998,7.98136717055903
Ireland,IRL,1998,7.19612427592967
"Iran, Islamic Rep.",IRN,1998,16.2154150588036
Iceland,ISL,1998,10.1326823991651
Israel,ISR,1998,7.07933444463925
Italy,ITA,1998,10.5625625940499
Jamaica,JAM,1998,18.2446379624931
Jordan,JOR,1998,23.0990621351525
Japan,JPN,1998,15.8589353552231
Kazakhstan,KAZ,1998,10.1549254149461
Kenya,KEN,1998,14.423158912009
Kyrgyz Republic,KGZ,1998,13.8035246363325
Kiribati,KIR,1998,41.3597244574072
"Korea, Rep.",KOR,1998,6.06072133470202
Kuwait,KWT,1998,15.0983647051663
Latin America & Caribbean (excluding high income),LAC,1998,8.48784509946055
Lebanon,LBN,1998,19.6716571800595
St. Lucia,LCA,1998,26.0686894554218
Latin America & Caribbean,LCN,1998,8.69310019571043
Lower middle income,LMC,1998,11.3638300359044
Low & middle income,LMY,1998,7.86001151176204
Late-demographic dividend,LTE,1998,7.55455432588754
Lithuania,LTU,1998,10.5842677141647
Latvia,LVA,1998,12.8232390914875
"Macao SAR, China",MAC,1998,12.0535594802108
Morocco,MAR,1998,14.1917342535347
Moldova,MDA,1998,7.82219768994657
Madagascar,MDG,1998,14.4152803164588
Maldives,MDV,1998,24.3687880604193
Mexico,MEX,1998,5.82735924701405
Middle income,MIC,1998,7.77760053524453
North Macedonia,MKD,1998,16.32295658771
Mali,MLI,1998,23.1458875788983
Malta,MLT,1998,11.2075708868419
"Middle East, North Africa, Afghanistan & Pakistan (excluding high income)",MNA,1998,20.2304547868042
Mongolia,MNG,1998,16.5156762845498
Mauritius,MUS,1998,15.7302639370063
Malaysia,MYS,1998,5.68331616965234
North America,NAC,1998,4.98721090575581
Niger,NER,1998,38.6163918883766
Nigeria,NGA,1998,19.5973417547207
Nicaragua,NIC,1998,17.6406323141063
Netherlands,NLD,1998,11.4003082795773
Norway,NOR,1998,6.62057048612181
Nepal,NPL,1998,8.391868433092
New Zealand,NZL,1998,9.20103004215946
OECD members,OED,1998,7.97456732056395
Oman,OMN,1998,16.4300363212207
Other small states,OSS,1998,16.4876694872043
Pakistan,PAK,1998,20.2850851149856
Panama,PAN,1998,11.5148632741208
Peru,PER,1998,16.3047773906339
Philippines,PHL,1998,8.80118526748438
Papua New Guinea,PNG,1998,18.9229170893931
Poland,POL,1998,7.68840253733209
Portugal,PRT,1998,12.5356833408531
Paraguay,PRY,1998,21.7049769479105
Post-demographic dividend,PST,1998,7.87642217475312
French Polynesia,PYF,1998,19.6258881383474
Qatar,QAT,1998,10.3209468099081
Romania,ROU,1998,8.36683093389845
Russian Federation,RUS,1998,23.2056753319683
Rwanda,RWA,1998,25.3028562117595
South Asia,SAS,1998,8.77191760796082
Saudi Arabia,SAU,1998,15.5044456910684
Sudan,SDN,1998,15.1495729728363
Senegal,SEN,1998,29.9726797155794
Singapore,SGP,1998,4.3655339147465
El Salvador,SLV,1998,16.4648127705612
Serbia,SRB,1998,11.6006659026084
Sub-Saharan Africa (excluding high income),SSA,1998,13.1013052506272
Sub-Saharan Africa,SSF,1998,12.7235646057659
Small states,SST,1998,15.9506378483371
Suriname,SUR,1998,14.4642358453678
Slovak Republic,SVK,1998,6.46514179451947
Slovenia,SVN,1998,6.8186743727761
Sweden,SWE,1998,6.80115512251338
Seychelles,SYC,1998,23.9708678853542
East Asia & Pacific (IDA & IBRD countries),TEA,1998,5.41842830629674
Europe & Central Asia (IDA & IBRD countries),TEC,1998,11.1601305478351
Togo,TGO,1998,12.8118635761067
Thailand,THA,1998,5.59400325847932
Turkmenistan,TKM,1998,8.38870151326342
Latin America & the Caribbean (IDA & IBRD countries),TLA,1998,8.66982916051539
"Middle East, North Africa, Afghanistan & Pakistan (IDA & IBRD)",TMN,1998,20.2304547868042
South Asia (IDA & IBRD),TSA,1998,8.77191760796082
Sub-Saharan Africa (IDA & IBRD countries),TSS,1998,12.7235646057659
Trinidad and Tobago,TTO,1998,11.3004752890962
Tunisia,TUN,1998,10.3023495465159
Turkiye,TUR,1998,5.03403487541503
Tuvalu,TUV,1998,27.8338156303306
Tanzania,TZA,1998,19.937891690888
Uganda,UGA,1998,17.3574711236088
Ukraine,UKR,1998,6.9727333256332
Upper middle income,UMC,1998,6.73512982488428
Uruguay,URY,1998,10.6828528082881
United States,USA,1998,4.88207534288116
St. Vincent and the Grenadines,VCT,1998,25.3520482386391
"Venezuela, RB",VEN,1998,12.1841835478373
Viet Nam,VNM,1998,5.11401561376527
World,WLD,1998,8.1562331118716
South Africa,ZAF,1998,5.24007066174769
Zambia,ZMB,1998,11.7539342877294
Africa Eastern and Southern,AFE,1999,8.84561918463637
Africa Western and Central,AFW,1999,22.9356849585997
Albania,ALB,1999,27.3598044929082
Andorra,AND,1999,21.0374266731269
Arab World,ARB,1999,16.1432642222261
United Arab Emirates,ARE,1999,11.2648613713545
Argentina,ARG,1999,4.91875848706901
Armenia,ARM,1999,25.7863517382367
Antigua and Barbuda,ATG,1999,21.8279498991875
Australia,AUS,1999,4.80438445813991
Austria,AUT,1999,6.29889914617876
Azerbaijan,AZE,1999,19.7401969232101
Burundi,BDI,1999,11.1600397926447
Belgium,BEL,1999,9.9154859150306
Benin,BEN,1999,22.9697319163218
Burkina Faso,BFA,1999,17.7248961793587
Bulgaria,BGR,1999,5.98298501378153
"Bahamas, The",BHS,1999,17.9935479509732
Belarus,BLR,1999,12.3480356672921
Belize,BLZ,1999,20.2633951361356
Bolivia,BOL,1999,9.57036858788623
Brazil,BRA,1999,7.88996683261309
Barbados,BRB,1999,16.3159252390353
Bhutan,BTN,1999,17.913839151313
Central African Republic,CAF,1999,22.7938981995925
Canada,CAN,1999,5.30783594125411
Central Europe and the Baltics,CEB,1999,6.52878074432503
Switzerland,CHE,1999,6.14357994282047
Chile,CHL,1999,8.61575785673561
China,CHN,1999,4.05905600313996
Cote d'Ivoire,CIV,1999,19.1963511933091
Cameroon,CMR,1999,18.9312125573269
Colombia,COL,1999,12.8909816501002
Comoros,COM,1999,19.4619034599583
Cabo Verde,CPV,1999,31.8185143479592
Costa Rica,CRI,1999,7.29953652107923
Caribbean small states,CSS,1999,15.0484887129984
Cuba,CUB,1999,19.3757768613991
Cyprus,CYP,1999,19.4365315347714
Czechia,CZE,1999,5.7211360353027
Germany,DEU,1999,8.30155793990856
Dominica,DMA,1999,23.4165304507352
Denmark,DNK,1999,12.1764407599987
Algeria,DZA,1999,27.4232267527177
East Asia & Pacific (excluding high income),EAP,1999,5.17812464885647
Early-demographic dividend,EAR,1999,10.1008500011583
East Asia & Pacific,EAS,1999,6.43525112694863
Europe & Central Asia (excluding high income),ECA,1999,8.18809364999341
Europe & Central Asia,ECS,1999,9.08167441482036
Ecuador,ECU,1999,10.7485919661053
"Egypt, Arab Rep.",EGY,1999,22.8656629726748
Euro area,EMU,1999,9.36698555775489
Spain,ESP,1999,10.4370117664112
Estonia,EST,1999,12.8838560684608
Ethiopia,ETH,1999,9.3764015461824
European Union,EUU,1999,8.95506660427667
Finland,FIN,1999,6.27262486977249
France,FRA,1999,9.16413839348344
Faroe Islands,FRO,1999,20.3320270387132
Gabon,GAB,1999,19.1707056202881
United Kingdom,GBR,1999,8.95621237671914
Georgia,GEO,1999,22.5342900537141
Ghana,GHA,1999,11.7307982728475
Guinea,GIN,1999,30.567484824138
"Gambia, The",GMB,1999,36.5494358611365
Greece,GRC,1999,13.0855183197681
Grenada,GRD,1999,20.1689757221308
Greenland,GRL,1999,17.5894958785564
Guatemala,GTM,1999,12.6821813806296
Guyana,GUY,1999,16.7216195182474
High income,HIC,1999,8.02713497580003
"Hong Kong SAR, China",HKG,1999,4.94580569832678
Honduras,HND,1999,17.9214127991224
Heavily indebted poor countries (HIPC),HPC,1999,16.0557616773619
Croatia,HRV,1999,8.46024716436848
Hungary,HUN,1999,3.21705130485594
IBRD only,IBD,1999,7.46825239578316
IDA & IBRD total,IBT,1999,8.00553439138408
IDA blend,IDB,1999,19.5673453625225
Indonesia,IDN,1999,15.7050983119267
India,IND,1999,6.62512602167223
Ireland,IRL,1999,7.23108369839452
"Iran, Islamic Rep.",IRN,1999,20.4402831797297
Iceland,ISL,1999,10.3953620010573
Israel,ISR,1999,6.23841765835118
Italy,ITA,1999,10.0553976682436
Jamaica,JAM,1999,17.4891332733279
Jordan,JOR,1999,21.8135136257261
Japan,JPN,1999,15.1494360756702
Kazakhstan,KAZ,1999,10.197291893645
Kenya,KEN,1999,11.8846908038528
Kyrgyz Republic,KGZ,1999,13.6135452702511
Kiribati,KIR,1999,36.7926528011523
St. Kitts and Nevis,KNA,1999,18.5185334524198
"Korea, Rep.",KOR,1999,5.57700694613502
Kuwait,KWT,1999,16.82172623484
Latin America & Caribbean (excluding high income),LAC,1999,7.98103423768634
Lebanon,LBN,1999,19.2761584878179
St. Lucia,LCA,1999,23.5946516365441
Latin America & Caribbean,LCN,1999,8.37482569527849
Sri Lanka,LKA,1999,15.2648677003573
Lower middle income,LMC,1999,10.9510369147288
Low & middle income,LMY,1999,7.57955410404717
Late-demographic dividend,LTE,1999,7.26025295982315
Lithuania,LTU,1999,10.7730486616666
Luxembourg,LUX,1999,10.7224342297206
Latvia,LVA,1999,12.412704845933
"Macao SAR, China",MAC,1999,11.0670962845133
Morocco,MAR,1999,13.2672177994142
Moldova,MDA,1999,5.92490989105914
Madagascar,MDG,1999,13.6732686332529
Maldives,MDV,1999,23.3765918190697
"Middle East, North Africa, Afghanistan & Pakistan",MEA,1999,15.6236710849835
Mexico,MEX,1999,5.28115141638395
Middle income,MIC,1999,7.49946458295332
North Macedonia,MKD,1999,15.2963114285444
Mali,MLI,1999,19.4870609967661
Malta,MLT,1999,10.5924732028578
"Middle East, North Africa, Afghanistan & Pakistan (excluding high income)",MNA,1999,19.8529474933475
Mongolia,MNG,1999,11.7346453576198
Mauritius,MUS,1999,13.7672758202426
Malawi,MWI,1999,12.1638232042342
Malaysia,MYS,1999,5.42770752031591
North America,NAC,1999,4.70387758342716
New Caledonia,NCL,1999,15.7772720628923
Niger,NER,1999,34.5183911760324
Nigeria,NGA,1999,27.0232196446158
Nicaragua,NIC,1999,18.6049103163574
Netherlands,NLD,1999,11.196889185465
Norway,NOR,1999,7.11991237279293
Nepal,NPL,1999,15.7454381736415
New Zealand,NZL,1999,7.78436649828484
OECD members,OED,1999,7.68703611978822
Oman,OMN,1999,22.5178560148405
Other small states,OSS,1999,14.5565415981375
Pakistan,PAK,1999,16.3668955492299
Panama,PAN,1999,11.5318679828138
Peru,PER,1999,14.6749875224625
Philippines,PHL,1999,8.26239939709591
Poland,POL,1999,6.70737847926111
Portugal,PRT,1999,12.3406372755903
Paraguay,PRY,1999,17.0096463751689
Post-demographic dividend,PST,1999,7.60156462227285
French Polynesia,PYF,1999,20.7702735085807
Qatar,QAT,1999,15.3098007297516
Romania,ROU,1999,7.43706772323294
Russian Federation,RUS,1999,18.7293683336387
Rwanda,RWA,1999,20.6521973478926
South Asia,SAS,1999,7.25918275297457
Saudi Arabia,SAU,1999,17.0913421933115
Sudan,SDN,1999,18.4698174664983
Senegal,SEN,1999,28.583075269227
Singapore,SGP,1999,3.99855532122816
El Salvador,SLV,1999,18.5342181666438
Serbia,SRB,1999,10.3109364698987
Sub-Saharan Africa (excluding high income),SSA,1999,13.9006127987827
Sub-Saharan Africa,SSF,1999,13.6696131885817
Small states,SST,1999,14.7673781358895
Sao Tome and Principe,STP,1999,17.7402204105498
Suriname,SUR,1999,15.4953631983119
Slovak Republic,SVK,1999,6.57807337001782
Slovenia,SVN,1999,6.34392448469769
Sweden,SWE,1999,7.1844697843621
Seychelles,SYC,1999,22.18693367979
Turks and Caicos Islands,TCA,1999,20.0040894188371
East Asia & Pacific (IDA & IBRD countries),TEA,1999,5.17812464885646
Europe & Central Asia (IDA & IBRD countries),TEC,1999,10.0337616096644
Togo,TGO,1999,17.2719400539665
Thailand,THA,1999,4.97529281494267
Turkmenistan,TKM,1999,18.5989589029273
Latin America & the Caribbean (IDA & IBRD countries),TLA,1999,8.21142027683553
"Middle East, North Africa, Afghanistan & Pakistan (IDA & IBRD)",TMN,1999,19.8529474933475
South Asia (IDA & IBRD),TSA,1999,7.25918275297457
Sub-Saharan Africa (IDA & IBRD countries),TSS,1999,13.6696131885817
Trinidad and Tobago,TTO,1999,11.2993881152495
Tunisia,TUN,1999,8.29874145241983
Turkiye,TUR,1999,5.00953757314176
Tuvalu,TUV,1999,31.5902308734993
Tanzania,TZA,1999,16.2380974034151
Uganda,UGA,1999,14.0154870277892
Ukraine,UKR,1999,7.42371009963201
Upper middle income,UMC,1999,6.51899226193923
Uruguay,URY,1999,10.9398698806312
United States,USA,1999,4.59167749164559
St. Vincent and the Grenadines,VCT,1999,22.9916244077063
"Venezuela, RB",VEN,1999,12.7401157388712
Viet Nam,VNM,1999,5.86925344085312
World,WLD,1999,7.91069659752167
South Africa,ZAF,1999,5.42150529350399
Zambia,ZMB,1999,10.0339731917449
Zimbabwe,ZWE,1999,8.79256732538273
Aruba,ABW,2000,25.0706785731483
Africa Eastern and Southern,AFE,2000,9.30857212084233
Africa Western and Central,AFW,2000,19.1009032899749
Albania,ALB,2000,21.8344894406933
Andorra,AND,2000,19.9249060942022
Arab World,ARB,2000,15.209646261855
United Arab Emirates,ARE,2000,11.0848261616965
Argentina,ARG,2000,5.0134709929318
Armenia,ARM,2000,24.9679862106753
Antigua and Barbuda,ATG,2000,21.6749526294466
Australia,AUS,2000,4.5542072874505
Austria,AUT,2000,5.43644783661012
Azerbaijan,AZE,2000,18.5771024478801
Burundi,BDI,2000,22.9477820813955
Belgium,BEL,2000,8.43377375358496
Benin,BEN,2000,21.8673892974778
Burkina Faso,BFA,2000,12.572288849584
Bangladesh,BGD,2000,16.4762017933808
Bulgaria,BGR,2000,5.21847298502192
Bahrain,BHR,2000,9.69864270708512
"Bahamas, The",BHS,2000,16.719944657142
Belarus,BLR,2000,11.8739307441419
Belize,BLZ,2000,13.9961682927728
Bolivia,BOL,2000,13.4613814776005
Brazil,BRA,2000,6.57400147363878
Barbados,BRB,2000,15.4249833490655
Botswana,BWA,2000,14.0066522756851
Central African Republic,CAF,2000,29.3347493965467
Canada,CAN,2000,5.1015834501715
Central Europe and the Baltics,CEB,2000,5.8381005802571
Switzerland,CHE,2000,5.51515069156664
Chile,CHL,2000,7.38732826859091
China,CHN,2000,4.1415670503436
Cote d'Ivoire,CIV,2000,17.1845976432421
Cameroon,CMR,2000,18.158905834378
Colombia,COL,2000,11.929031818574
Comoros,COM,2000,43.3742587517982
Cabo Verde,CPV,2000,31.0006644205063
Costa Rica,CRI,2000,7.44873459372655
Caribbean small states,CSS,2000,12.7944685124771
Cuba,CUB,2000,15.7930059768195
Cyprus,CYP,2000,18.646326727523
Czechia,CZE,2000,4.9161449491809
Germany,DEU,2000,6.58349525553406
Dominica,DMA,2000,21.0448284563317
Denmark,DNK,2000,11.3642379412516
Algeria,DZA,2000,28.1684762632487
East Asia & Pacific (excluding high income),EAP,2000,4.74879915683552
Early-demographic dividend,EAR,2000,9.15316111489184
East Asia & Pacific,EAS,2000,5.65674510148256
Europe & Central Asia (excluding high income),ECA,2000,6.45571829158187
Europe & Central Asia,ECS,2000,7.78210010651923
Ecuador,ECU,2000,9.00541400042505
"Egypt, Arab Rep.",EGY,2000,25.2034726323746
Euro area,EMU,2000,7.78833255364912
Eritrea,ERI,2000,37.4082326909517
Spain,ESP,2000,9.14243753674419
Estonia,EST,2000,9.83078976436227
Ethiopia,ETH,2000,7.00618262842159
European Union,EUU,2000,7.51012820033256
Fragile and conflict affected situations,FCS,2000,11.7015935839564
Finland,FIN,2000,5.22594733628161
Fiji,FJI,2000,14.8295189550409
France,FRA,2000,7.90621616629272
Faroe Islands,FRO,2000,17.2748080493512
Gabon,GAB,2000,18.2397240119533
United Kingdom,GBR,2000,7.77332529543403
Georgia,GEO,2000,23.3354377925569
Ghana,GHA,2000,12.7592190948003
Guinea,GIN,2000,24.1715658601992
"Gambia, The",GMB,2000,34.4953031799041
Greece,GRC,2000,11.32104102001
Grenada,GRD,2000,18.3996463646717
Greenland,GRL,2000,15.2173763461836
Guatemala,GTM,2000,12.6695915152408
Guyana,GUY,2000,13.9489389756501
High income,HIC,2000,7.00688227600568
"Hong Kong SAR, China",HKG,2000,4.28210913363814
Honduras,HND,2000,17.6023353135068
Heavily indebted poor countries (HIPC),HPC,2000,15.692516723673
Croatia,HRV,2000,8.27796912782028
Hungary,HUN,2000,2.91328535453333
IBRD only,IBD,2000,6.73708699775603
IDA & IBRD total,IBT,2000,7.32299185364661
IDA total,IDA,2000,15.605523523584
IDA blend,IDB,2000,16.2713971453524
Indonesia,IDN,2000,10.0072129258352
IDA only,IDX,2000,15.1982975685882
India,IND,2000,4.31269475192625
Ireland,IRL,2000,6.28773248100908
"Iran, Islamic Rep.",IRN,2000,18.9717839921169
Iraq,IRQ,2000,1.53398085529644
Iceland,ISL,2000,9.38202900596758
Israel,ISR,2000,5.33526305057598
Italy,ITA,2000,8.49122661061818
Jamaica,JAM,2000,15.5194567147272
Jordan,JOR,2000,18.7404656910463
Japan,JPN,2000,12.7955329229744
Kazakhstan,KAZ,2000,0.66966191099893
Kenya,KEN,2000,13.9479779658172
Kyrgyz Republic,KGZ,2000,14.4432404933725
Cambodia,KHM,2000,9.50621770286955
St. Kitts and Nevis,KNA,2000,19.0433189632215
"Korea, Rep.",KOR,2000,4.81152686043378
Kuwait,KWT,2000,13.8447910406646
Latin America & Caribbean (excluding high income),LAC,2000,7.068823063414
Lebanon,LBN,2000,17.7728025545885
St. Lucia,LCA,2000,22.874655734015
Latin America & Caribbean,LCN,2000,7.4851988741595
Sri Lanka,LKA,2000,13.1481423185071
Lower middle income,LMC,2000,9.90066625111889
Low & middle income,LMY,2000,6.84882159173853
Lesotho,LSO,2000,17.6171105554725
Late-demographic dividend,LTE,2000,6.88574002940121
Lithuania,LTU,2000,9.68715025783298
Luxembourg,LUX,2000,9.79880158473253
Latvia,LVA,2000,12.2892523427299
"Macao SAR, China",MAC,2000,11.4527191454081
Morocco,MAR,2000,13.7418105275081
Moldova,MDA,2000,13.0769994452195
Madagascar,MDG,2000,13.1791903041482
Maldives,MDV,2000,23.6159467925972
"Middle East, North Africa, Afghanistan & Pakistan",MEA,2000,14.5604975784295
Mexico,MEX,2000,4.7291951218225
Middle income,MIC,2000,6.72700610111026
North Macedonia,MKD,2000,12.0608990292847
Mali,MLI,2000,14.0307573183783
Malta,MLT,2000,8.42495711101394
"Middle East, North Africa, Afghanistan & Pakistan (excluding high income)",MNA,2000,16.8525558376289
Mongolia,MNG,2000,16.5617085994331
Mozambique,MOZ,2000,14.0066144857989
Mauritania,MRT,2000,18.6830138117669
Mauritius,MUS,2000,14.2315185392831
Malawi,MWI,2000,9.8375491741077
Malaysia,MYS,2000,4.33738340914225
North America,NAC,2000,4.10946749048773
Namibia,NAM,2000,16.8997438305921
New Caledonia,NCL,2000,15.0874057405551
Niger,NER,2000,38.5463277247556
Nigeria,NGA,2000,19.9176960380601
Nicaragua,NIC,2000,15.8637991162577
Netherlands,NLD,2000,8.59691842302504
Norway,NOR,2000,6.46543280907543
Nepal,NPL,2000,11.8582407816918
New Zealand,NZL,2000,7.72539363500583
OECD members,OED,2000,6.55202802580082
Oman,OMN,2000,20.5241723301161
Other small states,OSS,2000,12.9542430285928
Pakistan,PAK,2000,13.7672819411255
Panama,PAN,2000,11.5980190670963
Peru,PER,2000,11.6506244027622
Philippines,PHL,2000,7.02051280559495
Papua New Guinea,PNG,2000,18.3028214541916
Poland,POL,2000,6.04011844898946
Pre-demographic dividend,PRE,2000,13.409028633626
Portugal,PRT,2000,11.2258246559916
Paraguay,PRY,2000,16.6695032106498
West Bank and Gaza,PSE,2000,23.3262867002378
Post-demographic dividend,PST,2000,6.46793262605609
French Polynesia,PYF,2000,20.0397503428279
Qatar,QAT,2000,11.7485363976984
Romania,ROU,2000,6.96621358011473
Russian Federation,RUS,2000,20.2261282518212
South Asia,SAS,2000,5.96375041178196
Saudi Arabia,SAU,2000,18.4040318167496
Sudan,SDN,2000,22.7338799158054
Senegal,SEN,2000,23.3060482364924
Singapore,SGP,2000,3.23600287304303
Sierra Leone,SLE,2000,32.7205914951577
El Salvador,SLV,2000,12.3651905829786
Serbia,SRB,2000,9.34003806061218
Sub-Saharan Africa (excluding high income),SSA,2000,12.8115214894683
Sub-Saharan Africa,SSF,2000,12.5022859910576
Small states,SST,2000,13.0455018339774
Sao Tome and Principe,STP,2000,30.8237678617422
Suriname,SUR,2000,14.0450659467867
Slovak Republic,SVK,2000,5.61579356747849
Slovenia,SVN,2000,5.96133803192286
Sweden,SWE,2000,5.92291785856526
Eswatini,SWZ,2000,18.7318764923188
Seychelles,SYC,2000,10.1388444830577
Syrian Arab Republic,SYR,2000,19.3297234892833
Turks and Caicos Islands,TCA,2000,4.76683596915343
East Asia & Pacific (IDA & IBRD countries),TEA,2000,4.74879915683552
Europe & Central Asia (IDA & IBRD countries),TEC,2000,9.39880827723687
Togo,TGO,2000,18.3773280450188
Thailand,THA,2000,4.36823203679912
Tajikistan,TJK,2000,10.2117192522587
Turkmenistan,TKM,2000,11.7431295237881
Latin America & the Caribbean (IDA & IBRD countries),TLA,2000,7.3384324844719
"Middle East, North Africa, Afghanistan & Pakistan (IDA & IBRD)",TMN,2000,16.7313410134841
Tonga,TON,2000,23.2257503070675
South Asia (IDA & IBRD),TSA,2000,5.96375041178196
Sub-Saharan Africa (IDA & IBRD countries),TSS,2000,12.5022859910576
Trinidad and Tobago,TTO,2000,8.31345695056
Tunisia,TUN,2000,8.24182512058847
Turkiye,TUR,2000,3.92945354980633
Tanzania,TZA,2000,15.5588556999273
Uganda,UGA,2000,14.0580567298868
Ukraine,UKR,2000,6.32036659137521
Upper middle income,UMC,2000,5.77119530133874
Uruguay,URY,2000,11.4914141305491
United States,USA,2000,3.92515759512508
St. Vincent and the Grenadines,VCT,2000,26.6625174539928
"Venezuela, RB",VEN,2000,11.6864214244932
Viet Nam,VNM,2000,5.20525400523697
Vanuatu,VUT,2000,21.8645297936778
World,WLD,2000,6.97022298654709
South Africa,ZAF,2000,4.68584418898625
Zambia,ZMB,2000,7.71875385705693
Zimbabwe,ZWE,2000,7.69021677634361
Aruba,ABW,2001,23.8069590469182
Africa Eastern and Southern,AFE,2001,9.52844332368306
Africa Western and Central,AFW,2001,21.0549947071955
Albania,ALB,2001,19.3800309935046
Andorra,AND,2001,20.085335631578
Arab World,ARB,2001,14.2388301241706
United Arab Emirates,ARE,2001,9.75168938439653
Argentina,ARG,2001,5.72428376826837
Armenia,ARM,2001,24.2491289513127
Australia,AUS,2001,4.94222006021166
Austria,AUT,2001,5.78783074161474
Azerbaijan,AZE,2001,16.1626226867643
Burundi,BDI,2001,13.0997647772338
Belgium,BEL,2001,8.6704857146296
Benin,BEN,2001,20.3607308180196
Burkina Faso,BFA,2001,14.9826505696802
Bangladesh,BGD,2001,17.3900891315011
Bulgaria,BGR,2001,5.39498052075864
Bahrain,BHR,2001,11.7418912076275
"Bahamas, The",BHS,2001,17.5129779528291
Belarus,BLR,2001,10.6128800887182
Belize,BLZ,2001,13.73500940317
Bolivia,BOL,2001,14.8596660303638
Brazil,BRA,2001,5.69552691718607
Barbados,BRB,2001,17.1548802248443
Brunei Darussalam,BRN,2001,17.8699439871197
Botswana,BWA,2001,13.9167860606947
Central African Republic,CAF,2001,26.953910571875
Canada,CAN,2001,5.82243956068321
Central Europe and the Baltics,CEB,2001,5.99377740470658
Switzerland,CHE,2001,5.47221526684708
Chile,CHL,2001,7.36403179649258
China,CHN,2001,3.98143235100007
Cote d'Ivoire,CIV,2001,21.0852870794468
Cameroon,CMR,2001,15.4646787502966
Colombia,COL,2001,11.7318068893806
Comoros,COM,2001,38.5070228221442
Cabo Verde,CPV,2001,33.7409483757171
Costa Rica,CRI,2001,7.50612972800854
Caribbean small states,CSS,2001,13.3063840026765
Cuba,CUB,2001,17.5886139834212
Cyprus,CYP,2001,16.5170423086049
Czechia,CZE,2001,4.69297612156346
Germany,DEU,2001,7.47332176694495
Dominica,DMA,2001,22.5283052062643
Denmark,DNK,2001,11.616272831709
Dominican Republic,DOM,2001,12.1280344829947
Algeria,DZA,2001,26.1361517616116
East Asia & Pacific (excluding high income),EAP,2001,4.86399852092667
Early-demographic dividend,EAR,2001,9.38547686594013
East Asia & Pacific,EAS,2001,5.92688999541792
Europe & Central Asia (excluding high income),ECA,2001,6.73802436708
Europe & Central Asia,ECS,2001,8.21079825035534
Ecuador,ECU,2001,8.05678048592405
"Egypt, Arab Rep.",EGY,2001,26.0571570364759
Euro area,EMU,2001,8.2828120352311
Eritrea,ERI,2001,30.0207545664577
Spain,ESP,2001,9.98015424317981
Estonia,EST,2001,10.5951587367236
Ethiopia,ETH,2001,14.5465476769229
European Union,EUU,2001,7.9807793476084
Fragile and conflict affected situations,FCS,2001,12.2112073126088
Finland,FIN,2001,5.5251693807686
Fiji,FJI,2001,20.213155565211
France,FRA,2001,8.28054426899926
Faroe Islands,FRO,2001,19.2399840911026
Gabon,GAB,2001,18.3217530684605
United Kingdom,GBR,2001,8.19201633760021
Georgia,GEO,2001,20.3614879512097
Ghana,GHA,2001,18.1992163313309
Guinea,GIN,2001,23.4879911036672
"Gambia, The",GMB,2001,40.9989776196766
Greece,GRC,2001,11.8921723041025
Grenada,GRD,2001,20.1481754544276
Greenland,GRL,2001,15.9568644877099
Guatemala,GTM,2001,14.079602273116
Guyana,GUY,2001,15.9200413121233
High income,HIC,2001,7.34064093668563
"Hong Kong SAR, China",HKG,2001,4.33344484276788
Honduras,HND,2001,17.4850938101154
Heavily indebted poor countries (HIPC),HPC,2001,17.1113036610911
Croatia,HRV,2001,8.82356707513751
Hungary,HUN,2001,3.08819908143684
IBRD only,IBD,2001,6.95211318980096
IDA & IBRD total,IBT,2001,7.58749201144437
IDA total,IDA,2001,16.2457451110553
IDA blend,IDB,2001,16.3616957319303
Indonesia,IDN,2001,9.92527155089655
IDA only,IDX,2001,16.1790565956659
India,IND,2001,5.26064427722423
Ireland,IRL,2001,6.80922264017095
"Iran, Islamic Rep.",IRN,2001,16.0683248244843
Iraq,IRQ,2001,1.0756638880856
Iceland,ISL,2001,10.190570188368
Israel,ISR,2001,5.87588013168619
Italy,ITA,2001,8.74904760129232
Jamaica,JAM,2001,15.3975944338927
Jordan,JOR,2001,17.601922146017
Japan,JPN,2001,13.0663950060951
Kazakhstan,KAZ,2001,8.27830378704379
Kenya,KEN,2001,13.3669391879521
Kyrgyz Republic,KGZ,2001,12.2621720812044
Cambodia,KHM,2001,9.71158691635263
St. Kitts and Nevis,KNA,2001,17.3545712797855
"Korea, Rep.",KOR,2001,5.66351732411774
Kuwait,KWT,2001,12.5974705169025
Latin America & Caribbean (excluding high income),LAC,2001,7.62729851843722
Lebanon,LBN,2001,16.9509943945185
St. Lucia,LCA,2001,26.4870130742102
Latin America & Caribbean,LCN,2001,7.96005750394642
Least developed countries: UN classification,LDC,2001,16.2664451687774
Sri Lanka,LKA,2001,14.1613176951106
Lower middle income,LMC,2001,10.5572385767666
Low & middle income,LMY,2001,7.09634387915551
Lesotho,LSO,2001,27.0049502909412
Late-demographic dividend,LTE,2001,6.94457031640651
Lithuania,LTU,2001,9.24079920011052
Luxembourg,LUX,2001,9.29590619950152
Latvia,LVA,2001,12.3940666232121
"Macao SAR, China",MAC,2001,13.4721685160031
Morocco,MAR,2001,14.3721024488698
Moldova,MDA,2001,14.3328107286001
Madagascar,MDG,2001,14.3861363803678
Maldives,MDV,2001,23.0130282573515
"Middle East, North Africa, Afghanistan & Pakistan",MEA,2001,13.6175093115663
Mexico,MEX,2001,5.80757053903952
Middle income,MIC,2001,6.95597435794188
North Macedonia,MKD,2001,13.8016118638273
Mali,MLI,2001,14.3209096637092
Malta,MLT,2001,10.9063180226203
Myanmar,MMR,2001,7.07940840402501
"Middle East, North Africa, Afghanistan & Pakistan (excluding high income)",MNA,2001,16.3142685567633
Mongolia,MNG,2001,17.8737301554831
Mozambique,MOZ,2001,13.257737733351
Mauritania,MRT,2001,18.3690372046714
Mauritius,MUS,2001,15.7446910311172
Malawi,MWI,2001,11.6347370367122
Malaysia,MYS,2001,5.25227871755226
North America,NAC,2001,4.49231256537843
Namibia,NAM,2001,13.1218026878938
New Caledonia,NCL,2001,15.3575768086268
Niger,NER,2001,45.4352336985795
Nigeria,NGA,2001,21.7047274781102
Nicaragua,NIC,2001,15.9594907836738
Netherlands,NLD,2001,8.76916297314212
Norway,NOR,2001,7.10546240770286
New Zealand,NZL,2001,8.35043726681559
OECD members,OED,2001,6.98815786628824
Oman,OMN,2001,22.2482039704609
Other small states,OSS,2001,14.018414325512
Pakistan,PAK,2001,12.2088797119404
Panama,PAN,2001,12.1892088801906
Peru,PER,2001,13.3302302047244
Philippines,PHL,2001,7.64871449009602
Papua New Guinea,PNG,2001,15.3489554898364
Poland,POL,2001,6.30616545238728
Pre-demographic dividend,PRE,2001,13.5493765855712
Portugal,PRT,2001,12.1272298442879
Paraguay,PRY,2001,14.3593187290474
West Bank and Gaza,PSE,2001,25.8141044268448
Post-demographic dividend,PST,2001,6.88272102986656
French Polynesia,PYF,2001,20.2702716433175
Qatar,QAT,2001,11.3015902812356
Romania,ROU,2001,7.58535972081615
Russian Federation,RUS,2001,20.4751855713073
Rwanda,RWA,2001,20.6929878969759
South Asia,SAS,2001,6.81903708564109
Saudi Arabia,SAU,2001,15.7445439087645
Sudan,SDN,2001,19.3382191934243
Senegal,SEN,2001,26.7721579084306
Singapore,SGP,2001,3.65068682041496
El Salvador,SLV,2001,12.8005961495804
Serbia,SRB,2001,12.7119763448689
Sub-Saharan Africa (excluding high income),SSA,2001,13.1205116967015
Sub-Saharan Africa,SSF,2001,13.2232411158089
Small states,SST,2001,14.0818797839345
Sao Tome and Principe,STP,2001,36.5911181154036
Suriname,SUR,2001,14.2252721841191
Slovak Republic,SVK,2001,5.72114555000774
Slovenia,SVN,2001,6.17186046065449
Sweden,SWE,2001,7.04768861725124
Eswatini,SWZ,2001,17.3054625958741
Seychelles,SYC,2001,22.5660811812637
Syrian Arab Republic,SYR,2001,12.3515658825649
Turks and Caicos Islands,TCA,2001,7.43163583880242
East Asia & Pacific (IDA & IBRD countries),TEA,2001,4.86399852092667
Europe & Central Asia (IDA & IBRD countries),TEC,2001,9.73461578547171
Togo,TGO,2001,22.7769359094111
Thailand,THA,2001,5.01674644094297
Latin America & the Caribbean (IDA & IBRD countries),TLA,2001,7.80068533651884
"Middle East, North Africa, Afghanistan & Pakistan (IDA & IBRD)",TMN,2001,16.139529401753
Tonga,TON,2001,21.592458796877
South Asia (IDA & IBRD),TSA,2001,6.81903708564109
Sub-Saharan Africa (IDA & IBRD countries),TSS,2001,13.2232411158089
Trinidad and Tobago,TTO,2001,8.82664180779782
Tunisia,TUN,2001,8.32658983619424
Turkiye,TUR,2001,3.59130627299828
Tuvalu,TUV,2001,24.0716980927788
Tanzania,TZA,2001,15.1880359151488
Uganda,UGA,2001,12.2267192293843
Ukraine,UKR,2001,6.88101175311892
Upper middle income,UMC,2001,5.86813298967829
Uruguay,URY,2001,11.4433598013525
United States,USA,2001,4.24520882218111
St. Vincent and the Grenadines,VCT,2001,23.1463744513353
"Venezuela, RB",VEN,2001,11.4976792259446
Viet Nam,VNM,2001,6.26144090094189
World,WLD,2001,7.28479326761065
Samoa,WSM,2001,24.3801214633579
"Yemen, Rep.",YEM,2001,33.1452402706601
South Africa,ZAF,2001,4.35460037690876
Zambia,ZMB,2001,8.90169458861382
Zimbabwe,ZWE,2001,5.14226579458636
Aruba,ABW,2002,21.648868835819
Africa Eastern and Southern,AFE,2002,9.80935627516651
Africa Western and Central,AFW,2002,20.811945427289
Albania,ALB,2002,20.1725298479794
Andorra,AND,2002,19.3467105857586
Arab World,ARB,2002,13.9077411540998
United Arab Emirates,ARE,2002,7.7568033508315
Argentina,ARG,2002,4.6330285978847
Armenia,ARM,2002,19.8590686321662
Australia,AUS,2002,4.86917660836693
Austria,AUT,2002,6.1504972202101
Azerbaijan,AZE,2002,14.1544898906117
Burundi,BDI,2002,11.1502827884135
Belgium,BEL,2002,8.57136965309403
Benin,BEN,2002,23.8763238350293
Burkina Faso,BFA,2002,21.2879841796361
Bangladesh,BGD,2002,14.6012765701751
Bulgaria,BGR,2002,5.84375590808233
Bahrain,BHR,2002,10.9356283843617
"Bahamas, The",BHS,2002,18.6443676149589
Belarus,BLR,2002,10.723369144169
Belize,BLZ,2002,11.4280347567629
Bolivia,BOL,2002,13.2391587612067
Brazil,BRA,2002,6.70717515812855
Barbados,BRB,2002,18.8735080171631
Brunei Darussalam,BRN,2002,13.4228253911884
Botswana,BWA,2002,15.4824965121453
Central African Republic,CAF,2002,20.3500063860346
Canada,CAN,2002,6.06447150910236
Central Europe and the Baltics,CEB,2002,5.6871555949154
Switzerland,CHE,2002,5.72723589721868
Chile,CHL,2002,7.96998924298726
China,CHN,2002,3.52833071574746
Cote d'Ivoire,CIV,2002,22.5827907280846
Cameroon,CMR,2002,18.056636788873
Colombia,COL,2002,12.1510334447017
Comoros,COM,2002,40.1956985075193
Cabo Verde,CPV,2002,29.8187239229832
Costa Rica,CRI,2002,8.01269363371063
Caribbean small states,CSS,2002,13.4743023848819
Cuba,CUB,2002,20.3360472733546
Cyprus,CYP,2002,12.7554154540767
Czechia,CZE,2002,4.23098167132108
Germany,DEU,2002,7.91101856862669
Dominica,DMA,2002,24.2384280586676
Denmark,DNK,2002,11.7346734194506
Dominican Republic,DOM,2002,16.3588286214323
Algeria,DZA,2002,25.0833473331531
East Asia & Pacific (excluding high income),EAP,2002,4.60287703727564
Early-demographic dividend,EAR,2002,9.49809548639662
East Asia & Pacific,EAS,2002,5.8139272770126
Europe & Central Asia (excluding high income),ECA,2002,6.62211690225483
Europe & Central Asia,ECS,2002,8.50500018649499
Ecuador,ECU,2002,8.68501990336474
"Egypt, Arab Rep.",EGY,2002,27.8437606403488
Euro area,EMU,2002,8.68696190228069
Eritrea,ERI,2002,30.8928780908161
Spain,ESP,2002,10.2943050253261
Estonia,EST,2002,11.5661480058289
Ethiopia,ETH,2002,11.2325753357011
European Union,EUU,2002,8.3016736576832
Fragile and conflict affected situations,FCS,2002,12.5569935293408
Finland,FIN,2002,5.87463816752889
Fiji,FJI,2002,19.9843805406976
France,FRA,2002,8.72368714982118
Faroe Islands,FRO,2002,19.3198126521816
Gabon,GAB,2002,15.8776189591102
United Kingdom,GBR,2002,8.49802346618817
Georgia,GEO,2002,20.4797306100354
Ghana,GHA,2002,19.5641722154173
Guinea,GIN,2002,23.0791736712276
"Gambia, The",GMB,2002,37.1017349758859
Greece,GRC,2002,12.8861889811138
Grenada,GRD,2002,21.6080824246348
Greenland,GRL,2002,17.2700191531217
Guatemala,GTM,2002,12.3443296843716
Guyana,GUY,2002,15.7013139954706
High income,HIC,2002,7.55710025641305
"Hong Kong SAR, China",HKG,2002,4.1246188804416
Honduras,HND,2002,16.808010315078
Heavily indebted poor countries (HIPC),HPC,2002,17.2022524569425
Croatia,HRV,2002,8.90901764248842
Hungary,HUN,2002,3.20881562727556
IBRD only,IBD,2002,6.90357527750892
IDA & IBRD total,IBT,2002,7.51114638702869
IDA total,IDA,2002,16.1242867736019
IDA blend,IDB,2002,15.8849729512134
Indonesia,IDN,2002,11.1215668273071
IDA only,IDX,2002,16.2710509732279
India,IND,2002,5.51730137381547
Ireland,IRL,2002,7.27437124002623
"Iran, Islamic Rep.",IRN,2002,9.91487136895174
Iraq,IRQ,2002,1.55571136803504
Iceland,ISL,2002,11.578375017462
Israel,ISR,2002,5.97377434550647
Italy,ITA,2002,9.05151163756952
Jamaica,JAM,2002,15.2211795319071
Jordan,JOR,2002,16.8626332136614
Japan,JPN,2002,13.254453387045
Kazakhstan,KAZ,2002,8.10190835463263
Kenya,KEN,2002,11.268070283505
Kyrgyz Republic,KGZ,2002,13.0786831548179
Cambodia,KHM,2002,8.95466897463645
St. Kitts and Nevis,KNA,2002,15.6170441808629
"Korea, Rep.",KOR,2002,5.95270558107254
Kuwait,KWT,2002,12.0135689908453
Latin America & Caribbean (excluding high income),LAC,2002,7.95512828929203
Lebanon,LBN,2002,18.7162651607233
St. Lucia,LCA,2002,23.2772760985958
Latin America & Caribbean,LCN,2002,8.37399054679515
Least developed countries: UN classification,LDC,2002,16.2340059157492
Low income,LIC,2002,19.3332764816887
Sri Lanka,LKA,2002,14.0582870578969
Lower middle income,LMC,2002,10.6359084219699
Low & middle income,LMY,2002,7.00801161331651
Lesotho,LSO,2002,23.0564430966299
Late-demographic dividend,LTE,2002,6.66524407960654
Lithuania,LTU,2002,7.91696716211946
Luxembourg,LUX,2002,10.4228264564385
Latvia,LVA,2002,12.870966043995
"Macao SAR, China",MAC,2002,13.3706265346006
Morocco,MAR,2002,14.0075464904375
Moldova,MDA,2002,13.296028808662
Madagascar,MDG,2002,15.9475604565603
Maldives,MDV,2002,22.6295975661876
"Middle East, North Africa, Afghanistan & Pakistan",MEA,2002,13.0436590091718
Mexico,MEX,2002,6.05048603216255
Middle income,MIC,2002,6.85756871684808
North Macedonia,MKD,2002,14.534723858425
Mali,MLI,2002,17.7394509429263
Malta,MLT,2002,11.5213119755937
"Middle East, North Africa, Afghanistan & Pakistan (excluding high income)",MNA,2002,15.9032102914759
Mozambique,MOZ,2002,11.812290985857
Mauritania,MRT,2002,21.848775576065
Mauritius,MUS,2002,18.9417095986471
Malawi,MWI,2002,23.51568823685
Malaysia,MYS,2002,5.73363820357425
North America,NAC,2002,4.82618335324249
Namibia,NAM,2002,12.5660788845836
New Caledonia,NCL,2002,15.2411251522648
Niger,NER,2002,37.8729406068288
Nigeria,NGA,2002,19.5776400876136
Nicaragua,NIC,2002,14.9689289544499
Netherlands,NLD,2002,9.75914632511179
Norway,NOR,2002,7.50398517028493
New Zealand,NZL,2002,8.55424398531967
OECD members,OED,2002,7.30007609325597
Oman,OMN,2002,20.9354459859728
Other small states,OSS,2002,14.1472972012454
Pakistan,PAK,2002,11.882371649833
Panama,PAN,2002,13.423919647282
Peru,PER,2002,13.4803247566399
Philippines,PHL,2002,7.04762007902919
Papua New Guinea,PNG,2002,16.447024485721
Poland,POL,2002,6.01583021755916
Pre-demographic dividend,PRE,2002,13.5308062454997
Portugal,PRT,2002,12.5026603396904
Paraguay,PRY,2002,12.3659026488088
West Bank and Gaza,PSE,2002,27.7022680006968
Pacific island small states,PSS,2002,22.6173930816377
Post-demographic dividend,PST,2002,7.17291992889348
French Polynesia,PYF,2002,17.797347531791
Qatar,QAT,2002,11.9345998268466
Romania,ROU,2002,6.37872199321185
Russian Federation,RUS,2002,20.8706982360594
Rwanda,RWA,2002,16.3405754011571
South Asia,SAS,2002,6.77793821595677
Saudi Arabia,SAU,2002,16.5958245011709
Sudan,SDN,2002,18.6785001293573
Senegal,SEN,2002,26.070214194478
Singapore,SGP,2002,3.60257678148161
Solomon Islands,SLB,2002,31.9765549761872
Sierra Leone,SLE,2002,22.529513399096
El Salvador,SLV,2002,13.4981753282863
Serbia,SRB,2002,11.4221504331589
Sub-Saharan Africa (excluding high income),SSA,2002,13.4328374546731
Sub-Saharan Africa,SSF,2002,13.3714477766762
Small states,SST,2002,14.3384439022739
Sao Tome and Principe,STP,2002,41.6953121240088
Suriname,SUR,2002,14.7612978417059
Slovak Republic,SVK,2002,5.44341390368372
Slovenia,SVN,2002,6.15486710338491
Sweden,SWE,2002,7.71812897412303
Eswatini,SWZ,2002,17.6452868261358
Seychelles,SYC,2002,30.4136765768773
Syrian Arab Republic,SYR,2002,16.2981987316112
Turks and Caicos Islands,TCA,2002,6.43781356053872
East Asia & Pacific (IDA & IBRD countries),TEA,2002,4.60287703727563
Europe & Central Asia (IDA & IBRD countries),TEC,2002,9.62887121827197
Togo,TGO,2002,22.1250762560044
Thailand,THA,2002,5.04115476108551
Latin America & the Caribbean (IDA & IBRD countries),TLA,2002,8.18918040930344
"Middle East, North Africa, Afghanistan & Pakistan (IDA & IBRD)",TMN,2002,15.6861794498674
Tonga,TON,2002,19.7604417085277
South Asia (IDA & IBRD),TSA,2002,6.77793821595677
Sub-Saharan Africa (IDA & IBRD countries),TSS,2002,13.3714477766762
Trinidad and Tobago,TTO,2002,8.78770409610056
Tunisia,TUN,2002,10.209303077641
Turkiye,TUR,2002,3.71146330712161
Tuvalu,TUV,2002,24.8797169728877
Tanzania,TZA,2002,13.8026962658223
Uganda,UGA,2002,14.0222059999308
Ukraine,UKR,2002,6.38222169580749
Upper middle income,UMC,2002,5.73191827737234
Uruguay,URY,2002,14.4788062981177
United States,USA,2002,4.59614092906046
St. Vincent and the Grenadines,VCT,2002,24.8659769611271
"Venezuela, RB",VEN,2002,12.5944281399709
Viet Nam,VNM,2002,6.16751147853204
World,WLD,2002,7.41077694948737
Samoa,WSM,2002,27.0144995717726
"Yemen, Rep.",YEM,2002,28.6559459021299
South Africa,ZAF,2002,4.97409042536012
Zambia,ZMB,2002,10.9170489712646
Zimbabwe,ZWE,2002,13.200800830231
Aruba,ABW,2003,22.2848984519249
Africa Eastern and Southern,AFE,2003,11.1090868547739
Africa Western and Central,AFW,2003,18.5581309771574
Albania,ALB,2003,19.6256029620736
Andorra,AND,2003,18.8800094522871
Arab World,ARB,2003,13.5474654966131
United Arab Emirates,ARE,2003,7.38746300457042
Argentina,ARG,2003,4.20128711940575
Armenia,ARM,2003,17.2313800379495
Australia,AUS,2003,5.13440054748237
Austria,AUT,2003,6.13149329486575
Azerbaijan,AZE,2003,11.7495189807014
Burundi,BDI,2003,15.6172819923032
Belgium,BEL,2003,8.75290055687006
Benin,BEN,2003,24.2141983835193
Burkina Faso,BFA,2003,19.0754191229528
Bangladesh,BGD,2003,19.1883894625947
Bulgaria,BGR,2003,5.36553775390804
Bahrain,BHR,2003,9.57128150227115
"Bahamas, The",BHS,2003,18.1313836544652
Bosnia and Herzegovina,BIH,2003,13.9396182775385
Belarus,BLR,2003,9.9443012716097
Belize,BLZ,2003,11.889393162443
Bolivia,BOL,2003,13.2313909248833
Brazil,BRA,2003,7.01297406489281
Barbados,BRB,2003,17.0476911876579
Brunei Darussalam,BRN,2003,17.5831905755701
Botswana,BWA,2003,13.8653954843486
Central African Republic,CAF,2003,23.4488970904762
Canada,CAN,2003,6.20133856648036
Central Europe and the Baltics,CEB,2003,5.55738006886055
Switzerland,CHE,2003,6.01312346377957
Chile,CHL,2003,7.8224862534446
China,CHN,2003,3.85895678491532
Cote d'Ivoire,CIV,2003,22.4906253801467
Cameroon,CMR,2003,17.6074754303822
Colombia,COL,2003,11.3678659568972
Comoros,COM,2003,38.0403450232688
Cabo Verde,CPV,2003,30.7560616633405
Costa Rica,CRI,2003,7.74872279076332
Caribbean small states,CSS,2003,13.1711280032652
Cuba,CUB,2003,22.0214090739225
Cyprus,CYP,2003,12.076133655252
Czechia,CZE,2003,4.80314277182413
Germany,DEU,2003,7.35837307189365
Dominica,DMA,2003,23.6711996130257
Denmark,DNK,2003,12.2879708701508
Dominican Republic,DOM,2003,18.5891024381887
Algeria,DZA,2003,22.4214520152419
East Asia & Pacific (excluding high income),EAP,2003,4.78615704868988
Early-demographic dividend,EAR,2003,9.79436641299249
East Asia & Pacific,EAS,2003,5.68731970342254
Europe & Central Asia (excluding high income),ECA,2003,6.8294924663769
Europe & Central Asia,ECS,2003,8.50626204757994
Ecuador,ECU,2003,9.22487134772442
"Egypt, Arab Rep.",EGY,2003,25.0155801266211
Euro area,EMU,2003,8.634172699441
Eritrea,ERI,2003,45.5713792180839
Spain,ESP,2003,9.9755910018221
Estonia,EST,2003,11.2119163112586
Ethiopia,ETH,2003,24.1568178466376
European Union,EUU,2003,8.26998929448933
Fragile and conflict affected situations,FCS,2003,17.1365569689105
Finland,FIN,2003,5.9765167264479
Fiji,FJI,2003,18.2478405740988
France,FRA,2003,8.84440888125609
Faroe Islands,FRO,2003,15.2265221481595
"Micronesia, Fed. Sts.",FSM,2003,37.0346203329859
Gabon,GAB,2003,15.039302243983
United Kingdom,GBR,2003,8.96236348886592
Georgia,GEO,2003,18.1119914737775
Ghana,GHA,2003,16.1023479327627
"Gambia, The",GMB,2003,37.5997189415948
Guinea-Bissau,GNB,2003,62.416018386306
Greece,GRC,2003,11.5897159436282
Grenada,GRD,2003,17.8531099926374
Greenland,GRL,2003,19.2871231751708
Guatemala,GTM,2003,12.6169927254118
Guyana,GUY,2003,14.0137836416989
High income,HIC,2003,7.42608398823409
"Hong Kong SAR, China",HKG,2003,3.60584247862094
Honduras,HND,2003,15.4452691984811
Heavily indebted poor countries (HIPC),HPC,2003,18.2259777530146
Croatia,HRV,2003,8.43596208961588
Hungary,HUN,2003,3.28502579007471
IBRD only,IBD,2003,7.00083360174613
IDA & IBRD total,IBT,2003,7.64169764535637
IDA total,IDA,2003,16.5631063657046
IDA blend,IDB,2003,14.7183956626753
Indonesia,IDN,2003,11.4970317546412
IDA only,IDX,2003,17.678228934168
India,IND,2003,5.46957002838505
Ireland,IRL,2003,8.26353612865164
"Iran, Islamic Rep.",IRN,2003,10.4900589194062
Iceland,ISL,2003,10.3795952640578
Israel,ISR,2003,6.08683982882901
Italy,ITA,2003,9.36279609127937
Jamaica,JAM,2003,15.1212065012927
Jordan,JOR,2003,17.6482866450496
Japan,JPN,2003,12.3066158270018
Kazakhstan,KAZ,2003,7.98988859735114
Kenya,KEN,2003,12.1889429385749
Kyrgyz Republic,KGZ,2003,12.7830274392983
Cambodia,KHM,2003,7.59680222176926
St. Kitts and Nevis,KNA,2003,16.5832130329201
"Korea, Rep.",KOR,2003,5.51718855877091
Kuwait,KWT,2003,11.8610626821351
Latin America & Caribbean (excluding high income),LAC,2003,8.16493497041324
Lebanon,LBN,2003,18.0838635818581
Libya,LBY,2003,17.0369526076915
St. Lucia,LCA,2003,22.1242157142602
Latin America & Caribbean,LCN,2003,8.6884044007434
Least developed countries: UN classification,LDC,2003,18.5974435414585
Sri Lanka,LKA,2003,13.4462944421829
Lower middle income,LMC,2003,10.3022567292086
Low & middle income,LMY,2003,7.16365372626711
Lesotho,LSO,2003,19.3398362724309
Late-demographic dividend,LTE,2003,6.42947229561478
Lithuania,LTU,2003,8.0427909090297
Luxembourg,LUX,2003,11.1798611052811
Latvia,LVA,2003,11.686760700553
"Macao SAR, China",MAC,2003,13.0590752573664
Morocco,MAR,2003,11.0154535757827
Moldova,MDA,2003,13.5416392228513
Madagascar,MDG,2003,18.3188710729327
Maldives,MDV,2003,20.944773639937
"Middle East, North Africa, Afghanistan & Pakistan",MEA,2003,12.7183029427928
Mexico,MEX,2003,6.54918087678572
Middle income,MIC,2003,7.01886637367902
North Macedonia,MKD,2003,14.0930535774656
Mali,MLI,2003,17.9652369506671
Malta,MLT,2003,11.2778475239268
"Middle East, North Africa, Afghanistan & Pakistan (excluding high income)",MNA,2003,17.0857738063672
Mongolia,MNG,2003,14.4177423112872
Mozambique,MOZ,2003,13.5709344121262
Mauritania,MRT,2003,24.4396361169481
Mauritius,MUS,2003,17.4472789801163
Malawi,MWI,2003,17.3600759785098
Malaysia,MYS,2003,5.04585100225291
North America,NAC,2003,4.90719539056912
Namibia,NAM,2003,15.0080581041003
New Caledonia,NCL,2003,12.2058782910631
Niger,NER,2003,33.3370097231316
Nigeria,NGA,2003,15.4964791149288
Nicaragua,NIC,2003,14.5943783092136
Netherlands,NLD,2003,10.2746199525629
Norway,NOR,2003,7.56351454804612
Nepal,NPL,2003,17.2735815746922
New Zealand,NZL,2003,8.15797307027291
OECD members,OED,2003,7.28844428237576
Oman,OMN,2003,5.77066504993347
Other small states,OSS,2003,13.7798196728701
Pakistan,PAK,2003,11.2870697186668
Panama,PAN,2003,14.1443489538056
Peru,PER,2003,12.58642329997
Philippines,PHL,2003,6.4662367868793
Papua New Guinea,PNG,2003,16.4862653912193
Poland,POL,2003,5.40480578525819
Portugal,PRT,2003,12.65194524792
Paraguay,PRY,2003,10.1156546580406
West Bank and Gaza,PSE,2003,27.2855497070436
Pacific island small states,PSS,2003,21.0713621719282
Post-demographic dividend,PST,2003,7.13390587491708
French Polynesia,PYF,2003,17.4247648936404
Qatar,QAT,2003,9.74971796833618
Romania,ROU,2003,7.04261382118807
Russian Federation,RUS,2003,19.321205947825
Rwanda,RWA,2003,11.6928751118411
South Asia,SAS,2003,7.27204155042165
Saudi Arabia,SAU,2003,16.8082492160461
Sudan,SDN,2003,16.3937605458329
Senegal,SEN,2003,29.5982982623442
Singapore,SGP,2003,3.50690966845268
Solomon Islands,SLB,2003,23.7437030687182
El Salvador,SLV,2003,13.4804351910724
Sub-Saharan Africa (excluding high income),SSA,2003,12.8220887223198
Sub-Saharan Africa,SSF,2003,13.4655535389835
Small states,SST,2003,13.948493685557
Sao Tome and Principe,STP,2003,38.4475173883189
Suriname,SUR,2003,13.2984015538541
Slovak Republic,SVK,2003,4.66448143126575
Slovenia,SVN,2003,5.92666995913626
Sweden,SWE,2003,7.78986717154282
Eswatini,SWZ,2003,16.409532818847
Seychelles,SYC,2003,30.2065266112976
Syrian Arab Republic,SYR,2003,18.9484429551537
Turks and Caicos Islands,TCA,2003,5.08525511967736
East Asia & Pacific (IDA & IBRD countries),TEA,2003,4.78615704868988
Europe & Central Asia (IDA & IBRD countries),TEC,2003,9.28903552441006
Togo,TGO,2003,17.1155288446436
Thailand,THA,2003,4.95349627681406
Latin America & the Caribbean (IDA & IBRD countries),TLA,2003,8.49037284501025
"Middle East, North Africa, Afghanistan & Pakistan (IDA & IBRD)",TMN,2003,16.8742784712786
Tonga,TON,2003,19.7682072179416
South Asia (IDA & IBRD),TSA,2003,7.27204155042165
Sub-Saharan Africa (IDA & IBRD countries),TSS,2003,13.4655535389835
Trinidad and Tobago,TTO,2003,9.47884293346955
Tunisia,TUN,2003,8.3989545199664
Turkiye,TUR,2003,4.02567762300612
Tanzania,TZA,2003,13.5291591939109
Uganda,UGA,2003,16.2100755983485
Ukraine,UKR,2003,9.25788288072261
Upper middle income,UMC,2003,6.02378179610667
Uruguay,URY,2003,12.6263890767193
United States,USA,2003,4.66677652520533
St. Vincent and the Grenadines,VCT,2003,21.6007028653541
"Venezuela, RB",VEN,2003,17.2704154767581
Viet Nam,VNM,2003,6.2187912988121
World,WLD,2003,7.38678558357176
Samoa,WSM,2003,27.4020243465716
"Yemen, Rep.",YEM,2003,27.67925478201
South Africa,ZAF,2003,4.97803316819058
Zambia,ZMB,2003,12.8091114362065
Zimbabwe,ZWE,2003,21.0100852476005
Aruba,ABW,2004,22.9445571152139
Africa Eastern and Southern,AFE,2004,9.8695549761955
Albania,ALB,2004,19.264186578718
Andorra,AND,2004,18.1626894188418
Arab World,ARB,2004,12.7581469156261
United Arab Emirates,ARE,2004,6.41696667915418
Argentina,ARG,2004,3.30307730186729
Armenia,ARM,2004,20.4842436248627
Australia,AUS,2004,4.80423147775813
Austria,AUT,2004,5.9272701810316
Azerbaijan,AZE,2004,11.6962720013195
Burundi,BDI,2004,9.00425219956459
Belgium,BEL,2004,8.16897671210559
Benin,BEN,2004,24.5653739246321
Burkina Faso,BFA,2004,17.553261341026
Bangladesh,BGD,2004,15.6096305442988
Bulgaria,BGR,2004,5.4012115939894
Bahrain,BHR,2004,8.10573893533468
"Bahamas, The",BHS,2004,18.3604508815009
Bosnia and Herzegovina,BIH,2004,16.4571233225434
Belarus,BLR,2004,9.12591312473254
Belize,BLZ,2004,11.9079252531816
Bolivia,BOL,2004,11.4693583560868
Brazil,BRA,2004,4.82199032163775
Barbados,BRB,2004,20.1059817916457
Brunei Darussalam,BRN,2004,17.9218189554512
Botswana,BWA,2004,14.3651284562948
Central African Republic,CAF,2004,16.4830033994524
Canada,CAN,2004,5.81021994971678
Central Europe and the Baltics,CEB,2004,5.67383100006542
Switzerland,CHE,2004,5.66483944060705
Chile,CHL,2004,6.93288140330206
China,CHN,2004,4.03754200714251
Cote d'Ivoire,CIV,2004,17.1976904370795
Cameroon,CMR,2004,18.3156675655433
Colombia,COL,2004,10.5833541565872
Comoros,COM,2004,43.9010196224728
Cabo Verde,CPV,2004,30.2069856600229
Costa Rica,CRI,2004,8.58587634261244
Caribbean small states,CSS,2004,12.9281914128384
Cuba,CUB,2004,21.5597275264043
Cyprus,CYP,2004,11.9766009434211
Czechia,CZE,2004,4.99217834867323
Germany,DEU,2004,6.80153488487415
Dominica,DMA,2004,21.8227060011551
Denmark,DNK,2004,11.8542586826904
Dominican Republic,DOM,2004,16.6757376398393
Algeria,DZA,2004,21.9133994784244
East Asia & Pacific (excluding high income),EAP,2004,4.78945001845169
Early-demographic dividend,EAR,2004,8.87873669734744
East Asia & Pacific,EAS,2004,5.41334107877693
Europe & Central Asia (excluding high income),ECA,2004,6.11025395863227
Europe & Central Asia,ECS,2004,7.99191331634196
Ecuador,ECU,2004,8.95630344364771
"Egypt, Arab Rep.",EGY,2004,22.5458565929967
Euro area,EMU,2004,8.08137635626406
Spain,ESP,2004,9.53774241433879
Estonia,EST,2004,9.74141254208502
Ethiopia,ETH,2004,12.3023188784191
European Union,EUU,2004,7.81208370606036
Finland,FIN,2004,5.61117372225907
Fiji,FJI,2004,17.6632951004578
France,FRA,2004,8.29000072099577
Faroe Islands,FRO,2004,18.0426128516796
"Micronesia, Fed. Sts.",FSM,2004,34.2392634171006
Gabon,GAB,2004,24.2394291119064
United Kingdom,GBR,2004,8.80851033914332
Georgia,GEO,2004,20.9586705150015
Ghana,GHA,2004,20.7803532130101
Guinea,GIN,2004,19.3323496375987
"Gambia, The",GMB,2004,40.8419087092408
Guinea-Bissau,GNB,2004,39.1822412796123
Greece,GRC,2004,11.3629391299071
Grenada,GRD,2004,23.6040800099175
Greenland,GRL,2004,20.8158263958359
Guatemala,GTM,2004,12.397905126684
Guyana,GUY,2004,12.7084957262905
High income,HIC,2004,6.95193215593667
"Hong Kong SAR, China",HKG,2004,3.20337464279801
Honduras,HND,2004,14.9831901513583
Heavily indebted poor countries (HIPC),HPC,2004,15.7927230972093
Croatia,HRV,2004,8.36717766970066
Hungary,HUN,2004,3.86804493820454
IBRD only,IBD,2004,6.54007794424382
IDA & IBRD total,IBT,2004,7.01943849624673
IDA total,IDA,2004,14.7633252765783
Indonesia,IDN,2004,9.68934247690891
IDA only,IDX,2004,15.459490881213
India,IND,2004,4.30907020333258
Ireland,IRL,2004,7.94206831368347
"Iran, Islamic Rep.",IRN,2004,8.92910246805601
Iceland,ISL,2004,9.9391229582133
Israel,ISR,2004,4.86733820007353
Italy,ITA,2004,8.98092248829217
Jamaica,JAM,2004,15.1401630172989
Jordan,JOR,2004,17.0226907889587
Japan,JPN,2004,11.5830998869756
Kazakhstan,KAZ,2004,7.13682171994451
Kenya,KEN,2004,10.3917860456964
Kyrgyz Republic,KGZ,2004,13.4568204353356
Cambodia,KHM,2004,7.83516537828293
Kiribati,KIR,2004,28.7516048632856
St. Kitts and Nevis,KNA,2004,19.4254219350114
"Korea, Rep.",KOR,2004,4.89471211682897
Kuwait,KWT,2004,10.989504259397
Latin America & Caribbean (excluding high income),LAC,2004,7.40218896238848
Lebanon,LBN,2004,15.5138620095239
Libya,LBY,2004,16.7743632731703
St. Lucia,LCA,2004,23.6253260966313
Latin America & Caribbean,LCN,2004,7.8664192313107
Sri Lanka,LKA,2004,12.0988405946262
Lower middle income,LMC,2004,9.07105806936416
Low & middle income,LMY,2004,6.64053823087404
Lesotho,LSO,2004,15.6157531336272
Late-demographic dividend,LTE,2004,6.15619901284469
Lithuania,LTU,2004,8.13822024885179
Luxembourg,LUX,2004,10.550601776518
Latvia,LVA,2004,10.7444780479335
"Macao SAR, China",MAC,2004,12.1832251450837
Morocco,MAR,2004,10.9116550391033
Moldova,MDA,2004,11.5762855880291
Madagascar,MDG,2004,14.585205063439
Maldives,MDV,2004,18.2726204373791
"Middle East, North Africa, Afghanistan & Pakistan",MEA,2004,11.9036269404854
Mexico,MEX,2004,6.32029188394157
Middle income,MIC,2004,6.50780505891655
North Macedonia,MKD,2004,13.8244724349261
Mali,MLI,2004,13.6899106078829
Malta,MLT,2004,10.7261609589332
"Middle East, North Africa, Afghanistan & Pakistan (excluding high income)",MNA,2004,15.9163762776974
Mongolia,MNG,2004,15.5862767752027
Mozambique,MOZ,2004,14.7401183259255
Mauritania,MRT,2004,10.777222912091
Mauritius,MUS,2004,17.504483666999
Malawi,MWI,2004,17.3704343643148
Malaysia,MYS,2004,5.50910476236322
North America,NAC,2004,4.59722657935959
Namibia,NAM,2004,18.6010205781968
New Caledonia,NCL,2004,13.6249974133711
Niger,NER,2004,30.9858485614994
Nicaragua,NIC,2004,13.3513639654822
Netherlands,NLD,2004,9.41141197375442
Norway,NOR,2004,7.20540345681431
New Zealand,NZL,2004,7.59012384281528
OECD members,OED,2004,6.86371877068427
Oman,OMN,2004,13.3346157772279
Other small states,OSS,2004,13.1329309555371
Pakistan,PAK,2004,10.0014614862786
Panama,PAN,2004,13.2881607728003
Peru,PER,2004,12.7111257677059
Philippines,PHL,2004,6.74186964470987
Papua New Guinea,PNG,2004,16.6714375354429
Poland,POL,2004,5.6929698327892
Portugal,PRT,2004,10.2212110583547
Paraguay,PRY,2004,9.84370019602071
West Bank and Gaza,PSE,2004,25.5330941050332
Pacific island small states,PSS,2004,20.4442339674557
Post-demographic dividend,PST,2004,6.69476651489398
French Polynesia,PYF,2004,20.7316506773899
Qatar,QAT,2004,7.46825916203434
Romania,ROU,2004,6.3157748658598
Russian Federation,RUS,2004,16.534108765837
Rwanda,RWA,2004,15.8401230381633
South Asia,SAS,2004,5.72945547858866
Saudi Arabia,SAU,2004,15.9874618983428
Sudan,SDN,2004,14.3889538704034
Senegal,SEN,2004,28.2581997010509
Singapore,SGP,2004,3.05617258711101
Solomon Islands,SLB,2004,22.3186124050305
El Salvador,SLV,2004,13.6788311181089
Serbia,SRB,2004,8.22858405616336
Sub-Saharan Africa (excluding high income),SSA,2004,11.9983470039638
Sub-Saharan Africa,SSF,2004,12.0713168206154
Small states,SST,2004,13.4323420831448
Sao Tome and Principe,STP,2004,38.6677414094989
Suriname,SUR,2004,11.1056539426275
Slovak Republic,SVK,2004,5.06087436324276
Slovenia,SVN,2004,5.94153759413003
Sweden,SWE,2004,7.58092286542762
Eswatini,SWZ,2004,16.4411566731346
Seychelles,SYC,2004,27.3049355631085
Syrian Arab Republic,SYR,2004,16.7154923222995
Turks and Caicos Islands,TCA,2004,4.03766272252087
East Asia & Pacific (IDA & IBRD countries),TEA,2004,4.78945001845169
Europe & Central Asia (IDA & IBRD countries),TEC,2004,8.33259421009797
Togo,TGO,2004,18.1388978474055
Thailand,THA,2004,4.47855572681604
Latin America & the Caribbean (IDA & IBRD countries),TLA,2004,7.65936791010997
Timor-Leste,TLS,2004,19.0737170401447
"Middle East, North Africa, Afghanistan & Pakistan (IDA & IBRD)",TMN,2004,15.7169708222099
Tonga,TON,2004,21.9699959448871
South Asia (IDA & IBRD),TSA,2004,5.72945547858866
Sub-Saharan Africa (IDA & IBRD countries),TSS,2004,12.0713168206154
Trinidad and Tobago,TTO,2004,8.64333755902926
Tunisia,TUN,2004,8.61546611283753
Turkiye,TUR,2004,3.16762691230328
Tuvalu,TUV,2004,29.8184452187741
Tanzania,TZA,2004,14.9662328717895
Uganda,UGA,2004,16.2770402261925
Ukraine,UKR,2004,6.39620762389552
Upper middle income,UMC,2004,5.76881167385709
Uruguay,URY,2004,8.6151477718477
United States,USA,2004,4.37188328255649
St. Vincent and the Grenadines,VCT,2004,22.0137337246888
"Venezuela, RB",VEN,2004,14.8214597867624
Viet Nam,VNM,2004,5.87801958279415
World,WLD,2004,6.88342828550597
Samoa,WSM,2004,23.3250324956919
"Yemen, Rep.",YEM,2004,28.4809065829111
South Africa,ZAF,2004,4.96272133282915
Zambia,ZMB,2004,6.99595611051906
Zimbabwe,ZWE,2004,23.6762840047402
Aruba,ABW,2005,6.35970695159188
Africa Eastern and Southern,AFE,2005,8.59321301464126
Albania,ALB,2005,16.2430261779039
Arab World,ARB,2005,11.8948128211003
United Arab Emirates,ARE,2005,6.64552534274367
Argentina,ARG,2005,2.83873915468007
Armenia,ARM,2005,17.6629597089781
Antigua and Barbuda,ATG,2005,17.5875938834541
Australia,AUS,2005,4.74464612990827
Austria,AUT,2005,6.08506410598793
Azerbaijan,AZE,2005,10.475296023725
Burundi,BDI,2005,6.49189862259681
Belgium,BEL,2005,7.66741584809613
Benin,BEN,2005,29.9420417539947
Burkina Faso,BFA,2005,18.2849854295953
Bangladesh,BGD,2005,13.8972198613441
Bulgaria,BGR,2005,4.66531952467868
Bahrain,BHR,2005,6.79605611313661
"Bahamas, The",BHS,2005,15.6491248698938
Bosnia and Herzegovina,BIH,2005,17.3755031218581
Belarus,BLR,2005,9.35486797594333
Belize,BLZ,2005,16.1342568320439
Bermuda,BMU,2005,17.7564998490804
Bolivia,BOL,2005,10.1897878977306
Brazil,BRA,2005,4.36109710869557
Barbados,BRB,2005,15.1039478724164
Bhutan,BTN,2005,14.4820848677071
Botswana,BWA,2005,13.8227729221236
Central African Republic,CAF,2005,17.2316347803967
Canada,CAN,2005,5.63001167163117
Central Europe and the Baltics,CEB,2005,5.89968645242975
Switzerland,CHE,2005,5.42057998801734
Chile,CHL,2005,5.81006113683892
China,CHN,2005,3.55944030433494
Cote d'Ivoire,CIV,2005,14.6207860960417
Cameroon,CMR,2005,17.3475176208791
Colombia,COL,2005,8.87542859634767
Comoros,COM,2005,34.1799864577778
Cabo Verde,CPV,2005,30.505796380265
Costa Rica,CRI,2005,6.28246982080874
Caribbean small states,CSS,2005,12.4094527123306
Cuba,CUB,2005,20.0711667909604
Cyprus,CYP,2005,12.4194300450494
Czechia,CZE,2005,5.28040630658305
Germany,DEU,2005,7.03311536661624
Dominica,DMA,2005,19.4201643813625
Denmark,DNK,2005,11.592448009318
Dominican Republic,DOM,2005,14.2470628130987
Algeria,DZA,2005,19.3275354088753
East Asia & Pacific (excluding high income),EAP,2005,4.32162575580524
Early-demographic dividend,EAR,2005,7.86579234232832
East Asia & Pacific,EAS,2005,4.90202648809878
Europe & Central Asia (excluding high income),ECA,2005,5.82689687386888
Europe & Central Asia,ECS,2005,7.84536570282406
Ecuador,ECU,2005,8.03365604206717
"Egypt, Arab Rep.",EGY,2005,20.0824862300595
Euro area,EMU,2005,7.91873951407721
Spain,ESP,2005,9.22662453782948
Estonia,EST,2005,8.67380612279623
Ethiopia,ETH,2005,10.5910136769419
European Union,EUU,2005,7.68693997853271
Finland,FIN,2005,5.20735309463213
Fiji,FJI,2005,14.7130056721653
France,FRA,2005,7.80455115500016
Faroe Islands,FRO,2005,13.2294653020596
"Micronesia, Fed. Sts.",FSM,2005,32.8593018501555
Gabon,GAB,2005,19.0950973813624
United Kingdom,GBR,2005,8.80347829900682
Georgia,GEO,2005,17.4290091079792
Ghana,GHA,2005,13.8967790461099
Guinea,GIN,2005,15.8383082816304
"Gambia, The",GMB,2005,37.7289187149481
Guinea-Bissau,GNB,2005,50.6918420625702
Greece,GRC,2005,11.2411184082835
Grenada,GRD,2005,16.4452262761804
Greenland,GRL,2005,17.9808556669164
Guatemala,GTM,2005,10.8647284472579
Guyana,GUY,2005,15.1233115123809
High income,HIC,2005,6.6900315523107
"Hong Kong SAR, China",HKG,2005,2.93935977454494
Honduras,HND,2005,15.0680850013298
Heavily indebted poor countries (HIPC),HPC,2005,14.2904592887292
Croatia,HRV,2005,8.313900392655
Hungary,HUN,2005,4.10857903082178
IBRD only,IBD,2005,5.92712132312409
IDA & IBRD total,IBT,2005,6.3717888314113
IDA total,IDA,2005,13.6126058706382
Indonesia,IDN,2005,8.08094555754746
IDA only,IDX,2005,14.3262801971007
India,IND,2005,3.36678410369853
Ireland,IRL,2005,7.91522077173803
"Iran, Islamic Rep.",IRN,2005,7.89014706949647
Iceland,ISL,2005,7.78946299208439
Israel,ISR,2005,5.46333913286782
Italy,ITA,2005,8.59948613890285
Jamaica,JAM,2005,14.660350378548
Jordan,JOR,2005,13.61728423743
Japan,JPN,2005,10.397420153451
Kazakhstan,KAZ,2005,7.28585486395054
Kenya,KEN,2005,9.47550244125543
Kyrgyz Republic,KGZ,2005,15.0039630062941
Cambodia,KHM,2005,7.45420950149512
Kiribati,KIR,2005,36.4267998592715
St. Kitts and Nevis,KNA,2005,18.4986012057093
"Korea, Rep.",KOR,2005,4.4440578207991
Latin America & Caribbean (excluding high income),LAC,2005,6.80776176053018
Lebanon,LBN,2005,14.8441919299135
St. Lucia,LCA,2005,21.5832108555612
Latin America & Caribbean,LCN,2005,7.05770610559062
Sri Lanka,LKA,2005,12.3987433530664
Lower middle income,LMC,2005,8.19000868508022
Low & middle income,LMY,2005,5.96956934436553
Late-demographic dividend,LTE,2005,5.75345036269389
Lithuania,LTU,2005,8.03115961244225
Luxembourg,LUX,2005,10.2201513075523
Latvia,LVA,2005,10.756290503841
"Macao SAR, China",MAC,2005,12.5588908318035
Morocco,MAR,2005,10.5507885178635
Moldova,MDA,2005,11.5387067699664
Madagascar,MDG,2005,15.3635531630811
Maldives,MDV,2005,15.5568155847323
"Middle East, North Africa, Afghanistan & Pakistan",MEA,2005,11.1721139747336
Mexico,MEX,2005,6.00785144942829
Middle income,MIC,2005,5.82866427345611
North Macedonia,MKD,2005,12.7401424485328
Mali,MLI,2005,16.4928664802613
Malta,MLT,2005,11.5964219656071
"Middle East, North Africa, Afghanistan & Pakistan (excluding high income)",MNA,2005,14.5021548322321
Mongolia,MNG,2005,12.9678962873215
Mozambique,MOZ,2005,14.9657971055512
Mauritania,MRT,2005,10.2254337451507
Mauritius,MUS,2005,16.6629153656852
Malawi,MWI,2005,18.2345070254401
Malaysia,MYS,2005,5.16903955711743
North America,NAC,2005,4.43040774746819
Namibia,NAM,2005,17.9089360146307
New Caledonia,NCL,2005,13.1506258600845
Niger,NER,2005,34.2053156102748
Nicaragua,NIC,2005,13.2177959961852
Netherlands,NLD,2005,8.86250952235484
Norway,NOR,2005,6.81569822458405
New Zealand,NZL,2005,7.6532725496079
OECD members,OED,2005,6.62589764970124
Oman,OMN,2005,11.8131200547494
Other small states,OSS,2005,12.0682573054143
Pakistan,PAK,2005,10.400913428462
Panama,PAN,2005,12.4715076031178
Peru,PER,2005,11.4479769534954
Philippines,PHL,2005,6.93340794539667
Poland,POL,2005,6.11542031179314
Portugal,PRT,2005,11.3807508862546
Paraguay,PRY,2005,8.6580952189663
West Bank and Gaza,PSE,2005,21.8755724017185
Pacific island small states,PSS,2005,19.3566952270742
Post-demographic dividend,PST,2005,6.44447692615828
French Polynesia,PYF,2005,18.9532108542968
Qatar,QAT,2005,6.57893097403124
Romania,ROU,2005,5.98497935697282
Russian Federation,RUS,2005,16.0926746111667
Rwanda,RWA,2005,13.9770325807874
South Asia,SAS,2005,4.7829410545732
Saudi Arabia,SAU,2005,14.9530741368571
Sudan,SDN,2005,12.5114088757889
Senegal,SEN,2005,28.1392529781177
Singapore,SGP,2005,2.43087588242282
Solomon Islands,SLB,2005,28.1972329880294
El Salvador,SLV,2005,13.745410676343
Serbia,SRB,2005,7.07805423916672
Sub-Saharan Africa (excluding high income),SSA,2005,10.5968246253966
Sub-Saharan Africa,SSF,2005,10.644025832301
Small states,SST,2005,12.5363401947284
Sao Tome and Principe,STP,2005,38.4535753059682
Suriname,SUR,2005,9.53330531530247
Slovak Republic,SVK,2005,6.0510977153684
Slovenia,SVN,2005,6.15183396194944
Sweden,SWE,2005,7.37507902920936
Eswatini,SWZ,2005,16.8067693795332
Seychelles,SYC,2005,23.814743203958
Syrian Arab Republic,SYR,2005,17.778940866532
Turks and Caicos Islands,TCA,2005,14.0279536184192
East Asia & Pacific (IDA & IBRD countries),TEA,2005,4.32162575580524
Europe & Central Asia (IDA & IBRD countries),TEC,2005,8.1579404170671
Togo,TGO,2005,15.5315633580549
Thailand,THA,2005,4.02002524906897
Latin America & the Caribbean (IDA & IBRD countries),TLA,2005,6.87944846615291
Timor-Leste,TLS,2005,17.6316372878805
"Middle East, North Africa, Afghanistan & Pakistan (IDA & IBRD)",TMN,2005,14.3412708806181
Tonga,TON,2005,20.4886579611428
South Asia (IDA & IBRD),TSA,2005,4.7829410545732
Sub-Saharan Africa (IDA & IBRD countries),TSS,2005,10.644025832301
Trinidad and Tobago,TTO,2005,9.02544870727253
Tunisia,TUN,2005,8.45575733032845
Turkiye,TUR,2005,2.81249281753769
Tuvalu,TUV,2005,30.6955092017274
Tanzania,TZA,2005,9.59258046940123
Uganda,UGA,2005,15.9345491998594
Ukraine,UKR,2005,7.1885143340303
Upper middle income,UMC,2005,5.14706982271025
Uruguay,URY,2005,8.09452205600954
United States,USA,2005,4.20217607983639
St. Vincent and the Grenadines,VCT,2005,21.5207948445723
"Venezuela, RB",VEN,2005,9.92688905654486
Viet Nam,VNM,2005,6.29410751798666
World,WLD,2005,6.49293627731081
Samoa,WSM,2005,21.3245974831869
"Yemen, Rep.",YEM,2005,28.1777042900333
South Africa,ZAF,2005,4.45358919883243
Zambia,ZMB,2005,6.27914029941864
Zimbabwe,ZWE,2005,12.795442383618
Aruba,ABW,2006,21.7320221737387
Africa Eastern and Southern,AFE,2006,8.57437453789804
Africa Western and Central,AFW,2006,18.5444788728113
Albania,ALB,2006,19.966386211139
Andorra,AND,2006,18.7713082461553
Arab World,ARB,2006,11.3464940918669
United Arab Emirates,ARE,2006,6.39971702348984
Argentina,ARG,2006,2.58446169118103
Armenia,ARM,2006,15.3369431957483
Antigua and Barbuda,ATG,2006,14.85297016408
Australia,AUS,2006,4.77072459573134
Austria,AUT,2006,5.86510964669712
Azerbaijan,AZE,2006,10.4559874724339
Burundi,BDI,2006,22.1724762196771
Belgium,BEL,2006,7.35751574251615
Benin,BEN,2006,30.6782819142083
Bangladesh,BGD,2006,16.6996245220718
Bulgaria,BGR,2006,4.64853257212137
Bahrain,BHR,2006,5.72440892516763
"Bahamas, The",BHS,2006,14.9067471276541
Bosnia and Herzegovina,BIH,2006,16.8312524732236
Belarus,BLR,2006,8.53189757789063
Belize,BLZ,2006,12.1849377660387
Bermuda,BMU,2006,17.6843765324207
Bolivia,BOL,2006,9.27036905021136
Brazil,BRA,2006,4.48300804691799
Barbados,BRB,2006,15.3283277358589
Brunei Darussalam,BRN,2006,17.0383521634519
Bhutan,BTN,2006,20.6350709987022
Botswana,BWA,2006,13.7255315104568
Central African Republic,CAF,2006,0.473760728207188
Canada,CAN,2006,5.76187314342801
Central Europe and the Baltics,CEB,2006,5.63802861043681
Switzerland,CHE,2006,5.21165572455432
Chile,CHL,2006,4.10486208791868
China,CHN,2006,3.18720737999403
Cote d'Ivoire,CIV,2006,17.2835431554942
Cameroon,CMR,2006,17.9558780421158
Colombia,COL,2006,8.88541041482465
Comoros,COM,2006,28.2095975405371
Cabo Verde,CPV,2006,29.1714029575659
Costa Rica,CRI,2006,6.32469247400558
Caribbean small states,CSS,2006,11.3332870759587
Cuba,CUB,2006,11.9217667315008
Cyprus,CYP,2006,12.5566419113178
Czechia,CZE,2006,5.06193050660144
Germany,DEU,2006,6.61932926406763
Dominica,DMA,2006,20.8324655020786
Denmark,DNK,2006,11.3313587611834
Dominican Republic,DOM,2006,14.8692189220573
Algeria,DZA,2006,19.205724479411
East Asia & Pacific (excluding high income),EAP,2006,4.07421445278648
Early-demographic dividend,EAR,2006,7.35075085034664
East Asia & Pacific,EAS,2006,4.54075192029678
Europe & Central Asia (excluding high income),ECA,2006,5.50666869279581
Europe & Central Asia,ECS,2006,7.41797705777355
Ecuador,ECU,2006,7.0629001283134
"Egypt, Arab Rep.",EGY,2006,19.0625220502884
Euro area,EMU,2006,7.51220630611206
Spain,ESP,2006,8.41138687523044
Estonia,EST,2006,7.4645316429699
Ethiopia,ETH,2006,8.46838136434838
European Union,EUU,2006,7.31924440218459
Finland,FIN,2006,4.77861542051151
Fiji,FJI,2006,13.9903123819765
France,FRA,2006,7.44393034315527
Faroe Islands,FRO,2006,13.5819496652377
"Micronesia, Fed. Sts.",FSM,2006,31.8524145039803
Gabon,GAB,2006,16.621342914733
United Kingdom,GBR,2006,8.14073354812316
Georgia,GEO,2006,16.3748435867449
Ghana,GHA,2006,13.4481786821341
Guinea,GIN,2006,25.6182687654943
"Gambia, The",GMB,2006,31.1899749109051
Greece,GRC,2006,10.6914002783329
Grenada,GRD,2006,18.6973406615474
Greenland,GRL,2006,18.4417080161807
Guatemala,GTM,2006,10.0660269897735
Guyana,GUY,2006,12.6693446664865
High income,HIC,2006,6.3462035888133
"Hong Kong SAR, China",HKG,2006,2.81965987855293
Honduras,HND,2006,13.3965280309557
Heavily indebted poor countries (HIPC),HPC,2006,14.0495090584784
Croatia,HRV,2006,8.25555724053013
Hungary,HUN,2006,3.93463703136581
IBRD only,IBD,2006,5.48736693975006
IDA & IBRD total,IBT,2006,6.05954211403965
IDA total,IDA,2006,14.3499111954206
IDA blend,IDB,2006,14.3039674266784
Indonesia,IDN,2006,8.85969798094525
IDA only,IDX,2006,14.3786209012852
India,IND,2006,2.81575976925486
Ireland,IRL,2006,8.33764229672429
"Iran, Islamic Rep.",IRN,2006,1.86182920657552
Iceland,ISL,2006,6.79535074435207
Israel,ISR,2006,5.69475812472042
Italy,ITA,2006,8.12314910773922
Jamaica,JAM,2006,14.3870875434376
Jordan,JOR,2006,13.3081149105048
Japan,JPN,2006,9.00988229766332
Kazakhstan,KAZ,2006,6.9492924055706
Kenya,KEN,2006,9.23069578310042
Kyrgyz Republic,KGZ,2006,14.3599775452249
Cambodia,KHM,2006,6.94416306872132
Kiribati,KIR,2006,37.6851043301658
St. Kitts and Nevis,KNA,2006,18.6130700245659
"Korea, Rep.",KOR,2006,4.21526224607662
Kuwait,KWT,2006,14.4265293009804
Latin America & Caribbean (excluding high income),LAC,2006,6.47497944813826
Lebanon,LBN,2006,15.0045921057331
St. Lucia,LCA,2006,19.6679429211054
Latin America & Caribbean,LCN,2006,6.47448901338468
Sri Lanka,LKA,2006,12.2952270658244
Lower middle income,LMC,2006,8.41569443534848
Low & middle income,LMY,2006,5.75702642608172
Late-demographic dividend,LTE,2006,5.45050334431663
Lithuania,LTU,2006,8.80183870712837
Luxembourg,LUX,2006,9.38341436084474
Latvia,LVA,2006,10.3969759661707
"Macao SAR, China",MAC,2006,11.4942053568689
Morocco,MAR,2006,9.30728519342545
Moldova,MDA,2006,11.1730968508203
Madagascar,MDG,2006,14.5107553360237
Maldives,MDV,2006,15.9638744547801
"Middle East, North Africa, Afghanistan & Pakistan",MEA,2006,10.3940083974435
Mexico,MEX,2006,5.85643419980812
Middle income,MIC,2006,5.64945272261775
North Macedonia,MKD,2006,11.6624856629333
Mali,MLI,2006,17.2549055068181
Malta,MLT,2006,10.7914946145447
"Middle East, North Africa, Afghanistan & Pakistan (excluding high income)",MNA,2006,13.1104116371883
Montenegro,MNE,2006,15.6845129987695
Mongolia,MNG,2006,12.0851386829202
Mozambique,MOZ,2006,13.7608110564344
Mauritania,MRT,2006,25.0293289231572
Mauritius,MUS,2006,16.4540320429031
Malawi,MWI,2006,15.1498017678089
Malaysia,MYS,2006,5.21699338515735
North America,NAC,2006,4.43538011724533
Namibia,NAM,2006,16.2140800337014
New Caledonia,NCL,2006,12.0050542627807
Niger,NER,2006,27.8487487516202
Nigeria,NGA,2006,17.9553387523989
Nicaragua,NIC,2006,11.6292826863341
Netherlands,NLD,2006,8.4582601507948
Norway,NOR,2006,6.62144362335623
New Zealand,NZL,2006,8.09644035294417
OECD members,OED,2006,6.3022734361613
Oman,OMN,2006,10.576673231666
Other small states,OSS,2006,12.0199439887702
Pakistan,PAK,2006,10.2590316972389
Panama,PAN,2006,6.91428341119807
Peru,PER,2006,10.2159881099678
Philippines,PHL,2006,6.74615419088332
Poland,POL,2006,5.8949500550508
Portugal,PRT,2006,11.3551465554654
Paraguay,PRY,2006,6.68779979403165
West Bank and Gaza,PSE,2006,22.5154487551846
Pacific island small states,PSS,2006,18.4607064537728
Post-demographic dividend,PST,2006,6.11958122126495
French Polynesia,PYF,2006,19.7091308681821
Qatar,QAT,2006,5.21266187520111
Romania,ROU,2006,5.70070753380557
Russian Federation,RUS,2006,14.360887634702
Rwanda,RWA,2006,13.0936851275685
South Asia,SAS,2006,4.57772560238176
Saudi Arabia,SAU,2006,13.6343635944633
Sudan,SDN,2006,11.9052289664777
Senegal,SEN,2006,23.3837753137178
Singapore,SGP,2006,2.23566450373604
Solomon Islands,SLB,2006,23.3686909083333
El Salvador,SLV,2006,13.5815212459875
Serbia,SRB,2006,6.61556260760111
Sub-Saharan Africa (excluding high income),SSA,2006,11.8152859722935
Sub-Saharan Africa,SSF,2006,11.6842670655686
Small states,SST,2006,12.1614073617854
Sao Tome and Principe,STP,2006,30.6310770188119
Suriname,SUR,2006,9.70705929224063
Slovak Republic,SVK,2006,5.06348631289616
Slovenia,SVN,2006,6.12464365213207
Sweden,SWE,2006,7.41730646406004
Eswatini,SWZ,2006,15.5525480144067
Seychelles,SYC,2006,26.6387975304285
Syrian Arab Republic,SYR,2006,13.2252836214438
Turks and Caicos Islands,TCA,2006,13.3136447854373
East Asia & Pacific (IDA & IBRD countries),TEA,2006,4.07421445278648
Europe & Central Asia (IDA & IBRD countries),TEC,2006,7.56664332396264
Thailand,THA,2006,3.89321672990578
Latin America & the Caribbean (IDA & IBRD countries),TLA,2006,6.36475980494738
"Middle East, North Africa, Afghanistan & Pakistan (IDA & IBRD)",TMN,2006,12.9051988546
Tonga,TON,2006,22.0511456619065
South Asia (IDA & IBRD),TSA,2006,4.57772560238176
Sub-Saharan Africa (IDA & IBRD countries),TSS,2006,11.6842670655686
Trinidad and Tobago,TTO,2006,7.78150725208839
Tunisia,TUN,2006,8.20484602367602
Turkiye,TUR,2006,2.49769750122496
Tuvalu,TUV,2006,25.2247455936298
Tanzania,TZA,2006,12.0642862545435
Uganda,UGA,2006,13.6065147035144
Ukraine,UKR,2006,6.77268139416797
Upper middle income,UMC,2006,4.81758846163385
Uruguay,URY,2006,8.08122347321676
United States,USA,2006,4.18360678451427
St. Vincent and the Grenadines,VCT,2006,20.2218299763957
"Venezuela, RB",VEN,2006,7.52054635950129
Viet Nam,VNM,2006,6.00349602680757
Vanuatu,VUT,2006,21.5427001653289
World,WLD,2006,6.18025962371378
Samoa,WSM,2006,19.787063686107
"Yemen, Rep.",YEM,2006,24.8080669205914
South Africa,ZAF,2006,4.36740647169694
Zambia,ZMB,2006,7.74466326880398
Zimbabwe,ZWE,2006,20.8914909544788
Aruba,ABW,2007,19.6738420144355
Africa Eastern and Southern,AFE,2007,9.34512677142495
Africa Western and Central,AFW,2007,18.1585070669505
Angola,AGO,2007,16.0130411206913
Albania,ALB,2007,16.4344906715054
Andorra,AND,2007,17.9481852329508
Arab World,ARB,2007,11.9832994181287
United Arab Emirates,ARE,2007,6.01635974732151
Argentina,ARG,2007,3.70036471906305
Armenia,ARM,2007,17.3187560389427
Antigua and Barbuda,ATG,2007,20.0500979213008
Australia,AUS,2007,5.03584938131912
Austria,AUT,2007,6.26127698040805
Azerbaijan,AZE,2007,15.8129544537774
Burundi,BDI,2007,12.4332536633679
Belgium,BEL,2007,7.69435239642134
Benin,BEN,2007,31.1594419521255
Burkina Faso,BFA,2007,14.8371352126624
Bangladesh,BGD,2007,22.4621296974454
Bulgaria,BGR,2007,5.77074166880321
Bahrain,BHR,2007,5.16493124950103
"Bahamas, The",BHS,2007,15.4046150299869
Bosnia and Herzegovina,BIH,2007,15.8594505928307
Belarus,BLR,2007,7.28746000181242
Belize,BLZ,2007,13.0039635753203
Bermuda,BMU,2007,17.0360285681615
Bolivia,BOL,2007,10.2529177863735
Brazil,BRA,2007,4.68351433879485
Barbados,BRB,2007,20.3680212243492
Brunei Darussalam,BRN,2007,15.7464654413812
Bhutan,BTN,2007,21.4969735106619
Botswana,BWA,2007,13.1253452026116
Central African Republic,CAF,2007,18.61193207568
Canada,CAN,2007,6.16974780779231
Central Europe and the Baltics,CEB,2007,5.97196633859517
Switzerland,CHE,2007,4.64759836985465
Chile,CHL,2007,6.95772611451477
China,CHN,2007,3.72213323291332
Cote d'Ivoire,CIV,2007,17.4065188360687
Cameroon,CMR,2007,21.347230428153
"Congo, Rep.",COG,2007,5.63035871212442
Colombia,COL,2007,9.15841672173031
Comoros,COM,2007,19.5114076786172
Cabo Verde,CPV,2007,25.6865014933414
Costa Rica,CRI,2007,7.99820234523875
Caribbean small states,CSS,2007,12.375450872544
Cyprus,CYP,2007,12.892749062111
Czechia,CZE,2007,5.18018223064743
Germany,DEU,2007,6.54341279742831
Dominica,DMA,2007,21.0192666259951
Denmark,DNK,2007,11.4365732977557
Dominican Republic,DOM,2007,11.7419877155878
Algeria,DZA,2007,19.834328817951
East Asia & Pacific (excluding high income),EAP,2007,4.63824459075256
Early-demographic dividend,EAR,2007,8.10511004164518
East Asia & Pacific,EAS,2007,4.89048711249546
Europe & Central Asia (excluding high income),ECA,2007,5.7285487248495
Europe & Central Asia,ECS,2007,7.58641532760932
Ecuador,ECU,2007,8.43728414696139
"Egypt, Arab Rep.",EGY,2007,20.4260386290611
Euro area,EMU,2007,7.77334857505687
Spain,ESP,2007,8.75280460386947
Estonia,EST,2007,9.09859536914482
Ethiopia,ETH,2007,7.0128716150833
European Union,EUU,2007,7.57621793566708
Fragile and conflict affected situations,FCS,2007,14.2884467308951
Finland,FIN,2007,4.95966364090912
Fiji,FJI,2007,15.4791161285229
France,FRA,2007,7.71461679191524
Faroe Islands,FRO,2007,13.1577111521162
"Micronesia, Fed. Sts.",FSM,2007,28.9540040558619
Gabon,GAB,2007,18.1142034178639
United Kingdom,GBR,2007,8.53605036224542
Georgia,GEO,2007,15.6945126210382
Ghana,GHA,2007,14.3991098576178
Guinea,GIN,2007,16.9118340979961
"Gambia, The",GMB,2007,30.8678394372224
Greece,GRC,2007,10.9893879250495
Grenada,GRD,2007,18.2070398884635
Greenland,GRL,2007,19.3600267602234
Guatemala,GTM,2007,11.3052294524696
Guyana,GUY,2007,13.9481681789521
High income,HIC,2007,6.50200515250509
"Hong Kong SAR, China",HKG,2007,3.02348089712892
Honduras,HND,2007,14.6700642119302
Heavily indebted poor countries (HIPC),HPC,2007,13.5765614604293
Croatia,HRV,2007,7.95833359237055
Hungary,HUN,2007,4.07068890025428
IBRD only,IBD,2007,6.21560587659304
IDA & IBRD total,IBT,2007,6.79262002734036
IDA total,IDA,2007,14.8268904940464
IDA blend,IDB,2007,13.9363264028878
Indonesia,IDN,2007,10.550507641297
IDA only,IDX,2007,15.4070408743891
India,IND,2007,3.15167158693782
Ireland,IRL,2007,8.41942579720387
Iraq,IRQ,2007,18.7623946037269
Iceland,ISL,2007,7.57680427950145
Israel,ISR,2007,5.86570898278485
Italy,ITA,2007,8.42350003642154
Jamaica,JAM,2007,12.7038465336189
Jordan,JOR,2007,14.9962985235357
Japan,JPN,2007,8.89967332839888
Kazakhstan,KAZ,2007,6.85582069000944
Kenya,KEN,2007,11.0141357643369
Kyrgyz Republic,KGZ,2007,15.3611313276466
Cambodia,KHM,2007,6.19039605488992
Kiribati,KIR,2007,38.3789477574705
St. Kitts and Nevis,KNA,2007,18.6907315169214
"Korea, Rep.",KOR,2007,4.42392703054421
Kuwait,KWT,2007,12.9034662415455
Latin America & Caribbean (excluding high income),LAC,2007,6.91961495607774
Lebanon,LBN,2007,16.0800965795543
Libya,LBY,2007,16.1396687212784
St. Lucia,LCA,2007,20.3906212876877
Latin America & Caribbean,LCN,2007,7.057137310798
Least developed countries: UN classification,LDC,2007,15.9398431623161
Sri Lanka,LKA,2007,11.8890133703539
Lower middle income,LMC,2007,9.27341321351029
Low & middle income,LMY,2007,6.58808861421832
Lesotho,LSO,2007,26.0551875035344
Late-demographic dividend,LTE,2007,5.76788021401542
Lithuania,LTU,2007,9.42716087838039
Luxembourg,LUX,2007,9.45126040613877
Latvia,LVA,2007,10.6816567488242
"Macao SAR, China",MAC,2007,11.7445617817119
Morocco,MAR,2007,12.2131215093525
Moldova,MDA,2007,12.1326983304779
Madagascar,MDG,2007,15.3042849420161
Maldives,MDV,2007,16.5811104361164
"Middle East, North Africa, Afghanistan & Pakistan",MEA,2007,11.4378082726453
Mexico,MEX,2007,6.48451636050477
Middle income,MIC,2007,6.48735174541424
North Macedonia,MKD,2007,11.6019368352454
Mali,MLI,2007,14.8063693888379
Malta,MLT,2007,13.2502849726834
"Middle East, North Africa, Afghanistan & Pakistan (excluding high income)",MNA,2007,16.3905788082119
Montenegro,MNE,2007,14.8705938309312
Mongolia,MNG,2007,11.8250551465307
Mozambique,MOZ,2007,17.7673907682063
Mauritania,MRT,2007,25.475562506026
Mauritius,MUS,2007,18.8086523680508
Malawi,MWI,2007,11.1055697698524
Malaysia,MYS,2007,5.88761321232614
North America,NAC,2007,4.63629121376117
Namibia,NAM,2007,15.3955827708461
New Caledonia,NCL,2007,10.6134653975564
Niger,NER,2007,23.6291306529067
Nigeria,NGA,2007,20.0580120299638
Nicaragua,NIC,2007,15.9550045171119
Netherlands,NLD,2007,9.13224241093244
Norway,NOR,2007,6.72724410923635
New Zealand,NZL,2007,8.57888175013431
OECD members,OED,2007,6.54191396225822
Oman,OMN,2007,9.7425347107255
Other small states,OSS,2007,13.0846480023541
Pakistan,PAK,2007,8.86354163457115
Panama,PAN,2007,6.92805235112223
Peru,PER,2007,10.435357918899
Philippines,PHL,2007,7.3078769167619
Palau,PLW,2007,22.2351263803147
Poland,POL,2007,6.28306938715785
Pre-demographic dividend,PRE,2007,16.4656560657158
Portugal,PRT,2007,12.0973302726648
Paraguay,PRY,2007,7.04807697108836
West Bank and Gaza,PSE,2007,24.3146271558542
Pacific island small states,PSS,2007,19.2890092784158
Post-demographic dividend,PST,2007,6.30437151740626
French Polynesia,PYF,2007,20.8458369715359
Qatar,QAT,2007,4.79196725832172
Romania,ROU,2007,6.11971769977434
Russian Federation,RUS,2007,12.6162060721272
Rwanda,RWA,2007,16.5724556461598
South Asia,SAS,2007,5.383459261836
Saudi Arabia,SAU,2007,13.2842189171072
Sudan,SDN,2007,8.14465685912551
Senegal,SEN,2007,25.0577923863196
Singapore,SGP,2007,2.52882699008142
Solomon Islands,SLB,2007,20.0349279262827
El Salvador,SLV,2007,14.3900208981162
Serbia,SRB,2007,5.77715621044371
Sub-Saharan Africa (excluding high income),SSA,2007,12.4156246647439
Sub-Saharan Africa,SSF,2007,12.1917395594211
Small states,SST,2007,13.2169109738529
Sao Tome and Principe,STP,2007,28.3347479955804
Suriname,SUR,2007,11.2482230088812
Slovak Republic,SVK,2007,5.33530143626995
Slovenia,SVN,2007,6.46643975767472
Sweden,SWE,2007,7.42355118748583
Eswatini,SWZ,2007,20.5578826978798
Seychelles,SYC,2007,23.6798033594862
Syrian Arab Republic,SYR,2007,12.6096671197829
Turks and Caicos Islands,TCA,2007,13.0900125867354
East Asia & Pacific (IDA & IBRD countries),TEA,2007,4.63931660131066
Europe & Central Asia (IDA & IBRD countries),TEC,2007,7.43114492120821
Togo,TGO,2007,14.6371119232388
Thailand,THA,2007,4.16695567762463
Latin America & the Caribbean (IDA & IBRD countries),TLA,2007,7.01452116385745
"Middle East, North Africa, Afghanistan & Pakistan (IDA & IBRD)",TMN,2007,16.232753451841
Tonga,TON,2007,21.9647046511142
South Asia (IDA & IBRD),TSA,2007,5.383459261836
Sub-Saharan Africa (IDA & IBRD countries),TSS,2007,12.1917395594211
Trinidad and Tobago,TTO,2007,8.08554500230568
Tunisia,TUN,2007,9.80534950923463
Turkiye,TUR,2007,3.03856981711862
Tanzania,TZA,2007,11.7292567694593
Uganda,UGA,2007,12.4919847554131
Ukraine,UKR,2007,6.54447968937537
Upper middle income,UMC,2007,5.6283743910276
Uruguay,URY,2007,8.66471645032792
United States,USA,2007,4.34641191135511
St. Vincent and the Grenadines,VCT,2007,21.7644007211528
"Venezuela, RB",VEN,2007,7.11654308438549
Viet Nam,VNM,2007,6.25911404379391
Vanuatu,VUT,2007,21.3246311635505
World,WLD,2007,6.52887046780171
Samoa,WSM,2007,24.8217760130705
"Yemen, Rep.",YEM,2007,24.97276608869
South Africa,ZAF,2007,5.16879967398032
Zambia,ZMB,2007,5.41864513915649
Zimbabwe,ZWE,2007,11.3778547601645
Aruba,ABW,2008,21.7327582390724
Africa Eastern and Southern,AFE,2008,9.65056366334789
Afghanistan,AFG,2008,18.8526978297014
Africa Western and Central,AFW,2008,14.7719919338503
Angola,AGO,2008,13.7747753460474
Albania,ALB,2008,16.432549004634
Andorra,AND,2008,20.1521918311349
Arab World,ARB,2008,11.3567662889134
United Arab Emirates,ARE,2008,6.05688256373793
Argentina,ARG,2008,4.54066028581729
Armenia,ARM,2008,17.9730555643855
Australia,AUS,2008,4.80642380862477
Austria,AUT,2008,6.69769339630931
Azerbaijan,AZE,2008,15.6149073986307
Burundi,BDI,2008,11.2037211679344
Belgium,BEL,2008,8.14769105102525
Benin,BEN,2008,36.1361186365244
Burkina Faso,BFA,2008,14.8656582394092
Bangladesh,BGD,2008,18.3229853149513
Bulgaria,BGR,2008,6.83820998756618
Bahrain,BHR,2008,6.30212941417559
"Bahamas, The",BHS,2008,15.7046435716457
Bosnia and Herzegovina,BIH,2008,15.8179706726838
Belarus,BLR,2008,7.34988135661458
Belize,BLZ,2008,12.7214715942552
Bermuda,BMU,2008,17.174715547689
Bolivia,BOL,2008,9.17825587094961
Brazil,BRA,2008,4.48145348145564
Barbados,BRB,2008,18.9571548097085
Brunei Darussalam,BRN,2008,14.9539488929429
Bhutan,BTN,2008,16.2128817429141
Botswana,BWA,2008,11.9671979715984
Central African Republic,CAF,2008,25.9297883087381
Canada,CAN,2008,6.43748442978137
Central Europe and the Baltics,CEB,2008,6.41963469408639
Switzerland,CHE,2008,4.5832732726601
Chile,CHL,2008,7.06184498545909
China,CHN,2008,4.75813477121272
Cote d'Ivoire,CIV,2008,19.6128646777742
Cameroon,CMR,2008,23.7856698771506
"Congo, Rep.",COG,2008,8.15237266409826
Colombia,COL,2008,10.1359790686263
Comoros,COM,2008,48.0315793281904
Cabo Verde,CPV,2008,27.6576815135857
Costa Rica,CRI,2008,8.50827089693552
Caribbean small states,CSS,2008,12.357766913595
Cyprus,CYP,2008,13.3862069365089
Czechia,CZE,2008,5.07760495786001
Germany,DEU,2008,7.3879610221933
Dominica,DMA,2008,21.8884998045828
Denmark,DNK,2008,11.9988035235937
Dominican Republic,DOM,2008,12.3829075508488
Algeria,DZA,2008,21.4250111172019
East Asia & Pacific (excluding high income),EAP,2008,5.4188124781105
Early-demographic dividend,EAR,2008,8.38001005961789
East Asia & Pacific,EAS,2008,5.33845381784492
Europe & Central Asia (excluding high income),ECA,2008,6.54591031649476
Europe & Central Asia,ECS,2008,8.07775176061837
Ecuador,ECU,2008,8.96803651018888
"Egypt, Arab Rep.",EGY,2008,17.8963919007814
Euro area,EMU,2008,8.34047244607604
Spain,ESP,2008,9.28662689936103
Estonia,EST,2008,10.1578108052571
Ethiopia,ETH,2008,13.1682987368127
European Union,EUU,2008,8.11775483824395
Fragile and conflict affected situations,FCS,2008,11.6959534207863
Finland,FIN,2008,5.36186590158471
Fiji,FJI,2008,16.2204704559196
France,FRA,2008,7.99784928014569
Faroe Islands,FRO,2008,15.5418733774885
"Micronesia, Fed. Sts.",FSM,2008,28.870272137374
Gabon,GAB,2008,17.5381102958195
United Kingdom,GBR,2008,8.96670273827612
Georgia,GEO,2008,15.3386133034105
Ghana,GHA,2008,14.7565513004193
Guinea,GIN,2008,13.2340260831581
"Gambia, The",GMB,2008,33.6226822428083
Greece,GRC,2008,10.6475395821999
Grenada,GRD,2008,20.8691054518232
Greenland,GRL,2008,18.2318721636078
Guatemala,GTM,2008,12.6474875810355
Guyana,GUY,2008,14.3023731990334
High income,HIC,2008,6.81214008876191
"Hong Kong SAR, China",HKG,2008,3.59327235553936
Heavily indebted poor countries (HIPC),HPC,2008,14.4782242833491
Croatia,HRV,2008,8.19036048194588
Hungary,HUN,2008,4.43376866038654
IBRD only,IBD,2008,6.53442778215498
IDA & IBRD total,IBT,2008,7.0422374876945
IDA total,IDA,2008,14.1553184609583
IDA blend,IDB,2008,12.5489535327131
Indonesia,IDN,2008,7.25634632574598
IDA only,IDX,2008,15.2197649173796
India,IND,2008,2.33606736322529
Ireland,IRL,2008,9.56560461040843
Iraq,IRQ,2008,3.87608288766086
Iceland,ISL,2008,8.83666693030526
Israel,ISR,2008,6.65564624853688
Italy,ITA,2008,8.67180897022359
Jamaica,JAM,2008,12.2310735387849
Jordan,JOR,2008,16.6496599488486
Japan,JPN,2008,8.66932564165848
Kazakhstan,KAZ,2008,7.76918735834948
Kenya,KEN,2008,11.6387017212626
Kyrgyz Republic,KGZ,2008,13.0812439601514
Cambodia,KHM,2008,6.95518993572843
Kiribati,KIR,2008,40.5246611010019
St. Kitts and Nevis,KNA,2008,17.7693207370044
"Korea, Rep.",KOR,2008,4.47865746897713
Kuwait,KWT,2008,14.6148470560885
Latin America & Caribbean (excluding high income),LAC,2008,7.20341091548033
Lebanon,LBN,2008,13.9159803123949
Libya,LBY,2008,16.3733435132837
St. Lucia,LCA,2008,21.1329623269772
Latin America & Caribbean,LCN,2008,7.62498849379461
Least developed countries: UN classification,LDC,2008,15.3161878002255
Low income,LIC,2008,15.5243396179282
Sri Lanka,LKA,2008,13.7290296013623
Lower middle income,LMC,2008,8.66951530488656
Low & middle income,LMY,2008,6.76589644171755
Lesotho,LSO,2008,25.4832223563577
Late-demographic dividend,LTE,2008,6.43460622504227
Lithuania,LTU,2008,10.6342425147652
Luxembourg,LUX,2008,9.42660307040076
Latvia,LVA,2008,13.0059960507192
"Macao SAR, China",MAC,2008,12.8158617731471
Morocco,MAR,2008,11.7968842976021
Moldova,MDA,2008,12.4034923673762
Madagascar,MDG,2008,10.5347969052683
Maldives,MDV,2008,15.8699169711794
"Middle East, North Africa, Afghanistan & Pakistan",MEA,2008,11.0699106866069
Mexico,MEX,2008,7.10627723391473
Middle income,MIC,2008,6.64881277803015
North Macedonia,MKD,2008,10.9211574729555
Mali,MLI,2008,12.4485027598927
Malta,MLT,2008,14.6778013015492
"Middle East, North Africa, Afghanistan & Pakistan (excluding high income)",MNA,2008,14.1286729727042
Montenegro,MNE,2008,16.5542745378785
Mozambique,MOZ,2008,14.2100699496618
Mauritania,MRT,2008,28.2297722250547
Mauritius,MUS,2008,20.8591071336707
Malawi,MWI,2008,13.0746295522472
Malaysia,MYS,2008,7.04345988890733
North America,NAC,2008,4.72083051466181
Namibia,NAM,2008,13.9837910075411
New Caledonia,NCL,2008,11.6547360812585
Niger,NER,2008,24.8803579492327
Nigeria,NGA,2008,9.77879049256357
Nicaragua,NIC,2008,13.869842101433
Netherlands,NLD,2008,9.89642261486614
Norway,NOR,2008,7.20713021695942
New Zealand,NZL,2008,9.35585893641528
OECD members,OED,2008,6.87000411130721
Oman,OMN,2008,10.8811140808055
Other small states,OSS,2008,13.9097530314131
Pakistan,PAK,2008,11.8504695909924
Panama,PAN,2008,7.78142187339905
Peru,PER,2008,9.98442517912254
Philippines,PHL,2008,10.7813448872193
Palau,PLW,2008,20.7276525898416
Poland,POL,2008,6.72723244180707
Pre-demographic dividend,PRE,2008,11.2074925266635
Portugal,PRT,2008,12.3142634226307
Paraguay,PRY,2008,6.58714917887296
West Bank and Gaza,PSE,2008,23.1925925542345
Pacific island small states,PSS,2008,20.3926283811619
Post-demographic dividend,PST,2008,6.59182898494392
French Polynesia,PYF,2008,20.1247056837024
Qatar,QAT,2008,6.0492026659591
Romania,ROU,2008,7.02696820794853
Russian Federation,RUS,2008,12.0503669811434
Rwanda,RWA,2008,11.7416545661871
South Asia,SAS,2008,4.36263788303422
Saudi Arabia,SAU,2008,14.4694407652557
Sudan,SDN,2008,13.0272047364254
Senegal,SEN,2008,25.9384236127982
Singapore,SGP,2008,2.50866656569806
Solomon Islands,SLB,2008,23.1161849326209
El Salvador,SLV,2008,15.0191919832646
Sub-Saharan Africa (excluding high income),SSA,2008,11.1843149346673
Sub-Saharan Africa,SSF,2008,11.3047216275763
Small states,SST,2008,13.8011943689289
Sao Tome and Principe,STP,2008,27.3385925342979
Suriname,SUR,2008,11.6640994585439
Slovak Republic,SVK,2008,5.53195269290949
Slovenia,SVN,2008,6.94423192296974
Sweden,SWE,2008,7.85856900103067
Eswatini,SWZ,2008,19.5679571658369
Seychelles,SYC,2008,20.6595343141682
Syrian Arab Republic,SYR,2008,14.0205475670692
Turks and Caicos Islands,TCA,2008,13.877106688143
East Asia & Pacific (IDA & IBRD countries),TEA,2008,5.41974666625791
Europe & Central Asia (IDA & IBRD countries),TEC,2008,7.89436895611856
Togo,TGO,2008,10.1452328462736
Thailand,THA,2008,4.77401592336827
Latin America & the Caribbean (IDA & IBRD countries),TLA,2008,7.58070266347392
"Middle East, North Africa, Afghanistan & Pakistan (IDA & IBRD)",TMN,2008,13.9521059536616
Tonga,TON,2008,28.5588315227985
South Asia (IDA & IBRD),TSA,2008,4.36263788303422
Sub-Saharan Africa (IDA & IBRD countries),TSS,2008,11.3047216275763
Trinidad and Tobago,TTO,2008,8.25760281137916
Tunisia,TUN,2008,10.2066048045346
Turkiye,TUR,2008,4.21006218597173
Tuvalu,TUV,2008,21.5401842889413
Tanzania,TZA,2008,7.79151822390501
Uganda,UGA,2008,12.9713220673364
Ukraine,UKR,2008,7.29505067988178
Upper middle income,UMC,2008,6.02851456303642
Uruguay,URY,2008,7.94061636829682
United States,USA,2008,4.39689596912854
St. Vincent and the Grenadines,VCT,2008,23.2033295732613
"Venezuela, RB",VEN,2008,16.2330483069731
Viet Nam,VNM,2008,6.74434136699477
World,WLD,2008,6.82408144172209
Samoa,WSM,2008,25.5186736742683
"Yemen, Rep.",YEM,2008,24.6972384380824
South Africa,ZAF,2008,5.25924597498068
Zambia,ZMB,2008,5.60473308012592
Zimbabwe,ZWE,2008,19.4631724242983
Aruba,ABW,2009,27.4646038578671
Africa Eastern and Southern,AFE,2009,10.3990389681914
Afghanistan,AFG,2009,18.2936160921169
Africa Western and Central,AFW,2009,16.2295053637161
Angola,AGO,2009,13.5034728472044
Albania,ALB,2009,17.0873895391181
Andorra,AND,2009,21.6648033154619
Arab World,ARB,2009,11.8862546941458
United Arab Emirates,ARE,2009,6.1447783422932
Argentina,ARG,2009,3.77097613295672
Armenia,ARM,2009,19.0758046949727
Antigua and Barbuda,ATG,2009,17.6040142401973
Australia,AUS,2009,5.59123716369561
Austria,AUT,2009,7.71546426441112
Azerbaijan,AZE,2009,15.7321124634583
Burundi,BDI,2009,12.5427229476862
Belgium,BEL,2009,9.25042695274892
Benin,BEN,2009,31.0940349253234
Burkina Faso,BFA,2009,14.3615791170105
Bangladesh,BGD,2009,18.6780564304749
Bulgaria,BGR,2009,10.0022048452125
Bahrain,BHR,2009,7.98399079261164
"Bahamas, The",BHS,2009,18.3756015692339
Bosnia and Herzegovina,BIH,2009,18.992113610139
Belarus,BLR,2009,7.82997028498549
Belize,BLZ,2009,13.7469577660836
Bermuda,BMU,2009,17.0202592016998
Bolivia,BOL,2009,8.86816790659723
Brazil,BRA,2009,5.31270462966115
Barbados,BRB,2009,20.6412118473605
Brunei Darussalam,BRN,2009,14.74300486041
Bhutan,BTN,2009,14.5820583230721
Botswana,BWA,2009,13.0645204084876
Central African Republic,CAF,2009,39.3281248399223
Canada,CAN,2009,7.91665323726287
Central Europe and the Baltics,CEB,2009,8.04701747337406
Switzerland,CHE,2009,4.78132651384142
Chile,CHL,2009,7.77761181838838
China,CHN,2009,4.92007621483225
Cote d'Ivoire,CIV,2009,23.1919004111559
Cameroon,CMR,2009,26.8274047050423
"Congo, Rep.",COG,2009,8.75859931011056
Colombia,COL,2009,10.2736553949514
Comoros,COM,2009,39.0943183497144
Cabo Verde,CPV,2009,29.4438689422713
Costa Rica,CRI,2009,7.16346240461911
Caribbean small states,CSS,2009,14.3145182500932
Cyprus,CYP,2009,15.485158429144
Czechia,CZE,2009,6.30881681226657
Germany,DEU,2009,8.47420942410342
Djibouti,DJI,2009,29.3220058336758
Dominica,DMA,2009,22.0659755103949
Denmark,DNK,2009,13.1946586237288
Dominican Republic,DOM,2009,14.8045465780506
Algeria,DZA,2009,16.3388368896364
East Asia & Pacific (excluding high income),EAP,2009,5.85596751412188
Early-demographic dividend,EAR,2009,9.01163465057894
East Asia & Pacific,EAS,2009,6.03458421071761
Europe & Central Asia (excluding high income),ECA,2009,7.2672531103758
Europe & Central Asia,ECS,2009,9.39479139458303
Ecuador,ECU,2009,9.46965224582905
"Egypt, Arab Rep.",EGY,2009,17.8887870071632
Euro area,EMU,2009,9.71262577669334
Spain,ESP,2009,11.3047367300631
Estonia,EST,2009,12.9022810691629
Ethiopia,ETH,2009,10.8609687271109
European Union,EUU,2009,9.51258262500978
Fragile and conflict affected situations,FCS,2009,14.3357428128058
Finland,FIN,2009,7.34673682608116
Fiji,FJI,2009,20.5960829396842
France,FRA,2009,9.29936695314562
Faroe Islands,FRO,2009,17.0673880191534
"Micronesia, Fed. Sts.",FSM,2009,30.4567945184852
Gabon,GAB,2009,17.1436958924292
United Kingdom,GBR,2009,9.70336645805312
Georgia,GEO,2009,13.2713929423076
Ghana,GHA,2009,16.336731038405
"Gambia, The",GMB,2009,39.0127342456712
Greece,GRC,2009,12.3082386584953
Grenada,GRD,2009,24.0896698431016
Greenland,GRL,2009,22.1894458786805
Guatemala,GTM,2009,13.7097635120186
Guyana,GUY,2009,14.3341192201831
High income,HIC,2009,7.95180185744703
"Hong Kong SAR, China",HKG,2009,4.32729764367037
Honduras,HND,2009,18.4642825692247
Heavily indebted poor countries (HIPC),HPC,2009,15.3335946446425
Croatia,HRV,2009,10.1286110146861
Hungary,HUN,2009,5.25904817063956
IBRD only,IBD,2009,7.2416414646485
IDA & IBRD total,IBT,2009,7.80545000780555
IDA total,IDA,2009,15.3446503104329
IDA blend,IDB,2009,13.7140488485869
Indonesia,IDN,2009,8.91538831122844
IDA only,IDX,2009,16.3647000617448
India,IND,2009,3.84322021258478
Ireland,IRL,2009,11.0402310968363
Iceland,ISL,2009,11.5274423019842
Israel,ISR,2009,7.62046329936597
Italy,ITA,2009,10.4896090965129
Jamaica,JAM,2009,18.120468089718
Jordan,JOR,2009,17.0167404854647
Japan,JPN,2009,10.4597598321224
Kazakhstan,KAZ,2009,8.50228881195314
Kenya,KEN,2009,15.3964665440165
Kyrgyz Republic,KGZ,2009,16.8817568675166
Cambodia,KHM,2009,8.01761411387161
Kiribati,KIR,2009,42.2859112783684
St. Kitts and Nevis,KNA,2009,20.9634455877095
"Korea, Rep.",KOR,2009,4.94009052050155
Latin America & Caribbean (excluding high income),LAC,2009,7.86667987457968
Lebanon,LBN,2009,14.9214178739235
Libya,LBY,2009,11.755401525612
St. Lucia,LCA,2009,24.5595228234622
Latin America & Caribbean,LCN,2009,8.26408081156553
Least developed countries: UN classification,LDC,2009,15.6260941044921
Low income,LIC,2009,17.2288402680115
Sri Lanka,LKA,2009,15.7432499203669
Lower middle income,LMC,2009,9.77646283672028
Low & middle income,LMY,2009,7.35560938582323
Lesotho,LSO,2009,28.9460887558566
Late-demographic dividend,LTE,2009,7.0836172646392
Lithuania,LTU,2009,14.0868411749253
Luxembourg,LUX,2009,11.9154728458235
Latvia,LVA,2009,17.257741077415
"Macao SAR, China",MAC,2009,17.3966603057862
Morocco,MAR,2009,11.2358391472331
Moldova,MDA,2009,15.1859848619943
Madagascar,MDG,2009,10.6225991650987
Maldives,MDV,2009,22.2188081187478
"Middle East, North Africa, Afghanistan & Pakistan",MEA,2009,11.5106121555251
Mexico,MEX,2009,7.35357085483059
Middle income,MIC,2009,7.23042618649114
North Macedonia,MKD,2009,13.141097465007
Malta,MLT,2009,15.4604447014469
"Middle East, North Africa, Afghanistan & Pakistan (excluding high income)",MNA,2009,15.0794616499375
Montenegro,MNE,2009,23.7392222270707
Mozambique,MOZ,2009,15.4226612630447
Mauritania,MRT,2009,29.0703615169221
Mauritius,MUS,2009,21.5518564574863
Malawi,MWI,2009,12.6659887767309
Malaysia,MYS,2009,8.02775274407169
North America,NAC,2009,5.82541365654539
Namibia,NAM,2009,14.8227832503479
New Caledonia,NCL,2009,12.0604925490172
Niger,NER,2009,15.5486910629941
Nigeria,NGA,2009,11.8280770468373
Nicaragua,NIC,2009,17.6375771359202
Netherlands,NLD,2009,10.9251135354246
Norway,NOR,2009,8.37971803146316
Nepal,NPL,2009,14.6869308244014
New Zealand,NZL,2009,10.6785335151412
OECD members,OED,2009,7.98991823440551
Oman,OMN,2009,10.9426565438419
Other small states,OSS,2009,16.0452996035043
Pakistan,PAK,2009,11.3416776021635
Panama,PAN,2009,7.94098164858267
Peru,PER,2009,10.999319955924
Philippines,PHL,2009,11.5252124462395
Palau,PLW,2009,28.8662463955094
Poland,POL,2009,8.06521744980196
Pre-demographic dividend,PRE,2009,14.6977536699217
Portugal,PRT,2009,14.4645685906722
Paraguay,PRY,2009,8.22199622249305
West Bank and Gaza,PSE,2009,22.9319053827061
Pacific island small states,PSS,2009,24.6547607505042
Post-demographic dividend,PST,2009,7.74059803307196
French Polynesia,PYF,2009,23.5401179199101
Romania,ROU,2009,9.1879515338532
Russian Federation,RUS,2009,15.9782298901051
Rwanda,RWA,2009,13.1738541349679
South Asia,SAS,2009,5.92501062893176
Saudi Arabia,SAU,2009,15.0400137001039
Sudan,SDN,2009,15.2121544515094
Senegal,SEN,2009,24.1929512394574
Singapore,SGP,2009,2.90939912044432
Solomon Islands,SLB,2009,30.1070389726123
El Salvador,SLV,2009,18.8928885991898
Sub-Saharan Africa (excluding high income),SSA,2009,12.2795037456157
Sub-Saharan Africa,SSF,2009,12.2140843598524
Small states,SST,2009,16.020993000224
Sao Tome and Principe,STP,2009,35.9073598733904
Suriname,SUR,2009,14.2607480773628
Slovak Republic,SVK,2009,6.91580457889854
Slovenia,SVN,2009,8.89383420642203
Sweden,SWE,2009,9.8747545726475
Eswatini,SWZ,2009,19.1387435609903
Seychelles,SYC,2009,13.2672857645928
Syrian Arab Republic,SYR,2009,22.861481891369
Turks and Caicos Islands,TCA,2009,20.8883724660644
East Asia & Pacific (IDA & IBRD countries),TEA,2009,5.8573714770739
Europe & Central Asia (IDA & IBRD countries),TEC,2009,9.6918715363592
Togo,TGO,2009,12.8785118934024
Thailand,THA,2009,5.35210450481141
Latin America & the Caribbean (IDA & IBRD countries),TLA,2009,8.20542277679198
"Middle East, North Africa, Afghanistan & Pakistan (IDA & IBRD)",TMN,2009,14.8965320838407
Tonga,TON,2009,33.719725852243
South Asia (IDA & IBRD),TSA,2009,5.92501062893176
Sub-Saharan Africa (IDA & IBRD countries),TSS,2009,12.2140843598524
Trinidad and Tobago,TTO,2009,10.0633755808507
Tunisia,TUN,2009,8.55539572627322
Turkiye,TUR,2009,4.33377158597111
Tanzania,TZA,2009,8.92913287798347
Uganda,UGA,2009,12.4424607115575
Ukraine,UKR,2009,10.5214421433977
Upper middle income,UMC,2009,6.42404243766282
Uruguay,URY,2009,10.103007816264
United States,USA,2009,5.43239852842352
St. Vincent and the Grenadines,VCT,2009,23.5165770244039
"Venezuela, RB",VEN,2009,16.1662641015519
Viet Nam,VNM,2009,7.86405541423793
Vanuatu,VUT,2009,20.2203106759438
World,WLD,2009,7.7986139576225
Samoa,WSM,2009,30.086888735751
"Yemen, Rep.",YEM,2009,27.8316592539017
South Africa,ZAF,2009,6.52906308437715
Zambia,ZMB,2009,6.55122864762436
Zimbabwe,ZWE,2009,13.2103713800052
Aruba,ABW,2010,31.8369020580623
Africa Eastern and Southern,AFE,2010,10.8105839659005
Afghanistan,AFG,2010,13.6918477995859
Africa Western and Central,AFW,2010,14.0232778645209
Angola,AGO,2010,15.2317774101968
Albania,ALB,2010,17.9466511524468
Andorra,AND,2010,22.0798883047632
Arab World,ARB,2010,12.2834715913948
United Arab Emirates,ARE,2010,6.00656231464003
Argentina,ARG,2010,2.62132821938635
Armenia,ARM,2010,17.6674630542826
Antigua and Barbuda,ATG,2010,21.3487819216658
Australia,AUS,2010,5.30683575119913
Austria,AUT,2010,7.19291781563346
Azerbaijan,AZE,2010,18.5376373015279
Burundi,BDI,2010,13.6810649467138
Belgium,BEL,2010,9.7836692104795
Benin,BEN,2010,38.6401240229343
Burkina Faso,BFA,2010,13.9964911579613
Bangladesh,BGD,2010,17.4240481119914
Bulgaria,BGR,2010,9.56564530674775
Bahrain,BHR,2010,7.61497583868662
"Bahamas, The",BHS,2010,17.5346645789526
Bosnia and Herzegovina,BIH,2010,18.099759334504
Belarus,BLR,2010,7.87856616943338
Belize,BLZ,2010,13.113483868472
Bermuda,BMU,2010,13.0778868105465
Bolivia,BOL,2010,7.66660486517864
Brazil,BRA,2010,4.68298925337838
Barbados,BRB,2010,24.9140760936032
Brunei Darussalam,BRN,2010,16.9616770804441
Bhutan,BTN,2010,11.473583472712
Botswana,BWA,2010,14.5849375368519
Central African Republic,CAF,2010,28.0919170802993
Canada,CAN,2010,7.17761420190868
Central Europe and the Baltics,CEB,2010,7.30256235302823
Switzerland,CHE,2010,5.79511715756459
Chile,CHL,2010,7.26528426155974
China,CHN,2010,4.617159512627
Cote d'Ivoire,CIV,2010,19.2460056507178
Cameroon,CMR,2010,17.7001357720591
"Congo, Rep.",COG,2010,7.02364437706801
Colombia,COL,2010,9.69976767071663
Comoros,COM,2010,38.0483720613481
Cabo Verde,CPV,2010,27.7459586227402
Costa Rica,CRI,2010,8.96749176282676
Caribbean small states,CSS,2010,15.1502541228294
Cyprus,CYP,2010,14.8465533874895
Czechia,CZE,2010,5.36853964281542
Germany,DEU,2010,7.60908789072949
Dominica,DMA,2010,22.4754389111363
Denmark,DNK,2010,13.4529145686794
Dominican Republic,DOM,2010,13.5513936551919
Algeria,DZA,2010,16.3010014984036
East Asia & Pacific (excluding high income),EAP,2010,5.60398747660761
Early-demographic dividend,EAR,2010,8.80064315657553
East Asia & Pacific,EAS,2010,5.73568985773082
Europe & Central Asia (excluding high income),ECA,2010,7.045695575267
Europe & Central Asia,ECS,2010,8.74928103229947
Ecuador,ECU,2010,8.34727251122971
"Egypt, Arab Rep.",EGY,2010,19.1408398397826
Euro area,EMU,2010,8.97807104719163
Spain,ESP,2010,10.4880027899456
Estonia,EST,2010,11.3632991728371
Ethiopia,ETH,2010,10.8818231032271
European Union,EUU,2010,8.7910491422827
Fragile and conflict affected situations,FCS,2010,13.3616924644111
Finland,FIN,2010,7.14102982886135
Fiji,FJI,2010,18.4376274986627
France,FRA,2010,8.49598781387455
"Micronesia, Fed. Sts.",FSM,2010,27.4584138056126
Gabon,GAB,2010,15.6948379159592
United Kingdom,GBR,2010,9.01819443501153
Georgia,GEO,2010,13.0352436374362
Ghana,GHA,2010,15.3319197029094
"Gambia, The",GMB,2010,45.4547281010804
Greece,GRC,2010,12.2936756869624
Grenada,GRD,2010,23.4287563662535
Greenland,GRL,2010,19.02492844972
Guatemala,GTM,2010,13.3084941708299
Guyana,GUY,2010,14.7979288712203
High income,HIC,2010,7.49142456737146
"Hong Kong SAR, China",HKG,2010,4.08113092560461
Honduras,HND,2010,16.4133966729062
Heavily indebted poor countries (HIPC),HPC,2010,14.3626681377284
Croatia,HRV,2010,10.3794096133657
Hungary,HUN,2010,4.89565302078144
IBRD only,IBD,2010,6.91853029681414
IDA & IBRD total,IBT,2010,7.45524075277151
IDA total,IDA,2010,14.239201432058
IDA blend,IDB,2010,12.7806871048824
Indonesia,IDN,2010,8.45631571755487
IDA only,IDX,2010,15.0616242291891
India,IND,2010,3.5188131716977
Ireland,IRL,2010,11.3670066027612
"Iran, Islamic Rep.",IRN,2010,15.2279504772143
Iceland,ISL,2010,10.9706536461184
Israel,ISR,2010,7.33456393323271
Italy,ITA,2010,9.10108997905205
Jamaica,JAM,2010,17.6690467474983
Jordan,JOR,2010,16.2262641619845
Japan,JPN,2010,9.23605680131201
Kazakhstan,KAZ,2010,9.49279059068171
Kenya,KEN,2010,12.0527691103933
Kyrgyz Republic,KGZ,2010,16.8656052934285
Cambodia,KHM,2010,7.06267828856846
Kiribati,KIR,2010,40.7041072647877
St. Kitts and Nevis,KNA,2010,19.7179543664981
"Korea, Rep.",KOR,2010,4.50978676760487
Kuwait,KWT,2010,15.3224711592641
Latin America & Caribbean (excluding high income),LAC,2010,6.95193750773257
Lao PDR,LAO,2010,11.3499646992904
Lebanon,LBN,2010,15.5783508924797
Libya,LBY,2010,12.1710636780918
St. Lucia,LCA,2010,24.0771231963047
Latin America & Caribbean,LCN,2010,7.48248322582314
Least developed countries: UN classification,LDC,2010,14.6338271902474
Low income,LIC,2010,17.8088903969035
Sri Lanka,LKA,2010,15.2488895536725
Lower middle income,LMC,2010,9.53853049753439
Low & middle income,LMY,2010,7.07876603365992
Lesotho,LSO,2010,19.6546929332753
Late-demographic dividend,LTE,2010,6.83363931627569
Lithuania,LTU,2010,12.4511449440879
Luxembourg,LUX,2010,11.1590738250132
Latvia,LVA,2010,14.7574719698965
"Macao SAR, China",MAC,2010,17.3150335054533
Morocco,MAR,2010,11.4679756885026
Moldova,MDA,2010,14.8576528750311
Madagascar,MDG,2010,13.5489307345398
Maldives,MDV,2010,22.3530849054993
"Middle East, North Africa, Afghanistan & Pakistan",MEA,2010,11.9688651544426
Mexico,MEX,2010,6.47214161067197
Middle income,MIC,2010,6.93607443687377
North Macedonia,MKD,2010,12.4172866513211
Mali,MLI,2010,11.6292930550393
Malta,MLT,2010,10.7164312407278
Myanmar,MMR,2010,7.24333344316056
"Middle East, North Africa, Afghanistan & Pakistan (excluding high income)",MNA,2010,15.5334474196725
Montenegro,MNE,2010,24.1932516417427
Mozambique,MOZ,2010,11.6065462664862
Mauritania,MRT,2010,19.3979099718354
Mauritius,MUS,2010,20.982011702925
Malawi,MWI,2010,14.4030045142398
Malaysia,MYS,2010,7.7731144881094
North America,NAC,2010,5.29875680844623
Namibia,NAM,2010,14.9078683195733
New Caledonia,NCL,2010,11.0329063102206
Niger,NER,2010,15.117014562534
Nigeria,NGA,2010,10.2515671536613
Nicaragua,NIC,2010,16.3523183673636
Netherlands,NLD,2010,9.95712766285597
Norway,NOR,2010,7.9163374906518
Nepal,NPL,2010,13.6500965652447
New Zealand,NZL,2010,10.6098870848979
OECD members,OED,2010,7.37386878191032
Oman,OMN,2010,12.1069374918903
Other small states,OSS,2010,14.7231557242874
Pakistan,PAK,2010,13.0449649955641
Panama,PAN,2010,7.99939709758696
Peru,PER,2010,8.90421786139494
Philippines,PHL,2010,11.0314560167
Palau,PLW,2010,24.6695884351773
Poland,POL,2010,7.64595914960825
Pre-demographic dividend,PRE,2010,13.6497237888169
Portugal,PRT,2010,13.5941247625872
Paraguay,PRY,2010,7.45966670131239
West Bank and Gaza,PSE,2010,24.1028042850256
Pacific island small states,PSS,2010,22.2095758223853
Post-demographic dividend,PST,2010,7.16039102415385
French Polynesia,PYF,2010,23.5375375107207
Qatar,QAT,2010,8.495068094908
Romania,ROU,2010,7.74078336837376
Russian Federation,RUS,2010,14.1433479512548
Rwanda,RWA,2010,14.9248838545231
South Asia,SAS,2010,5.49488810995705
Saudi Arabia,SAU,2010,15.9456252927675
Sudan,SDN,2010,25.8755090057164
Senegal,SEN,2010,22.4086929183221
Singapore,SGP,2010,3.12925203595013
Solomon Islands,SLB,2010,26.1017961325293
El Salvador,SLV,2010,16.700571087869
Sub-Saharan Africa (excluding high income),SSA,2010,11.8667253094681
Sub-Saharan Africa,SSF,2010,11.8346611519621
Small states,SST,2010,15.24033275283
Sao Tome and Principe,STP,2010,29.8330426924339
Suriname,SUR,2010,15.166907446326
Slovak Republic,SVK,2010,6.37846203054269
Slovenia,SVN,2010,8.00619742546086
Sweden,SWE,2010,8.77215605228531
Eswatini,SWZ,2010,19.7356696799836
Seychelles,SYC,2010,17.109289882954
Syrian Arab Republic,SYR,2010,21.0381561064069
East Asia & Pacific (IDA & IBRD countries),TEA,2010,5.60514017873426
Europe & Central Asia (IDA & IBRD countries),TEC,2010,8.97369483404871
Togo,TGO,2010,13.2994494063976
Thailand,THA,2010,4.75017544782742
Latin America & the Caribbean (IDA & IBRD countries),TLA,2010,7.4227242154144
"Middle East, North Africa, Afghanistan & Pakistan (IDA & IBRD)",TMN,2010,15.3598149121618
Tonga,TON,2010,29.1353488407685
South Asia (IDA & IBRD),TSA,2010,5.49488810995705
Sub-Saharan Africa (IDA & IBRD countries),TSS,2010,11.8346611519621
Trinidad and Tobago,TTO,2010,11.192027272759
Tunisia,TUN,2010,9.35129741435547
Turkiye,TUR,2010,3.99512236240813
Tanzania,TZA,2010,9.9648017351581
Uganda,UGA,2010,12.4094134644584
Ukraine,UKR,2010,9.19763165002464
Upper middle income,UMC,2010,6.10645967831191
Uruguay,URY,2010,9.51547913036494
United States,USA,2010,4.94657479628989
St. Vincent and the Grenadines,VCT,2010,22.1561763468947
"Venezuela, RB",VEN,2010,15.4737711461158
Viet Nam,VNM,2010,8.58787727006612
Vanuatu,VUT,2010,23.1701177433376
World,WLD,2010,7.38902968424643
Samoa,WSM,2010,24.5356356695866
"Yemen, Rep.",YEM,2010,30.7352639542148
South Africa,ZAF,2010,6.6273345109819
Zambia,ZMB,2010,4.72346413311449
Zimbabwe,ZWE,2010,17.9116945404625
Aruba,ABW,2011,27.9424900500703
Africa Eastern and Southern,AFE,2011,10.9611106388956
Afghanistan,AFG,2011,14.0292708513797
Africa Western and Central,AFW,2011,22.8179032089348
Angola,AGO,2011,18.5961209830809
Albania,ALB,2011,16.6310046164083
Andorra,AND,2011,22.3874907984281
Arab World,ARB,2011,13.2611638009296
United Arab Emirates,ARE,2011,6.51232628789495
Argentina,ARG,2011,2.39679838244135
Armenia,ARM,2011,18.7610311596886
Antigua and Barbuda,ATG,2011,23.9211727881943
Australia,AUS,2011,5.14219569199562
Austria,AUT,2011,6.9390835766962
Azerbaijan,AZE,2011,14.1042578321968
Burundi,BDI,2011,24.6762609668747
Belgium,BEL,2011,9.60852133082126
Benin,BEN,2011,33.920597278289
Burkina Faso,BFA,2011,14.7481548677918
Bangladesh,BGD,2011,19.4937925236267
Bulgaria,BGR,2011,9.2852758461449
Bahrain,BHR,2011,8.31394176480227
"Bahamas, The",BHS,2011,15.8637017110413
Bosnia and Herzegovina,BIH,2011,17.5805323273902
Belarus,BLR,2011,6.77276407228192
Belize,BLZ,2011,12.5605193115888
Bermuda,BMU,2011,16.9465053362038
Bolivia,BOL,2011,8.02069406112546
Brazil,BRA,2011,4.59566515712799
Barbados,BRB,2011,18.5893213693414
Brunei Darussalam,BRN,2011,14.1102527102483
Bhutan,BTN,2011,10.9487408218868
Botswana,BWA,2011,9.75189778868866
Central African Republic,CAF,2011,31.2362825214539
Canada,CAN,2011,7.10627436963595
Central Europe and the Baltics,CEB,2011,7.29623271707313
Switzerland,CHE,2011,5.72320392405732
Chile,CHL,2011,7.48717241546284
China,CHN,2011,4.65196556599698
Cote d'Ivoire,CIV,2011,25.1280174581878
Cameroon,CMR,2011,25.0971214952883
"Congo, Rep.",COG,2011,5.73926285158572
Colombia,COL,2011,9.51736819026305
Comoros,COM,2011,40.8349994042438
Cabo Verde,CPV,2011,25.3956669143904
Costa Rica,CRI,2011,8.7556891159271
Caribbean small states,CSS,2011,13.3747980908943
Cyprus,CYP,2011,15.7450845949367
Czechia,CZE,2011,5.57117130018989
Germany,DEU,2011,7.54721644075297
Denmark,DNK,2011,13.2629162649408
Dominican Republic,DOM,2011,14.2781836794345
Algeria,DZA,2011,22.7921075134347
East Asia & Pacific (excluding high income),EAP,2011,5.73846140235415
Early-demographic dividend,EAR,2011,9.1409324743703
East Asia & Pacific,EAS,2011,5.84900436747349
Europe & Central Asia (excluding high income),ECA,2011,6.90327614315724
Europe & Central Asia,ECS,2011,8.79231801595819
Ecuador,ECU,2011,8.60906822892924
"Egypt, Arab Rep.",EGY,2011,23.7536654802803
Euro area,EMU,2011,9.14425653454441
Spain,ESP,2011,10.5436067629097
Estonia,EST,2011,9.91178955996035
Ethiopia,ETH,2011,14.3759542950793
European Union,EUU,2011,8.92972901684193
Fragile and conflict affected situations,FCS,2011,16.946524346297
Finland,FIN,2011,6.80407474737172
Fiji,FJI,2011,20.8895707639033
France,FRA,2011,8.24806755822488
"Micronesia, Fed. Sts.",FSM,2011,28.331630433746
Gabon,GAB,2011,18.4863389762419
United Kingdom,GBR,2011,9.02860936591861
Georgia,GEO,2011,12.1582333912838
Ghana,GHA,2011,15.4000827958104
"Gambia, The",GMB,2011,32.8406257309779
Greece,GRC,2011,13.1715068382794
Grenada,GRD,2011,25.3855781110418
Greenland,GRL,2011,18.1559974506379
Guatemala,GTM,2011,13.2080099927777
Guyana,GUY,2011,13.8309804303901
High income,HIC,2011,7.54858042282999
"Hong Kong SAR, China",HKG,2011,4.16934012015227
Honduras,HND,2011,16.4014572443272
Heavily indebted poor countries (HIPC),HPC,2011,14.9426186519948
Croatia,HRV,2011,10.943771304078
Hungary,HUN,2011,5.05255711904579
IBRD only,IBD,2011,7.05218125419875
IDA & IBRD total,IBT,2011,7.73579287870288
IDA total,IDA,2011,16.7796075815153
IDA blend,IDB,2011,19.8473688766323
Indonesia,IDN,2011,9.43034288706684
IDA only,IDX,2011,15.1789747823479
India,IND,2011,3.30798828495291
Ireland,IRL,2011,11.3408793426777
"Iran, Islamic Rep.",IRN,2011,14.1303676502876
Iceland,ISL,2011,10.5325462593394
Israel,ISR,2011,7.24344911239348
Italy,ITA,2011,9.17212413685137
Jamaica,JAM,2011,16.7263633029103
Jordan,JOR,2011,16.1062196225209
Japan,JPN,2011,9.24235600544921
Kazakhstan,KAZ,2011,10.3590939412061
Kyrgyz Republic,KGZ,2011,16.6157805647953
Cambodia,KHM,2011,6.56459034784296
Kiribati,KIR,2011,45.1059660457718
St. Kitts and Nevis,KNA,2011,23.6963647995571
"Korea, Rep.",KOR,2011,4.83794794555391
Kuwait,KWT,2011,16.7984035196711
Latin America & Caribbean (excluding high income),LAC,2011,7.23097425388664
Lao PDR,LAO,2011,7.1308600758903
Lebanon,LBN,2011,15.4390501936215
St. Lucia,LCA,2011,23.2601977432832
Latin America & Caribbean,LCN,2011,7.6849995376484
Least developed countries: UN classification,LDC,2011,15.4471328566136
Low income,LIC,2011,17.0247428930352
Sri Lanka,LKA,2011,12.8920471742762
Lower middle income,LMC,2011,10.5847089964799
Low & middle income,LMY,2011,7.45791093214939
Lesotho,LSO,2011,23.3409378044302
Late-demographic dividend,LTE,2011,6.808902573005
Lithuania,LTU,2011,11.5342543655965
Luxembourg,LUX,2011,9.67936320210685
Latvia,LVA,2011,13.416245481486
"Macao SAR, China",MAC,2011,16.4084654410025
Morocco,MAR,2011,12.6362660609577
Moldova,MDA,2011,12.7748672915288
Madagascar,MDG,2011,17.8520640233839
Maldives,MDV,2011,20.9642438244994
"Middle East, North Africa, Afghanistan & Pakistan",MEA,2011,12.7449098386916
Mexico,MEX,2011,6.99245537688188
Middle income,MIC,2011,7.34097376975092
North Macedonia,MKD,2011,11.772785695814
Mali,MLI,2011,13.7300229175172
Malta,MLT,2011,9.29695080203553
Myanmar,MMR,2011,9.1587880602464
"Middle East, North Africa, Afghanistan & Pakistan (excluding high income)",MNA,2011,17.4795589576138
Montenegro,MNE,2011,23.7644902005904
Mozambique,MOZ,2011,12.3339127610537
Mauritania,MRT,2011,14.4736807111687
Mauritius,MUS,2011,21.2489368100002
Malawi,MWI,2011,13.0340094164028
Malaysia,MYS,2011,8.80925967164154
North America,NAC,2011,5.36599571540915
Namibia,NAM,2011,14.0894648898531
New Caledonia,NCL,2011,11.6473746829067
Niger,NER,2011,15.8333478655778
Nigeria,NGA,2011,30.5695044434974
Nicaragua,NIC,2011,17.2503667450973
Netherlands,NLD,2011,11.7224695539548
Norway,NOR,2011,8.31905156017554
Nepal,NPL,2011,14.1795192731593
New Zealand,NZL,2011,10.5379127413242
OECD members,OED,2011,7.49637961387816
Oman,OMN,2011,11.0805819428178
Other small states,OSS,2011,13.8408996027002
Pakistan,PAK,2011,11.9497095308939
Panama,PAN,2011,6.28974190344877
Peru,PER,2011,10.1769373377044
Philippines,PHL,2011,10.3058308474717
Palau,PLW,2011,23.4041204973934
Papua New Guinea,PNG,2011,11.5589880541257
Poland,POL,2011,7.80261695171986
Portugal,PRT,2011,14.6153454690907
Paraguay,PRY,2011,7.37537037423869
West Bank and Gaza,PSE,2011,22.060709088787
Pacific island small states,PSS,2011,23.3830629706658
Post-demographic dividend,PST,2011,7.25439447575159
French Polynesia,PYF,2011,24.929578245015
Romania,ROU,2011,7.42462190671987
Russian Federation,RUS,2011,12.3334454349775
Rwanda,RWA,2011,15.7386978176908
South Asia,SAS,2011,5.40803775317492
Saudi Arabia,SAU,2011,15.3273661347058
Sudan,SDN,2011,17.9778411692108
Senegal,SEN,2011,22.9458522824339
Singapore,SGP,2011,3.30791946446502
Solomon Islands,SLB,2011,21.0831954757552
El Salvador,SLV,2011,16.8508842136658
Sub-Saharan Africa (excluding high income),SSA,2011,14.9490830785997
Sub-Saharan Africa,SSF,2011,14.9221902880685
Small states,SST,2011,14.2208831441761
Sao Tome and Principe,STP,2011,32.4200333998739
Suriname,SUR,2011,14.3494871082617
Slovak Republic,SVK,2011,6.41525641214897
Slovenia,SVN,2011,8.14914572658069
Sweden,SWE,2011,8.56269355839139
Eswatini,SWZ,2011,17.0604322410119
Seychelles,SYC,2011,15.5200890619526
Turks and Caicos Islands,TCA,2011,25.8073712551702
East Asia & Pacific (IDA & IBRD countries),TEA,2011,5.73952836722334
Europe & Central Asia (IDA & IBRD countries),TEC,2011,8.52723302979747
Togo,TGO,2011,13.2979116735176
Thailand,THA,2011,4.77731622166213
Latin America & the Caribbean (IDA & IBRD countries),TLA,2011,7.62844338200925
"Middle East, North Africa, Afghanistan & Pakistan (IDA & IBRD)",TMN,2011,17.3803029728733
Tonga,TON,2011,29.80801687463
South Asia (IDA & IBRD),TSA,2011,5.40803775317492
Sub-Saharan Africa (IDA & IBRD countries),TSS,2011,14.9221902880685
Trinidad and Tobago,TTO,2011,9.13435528002369
Tunisia,TUN,2011,11.3213837770121
Turkiye,TUR,2011,4.4231678627251
Tanzania,TZA,2011,9.9102715270839
Uganda,UGA,2011,13.4632530339196
Ukraine,UKR,2011,7.3976313922424
Upper middle income,UMC,2011,6.3143473086838
Uruguay,URY,2011,10.8806172108702
United States,USA,2011,5.03802461711288
St. Vincent and the Grenadines,VCT,2011,24.1796779889564
"Venezuela, RB",VEN,2011,15.8733375853063
Viet Nam,VNM,2011,8.47397462426879
Vanuatu,VUT,2011,24.9641300838347
World,WLD,2011,7.54588985004038
Samoa,WSM,2011,26.0814981608283
"Yemen, Rep.",YEM,2011,31.524145414549
South Africa,ZAF,2011,6.84792697409148
Zambia,ZMB,2011,5.05053377640445
Zimbabwe,ZWE,2011,14.6916203761833
Aruba,ABW,2012,31.4663981938323
Africa Eastern and Southern,AFE,2012,11.0869655465871
Afghanistan,AFG,2012,4.27602344633308
Africa Western and Central,AFW,2012,18.9680695594539
Angola,AGO,2012,20.0679144054906
Albania,ALB,2012,17.3068859759508
Andorra,AND,2012,23.4655357638709
Arab World,ARB,2012,12.1960327399784
United Arab Emirates,ARE,2012,5.89138072219693
Argentina,ARG,2012,2.4908540445875
Armenia,ARM,2012,18.7149619802881
Antigua and Barbuda,ATG,2012,23.8209124843219
Australia,AUS,2012,5.05458500868273
Austria,AUT,2012,7.25862171894017
Azerbaijan,AZE,2012,14.6031512459931
Burundi,BDI,2012,30.1336822725214
Belgium,BEL,2012,10.0039782338066
Benin,BEN,2012,37.8897950446574
Burkina Faso,BFA,2012,13.1227319035261
Bangladesh,BGD,2012,14.4704238243695
Bulgaria,BGR,2012,8.86203054059881
Bahrain,BHR,2012,10.7856321262738
"Bahamas, The",BHS,2012,15.8789485763144
Bosnia and Herzegovina,BIH,2012,18.220268004263
Belarus,BLR,2012,7.56280561063823
Belize,BLZ,2012,14.0020652506752
Bermuda,BMU,2012,20.6217083490746
Bolivia,BOL,2012,7.27744898921482
Brazil,BRA,2012,4.8444234992437
Barbados,BRB,2012,19.0042832017625
Brunei Darussalam,BRN,2012,14.0300217022257
Bhutan,BTN,2012,13.7089181899016
Botswana,BWA,2012,8.8185812720602
Central African Republic,CAF,2012,29.6181975376585
Canada,CAN,2012,7.24064476829166
Central Europe and the Baltics,CEB,2012,7.64245273825122
Switzerland,CHE,2012,3.85942835687192
Chile,CHL,2012,7.46791618309552
China,CHN,2012,5.40612375610156
Cote d'Ivoire,CIV,2012,20.0116663868356
Cameroon,CMR,2012,19.381309913481
"Congo, Rep.",COG,2012,6.07426293188047
Colombia,COL,2012,10.327424375296
Comoros,COM,2012,41.950391176806
Cabo Verde,CPV,2012,27.9386991242578
Costa Rica,CRI,2012,10.7356362141469
Caribbean small states,CSS,2012,13.5194831730567
Cyprus,CYP,2012,17.4983952247918
Czechia,CZE,2012,6.03493439737662
Germany,DEU,2012,7.84358003848024
Dominica,DMA,2012,24.9289608267261
Denmark,DNK,2012,13.6822134098711
Dominican Republic,DOM,2012,13.9104607526469
Algeria,DZA,2012,19.8492922361838
East Asia & Pacific (excluding high income),EAP,2012,6.19274464706423
Early-demographic dividend,EAR,2012,8.52659901207172
East Asia & Pacific,EAS,2012,6.00735683429509
Europe & Central Asia (excluding high income),ECA,2012,7.10416090922858
Europe & Central Asia,ECS,2012,8.9471220783365
Ecuador,ECU,2012,7.77596777727752
"Egypt, Arab Rep.",EGY,2012,22.4231286293974
Euro area,EMU,2012,9.42970348666778
Spain,ESP,2012,11.0889433511236
Estonia,EST,2012,9.09234311142852
Ethiopia,ETH,2012,10.9430232166
European Union,EUU,2012,9.24020407308912
Fragile and conflict affected situations,FCS,2012,15.6362917475068
Finland,FIN,2012,7.36985775673118
Fiji,FJI,2012,21.054964315034
France,FRA,2012,8.41480525022845
"Micronesia, Fed. Sts.",FSM,2012,29.72583636125
Gabon,GAB,2012,9.28486229839245
United Kingdom,GBR,2012,8.80351927302466
Georgia,GEO,2012,15.4344828880074
Ghana,GHA,2012,13.867723380365
"Gambia, The",GMB,2012,33.1841807085246
Greece,GRC,2012,12.3053321300578
Grenada,GRD,2012,24.5997912796677
Greenland,GRL,2012,19.3315188386356
Guatemala,GTM,2012,13.2833532715704
Guyana,GUY,2012,13.7079019325529
High income,HIC,2012,7.54387009687836
"Hong Kong SAR, China",HKG,2012,3.99058339677959
Honduras,HND,2012,16.7073330424109
Heavily indebted poor countries (HIPC),HPC,2012,13.7771970666067
Croatia,HRV,2012,11.7695698634915
Hungary,HUN,2012,5.18966206173757
IBRD only,IBD,2012,7.16476909069952
IDA & IBRD total,IBT,2012,7.71143078807078
IDA total,IDA,2012,14.8825095306516
IDA blend,IDB,2012,16.516336413383
Indonesia,IDN,2012,8.25440848334444
IDA only,IDX,2012,14.027422624436
India,IND,2012,3.61415055311196
Ireland,IRL,2012,11.8403544786411
Iceland,ISL,2012,10.3445930386315
Israel,ISR,2012,7.10744517185122
Italy,ITA,2012,9.63315699215554
Jamaica,JAM,2012,16.5922446540184
Jordan,JOR,2012,17.3865465659055
Japan,JPN,2012,8.90973337350933
Kazakhstan,KAZ,2012,9.3506629604563
Kyrgyz Republic,KGZ,2012,14.5142111869168
Cambodia,KHM,2012,6.90584685213053
Kiribati,KIR,2012,33.7057781347631
St. Kitts and Nevis,KNA,2012,25.5754640447711
"Korea, Rep.",KOR,2012,4.78836383575606
Latin America & Caribbean (excluding high income),LAC,2012,6.83289772874054
Lao PDR,LAO,2012,6.17845265963526
Lebanon,LBN,2012,15.268676630941
St. Lucia,LCA,2012,24.2998614271656
Latin America & Caribbean,LCN,2012,7.36762296018716
Least developed countries: UN classification,LDC,2012,14.5535384597235
Low income,LIC,2012,16.5881364004292
Sri Lanka,LKA,2012,11.3958956233089
Lower middle income,LMC,2012,10.0251666175508
Low & middle income,LMY,2012,7.40482474455238
Lesotho,LSO,2012,20.3451248313731
Late-demographic dividend,LTE,2012,7.10116295346379
Lithuania,LTU,2012,12.3311522521615
Luxembourg,LUX,2012,10.0305277979336
Latvia,LVA,2012,13.5921758167086
"Macao SAR, China",MAC,2012,14.2470952567615
Morocco,MAR,2012,12.4603705117426
Moldova,MDA,2012,13.7707807922633
Madagascar,MDG,2012,15.9995983955046
Maldives,MDV,2012,21.1799243555902
"Middle East, North Africa, Afghanistan & Pakistan",MEA,2012,11.5475360442823
Mexico,MEX,2012,6.1656618764632
Middle income,MIC,2012,7.29149799895433
North Macedonia,MKD,2012,12.9697239604077
Mali,MLI,2012,13.6844691760277
Malta,MLT,2012,9.43975955600285
Myanmar,MMR,2012,12.1469611613608
"Middle East, North Africa, Afghanistan & Pakistan (excluding high income)",MNA,2012,16.7195308048018
Montenegro,MNE,2012,24.0665397055125
Mozambique,MOZ,2012,12.9572174469026
Mauritania,MRT,2012,15.2317695389575
Mauritius,MUS,2012,21.4831129854135
Malawi,MWI,2012,6.39868143746984
Malaysia,MYS,2012,8.42050951347772
North America,NAC,2012,5.37199125634863
Namibia,NAM,2012,13.0163978101322
New Caledonia,NCL,2012,13.1223817032993
Niger,NER,2012,31.7171706689323
Nigeria,NGA,2012,22.70974247371
Nicaragua,NIC,2012,15.1301293025436
Netherlands,NLD,2012,11.7584779744008
Norway,NOR,2012,9.03285628799883
Nepal,NPL,2012,16.8472680973275
New Zealand,NZL,2012,10.64842973973
OECD members,OED,2012,7.52494918777535
Oman,OMN,2012,10.3614905662381
Other small states,OSS,2012,14.235090801255
Pakistan,PAK,2012,11.0599623222425
Panama,PAN,2012,6.62634326930217
Peru,PER,2012,8.55158697155133
Philippines,PHL,2012,10.4345381890065
Palau,PLW,2012,22.7276770095177
Papua New Guinea,PNG,2012,11.0310396097044
Poland,POL,2012,8.30836954345752
Portugal,PRT,2012,15.0810687925219
Paraguay,PRY,2012,7.94998669319035
West Bank and Gaza,PSE,2012,23.8612251411115
Pacific island small states,PSS,2012,22.938831605112
Post-demographic dividend,PST,2012,7.2912897839426
French Polynesia,PYF,2012,25.2810275506876
Qatar,QAT,2012,9.84458695567643
Romania,ROU,2012,8.10183521379841
Russian Federation,RUS,2012,12.3486035613666
Rwanda,RWA,2012,15.6591611739594
South Asia,SAS,2012,5.19759833186356
Saudi Arabia,SAU,2012,14.054771122829
Sudan,SDN,2012,22.2255511532903
Senegal,SEN,2012,24.1457936923786
Singapore,SGP,2012,3.25483601863517
Solomon Islands,SLB,2012,21.4242621377291
El Salvador,SLV,2012,16.1669148083045
Sub-Saharan Africa (excluding high income),SSA,2012,13.8289479820096
Sub-Saharan Africa,SSF,2012,13.7198597744296
Small states,SST,2012,14.4562609506768
Sao Tome and Principe,STP,2012,30.36436710416
Suriname,SUR,2012,15.2461175842507
Slovak Republic,SVK,2012,6.49895392126787
Slovenia,SVN,2012,8.04708108656153
Sweden,SWE,2012,9.15446891922041
Eswatini,SWZ,2012,19.076746192652
Seychelles,SYC,2012,25.6014295887603
Turks and Caicos Islands,TCA,2012,25.3431682152729
East Asia & Pacific (IDA & IBRD countries),TEA,2012,6.19374346625773
Europe & Central Asia (IDA & IBRD countries),TEC,2012,8.78776945277562
Togo,TGO,2012,14.6596916444401
Thailand,THA,2012,5.13352584301096
Latin America & the Caribbean (IDA & IBRD countries),TLA,2012,7.30538542778874
"Middle East, North Africa, Afghanistan & Pakistan (IDA & IBRD)",TMN,2012,16.5391872466944
Tonga,TON,2012,29.0183606915355
South Asia (IDA & IBRD),TSA,2012,5.19759833186356
Sub-Saharan Africa (IDA & IBRD countries),TSS,2012,13.7198597744296
Trinidad and Tobago,TTO,2012,8.67397714479942
Tunisia,TUN,2012,9.06700335464711
Turkiye,TUR,2012,4.40501167048219
Tanzania,TZA,2012,8.83794855959315
Uganda,UGA,2012,10.7911567774461
Ukraine,UKR,2012,8.53462939059202
Upper middle income,UMC,2012,6.41571131360228
Uruguay,URY,2012,9.37248047872714
United States,USA,2012,5.01869120640454
St. Vincent and the Grenadines,VCT,2012,24.6543010748447
"Venezuela, RB",VEN,2012,15.6371511606493
Viet Nam,VNM,2012,8.32580424109958
World,WLD,2012,7.523244280453
Samoa,WSM,2012,25.7461504940015
"Yemen, Rep.",YEM,2012,32.476138823219
South Africa,ZAF,2012,7.15985203129744
Zambia,ZMB,2012,5.59482407006915
Zimbabwe,ZWE,2012,18.3036843550772
Aruba,ABW,2013,31.7030667729965
Africa Eastern and Southern,AFE,2013,10.3278888185882
Afghanistan,AFG,2013,7.54684020369565
Africa Western and Central,AFW,2013,17.2738237537539
Angola,AGO,2013,17.7540189586108
Albania,ALB,2013,17.7209865684087
Andorra,AND,2013,23.7880885640999
Arab World,ARB,2013,11.4729296714402
United Arab Emirates,ARE,2013,5.04314244016449
Argentina,ARG,2013,2.28184604481127
Armenia,ARM,2013,19.5404407686109
Antigua and Barbuda,ATG,2013,24.0429659272103
Australia,AUS,2013,5.68920960549791
Austria,AUT,2013,7.58584244318246
Azerbaijan,AZE,2013,14.4371999846832
Burundi,BDI,2013,13.9872322830882
Belgium,BEL,2013,10.2439437092861
Benin,BEN,2013,40.3325617827368
Burkina Faso,BFA,2013,12.0160498928872
Bangladesh,BGD,2013,16.8657778641165
Bulgaria,BGR,2013,9.09294677902301
Bahrain,BHR,2013,9.16647390950125
"Bahamas, The",BHS,2013,16.1149598787117
Bosnia and Herzegovina,BIH,2013,17.8869474063733
Belarus,BLR,2013,9.23270275267635
Belize,BLZ,2013,13.6453161601631
Bermuda,BMU,2013,19.1976665812048
Bolivia,BOL,2013,7.19784520841046
Brazil,BRA,2013,4.98271862328396
Barbados,BRB,2013,19.6233518281833
Brunei Darussalam,BRN,2013,15.0203508958319
Botswana,BWA,2013,8.15457134828099
Central African Republic,CAF,2013,36.0369625938114
Canada,CAN,2013,7.45735443764254
Central Europe and the Baltics,CEB,2013,7.88360910414755
Switzerland,CHE,2013,3.81375639363208
Chile,CHL,2013,7.77436321100319
China,CHN,2013,5.49827654126837
Cote d'Ivoire,CIV,2013,14.5200385287569
Cameroon,CMR,2013,22.2746782982844
"Congo, Rep.",COG,2013,6.85412807403364
Colombia,COL,2013,9.99379845653627
Comoros,COM,2013,36.1226374704807
Cabo Verde,CPV,2013,32.1516859089998
Costa Rica,CRI,2013,10.4516578437187
Caribbean small states,CSS,2013,13.1266232140093
Cayman Islands,CYM,2013,8.7465748692131
Cyprus,CYP,2013,20.0360760579335
Czechia,CZE,2013,6.3278007017885
Germany,DEU,2013,8.15800024655373
Dominica,DMA,2013,25.4212874178448
Denmark,DNK,2013,13.7033378993001
Dominican Republic,DOM,2013,13.5496128155575
Algeria,DZA,2013,19.0622423212072
East Asia & Pacific (excluding high income),EAP,2013,6.18488228253922
Early-demographic dividend,EAR,2013,8.89609207035619
East Asia & Pacific,EAS,2013,5.99796682559679
Europe & Central Asia (excluding high income),ECA,2013,7.71012493559406
Europe & Central Asia,ECS,2013,9.44762963772362
Ecuador,ECU,2013,7.3058243983015
"Egypt, Arab Rep.",EGY,2013,17.5098909058737
Euro area,EMU,2013,9.87013509032091
Spain,ESP,2013,11.1579765372045
Estonia,EST,2013,10.2311021970189
Ethiopia,ETH,2013,12.530803211071
European Union,EUU,2013,9.67319488277989
Fragile and conflict affected situations,FCS,2013,15.1456209318839
Finland,FIN,2013,7.93646941338444
Fiji,FJI,2013,15.9097906930898
France,FRA,2013,9.04804501902727
"Micronesia, Fed. Sts.",FSM,2013,27.7638916204232
Gabon,GAB,2013,9.62311938565674
United Kingdom,GBR,2013,9.87147070903372
Georgia,GEO,2013,15.7237251089165
Ghana,GHA,2013,16.8214830673867
Guinea,GIN,2013,21.654251873358
"Gambia, The",GMB,2013,37.2824309455002
Greece,GRC,2013,13.1433140700892
Grenada,GRD,2013,36.6758549686598
Greenland,GRL,2013,17.9624355407597
Guatemala,GTM,2013,13.2516390465932
Guyana,GUY,2013,14.5200572474798
High income,HIC,2013,7.85795188343528
"Hong Kong SAR, China",HKG,2013,3.92036593727993
Heavily indebted poor countries (HIPC),HPC,2013,13.7481788291015
Croatia,HRV,2013,12.3046794669215
Hungary,HUN,2013,5.18565679138304
IBRD only,IBD,2013,7.40544420906877
IDA & IBRD total,IBT,2013,7.87120708548534
IDA total,IDA,2013,14.0356253871461
IDA blend,IDB,2013,13.741287745064
Indonesia,IDN,2013,8.7816360469734
IDA only,IDX,2013,14.2160098514984
India,IND,2013,3.58128041095053
Ireland,IRL,2013,12.6801595885067
"Iran, Islamic Rep.",IRN,2013,27.1072781979137
Iceland,ISL,2013,10.5345628512245
Israel,ISR,2013,7.48405216127304
Italy,ITA,2013,10.4124834411488
Jamaica,JAM,2013,17.4019809698296
Jordan,JOR,2013,17.1295421487715
Japan,JPN,2013,8.61160768330529
Kazakhstan,KAZ,2013,9.23050361102662
Kenya,KEN,2013,10.7248483645404
Kyrgyz Republic,KGZ,2013,14.0740980992085
Cambodia,KHM,2013,6.91900162895175
Kiribati,KIR,2013,36.2036517320381
St. Kitts and Nevis,KNA,2013,21.8985367094588
"Korea, Rep.",KOR,2013,4.9042756820686
Kuwait,KWT,2013,14.9606134655017
Latin America & Caribbean (excluding high income),LAC,2013,6.86733431989477
Lao PDR,LAO,2013,4.16644644893556
Lebanon,LBN,2013,15.8236951519334
St. Lucia,LCA,2013,17.9844760700456
Latin America & Caribbean,LCN,2013,7.5449807782611
Least developed countries: UN classification,LDC,2013,14.3624676513251
Sri Lanka,LKA,2013,11.9665971594275
Lower middle income,LMC,2013,9.40683560008808
Low & middle income,LMY,2013,7.49979553191933
Lesotho,LSO,2013,17.9886685158177
Late-demographic dividend,LTE,2013,7.19015012115206
Lithuania,LTU,2013,13.3627758948967
Luxembourg,LUX,2013,10.9554926448511
Latvia,LVA,2013,13.8082002957783
"Macao SAR, China",MAC,2013,14.1930978427976
Morocco,MAR,2013,10.7813884917017
Moldova,MDA,2013,13.7218883389044
Madagascar,MDG,2013,17.1883979239584
Maldives,MDV,2013,22.5044452789247
"Middle East, North Africa, Afghanistan & Pakistan",MEA,2013,11.7742275425033
Mexico,MEX,2013,6.58780518711484
Middle income,MIC,2013,7.40190533715814
North Macedonia,MKD,2013,12.6960877828469
Malta,MLT,2013,10.3252788181695
Myanmar,MMR,2013,8.41640255485763
"Middle East, North Africa, Afghanistan & Pakistan (excluding high income)",MNA,2013,16.8934570276046
Montenegro,MNE,2013,25.3126431597757
Mongolia,MNG,2013,9.07888228738284
Mozambique,MOZ,2013,10.662764554212
Mauritania,MRT,2013,11.016878540662
Mauritius,MUS,2013,22.0491189098212
Malawi,MWI,2013,11.4277332274215
Malaysia,MYS,2013,7.59021803966676
North America,NAC,2013,5.61842962864327
Namibia,NAM,2013,13.0651956508833
New Caledonia,NCL,2013,13.5178202260651
Niger,NER,2013,32.8575055020839
Nigeria,NGA,2013,17.829389789971
Nicaragua,NIC,2013,17.2659041252227
Netherlands,NLD,2013,12.2716342832412
Norway,NOR,2013,9.27222507828574
Nepal,NPL,2013,18.4274463961637
New Zealand,NZL,2013,10.6409212747116
OECD members,OED,2013,7.87254976463633
Oman,OMN,2013,9.20212102113705
Other small states,OSS,2013,15.2671313563482
Pakistan,PAK,2013,10.2037449075269
Panama,PAN,2013,7.71069214877158
Peru,PER,2013,8.24313721929152
Philippines,PHL,2013,10.2391644607478
Palau,PLW,2013,20.3028136931991
Poland,POL,2013,8.63250287511135
Pre-demographic dividend,PRE,2013,14.9428518338645
Portugal,PRT,2013,15.4916346089179
Paraguay,PRY,2013,7.96619351252069
West Bank and Gaza,PSE,2013,24.9613018313035
Pacific island small states,PSS,2013,19.8610558479176
Post-demographic dividend,PST,2013,7.61529529950555
French Polynesia,PYF,2013,24.0702863756274
Qatar,QAT,2013,9.28140647415725
Romania,ROU,2013,8.23179862122752
Russian Federation,RUS,2013,13.2593542619623
Rwanda,RWA,2013,17.4738421607533
South Asia,SAS,2013,5.41879586678788
Saudi Arabia,SAU,2013,14.5375069021815
Sudan,SDN,2013,19.522500121755
Senegal,SEN,2013,24.2283715794474
Singapore,SGP,2013,3.33397644470185
Solomon Islands,SLB,2013,20.1958544984456
El Salvador,SLV,2013,15.3047483494023
Sub-Saharan Africa (excluding high income),SSA,2013,12.4749664776321
Sub-Saharan Africa,SSF,2013,12.5201951837112
Small states,SST,2013,14.8875411243493
Sao Tome and Principe,STP,2013,30.632016535758
Suriname,SUR,2013,11.3187842180955
Slovak Republic,SVK,2013,6.24306502362972
Slovenia,SVN,2013,8.36323256673937
Sweden,SWE,2013,10.4185308779086
Eswatini,SWZ,2013,15.4226832685797
Seychelles,SYC,2013,27.4798832234222
East Asia & Pacific (IDA & IBRD countries),TEA,2013,6.18573447258678
Europe & Central Asia (IDA & IBRD countries),TEC,2013,9.34527623861615
Togo,TGO,2013,12.387778635188
Thailand,THA,2013,5.1529190739202
Latin America & the Caribbean (IDA & IBRD countries),TLA,2013,7.48800316145286
Timor-Leste,TLS,2013,14.3562080139879
"Middle East, North Africa, Afghanistan & Pakistan (IDA & IBRD)",TMN,2013,16.7186577178688
Tonga,TON,2013,29.7525516790879
South Asia (IDA & IBRD),TSA,2013,5.41879586678788
Sub-Saharan Africa (IDA & IBRD countries),TSS,2013,12.5201951837112
Trinidad and Tobago,TTO,2013,8.36512028431486
Tunisia,TUN,2013,10.6275600954922
Turkiye,TUR,2013,4.90097457080928
Tanzania,TZA,2013,7.85585881807329
Uganda,UGA,2013,11.4544325364689
Ukraine,UKR,2013,10.2777625101631
Upper middle income,UMC,2013,6.76599863566402
Uruguay,URY,2013,11.2810220569785
United States,USA,2013,5.27132629224783
St. Vincent and the Grenadines,VCT,2013,25.1922749327935
"Venezuela, RB",VEN,2013,18.4102886870736
Viet Nam,VNM,2013,8.25761165876528
World,WLD,2013,7.77878953371703
Samoa,WSM,2013,27.2908209921245
"Yemen, Rep.",YEM,2013,28.6187727613227
South Africa,ZAF,2013,6.55170801065085
Zambia,ZMB,2013,4.22365420871318
Zimbabwe,ZWE,2013,14.5797406157871
Aruba,ABW,2014,27.9182993144845
Africa Eastern and Southern,AFE,2014,10.2514151427523
Afghanistan,AFG,2014,9.51326053298309
Africa Western and Central,AFW,2014,17.1936076654781
Angola,AGO,2014,16.9800788875661
Albania,ALB,2014,10.3265557525508
Andorra,AND,2014,23.2800062709304
Arab World,ARB,2014,11.9979628801626
United Arab Emirates,ARE,2014,5.52683313407757
Argentina,ARG,2014,2.42165429166184
Armenia,ARM,2014,18.8618660890936
Antigua and Barbuda,ATG,2014,22.542349891693
Australia,AUS,2014,6.19615490124291
Austria,AUT,2014,7.82761634474742
Azerbaijan,AZE,2014,16.7378997005819
Burundi,BDI,2014,13.0620233195074
Belgium,BEL,2014,10.3814087021135
Benin,BEN,2014,45.8483706311581
Burkina Faso,BFA,2014,12.6808655781188
Bulgaria,BGR,2014,8.89801297317925
Bahrain,BHR,2014,9.42227781586713
"Bahamas, The",BHS,2014,16.0542643105988
Bosnia and Herzegovina,BIH,2014,16.7541165872069
Belarus,BLR,2014,11.4945498780543
Belize,BLZ,2014,22.6532092775939
Bermuda,BMU,2014,20.8043703484341
Bolivia,BOL,2014,7.50736021557653
Brazil,BRA,2014,4.98000434939673
Barbados,BRB,2014,19.7462274651931
Brunei Darussalam,BRN,2014,15.4098439348132
Botswana,BWA,2014,7.77216933381986
Central African Republic,CAF,2014,26.3645842639784
Canada,CAN,2014,7.71695725894623
Central Europe and the Baltics,CEB,2014,7.70443204866342
Switzerland,CHE,2014,4.57021302677879
Chile,CHL,2014,8.48316905344953
China,CHN,2014,5.8178747777306
Cote d'Ivoire,CIV,2014,16.8423512990381
Cameroon,CMR,2014,17.3942389697154
"Congo, Rep.",COG,2014,6.23817491371187
Colombia,COL,2014,9.51258186579441
Comoros,COM,2014,41.5193063348923
Cabo Verde,CPV,2014,28.4421586004644
Costa Rica,CRI,2014,11.4415556932258
Caribbean small states,CSS,2014,14.2179245318931
Cyprus,CYP,2014,16.6436697821037
Czechia,CZE,2014,5.98315198737543
Germany,DEU,2014,8.11144033716442
Denmark,DNK,2014,13.6754911161589
Dominican Republic,DOM,2014,14.3010984119991
Algeria,DZA,2014,20.1033684945136
East Asia & Pacific (excluding high income),EAP,2014,6.58973106932995
Early-demographic dividend,EAR,2014,9.13103148002855
East Asia & Pacific,EAS,2014,6.32007443806537
Europe & Central Asia (excluding high income),ECA,2014,8.54064514623765
Europe & Central Asia,ECS,2014,9.51465674729116
Ecuador,ECU,2014,7.72202292985615
"Egypt, Arab Rep.",EGY,2014,20.8840359685848
Euro area,EMU,2014,9.88738300081224
Spain,ESP,2014,10.9099802017249
Estonia,EST,2014,10.1398955091061
Ethiopia,ETH,2014,8.95942983607244
European Union,EUU,2014,9.66708231871551
Fragile and conflict affected situations,FCS,2014,13.5059790080319
Finland,FIN,2014,7.90917618744173
Fiji,FJI,2014,17.683612287578
France,FRA,2014,9.18229320313869
Gabon,GAB,2014,6.34914629533023
United Kingdom,GBR,2014,9.70710357451592
Georgia,GEO,2014,14.8236449824608
Ghana,GHA,2014,20.7085709026088
Guinea,GIN,2014,25.3527989641689
"Gambia, The",GMB,2014,41.0232109723769
Guinea-Bissau,GNB,2014,40.5558343745731
Greece,GRC,2014,12.8114308807351
Grenada,GRD,2014,27.2752039015319
Greenland,GRL,2014,19.8226155431166
Guatemala,GTM,2014,13.5666065238897
Guyana,GUY,2014,14.6633336541654
High income,HIC,2014,7.99944802682357
"Hong Kong SAR, China",HKG,2014,4.4646954812131
Honduras,HND,2014,18.0750068243017
Heavily indebted poor countries (HIPC),HPC,2014,15.012609492812
Croatia,HRV,2014,12.9710604760723
Haiti,HTI,2014,32.3104914597187
Hungary,HUN,2014,5.17144968136305
IBRD only,IBD,2014,7.65794864017575
IDA & IBRD total,IBT,2014,8.12384562678921
IDA total,IDA,2014,15.0200193613644
IDA blend,IDB,2014,14.4090555855527
Indonesia,IDN,2014,9.55759666725371
IDA only,IDX,2014,15.3851544630842
India,IND,2014,4.15851458783714
Ireland,IRL,2014,11.6259857120718
"Iran, Islamic Rep.",IRN,2014,23.3835141856178
Iraq,IRQ,2014,7.1958972279023
Iceland,ISL,2014,10.674322590175
Israel,ISR,2014,7.72744981528175
Italy,ITA,2014,10.8680516577574
Jamaica,JAM,2014,17.5924313462614
Jordan,JOR,2014,17.7724667290356
Japan,JPN,2014,8.48340286482418
Kazakhstan,KAZ,2014,10.2757203339405
Kyrgyz Republic,KGZ,2014,14.7332717627272
Cambodia,KHM,2014,8.0167784230089
Kiribati,KIR,2014,37.9587778551448
St. Kitts and Nevis,KNA,2014,20.9985954085079
"Korea, Rep.",KOR,2014,5.13897655357604
Kuwait,KWT,2014,15.6160360140515
Latin America & Caribbean (excluding high income),LAC,2014,7.16888662490003
Lao PDR,LAO,2014,4.16563279145491
Lebanon,LBN,2014,17.2831066063169
St. Lucia,LCA,2014,24.7952163047207
Latin America & Caribbean,LCN,2014,7.51170240195399
Least developed countries: UN classification,LDC,2014,14.9847804747529
Sri Lanka,LKA,2014,13.2042965878645
Lower middle income,LMC,2014,10.0716379585752
Low & middle income,LMY,2014,7.85800013282664
Lesotho,LSO,2014,20.6461688288392
Late-demographic dividend,LTE,2014,7.45234333302448
Lithuania,LTU,2014,13.01504775473
Luxembourg,LUX,2014,11.7677164458996
Latvia,LVA,2014,14.5717537178616
"Macao SAR, China",MAC,2014,15.0097484890289
Morocco,MAR,2014,12.2148627181969
Moldova,MDA,2014,12.9243437627724
Madagascar,MDG,2014,16.0016809653478
Maldives,MDV,2014,21.0278620137119
"Middle East, North Africa, Afghanistan & Pakistan",MEA,2014,12.0643033111466
Mexico,MEX,2014,6.38927063451402
Middle income,MIC,2014,7.72980233759098
North Macedonia,MKD,2014,11.3742655594061
Malta,MLT,2014,9.43503859064667
Myanmar,MMR,2014,9.06243017458446
"Middle East, North Africa, Afghanistan & Pakistan (excluding high income)",MNA,2014,16.2697927438958
Montenegro,MNE,2014,26.6381726729882
Mongolia,MNG,2014,8.98834497138301
Mozambique,MOZ,2014,12.5365192783501
Mauritania,MRT,2014,12.0475547587361
Mauritius,MUS,2014,21.1983843110669
Malawi,MWI,2014,11.3195931781185
Malaysia,MYS,2014,7.922959787103
North America,NAC,2014,5.87160861187257
Namibia,NAM,2014,11.4346268908266
New Caledonia,NCL,2014,13.4275502052482
Niger,NER,2014,24.7926172231321
Nigeria,NGA,2014,17.0271647267489
Nicaragua,NIC,2014,16.6756583379931
Netherlands,NLD,2014,12.2911294312099
Norway,NOR,2014,9.36880824533304
Nepal,NPL,2014,17.9357254489643
New Zealand,NZL,2014,10.7736810383188
OECD members,OED,2014,7.97668134248117
Oman,OMN,2014,12.3258536454132
Other small states,OSS,2014,14.603900348533
Pakistan,PAK,2014,11.7285287779163
Panama,PAN,2014,8.55261103554341
Peru,PER,2014,10.518867447721
Philippines,PHL,2014,12.1719794929641
Palau,PLW,2014,20.7367004846546
Poland,POL,2014,8.38583996613371
Pre-demographic dividend,PRE,2014,13.5103085002686
Portugal,PRT,2014,14.6389115331298
Paraguay,PRY,2014,8.19049714704695
West Bank and Gaza,PSE,2014,24.3932405501627
Pacific island small states,PSS,2014,20.6427590271995
Post-demographic dividend,PST,2014,7.76511615031204
French Polynesia,PYF,2014,25.2939047656993
Qatar,QAT,2014,9.89788179112349
Romania,ROU,2014,7.97063295343871
Russian Federation,RUS,2014,13.465624045355
Rwanda,RWA,2014,17.0853162359295
South Asia,SAS,2014,4.85799840843654
Saudi Arabia,SAU,2014,14.2814703964167
Sudan,SDN,2014,25.4217512033133
Senegal,SEN,2014,22.7818492675942
Singapore,SGP,2014,3.53179002124859
Solomon Islands,SLB,2014,23.6567713699227
Sierra Leone,SLE,2014,10.9656716553765
El Salvador,SLV,2014,16.3796844741874
Sub-Saharan Africa (excluding high income),SSA,2014,12.7206198664099
Sub-Saharan Africa,SSF,2014,12.5724208050077
Small states,SST,2014,14.7797113593433
Sao Tome and Principe,STP,2014,32.3602148810204
Suriname,SUR,2014,13.6950224085421
Slovak Republic,SVK,2014,5.98571208395051
Slovenia,SVN,2014,8.37037425057279
Sweden,SWE,2014,10.6361181903385
Eswatini,SWZ,2014,17.1945070438892
Seychelles,SYC,2014,26.0078767270249
East Asia & Pacific (IDA & IBRD countries),TEA,2014,6.59058526585789
Europe & Central Asia (IDA & IBRD countries),TEC,2014,9.66406686130201
Togo,TGO,2014,13.9121248234354
Thailand,THA,2014,5.56237043090643
Tajikistan,TJK,2014,20.7353875433963
Latin America & the Caribbean (IDA & IBRD countries),TLA,2014,7.45973933774577
"Middle East, North Africa, Afghanistan & Pakistan (IDA & IBRD)",TMN,2014,16.1212566311362
Tonga,TON,2014,27.1820062867531
South Asia (IDA & IBRD),TSA,2014,4.85799840843654
Sub-Saharan Africa (IDA & IBRD countries),TSS,2014,12.5724208050077
Trinidad and Tobago,TTO,2014,9.56644767668871
Tunisia,TUN,2014,9.70314700126179
Turkiye,TUR,2014,5.7238882018084
Tanzania,TZA,2014,9.46755789603786
Uganda,UGA,2014,13.5656937262835
Ukraine,UKR,2014,10.7567632962929
Upper middle income,UMC,2014,7.0247884956586
Uruguay,URY,2014,11.0775467750411
United States,USA,2014,5.52276587352629
St. Vincent and the Grenadines,VCT,2014,26.1232580394952
Viet Nam,VNM,2014,8.5678167339011
World,WLD,2014,7.95855435189866
Samoa,WSM,2014,24.2726418161721
"Yemen, Rep.",YEM,2014,39.7165489445308
South Africa,ZAF,2014,6.29231522968051
Zambia,ZMB,2014,4.67353135038696
Zimbabwe,ZWE,2014,15.361153489387
Aruba,ABW,2015,30.5727581700854
Africa Eastern and Southern,AFE,2015,10.1616383745745
Afghanistan,AFG,2015,19.2271236461949
Africa Western and Central,AFW,2015,16.6164380939312
Angola,AGO,2015,13.1856290907877
Albania,ALB,2015,14.497356865351
Andorra,AND,2015,23.5068469290149
Arab World,ARB,2015,12.2352414132102
United Arab Emirates,ARE,2015,5.78591921199886
Argentina,ARG,2015,2.64277941815046
Armenia,ARM,2015,19.7618182136921
Antigua and Barbuda,ATG,2015,27.0559375805499
Australia,AUS,2015,6.56255914980785
Austria,AUT,2015,7.90357000064216
Azerbaijan,AZE,2015,14.6748721726875
Burundi,BDI,2015,12.6210040103332
Belgium,BEL,2015,10.9926039122108
Benin,BEN,2015,40.2019861251514
Burkina Faso,BFA,2015,13.6105485218095
Bangladesh,BGD,2015,16.561579168916
Bulgaria,BGR,2015,9.69808006546558
Bahrain,BHR,2015,11.6708233304052
"Bahamas, The",BHS,2015,19.3342400157298
Bosnia and Herzegovina,BIH,2015,17.9820560387788
Belarus,BLR,2015,14.1221920532091
Belize,BLZ,2015,20.7638203621054
Bermuda,BMU,2015,20.7083774316399
Bolivia,BOL,2015,6.91192665768246
Brazil,BRA,2015,5.21313407540425
Barbados,BRB,2015,21.4944502392705
Brunei Darussalam,BRN,2015,15.7076170370739
Botswana,BWA,2015,8.74704477449503
Central African Republic,CAF,2015,15.1610682300226
Canada,CAN,2015,8.18251389529433
Central Europe and the Baltics,CEB,2015,7.88283109422584
Switzerland,CHE,2015,4.57556720902843
Chile,CHL,2015,9.22676651591504
China,CHN,2015,6.66132360581687
Cote d'Ivoire,CIV,2015,17.5692676559409
Cameroon,CMR,2015,19.8727796656184
"Congo, Dem. Rep.",COD,2015,14.1348794371787
"Congo, Rep.",COG,2015,5.09959512353972
Colombia,COL,2015,10.2982658165921
Comoros,COM,2015,45.305357679206
Cabo Verde,CPV,2015,32.4650529556349
Costa Rica,CRI,2015,11.9558810616322
Caribbean small states,CSS,2015,15.9217843174638
Cayman Islands,CYM,2015,8.27320984768983
Cyprus,CYP,2015,16.044741564758
Czechia,CZE,2015,6.08046182667869
Germany,DEU,2015,8.20354782355462
Denmark,DNK,2015,13.9463541334775
Dominican Republic,DOM,2015,15.0649991985203
Algeria,DZA,2015,19.3150145530605
East Asia & Pacific (excluding high income),EAP,2015,7.3018789782215
Early-demographic dividend,EAR,2015,9.36634015981162
East Asia & Pacific,EAS,2015,7.04436955089434
Europe & Central Asia (excluding high income),ECA,2015,8.72499365135522
Europe & Central Asia,ECS,2015,9.77810778496193
Ecuador,ECU,2015,8.76337439314478
"Egypt, Arab Rep.",EGY,2015,19.4566174058816
Euro area,EMU,2015,10.2037680146417
Spain,ESP,2015,11.4789135773146
Estonia,EST,2015,10.4931382258064
Ethiopia,ETH,2015,9.77249762984108
European Union,EUU,2015,9.97285012984406
Finland,FIN,2015,8.42519284076146
Fiji,FJI,2015,18.9400831569718
France,FRA,2015,9.43072623436497
Gabon,GAB,2015,8.86573303494737
United Kingdom,GBR,2015,9.77794092005688
Georgia,GEO,2015,14.605693723129
Ghana,GHA,2015,15.1631137091062
Guinea,GIN,2015,23.4474279327957
"Gambia, The",GMB,2015,37.3424837563614
Guinea-Bissau,GNB,2015,50.4525371630079
Greece,GRC,2015,14.0877970132255
Grenada,GRD,2015,25.3490530046935
Greenland,GRL,2015,22.1450872149245
Guatemala,GTM,2015,14.2717691496301
Guyana,GUY,2015,17.2061288995276
High income,HIC,2015,8.37160230017183
"Hong Kong SAR, China",HKG,2015,4.51434475143844
Honduras,HND,2015,18.1943373707418
Heavily indebted poor countries (HIPC),HPC,2015,14.1790763207442
Croatia,HRV,2015,13.1991630754547
Hungary,HUN,2015,5.2740730521435
IBRD only,IBD,2015,8.11548556321919
IDA & IBRD total,IBT,2015,8.62415544790423
IDA total,IDA,2015,14.9589580436721
IDA blend,IDB,2015,14.3168106983059
Indonesia,IDN,2015,9.96743784080884
IDA only,IDX,2015,15.316961689127
India,IND,2015,5.2439586896853
Ireland,IRL,2015,11.1026397805474
"Iran, Islamic Rep.",IRN,2015,22.4023283543476
Iceland,ISL,2015,11.3192271831499
Israel,ISR,2015,8.42692831263779
Italy,ITA,2015,10.8812240370958
Jamaica,JAM,2015,17.9988321879577
Jordan,JOR,2015,18.9454290328943
Japan,JPN,2015,10.0360297410722
Kazakhstan,KAZ,2015,10.8539466739404
Kenya,KEN,2015,11.2769622078875
Kyrgyz Republic,KGZ,2015,13.9359610817103
Cambodia,KHM,2015,7.97743223305382
Kiribati,KIR,2015,32.9728590791669
St. Kitts and Nevis,KNA,2015,21.2064752570508
"Korea, Rep.",KOR,2015,5.94130449705912
Kuwait,KWT,2015,15.84483374297
Latin America & Caribbean (excluding high income),LAC,2015,6.94968845425888
Lao PDR,LAO,2015,5.26202693242762
Lebanon,LBN,2015,17.5815765410609
St. Lucia,LCA,2015,26.5866255384777
Latin America & Caribbean,LCN,2015,7.45375174892439
Least developed countries: UN classification,LDC,2015,14.915897431525
Low income,LIC,2015,19.2874544157144
Sri Lanka,LKA,2015,13.124069302214
Lower middle income,LMC,2015,10.4196431380431
Low & middle income,LMY,2015,8.36159032906327
Lesotho,LSO,2015,19.9273142694149
Late-demographic dividend,LTE,2015,8.00881539255566
Lithuania,LTU,2015,12.9755862171769
Luxembourg,LUX,2015,12.2578381223029
Latvia,LVA,2015,14.2906738734147
"Macao SAR, China",MAC,2015,16.0423650016377
Morocco,MAR,2015,11.0162882215194
Moldova,MDA,2015,14.0439459752684
Madagascar,MDG,2015,14.1196398261312
Maldives,MDV,2015,22.0907655409597
"Middle East, North Africa, Afghanistan & Pakistan",MEA,2015,12.409196327255
Mexico,MEX,2015,5.81440123263133
Middle income,MIC,2015,8.21891748764509
North Macedonia,MKD,2015,11.6865082438504
Malta,MLT,2015,10.1631594195242
Myanmar,MMR,2015,11.1358018336401
"Middle East, North Africa, Afghanistan & Pakistan (excluding high income)",MNA,2015,17.8815592523994
Montenegro,MNE,2015,25.0400019328742
Mongolia,MNG,2015,12.4699080200439
Mozambique,MOZ,2015,11.9045050780957
Mauritania,MRT,2015,14.3122076742669
Mauritius,MUS,2015,21.9617382459632
Malawi,MWI,2015,13.2612739232014
Malaysia,MYS,2015,8.74914278355844
North America,NAC,2015,6.20495261253013
Namibia,NAM,2015,12.3219158161416
New Caledonia,NCL,2015,15.7648686901402
Niger,NER,2015,20.9864009654407
Nigeria,NGA,2015,16.9489167794717
Nicaragua,NIC,2015,17.0407468049698
Netherlands,NLD,2015,13.228126565332
Norway,NOR,2015,9.508125309419
Nepal,NPL,2015,17.9135898934754
New Zealand,NZL,2015,11.3631197214515
OECD members,OED,2015,8.3323211812842
Oman,OMN,2015,12.2478227897499
Other small states,OSS,2015,14.9028897746481
Pakistan,PAK,2015,12.0975233412564
Panama,PAN,2015,9.29172648736143
Peru,PER,2015,10.0182225298199
Philippines,PHL,2015,11.7161639521676
Palau,PLW,2015,25.106933994329
Poland,POL,2015,8.53574010984576
Pre-demographic dividend,PRE,2015,14.7615831432793
Portugal,PRT,2015,15.030801198977
Paraguay,PRY,2015,8.69664038377171
West Bank and Gaza,PSE,2015,27.2910518405574
Pacific island small states,PSS,2015,21.4293834153435
Post-demographic dividend,PST,2015,8.16040952169883
French Polynesia,PYF,2015,25.1475425691571
Qatar,QAT,2015,9.7544928571576
Romania,ROU,2015,8.85206611657846
Russian Federation,RUS,2015,13.8814942038947
Rwanda,RWA,2015,15.4230566063129
South Asia,SAS,2015,6.84276000205807
Saudi Arabia,SAU,2015,13.7273691996273
Sudan,SDN,2015,20.5010125619895
Senegal,SEN,2015,21.6889354846993
Singapore,SGP,2015,3.95444602298831
Solomon Islands,SLB,2015,24.146311311113
Sierra Leone,SLE,2015,20.7188415859113
El Salvador,SLV,2015,17.2560387627479
Sub-Saharan Africa (excluding high income),SSA,2015,12.2671990923465
Sub-Saharan Africa,SSF,2015,12.1844891412046
Small states,SST,2015,15.4816566382482
Sao Tome and Principe,STP,2015,31.0454186121133
Suriname,SUR,2015,13.4156134947016
Slovak Republic,SVK,2015,5.64801741128049
Slovenia,SVN,2015,8.67331744985155
Sweden,SWE,2015,10.8420949001331
Eswatini,SWZ,2015,17.7341004044949
Seychelles,SYC,2015,24.4808561256381
East Asia & Pacific (IDA & IBRD countries),TEA,2015,7.30295414106138
Europe & Central Asia (IDA & IBRD countries),TEC,2015,9.96908375268166
Togo,TGO,2015,15.0602143849859
Thailand,THA,2015,6.3253278398908
Tajikistan,TJK,2015,23.0940731588366
Latin America & the Caribbean (IDA & IBRD countries),TLA,2015,7.38715184551247
"Middle East, North Africa, Afghanistan & Pakistan (IDA & IBRD)",TMN,2015,17.6776915715759
South Asia (IDA & IBRD),TSA,2015,6.84276000205807
Sub-Saharan Africa (IDA & IBRD countries),TSS,2015,12.1844891412046
Trinidad and Tobago,TTO,2015,11.4907174522386
Tunisia,TUN,2015,11.1782262761405
Turkiye,TUR,2015,5.80119499346178
Tanzania,TZA,2015,5.62720806105769
Uganda,UGA,2015,12.1359119714902
Ukraine,UKR,2015,9.00143798378484
Upper middle income,UMC,2015,7.51236183650602
Uruguay,URY,2015,12.8445249451415
United States,USA,2015,5.83172132728094
St. Vincent and the Grenadines,VCT,2015,27.982251061585
Viet Nam,VNM,2015,8.41699152531486
World,WLD,2015,8.37007312542757
Samoa,WSM,2015,26.8523650830733
"Yemen, Rep.",YEM,2015,45.9041257732447
South Africa,ZAF,2015,6.97820259788148
Zambia,ZMB,2015,6.02146654938936
Zimbabwe,ZWE,2015,17.0111458047622
Aruba,ABW,2016,29.8719594976999
Africa Eastern and Southern,AFE,2016,12.3726875535216
Afghanistan,AFG,2016,23.5599976538184
Africa Western and Central,AFW,2016,16.1363383510829
Angola,AGO,2016,13.7148613995916
Albania,ALB,2016,14.1497507610425
Andorra,AND,2016,23.466714070114
Arab World,ARB,2016,13.3580311339777
United Arab Emirates,ARE,2016,5.91080832504944
Argentina,ARG,2016,3.62640682233261
Armenia,ARM,2016,19.0942426545538
Antigua and Barbuda,ATG,2016,22.9912685136601
Australia,AUS,2016,7.10054987790893
Austria,AUT,2016,8.02035347598418
Azerbaijan,AZE,2016,18.2695863599463
Burundi,BDI,2016,16.5501620490981
Belgium,BEL,2016,10.7407423315517
Benin,BEN,2016,50.4878399953627
Burkina Faso,BFA,2016,13.6826300581823
Bangladesh,BGD,2016,15.2417870221937
Bulgaria,BGR,2016,10.4756770846257
Bahrain,BHR,2016,11.9218922020205
"Bahamas, The",BHS,2016,20.2053249079843
Bosnia and Herzegovina,BIH,2016,17.9874496570928
Belarus,BLR,2016,13.8720672879908
Belize,BLZ,2016,21.0241257153986
Bermuda,BMU,2016,21.0378343393989
Bolivia,BOL,2016,8.45235942245198
Brazil,BRA,2016,7.42536207040476
Barbados,BRB,2016,21.1469562728086
Brunei Darussalam,BRN,2016,18.5953347235233
Bhutan,BTN,2016,15.2217424132459
Botswana,BWA,2016,11.0462807571227
Central African Republic,CAF,2016,15.9203897560875
Canada,CAN,2016,8.46973134891178
Central Europe and the Baltics,CEB,2016,8.22958094666442
Switzerland,CHE,2016,4.27733305715921
Chile,CHL,2016,9.75476380498688
China,CHN,2016,6.79703829564838
Cote d'Ivoire,CIV,2016,21.520688655588
Cameroon,CMR,2016,21.9485619573473
"Congo, Dem. Rep.",COD,2016,15.2084212686296
"Congo, Rep.",COG,2016,4.04888949846285
Colombia,COL,2016,13.0436829871481
Comoros,COM,2016,49.2211693154898
Cabo Verde,CPV,2016,30.8701655531076
Costa Rica,CRI,2016,13.2576973361867
Caribbean small states,CSS,2016,16.664111551993
Cuba,CUB,2016,20.32265580761
Cyprus,CYP,2016,15.1586124702319
Czechia,CZE,2016,6.1733923617406
Germany,DEU,2016,8.40565874478588
Dominica,DMA,2016,24.7405044844318
Denmark,DNK,2016,14.0922697257726
Dominican Republic,DOM,2016,14.9477888071633
Algeria,DZA,2016,19.0281661204509
East Asia & Pacific (excluding high income),EAP,2016,7.61340158361569
Early-demographic dividend,EAR,2016,10.2227029757337
East Asia & Pacific,EAS,2016,7.38127129700886
Europe & Central Asia (excluding high income),ECA,2016,8.98493420005435
Europe & Central Asia,ECS,2016,9.83414157776204
Ecuador,ECU,2016,10.5662113085014
"Egypt, Arab Rep.",EGY,2016,20.3753156142534
Euro area,EMU,2016,10.3879257083406
Spain,ESP,2016,11.9298740188351
Estonia,EST,2016,11.0498797070887
Ethiopia,ETH,2016,13.1176685714478
European Union,EUU,2016,10.1899940515306
Finland,FIN,2016,8.4742900316359
Fiji,FJI,2016,18.1418306152603
France,FRA,2016,9.81267656119536
Gabon,GAB,2016,11.0212744771966
United Kingdom,GBR,2016,9.26808448687487
Georgia,GEO,2016,13.9804702594182
Ghana,GHA,2016,14.6049033294353
Guinea,GIN,2016,26.5754022109152
"Gambia, The",GMB,2016,43.033803801892
Guinea-Bissau,GNB,2016,46.1130322244442
Greece,GRC,2016,14.6151922711315
Grenada,GRD,2016,23.6533206889119
Greenland,GRL,2016,20.4621302353358
Guatemala,GTM,2016,14.7037479209953
Guyana,GUY,2016,16.2889472130344
High income,HIC,2016,8.58140565482488
"Hong Kong SAR, China",HKG,2016,4.96982348474464
Honduras,HND,2016,19.4184091713844
Heavily indebted poor countries (HIPC),HPC,2016,17.3636395169862
Croatia,HRV,2016,12.9023576176109
Haiti,HTI,2016,37.2613985987692
Hungary,HUN,2016,5.92075910857433
IBRD only,IBD,2016,8.5746576845588
IDA & IBRD total,IBT,2016,9.10661502034455
IDA total,IDA,2016,15.7173996730626
IDA blend,IDB,2016,13.7571760460244
Indonesia,IDN,2016,11.6088464408771
IDA only,IDX,2016,16.8036493991965
India,IND,2016,6.08873220309444
Ireland,IRL,2016,10.5142935783561
"Iran, Islamic Rep.",IRN,2016,20.4927483499843
Iceland,ISL,2016,10.3674899214849
Israel,ISR,2016,8.43285851538021
Italy,ITA,2016,11.0791402955181
Jamaica,JAM,2016,18.6153200070766
Jordan,JOR,2016,21.0973767983218
Japan,JPN,2016,10.3478193778417
Kazakhstan,KAZ,2016,11.7263379408567
Kenya,KEN,2016,12.3590906167827
Kyrgyz Republic,KGZ,2016,11.9006177808286
Cambodia,KHM,2016,7.13483934228118
Kiribati,KIR,2016,36.5764650585655
St. Kitts and Nevis,KNA,2016,24.8700048034141
"Korea, Rep.",KOR,2016,6.41716697251823
Kuwait,KWT,2016,15.004038165898
Latin America & Caribbean (excluding high income),LAC,2016,8.20994661745058
Lao PDR,LAO,2016,13.2536136929945
Lebanon,LBN,2016,17.1394821962351
Libya,LBY,2016,32.9046515173011
St. Lucia,LCA,2016,22.6242043630305
Latin America & Caribbean,LCN,2016,8.63312773275762
Least developed countries: UN classification,LDC,2016,16.9863879659919
Low income,LIC,2016,20.84539222998
Sri Lanka,LKA,2016,11.9368573719924
Lower middle income,LMC,2016,11.0632635247899
Low & middle income,LMY,2016,8.96417124472814
Lesotho,LSO,2016,21.2274740174451
Late-demographic dividend,LTE,2016,8.23887026260714
Lithuania,LTU,2016,12.8673033076993
Luxembourg,LUX,2016,12.3595425545609
Latvia,LVA,2016,15.7468940102125
"Macao SAR, China",MAC,2016,16.777520349872
Morocco,MAR,2016,12.3120817561093
Moldova,MDA,2016,14.5175995690684
Madagascar,MDG,2016,15.4853011585631
Maldives,MDV,2016,20.9333677428015
"Middle East, North Africa, Afghanistan & Pakistan",MEA,2016,13.1399081760627
Mexico,MEX,2016,5.9989126754784
Middle income,MIC,2016,8.8169615136525
North Macedonia,MKD,2016,11.2407484819291
Mali,MLI,2016,16.1206377359036
Malta,MLT,2016,10.3463664829979
Myanmar,MMR,2016,18.8181762474485
"Middle East, North Africa, Afghanistan & Pakistan (excluding high income)",MNA,2016,18.3719144087198
Montenegro,MNE,2016,23.4776342953765
Mongolia,MNG,2016,15.1106570070054
Mozambique,MOZ,2016,14.9936398825321
Mauritania,MRT,2016,18.1557549556279
Mauritius,MUS,2016,24.1650303538415
Malawi,MWI,2016,17.5610907730597
Malaysia,MYS,2016,8.69098019831858
North America,NAC,2016,6.4924931171074
Namibia,NAM,2016,12.7579450406711
Niger,NER,2016,32.4375188073072
Nigeria,NGA,2016,12.8506008688749
Nicaragua,NIC,2016,14.0797895000439
Netherlands,NLD,2016,13.4135388267631
Norway,NOR,2016,10.0470640556023
Nepal,NPL,2016,18.2328816967713
New Zealand,NZL,2016,11.4413385056481
OECD members,OED,2016,8.54906436848741
Oman,OMN,2016,15.6415620938827
Other small states,OSS,2016,15.0619716368516
Pakistan,PAK,2016,12.5083505742758
Panama,PAN,2016,10.4829882254559
Peru,PER,2016,11.6179320798341
Philippines,PHL,2016,11.6171437275481
Palau,PLW,2016,23.4457295347585
Poland,POL,2016,8.95042974372454
Pre-demographic dividend,PRE,2016,16.1716595660126
Portugal,PRT,2016,15.3043700385373
Paraguay,PRY,2016,9.22038426517273
West Bank and Gaza,PSE,2016,28.323573226601
Pacific island small states,PSS,2016,21.1175499160859
Post-demographic dividend,PST,2016,8.38719086686112
French Polynesia,PYF,2016,25.4414759309532
Qatar,QAT,2016,9.90460701845219
Romania,ROU,2016,9.25198901405914
Russian Federation,RUS,2016,11.8631828663402
Rwanda,RWA,2016,17.0874256219315
South Asia,SAS,2016,7.41040662629787
Saudi Arabia,SAU,2016,15.7765700802761
Sudan,SDN,2016,36.341987786866
Senegal,SEN,2016,23.3512105457828
Singapore,SGP,2016,4.06005348984329
Solomon Islands,SLB,2016,24.1195894536334
Sierra Leone,SLE,2016,28.4812386604009
El Salvador,SLV,2016,18.3597767145263
Sub-Saharan Africa (excluding high income),SSA,2016,13.5887758995126
Sub-Saharan Africa,SSF,2016,13.5793517558596
Small states,SST,2016,15.7772835945932
Sao Tome and Principe,STP,2016,32.2623399034712
Suriname,SUR,2016,18.8939117847017
Slovak Republic,SVK,2016,5.92027867729075
Slovenia,SVN,2016,8.70970053691692
Sweden,SWE,2016,11.3729538572876
Eswatini,SWZ,2016,18.6971707597736
Seychelles,SYC,2016,18.0934978510831
East Asia & Pacific (IDA & IBRD countries),TEA,2016,7.6143576228229
Europe & Central Asia (IDA & IBRD countries),TEC,2016,9.77609437961082
Togo,TGO,2016,14.5383366978512
Thailand,THA,2016,6.83357247628395
Tajikistan,TJK,2016,21.3674122111744
Latin America & the Caribbean (IDA & IBRD countries),TLA,2016,8.43111166087689
"Middle East, North Africa, Afghanistan & Pakistan (IDA & IBRD)",TMN,2016,18.1628128841579
South Asia (IDA & IBRD),TSA,2016,7.41040662629787
Sub-Saharan Africa (IDA & IBRD countries),TSS,2016,13.5793517558596
Trinidad and Tobago,TTO,2016,12.0582832847022
Tunisia,TUN,2016,11.1407487499273
Turkiye,TUR,2016,6.01730834595265
Tanzania,TZA,2016,10.7607531611547
Uganda,UGA,2016,13.3347066603439
Ukraine,UKR,2016,9.61564201866799
Upper middle income,UMC,2016,8.09846576507821
Uruguay,URY,2016,13.2998119277325
United States,USA,2016,6.1193049372905
St. Vincent and the Grenadines,VCT,2016,27.2177974970463
Viet Nam,VNM,2016,8.73754482079233
World,WLD,2016,8.69992297118235
Samoa,WSM,2016,28.2215968865703
South Africa,ZAF,2016,8.35925884365795
Zambia,ZMB,2016,6.10621751889602
Zimbabwe,ZWE,2016,19.9439317639588
Aruba,ABW,2017,29.5638283888615
Africa Eastern and Southern,AFE,2017,12.1989630519744
Afghanistan,AFG,2017,36.7934457407199
Africa Western and Central,AFW,2017,18.9432628157367
Angola,AGO,2017,17.7351790914195
Albania,ALB,2017,14.8580988702112
Andorra,AND,2017,22.8305098145173
Arab World,ARB,2017,13.427256008227
United Arab Emirates,ARE,2017,6.99707888598958
Argentina,ARG,2017,4.17929787657057
Armenia,ARM,2017,18.0111171291288
Antigua and Barbuda,ATG,2017,23.0365488143635
Australia,AUS,2017,6.48222765314289
Austria,AUT,2017,7.73519476606866
Azerbaijan,AZE,2017,18.9889874269738
Burundi,BDI,2017,18.9584220367267
Belgium,BEL,2017,10.3562532070541
Benin,BEN,2017,52.3113311553297
Burkina Faso,BFA,2017,12.2199184238571
Bangladesh,BGD,2017,18.9346180073446
Bulgaria,BGR,2017,10.0390731851877
Bahrain,BHR,2017,10.3368717197661
"Bahamas, The",BHS,2017,18.6049220067859
Bosnia and Herzegovina,BIH,2017,16.9912328153768
Belarus,BLR,2017,12.270886234837
Belize,BLZ,2017,20.5291244404484
Bermuda,BMU,2017,20.3692858554948
Bolivia,BOL,2017,8.25386526399591
Brazil,BRA,2017,6.32149411569174
Barbados,BRB,2017,21.9572753832051
Brunei Darussalam,BRN,2017,15.0079731008954
Bhutan,BTN,2017,15.7863753074163
Botswana,BWA,2017,12.537601456042
Central African Republic,CAF,2017,21.0707546481169
Canada,CAN,2017,8.20309596250041
Central Europe and the Baltics,CEB,2017,8.01599778145171
Switzerland,CHE,2017,4.54540176537
Chile,CHL,2017,10.0681966585274
China,CHN,2017,6.60739484217093
Cote d'Ivoire,CIV,2017,20.9293744697827
Cameroon,CMR,2017,22.8141277684289
"Congo, Dem. Rep.",COD,2017,13.3983576538355
"Congo, Rep.",COG,2017,13.8256465553812
Colombia,COL,2017,12.6402054672071
Comoros,COM,2017,34.9338624970661
Cabo Verde,CPV,2017,30.0997528072801
Costa Rica,CRI,2017,13.4055451491915
Caribbean small states,CSS,2017,17.0400177112863
Cuba,CUB,2017,20.976907151456
Cyprus,CYP,2017,14.1248549081498
Czechia,CZE,2017,5.77433216616245
Germany,DEU,2017,8.19000478686186
Dominica,DMA,2017,21.1527863494555
Denmark,DNK,2017,13.8107494536679
Dominican Republic,DOM,2017,14.9273488032741
Algeria,DZA,2017,20.2300414574917
East Asia & Pacific (excluding high income),EAP,2017,7.27166077925037
Early-demographic dividend,EAR,2017,10.0097592336485
East Asia & Pacific,EAS,2017,7.04504795583576
Europe & Central Asia (excluding high income),ECA,2017,8.69991430510411
Europe & Central Asia,ECS,2017,9.60849838338368
Ecuador,ECU,2017,10.1880068896461
"Egypt, Arab Rep.",EGY,2017,20.284907436335
Euro area,EMU,2017,10.1085469342725
Spain,ESP,2017,11.7182494041178
Estonia,EST,2017,10.961027323393
Ethiopia,ETH,2017,12.3849513836437
European Union,EUU,2017,9.90614801733392
Finland,FIN,2017,8.02892706486384
Fiji,FJI,2017,18.4273025008703
France,FRA,2017,9.66271995845288
Gabon,GAB,2017,14.7766431504621
United Kingdom,GBR,2017,9.60554351444277
Georgia,GEO,2017,14.0286333255437
Ghana,GHA,2017,18.2916723569764
"Gambia, The",GMB,2017,33.0354914197728
Guinea-Bissau,GNB,2017,46.0194884082423
Greece,GRC,2017,13.4916513440012
Grenada,GRD,2017,22.3597039371177
Greenland,GRL,2017,20.8080473808136
Guatemala,GTM,2017,14.5825879494011
Guyana,GUY,2017,14.913084636563
High income,HIC,2017,8.42000001743625
"Hong Kong SAR, China",HKG,2017,4.7437138377871
Honduras,HND,2017,18.0407406081852
Heavily indebted poor countries (HIPC),HPC,2017,17.4383917226894
Croatia,HRV,2017,12.9822559599019
Hungary,HUN,2017,5.79716816907068
IBRD only,IBD,2017,8.25851651460676
IDA & IBRD total,IBT,2017,8.87229442743498
IDA total,IDA,2017,16.3523923730179
IDA blend,IDB,2017,15.4812257707404
Indonesia,IDN,2017,10.9918137066306
IDA only,IDX,2017,16.8830502177982
India,IND,2017,5.63841140503153
Ireland,IRL,2017,10.1384551191777
"Iran, Islamic Rep.",IRN,2017,20.191545455076
Iceland,ISL,2017,9.63054046839887
Israel,ISR,2017,8.74423157968572
Italy,ITA,2017,10.6680139305836
Jamaica,JAM,2017,16.7257266674854
Jordan,JOR,2017,18.6700700543504
Japan,JPN,2017,10.0437146393493
Kazakhstan,KAZ,2017,11.4239342143862
Kenya,KEN,2017,18.899750728629
Kyrgyz Republic,KGZ,2017,14.0718426591173
Cambodia,KHM,2017,7.7701125981998
Kiribati,KIR,2017,39.3895257628298
St. Kitts and Nevis,KNA,2017,25.3848981641499
"Korea, Rep.",KOR,2017,5.9188684678787
Kuwait,KWT,2017,15.0544741071025
Latin America & Caribbean (excluding high income),LAC,2017,7.72344708640403
Lao PDR,LAO,2017,12.0783900678523
Lebanon,LBN,2017,16.7696518115414
Liberia,LBR,2017,26.5597866091246
Libya,LBY,2017,31.4949217115993
St. Lucia,LCA,2017,24.645815688544
Latin America & Caribbean,LCN,2017,8.23811029395809
Least developed countries: UN classification,LDC,2017,17.2144509573291
Low income,LIC,2017,20.7951437788566
Sri Lanka,LKA,2017,12.9560404749405
Lower middle income,LMC,2017,11.0199753138604
Low & middle income,LMY,2017,8.73939651110612
Lesotho,LSO,2017,19.4545128256261
Late-demographic dividend,LTE,2017,8.00378224827307
Lithuania,LTU,2017,12.39470541688
Luxembourg,LUX,2017,11.9611992295063
Latvia,LVA,2017,16.2873234108023
"Macao SAR, China",MAC,2017,17.8597104716065
Morocco,MAR,2017,11.2874889238467
Moldova,MDA,2017,13.9754361747855
Madagascar,MDG,2017,19.9432334426958
Maldives,MDV,2017,20.1187383647303
"Middle East, North Africa, Afghanistan & Pakistan",MEA,2017,13.4635249787852
Mexico,MEX,2017,5.77334298670112
Middle income,MIC,2017,8.58598841776037
North Macedonia,MKD,2017,10.7963737160341
Mali,MLI,2017,16.8688060349601
Malta,MLT,2017,12.0439869461863
Myanmar,MMR,2017,14.6149263900345
"Middle East, North Africa, Afghanistan & Pakistan (excluding high income)",MNA,2017,18.3430707892011
Montenegro,MNE,2017,22.6612560158202
Mongolia,MNG,2017,12.4622703661968
Mozambique,MOZ,2017,14.7212509931123
Mauritania,MRT,2017,13.8180668404553
Mauritius,MUS,2017,23.986572421994
Malawi,MWI,2017,12.5411806593085
Malaysia,MYS,2017,7.99408780017611
North America,NAC,2017,6.4244017607727
Namibia,NAM,2017,13.5149881475784
Niger,NER,2017,34.7431599441747
Nigeria,NGA,2017,16.315758249379
Nicaragua,NIC,2017,14.0179599199643
Netherlands,NLD,2017,13.1068656968537
Norway,NOR,2017,9.13046415924503
Nepal,NPL,2017,17.6428567864629
New Zealand,NZL,2017,11.5262393633489
OECD members,OED,2017,8.36316647088358
Oman,OMN,2017,13.6246277212129
Other small states,OSS,2017,14.6395119521937
Pakistan,PAK,2017,11.8099304337959
Panama,PAN,2017,10.1579092905861
Peru,PER,2017,12.1234600846274
Philippines,PHL,2017,11.0747677813784
Palau,PLW,2017,23.2641710195488
Poland,POL,2017,8.77339399800607
Pre-demographic dividend,PRE,2017,18.2304977877019
Portugal,PRT,2017,14.8265913685902
Paraguay,PRY,2017,8.75106988845847
West Bank and Gaza,PSE,2017,27.8724636780793
Pacific island small states,PSS,2017,21.8469329127508
Post-demographic dividend,PST,2017,8.18890398740242
French Polynesia,PYF,2017,24.4734309358574
Qatar,QAT,2017,11.1837874762017
Romania,ROU,2017,9.27170252030188
Russian Federation,RUS,2017,11.0570474239392
Rwanda,RWA,2017,22.5994817143072
South Asia,SAS,2017,7.39365468109654
Saudi Arabia,SAU,2017,15.973466290432
Sudan,SDN,2017,21.1766579626125
Senegal,SEN,2017,23.9899933080167
Singapore,SGP,2017,3.86436639847653
Solomon Islands,SLB,2017,24.5728392284993
Sierra Leone,SLE,2017,32.5675100405142
El Salvador,SLV,2017,16.957163297771
Sub-Saharan Africa (excluding high income),SSA,2017,14.4643590048445
Sub-Saharan Africa,SSF,2017,14.3548385382489
Small states,SST,2017,15.6397177083538
Sao Tome and Principe,STP,2017,29.7309535309856
Suriname,SUR,2017,16.7426107025264
Slovak Republic,SVK,2017,5.69860199187476
Slovenia,SVN,2017,8.15806693202461
Sweden,SWE,2017,10.7018295995473
Eswatini,SWZ,2017,18.4818861547469
Seychelles,SYC,2017,9.64480737821043
East Asia & Pacific (IDA & IBRD countries),TEA,2017,7.27262618524523
Europe & Central Asia (IDA & IBRD countries),TEC,2017,9.41871372058755
Togo,TGO,2017,19.3969301241103
Thailand,THA,2017,6.34209597236378
Tajikistan,TJK,2017,21.9000992700884
Latin America & the Caribbean (IDA & IBRD countries),TLA,2017,8.02627254907818
Timor-Leste,TLS,2017,30.2229467587966
"Middle East, North Africa, Afghanistan & Pakistan (IDA & IBRD)",TMN,2017,18.1428418004788
Tonga,TON,2017,28.4627297036102
South Asia (IDA & IBRD),TSA,2017,7.39365468109654
Sub-Saharan Africa (IDA & IBRD countries),TSS,2017,14.3548385382489
Trinidad and Tobago,TTO,2017,13.9739407606226
Tunisia,TUN,2017,11.0509034625033
Turkiye,TUR,2017,5.89323990944807
Tanzania,TZA,2017,10.2785536416025
Uganda,UGA,2017,14.9376122057273
Ukraine,UKR,2017,8.41159975644233
Upper middle income,UMC,2017,7.80337730961296
Uruguay,URY,2017,13.3150273623055
United States,USA,2017,6.08834023504952
Uzbekistan,UZB,2017,10.7797032514125
St. Vincent and the Grenadines,VCT,2017,28.0694383839329
Viet Nam,VNM,2017,8.01962000384069
World,WLD,2017,8.51918868421009
Samoa,WSM,2017,27.7720216869181
South Africa,ZAF,2017,7.87838407329725
Zambia,ZMB,2017,6.11675887008898
Zimbabwe,ZWE,2017,14.8943839254836
Aruba,ABW,2018,27.7702538684234
Africa Eastern and Southern,AFE,2018,11.7000945472299
Afghanistan,AFG,2018,34.0330576607125
Africa Western and Central,AFW,2018,16.7220163548222
Angola,AGO,2018,20.4742098971902
Albania,ALB,2018,14.0435873264872
Andorra,AND,2018,22.1275286080598
Arab World,ARB,2018,13.0053907396525
United Arab Emirates,ARE,2018,7.30579317402429
Argentina,ARG,2018,6.86536216997546
Armenia,ARM,2018,16.2201533718823
Antigua and Barbuda,ATG,2018,27.3848165605152
Australia,AUS,2018,6.52594691958162
Austria,AUT,2018,7.41484880182237
Azerbaijan,AZE,2018,14.4928276416724
Burundi,BDI,2018,16.7479405418771
Belgium,BEL,2018,9.71106903090542
Benin,BEN,2018,46.9193864424986
Burkina Faso,BFA,2018,12.1553570934943
Bangladesh,BGD,2018,13.0022763018655
Bulgaria,BGR,2018,9.75666371350693
Bahrain,BHR,2018,9.24667873826657
"Bahamas, The",BHS,2018,19.227624604989
Bosnia and Herzegovina,BIH,2018,15.8118385517668
Belarus,BLR,2018,10.174099196494
Belize,BLZ,2018,20.1837999752106
Bermuda,BMU,2018,20.7916852924833
Bolivia,BOL,2018,7.65283906071634
Brazil,BRA,2018,5.38447644097633
Barbados,BRB,2018,22.6076454123435
Brunei Darussalam,BRN,2018,12.1391157382379
Bhutan,BTN,2018,14.9073298565588
Botswana,BWA,2018,12.2000131292421
Central African Republic,CAF,2018,20.560841951453
Canada,CAN,2018,7.93445182112811
Central Europe and the Baltics,CEB,2018,7.64304692808131
Switzerland,CHE,2018,4.5395306678285
Chile,CHL,2018,9.61432324289901
China,CHN,2018,6.18908395984885
Cote d'Ivoire,CIV,2018,21.0509451648051
Cameroon,CMR,2018,20.0391865522141
"Congo, Dem. Rep.",COD,2018,8.55138709790225
"Congo, Rep.",COG,2018,15.5154182694521
Colombia,COL,2018,12.5406220745966
Comoros,COM,2018,42.053864617836
Cabo Verde,CPV,2018,30.1994885008568
Costa Rica,CRI,2018,12.9166824534422
Caribbean small states,CSS,2018,15.9253491125218
Cuba,CUB,2018,19.4811687851869
Cyprus,CYP,2018,12.9092248886023
Czechia,CZE,2018,5.41928600352194
Germany,DEU,2018,7.76013449050903
Dominica,DMA,2018,17.3944748239404
Denmark,DNK,2018,13.5367246822891
Dominican Republic,DOM,2018,14.8369211459733
East Asia & Pacific (excluding high income),EAP,2018,6.85831237911153
Early-demographic dividend,EAR,2018,9.25869271446278
East Asia & Pacific,EAS,2018,6.70020446860187
Europe & Central Asia (excluding high income),ECA,2018,8.29218381653905
Europe & Central Asia,ECS,2018,9.21984921683234
Ecuador,ECU,2018,10.0366845287616
"Egypt, Arab Rep.",EGY,2018,18.3309787934642
Euro area,EMU,2018,9.54722526767937
Spain,ESP,2018,10.7663175783528
Estonia,EST,2018,10.0299420419391
Ethiopia,ETH,2018,15.0551986612583
European Union,EUU,2018,9.37960784668922
Fragile and conflict affected situations,FCS,2018,16.4872496987356
Finland,FIN,2018,7.536197065389
Fiji,FJI,2018,16.3262332413978
France,FRA,2018,9.41074345219893
Gabon,GAB,2018,16.3803209884739
United Kingdom,GBR,2018,9.66088187367103
Georgia,GEO,2018,13.7896991685917
Ghana,GHA,2018,20.0673120919156
"Gambia, The",GMB,2018,32.235941932741
Guinea-Bissau,GNB,2018,41.7103517219214
Greece,GRC,2018,12.1198834592954
Grenada,GRD,2018,21.1778302925644
Greenland,GRL,2018,19.8422691078303
Guatemala,GTM,2018,14.7263282022478
Guyana,GUY,2018,11.5344054445164
High income,HIC,2018,8.130758842604
"Hong Kong SAR, China",HKG,2018,4.66711488977334
Honduras,HND,2018,18.5735584582839
Heavily indebted poor countries (HIPC),HPC,2018,17.3283180133334
Croatia,HRV,2018,12.3816822401309
Hungary,HUN,2018,5.61692768149674
IBRD only,IBD,2018,7.72894733825411
IDA & IBRD total,IBT,2018,8.26784375753876
IDA total,IDA,2018,14.9668118938417
IDA blend,IDB,2018,12.6931871020473
Indonesia,IDN,2018,10.2087283524839
IDA only,IDX,2018,16.4211626744283
India,IND,2018,3.85218741928945
Ireland,IRL,2018,9.86143456458797
"Iran, Islamic Rep.",IRN,2018,25.5591386885995
Iceland,ISL,2018,9.63227527798091
Israel,ISR,2018,8.41916293079596
Italy,ITA,2018,9.92310610885055
Jamaica,JAM,2018,16.4436782086749
Jordan,JOR,2018,18.9063968497975
Japan,JPN,2018,9.42472232479178
Kazakhstan,KAZ,2018,10.6216549277196
Kenya,KEN,2018,14.0491243531296
Kyrgyz Republic,KGZ,2018,11.1110730511763
Cambodia,KHM,2018,7.41186393155405
Kiribati,KIR,2018,37.4776605248094
"Korea, Rep.",KOR,2018,5.8238049423598
Kuwait,KWT,2018,15.0275119616334
Latin America & Caribbean (excluding high income),LAC,2018,7.50791341011835
Lao PDR,LAO,2018,12.3817697224743
Lebanon,LBN,2018,16.8145008721869
Liberia,LBR,2018,21.8434167528347
Libya,LBY,2018,26.2829514153415
St. Lucia,LCA,2018,25.3671373347093
Latin America & Caribbean,LCN,2018,8.00385792922026
Least developed countries: UN classification,LDC,2018,16.6194693178947
Low income,LIC,2018,22.1481291184286
Lower middle income,LMC,2018,9.61118895444742
Low & middle income,LMY,2018,8.04649251271129
Lesotho,LSO,2018,19.0604977582705
Late-demographic dividend,LTE,2018,7.66250212879536
Lithuania,LTU,2018,11.6991696886547
Luxembourg,LUX,2018,12.405002913907
Latvia,LVA,2018,16.3008377870611
"Macao SAR, China",MAC,2018,16.3968373621306
Morocco,MAR,2018,10.8302051328602
Moldova,MDA,2018,12.6922468037104
Madagascar,MDG,2018,17.1819354239755
Maldives,MDV,2018,17.2585559308763
"Middle East, North Africa, Afghanistan & Pakistan",MEA,2018,13.1385228144862
Mexico,MEX,2018,5.48103866403056
Middle income,MIC,2018,7.84478746417581
North Macedonia,MKD,2018,10.0149828427261
Mali,MLI,2018,14.6304765515477
Malta,MLT,2018,12.2188324925601
Myanmar,MMR,2018,13.0606914145226
"Middle East, North Africa, Afghanistan & Pakistan (excluding high income)",MNA,2018,18.2155327531515
Montenegro,MNE,2018,20.9967877364776
Mongolia,MNG,2018,11.408061044491
Mozambique,MOZ,2018,15.0308668955999
Mauritania,MRT,2018,18.2390093894863
Mauritius,MUS,2018,21.0041126642229
Malawi,MWI,2018,10.3285910360541
Malaysia,MYS,2018,7.44824533588816
North America,NAC,2018,6.27154568513144
Namibia,NAM,2018,11.2812687041413
Niger,NER,2018,29.856671176357
Nigeria,NGA,2018,10.9317924691619
Nicaragua,NIC,2018,14.3596052375067
Netherlands,NLD,2018,12.2346611891896
Norway,NOR,2018,9.21545451153842
Nepal,NPL,2018,15.1995572665085
New Zealand,NZL,2018,11.3255665553283
OECD members,OED,2018,8.04102908491334
Oman,OMN,2018,14.8275810162406
Other small states,OSS,2018,13.7930631879311
Pakistan,PAK,2018,10.0377089627561
Panama,PAN,2018,10.0868321387973
Peru,PER,2018,11.3941783907753
Philippines,PHL,2018,11.1920718061376
Palau,PLW,2018,22.9564406589098
Poland,POL,2018,8.31583833661229
Pre-demographic dividend,PRE,2018,16.494333011194
Portugal,PRT,2018,14.143331391887
Paraguay,PRY,2018,8.51893923193412
West Bank and Gaza,PSE,2018,29.1758224974415
Pacific island small states,PSS,2018,19.9922484961308
Post-demographic dividend,PST,2018,7.86504671514542
French Polynesia,PYF,2018,19.0152182874317
Qatar,QAT,2018,10.6236797484241
Romania,ROU,2018,8.83206879758597
Russian Federation,RUS,2018,11.8709786748031
Rwanda,RWA,2018,20.6205088467776
South Asia,SAS,2018,4.96788723174088
Saudi Arabia,SAU,2018,15.4023068350858
Sudan,SDN,2018,29.9100868799566
Senegal,SEN,2018,21.0437172546777
Singapore,SGP,2018,3.62218440864235
Solomon Islands,SLB,2018,22.1945814666512
Sierra Leone,SLE,2018,32.2868033846246
El Salvador,SLV,2018,16.9573889257067
Sub-Saharan Africa (excluding high income),SSA,2018,13.1998345600688
Sub-Saharan Africa,SSF,2018,13.305396579792
Small states,SST,2018,14.6671121276959
Sao Tome and Principe,STP,2018,29.2119922018986
Suriname,SUR,2018,14.0527913926207
Slovak Republic,SVK,2018,5.5542694160546
Slovenia,SVN,2018,7.71495133858127
Sweden,SWE,2018,10.3896407998445
Eswatini,SWZ,2018,18.8200188962016
Seychelles,SYC,2018,20.3544780116514
East Asia & Pacific (IDA & IBRD countries),TEA,2018,6.85928416085897
Europe & Central Asia (IDA & IBRD countries),TEC,2018,9.26334535701025
Togo,TGO,2018,17.4032547222881
Thailand,THA,2018,5.99558842485145
Tajikistan,TJK,2018,19.1422937679975
Latin America & the Caribbean (IDA & IBRD countries),TLA,2018,7.80651708904215
Timor-Leste,TLS,2018,29.3736970156016
"Middle East, North Africa, Afghanistan & Pakistan (IDA & IBRD)",TMN,2018,17.948274216396
Tonga,TON,2018,24.6859580235667
South Asia (IDA & IBRD),TSA,2018,4.96788723174088
Sub-Saharan Africa (IDA & IBRD countries),TSS,2018,13.305396579792
Trinidad and Tobago,TTO,2018,12.6009337081363
Tunisia,TUN,2018,10.4735011534641
Turkiye,TUR,2018,6.0896624227992
Tanzania,TZA,2018,7.24022427153078
Uganda,UGA,2018,11.7987806111255
Ukraine,UKR,2018,8.57439699746601
Upper middle income,UMC,2018,7.2779675213127
Uruguay,URY,2018,14.583805102745
United States,USA,2018,5.95676257518906
Uzbekistan,UZB,2018,9.43829651977165
St. Vincent and the Grenadines,VCT,2018,26.2867992398116
Viet Nam,VNM,2018,7.92785051617717
World,WLD,2018,8.11300173933616
Samoa,WSM,2018,28.4323650940567
"Yemen, Rep.",YEM,2018,40.1803513582152
South Africa,ZAF,2018,7.07452786511397
Zambia,ZMB,2018,5.27627154479216
Zimbabwe,ZWE,2018,11.8875690469618
Aruba,ABW,2019,28.4542768404672
Africa Eastern and Southern,AFE,2019,10.8048574078565
Afghanistan,AFG,2019,26.9158389109364
Africa Western and Central,AFW,2019,16.2943756069863
Angola,AGO,2019,19.7878114318642
Albania,ALB,2019,14.9471165333016
Andorra,AND,2019,22.6442346858441
Arab World,ARB,2019,12.3286748818153
United Arab Emirates,ARE,2019,6.18405146475468
Argentina,ARG,2019,6.48775553466309
Armenia,ARM,2019,16.4434924170623
Antigua and Barbuda,ATG,2019,26.6236599970254
Australia,AUS,2019,7.16469389675818
Austria,AUT,2019,7.65987379093092
Azerbaijan,AZE,2019,13.7181629144315
Burundi,BDI,2019,15.5918628771654
Belgium,BEL,2019,9.69819398741148
Benin,BEN,2019,38.4400102736487
Burkina Faso,BFA,2019,10.7388765383673
Bulgaria,BGR,2019,10.6120660211136
Bahrain,BHR,2019,9.75028267373527
"Bahamas, The",BHS,2019,18.2897462358856
Bosnia and Herzegovina,BIH,2019,16.1864788481885
Belarus,BLR,2019,10.3220966570055
Belize,BLZ,2019,20.2207696125132
Bermuda,BMU,2019,19.3383337582469
Bolivia,BOL,2019,7.52521161926762
Brazil,BRA,2019,5.39026493215019
Barbados,BRB,2019,22.9790653581989
Brunei Darussalam,BRN,2019,9.95122453752763
Bhutan,BTN,2019,16.5642205655472
Botswana,BWA,2019,12.6666513242032
Central African Republic,CAF,2019,16.7253326582599
Canada,CAN,2019,8.19588860909452
Central Europe and the Baltics,CEB,2019,8.00580385160694
Switzerland,CHE,2019,4.48740531032308
Chile,CHL,2019,10.0733017058917
China,CHN,2019,7.02820185377525
Cote d'Ivoire,CIV,2019,21.3625721757374
Cameroon,CMR,2019,20.3772701810346
"Congo, Dem. Rep.",COD,2019,7.65700170576939
"Congo, Rep.",COG,2019,25.0494616970264
Colombia,COL,2019,12.4538642903129
Comoros,COM,2019,42.6978479518729
Cabo Verde,CPV,2019,19.7766587982554
Costa Rica,CRI,2019,13.1806920685055
Caribbean small states,CSS,2019,16.7945616281733
Cuba,CUB,2019,22.4491148515253
Cyprus,CYP,2019,15.1596082867896
Czechia,CZE,2019,5.68716232766313
Germany,DEU,2019,7.80471254183062
Dominica,DMA,2019,19.2473409108592
Denmark,DNK,2019,13.9634220902985
Dominican Republic,DOM,2019,14.9000307723725
East Asia & Pacific (excluding high income),EAP,2019,7.51348168074793
Early-demographic dividend,EAR,2019,9.35318032966321
East Asia & Pacific,EAS,2019,7.17654730479097
Europe & Central Asia (excluding high income),ECA,2019,8.75076159569236
Europe & Central Asia,ECS,2019,9.2658505764425
Ecuador,ECU,2019,10.5536547655104
"Egypt, Arab Rep.",EGY,2019,20.9318510685966
Euro area,EMU,2019,9.59150712419352
Spain,ESP,2019,10.7900297344407
Estonia,EST,2019,10.2204953189272
Ethiopia,ETH,2019,12.1948705346236
European Union,EUU,2019,9.47896220077729
Finland,FIN,2019,7.69829343610545
Fiji,FJI,2019,15.0516886237463
France,FRA,2019,9.3250111557903
Gabon,GAB,2019,14.331102320639
United Kingdom,GBR,2019,9.15488692611623
Georgia,GEO,2019,12.7313001895991
Ghana,GHA,2019,17.406953900926
"Gambia, The",GMB,2019,33.1605556156461
Greece,GRC,2019,12.5080368725452
Grenada,GRD,2019,23.3158216312585
Guatemala,GTM,2019,15.571192391491
Guyana,GUY,2019,6.96708141008088
High income,HIC,2019,8.2169827059831
"Hong Kong SAR, China",HKG,2019,4.73074258142538
Honduras,HND,2019,18.4777160416782
Heavily indebted poor countries (HIPC),HPC,2019,15.9484510772476
Croatia,HRV,2019,13.2745684888342
Hungary,HUN,2019,5.73825706437629
IBRD only,IBD,2019,8.1943544735268
IDA & IBRD total,IBT,2019,8.61342102804037
IDA total,IDA,2019,14.2761250449801
IDA blend,IDB,2019,13.1588456979093
Indonesia,IDN,2019,10.6159984251183
IDA only,IDX,2019,15.1222083523588
India,IND,2019,3.97304277623304
Ireland,IRL,2019,10.0252447512953
"Iran, Islamic Rep.",IRN,2019,28.0531454667852
Iceland,ISL,2019,11.3497909816576
Israel,ISR,2019,8.73662822514067
Italy,ITA,2019,10.175924057492
Jamaica,JAM,2019,17.9730088973925
Jordan,JOR,2019,19.5154893784339
Japan,JPN,2019,9.81903513557923
Kazakhstan,KAZ,2019,9.73895066598611
Kenya,KEN,2019,14.6181649110231
Kyrgyz Republic,KGZ,2019,13.3224511471005
Cambodia,KHM,2019,7.01752753996742
"Korea, Rep.",KOR,2019,6.1797632808015
Kuwait,KWT,2019,16.4863798431681
Latin America & Caribbean (excluding high income),LAC,2019,7.61821028955437
Lao PDR,LAO,2019,15.6827343966589
Lebanon,LBN,2019,15.8900367356293
Liberia,LBR,2019,28.2606821738141
Libya,LBY,2019,21.6020225297359
St. Lucia,LCA,2019,27.0831423844868
Latin America & Caribbean,LCN,2019,8.16740473468807
Least developed countries: UN classification,LDC,2019,15.5916875548568
Sri Lanka,LKA,2019,11.644341247059
Lower middle income,LMC,2019,9.76344490484087
Low & middle income,LMY,2019,8.41026000608739
Lesotho,LSO,2019,19.8190806954934
Late-demographic dividend,LTE,2019,8.08436849062011
Lithuania,LTU,2019,12.210967377324
Luxembourg,LUX,2019,12.1342968475334
Latvia,LVA,2019,16.9561391366234
"Macao SAR, China",MAC,2019,16.5983673930507
Morocco,MAR,2019,10.9298479348448
Moldova,MDA,2019,13.331673798552
Madagascar,MDG,2019,16.510172892008
Maldives,MDV,2019,19.4636336302399
"Middle East, North Africa, Afghanistan & Pakistan",MEA,2019,12.8678449928061
Mexico,MEX,2019,5.58088832681414
Middle income,MIC,2019,8.28130575000194
North Macedonia,MKD,2019,9.64149511717801
Mali,MLI,2019,13.9028278784805
Malta,MLT,2019,10.0704844891806
Myanmar,MMR,2019,11.6963167294394
"Middle East, North Africa, Afghanistan & Pakistan (excluding high income)",MNA,2019,18.8265244040284
Montenegro,MNE,2019,21.9327992409676
Mongolia,MNG,2019,10.3897910582806
Mozambique,MOZ,2019,16.2124978067881
Mauritania,MRT,2019,18.0097268890649
Mauritius,MUS,2019,20.7602286684558
Malawi,MWI,2019,10.9853986815387
Malaysia,MYS,2019,7.74470784056747
North America,NAC,2019,6.50038501379517
Namibia,NAM,2019,15.4181626003536
Niger,NER,2019,27.6878239427059
Nigeria,NGA,2019,9.91577486664113
Nicaragua,NIC,2019,14.810286151066
Netherlands,NLD,2019,12.1967779621356
Norway,NOR,2019,9.23748481439821
Nepal,NPL,2019,16.8564389348534
New Zealand,NZL,2019,11.5258173901989
OECD members,OED,2019,8.18503045665124
Oman,OMN,2019,17.2504325824347
Other small states,OSS,2019,13.8968357379008
Pakistan,PAK,2019,10.7361855324182
Panama,PAN,2019,10.8611873578228
Peru,PER,2019,11.3878231824395
Philippines,PHL,2019,12.0340148217894
Papua New Guinea,PNG,2019,16.4267891720192
Poland,POL,2019,8.86397227652355
Pre-demographic dividend,PRE,2019,15.4603445764748
Portugal,PRT,2019,13.6401103452861
Paraguay,PRY,2019,7.97541185429955
West Bank and Gaza,PSE,2019,30.2394427536807
Post-demographic dividend,PST,2019,7.98730424152495
French Polynesia,PYF,2019,20.1455089242007
Qatar,QAT,2019,10.8205553078848
Romania,ROU,2019,9.28350321865789
Russian Federation,RUS,2019,11.6970854587471
Rwanda,RWA,2019,16.9363320273748
South Asia,SAS,2019,4.62055158959057
Saudi Arabia,SAU,2019,13.9210365638305
Senegal,SEN,2019,19.6091616510218
Singapore,SGP,2019,3.69636248365507
El Salvador,SLV,2019,18.4662747337252
Sub-Saharan Africa (excluding high income),SSA,2019,12.5894362106857
Sub-Saharan Africa,SSF,2019,12.5888141642385
Small states,SST,2019,14.8236135673987
Sao Tome and Principe,STP,2019,30.9368951866648
Suriname,SUR,2019,13.1189850384518
Slovak Republic,SVK,2019,5.73453656865922
Slovenia,SVN,2019,7.2392592537272
Sweden,SWE,2019,10.6600457582621
Eswatini,SWZ,2019,18.2907190727126
Seychelles,SYC,2019,19.0199565108019
East Asia & Pacific (IDA & IBRD countries),TEA,2019,7.51348168074793
Europe & Central Asia (IDA & IBRD countries),TEC,2019,9.62654893562922
Togo,TGO,2019,17.818209441345
Thailand,THA,2019,6.57184807226633
Tajikistan,TJK,2019,22.5763605897164
Latin America & the Caribbean (IDA & IBRD countries),TLA,2019,7.9390464147012
Timor-Leste,TLS,2019,27.3557571070901
"Middle East, North Africa, Afghanistan & Pakistan (IDA & IBRD)",TMN,2019,18.5482288544215
Tonga,TON,2019,23.6294922930743
South Asia (IDA & IBRD),TSA,2019,4.62055158959057
Sub-Saharan Africa (IDA & IBRD countries),TSS,2019,12.5888141642385
Trinidad and Tobago,TTO,2019,15.4074460924251
Tunisia,TUN,2019,10.5084628169452
Turkiye,TUR,2019,6.83311029375475
Tanzania,TZA,2019,5.70821959493459
Uganda,UGA,2019,10.7224972762183
Ukraine,UKR,2019,9.17134077552349
Upper middle income,UMC,2019,7.81444912665679
Uruguay,URY,2019,14.4783660140651
United States,USA,2019,6.18022472683816
Uzbekistan,UZB,2019,9.26005463278496
St. Vincent and the Grenadines,VCT,2019,28.4013681722224
Viet Nam,VNM,2019,7.53345590140778
World,WLD,2019,8.27784147893239
Samoa,WSM,2019,25.4713065429824
"Yemen, Rep.",YEM,2019,39.0913660243153
South Africa,ZAF,2019,7.23422341886668
Zambia,ZMB,2019,7.26167497859506
Zimbabwe,ZWE,2019,8.06018754559146
Aruba,ABW,2020,30.6104207883563
Africa Eastern and Southern,AFE,2020,12.973367339327
Africa Western and Central,AFW,2020,19.7582489462856
Angola,AGO,2020,22.7679187377981
Albania,ALB,2020,16.3673297212341
Andorra,AND,2020,20.0564991820747
Arab World,ARB,2020,13.6337450204618
United Arab Emirates,ARE,2020,6.82659326418843
Argentina,ARG,2020,8.76556056157932
Armenia,ARM,2020,18.1976003255694
Antigua and Barbuda,ATG,2020,26.4417996544095
Australia,AUS,2020,7.59766516403535
Austria,AUT,2020,8.40200077922277
Azerbaijan,AZE,2020,17.3339601285317
Burundi,BDI,2020,14.67642173268
Belgium,BEL,2020,10.8717986120178
Benin,BEN,2020,32.9310603115432
Burkina Faso,BFA,2020,11.6356204029884
Bulgaria,BGR,2020,12.6028208992188
Bahrain,BHR,2020,11.6643354834077
"Bahamas, The",BHS,2020,20.9109654323294
Bosnia and Herzegovina,BIH,2020,17.8207513092581
Belarus,BLR,2020,11.370027886011
Belize,BLZ,2020,25.6226873878784
Bermuda,BMU,2020,23.8324688163154
Bolivia,BOL,2020,10.7678594942168
Brazil,BRA,2020,6.30010348205256
Barbados,BRB,2020,23.0826240051422
Brunei Darussalam,BRN,2020,10.7667198923956
Bhutan,BTN,2020,18.8555747753539
Botswana,BWA,2020,12.6618355122959
Central African Republic,CAF,2020,16.4251347328943
Canada,CAN,2020,9.36750692188637
Central Europe and the Baltics,CEB,2020,8.66991154397563
Switzerland,CHE,2020,4.60673916160729
Chile,CHL,2020,12.5641199920981
China,CHN,2020,8.21017119906821
Cote d'Ivoire,CIV,2020,21.5850332928208
Cameroon,CMR,2020,22.5919777016995
"Congo, Dem. Rep.",COD,2020,9.33668985681507
"Congo, Rep.",COG,2020,31.3124132378392
Colombia,COL,2020,15.1845723719222
Comoros,COM,2020,37.6425255166014
Cabo Verde,CPV,2020,21.9844405841014
Costa Rica,CRI,2020,14.7500769227882
Caribbean small states,CSS,2020,19.7298609296495
Cuba,CUB,2020,25.9521894150002
Cayman Islands,CYM,2020,20.95770978119
Cyprus,CYP,2020,14.8859569693315
Czechia,CZE,2020,6.01165359189797
Germany,DEU,2020,8.55111464353651
Dominica,DMA,2020,26.5058124707519
Denmark,DNK,2020,14.0931105462707
Dominican Republic,DOM,2020,19.3227348036211
East Asia & Pacific (excluding high income),EAP,2020,8.71690347466634
Early-demographic dividend,EAR,2020,10.6817458859979
East Asia & Pacific,EAS,2020,7.98009655129791
Europe & Central Asia (excluding high income),ECA,2020,10.0398415010628
Europe & Central Asia,ECS,2020,10.1710049343811
Ecuador,ECU,2020,13.207293565198
"Egypt, Arab Rep.",EGY,2020,23.1079323874633
Euro area,EMU,2020,10.585388371752
Spain,ESP,2020,11.9186144294273
Estonia,EST,2020,11.0393542309987
Ethiopia,ETH,2020,18.3984132423039
European Union,EUU,2020,10.4071877435494
Finland,FIN,2020,8.45920999484063
Fiji,FJI,2020,22.1843301981943
France,FRA,2020,10.5068805590099
Gabon,GAB,2020,16.6439688465321
United Kingdom,GBR,2020,10.1081871798978
Georgia,GEO,2020,14.3893094987063
"Gambia, The",GMB,2020,28.8139237329338
Greece,GRC,2020,13.076932019625
Grenada,GRD,2020,24.5585861333435
Guatemala,GTM,2020,17.6939473651915
Guyana,GUY,2020,15.2342853025628
High income,HIC,2020,8.99112251559206
"Hong Kong SAR, China",HKG,2020,4.31625812948186
Honduras,HND,2020,21.8138196110535
Heavily indebted poor countries (HIPC),HPC,2020,18.2495320777628
Croatia,HRV,2020,13.5797312085611
Hungary,HUN,2020,6.1667338200809
IBRD only,IBD,2020,9.42735987079558
IDA & IBRD total,IBT,2020,9.90107076181811
IDA total,IDA,2020,16.8007643695856
IDA blend,IDB,2020,17.1408838429388
Indonesia,IDN,2020,12.6098405783724
India,IND,2020,5.48565406020561
Ireland,IRL,2020,10.7901984974779
"Iran, Islamic Rep.",IRN,2020,26.7610078346309
Iceland,ISL,2020,13.2885654035267
Israel,ISR,2020,10.053818979815
Italy,ITA,2020,11.1248713722196
Jamaica,JAM,2020,21.5295833416093
Jordan,JOR,2020,23.8505677549977
Japan,JPN,2020,10.5846916302108
Kazakhstan,KAZ,2020,18.0507671125515
Kenya,KEN,2020,16.8408243526996
Kyrgyz Republic,KGZ,2020,15.5555720102508
Cambodia,KHM,2020,8.28393956502619
Kiribati,KIR,2020,43.693895254424
"Korea, Rep.",KOR,2020,6.73698132324059
Kuwait,KWT,2020,20.0546775083583
Latin America & Caribbean (excluding high income),LAC,2020,9.07431272388176
Lao PDR,LAO,2020,19.130746903056
Lebanon,LBN,2020,19.7756866271019
Liberia,LBR,2020,25.8661754983841
St. Lucia,LCA,2020,27.6430449111677
Latin America & Caribbean,LCN,2020,9.77870399369274
Sri Lanka,LKA,2020,15.6880756478408
Lower middle income,LMC,2020,11.7743918805131
Low & middle income,LMY,2020,9.72135712775666
Lesotho,LSO,2020,22.0511768944192
Late-demographic dividend,LTE,2020,9.27404584610679
Lithuania,LTU,2020,13.5018428583972
Luxembourg,LUX,2020,13.7093835355221
Latvia,LVA,2020,18.40600119427
"Macao SAR, China",MAC,2020,14.1847417704047
Morocco,MAR,2020,14.6013907488208
Moldova,MDA,2020,14.9461255315805
Madagascar,MDG,2020,20.3096799097523
Maldives,MDV,2020,21.5413892679553
"Middle East, North Africa, Afghanistan & Pakistan",MEA,2020,14.0461501359779
Mexico,MEX,2020,6.44164536082823
Middle income,MIC,2020,9.6623384145037
North Macedonia,MKD,2020,10.4628664037981
Mali,MLI,2020,15.1778274370912
Malta,MLT,2020,12.8286865065487
Myanmar,MMR,2020,13.1358333004871
Montenegro,MNE,2020,22.303946042809
Mongolia,MNG,2020,12.5505872998488
Mozambique,MOZ,2020,19.6800151968513
Mauritania,MRT,2020,29.734432593819
Mauritius,MUS,2020,24.747136305123
Malawi,MWI,2020,14.7088690292549
Malaysia,MYS,2020,8.90112247147793
North America,NAC,2020,7.18623997832115
Namibia,NAM,2020,16.3144541090351
Niger,NER,2020,30.851228920892
Nigeria,NGA,2020,14.6260809363327
Nicaragua,NIC,2020,16.5847535951356
Netherlands,NLD,2020,13.4759648550416
Norway,NOR,2020,10.5333957560104
Nepal,NPL,2020,22.7886464131429
New Zealand,NZL,2020,13.4141194210952
OECD members,OED,2020,8.99459679299117
Oman,OMN,2020,15.7534992149336
Other small states,OSS,2020,15.2177145037202
Pakistan,PAK,2020,14.993804992521
Panama,PAN,2020,14.3961486206862
Peru,PER,2020,13.9754051681465
Philippines,PHL,2020,13.7943614007826
Papua New Guinea,PNG,2020,19.7688664506847
Poland,POL,2020,9.45617888499962
Portugal,PRT,2020,15.3556322729077
Paraguay,PRY,2020,8.85925154215953
West Bank and Gaza,PSE,2020,33.6900932770787
Post-demographic dividend,PST,2020,8.72707332193146
French Polynesia,PYF,2020,24.651681614439
Qatar,QAT,2020,11.9200931361304
Romania,ROU,2020,10.5563747240249
Russian Federation,RUS,2020,12.0737520665648
Rwanda,RWA,2020,16.6558975601936
South Asia,SAS,2020,6.32059702519356
Saudi Arabia,SAU,2020,16.2416866644918
Senegal,SEN,2020,24.0121646294358
Singapore,SGP,2020,4.11133222749717
El Salvador,SLV,2020,21.7780748710802
Sub-Saharan Africa (excluding high income),SSA,2020,14.8218095814142
Sub-Saharan Africa,SSF,2020,14.9947516337287
Small states,SST,2020,16.7646520870281
Sao Tome and Principe,STP,2020,33.5486558244754
Suriname,SUR,2020,13.3329624534678
Slovak Republic,SVK,2020,6.21782276460585
Slovenia,SVN,2020,7.62338901827488
Sweden,SWE,2020,11.2805373338696
Eswatini,SWZ,2020,20.394357926063
Seychelles,SYC,2020,13.1810402535175
East Asia & Pacific (IDA & IBRD countries),TEA,2020,8.71690347466634
Europe & Central Asia (IDA & IBRD countries),TEC,2020,10.561150489382
Togo,TGO,2020,17.4340946357038
Thailand,THA,2020,7.83778966021131
Tajikistan,TJK,2020,25.5602694486982
Latin America & the Caribbean (IDA & IBRD countries),TLA,2020,9.51254240001162
Timor-Leste,TLS,2020,31.2860819433692
Tonga,TON,2020,29.2230477545574
South Asia (IDA & IBRD),TSA,2020,6.32059702519356
Sub-Saharan Africa (IDA & IBRD countries),TSS,2020,14.9947516337287
Trinidad and Tobago,TTO,2020,18.7581041176132
Tunisia,TUN,2020,13.1628757149994
Turkiye,TUR,2020,6.7165834890423
Tanzania,TZA,2020,8.17579371598609
Uganda,UGA,2020,11.5039206906798
Ukraine,UKR,2020,11.786854832677
Upper middle income,UMC,2020,9.00183735897275
Uruguay,URY,2020,15.9769243677011
United States,USA,2020,6.77430095157312
Uzbekistan,UZB,2020,11.224393741988
St. Vincent and the Grenadines,VCT,2020,29.0965688674339
Viet Nam,VNM,2020,7.76048234226552
World,WLD,2020,9.21387058302012
South Africa,ZAF,2020,8.4019012309167
Zambia,ZMB,2020,8.713730995012
Zimbabwe,ZWE,2020,18.254024759494
Aruba,ABW,2021,33.5021292242267
Africa Eastern and Southern,AFE,2021,12.58837795341
Africa Western and Central,AFW,2021,19.253152532176
Angola,AGO,2021,18.3271316794408
Albania,ALB,2021,14.2646728733737
Andorra,AND,2021,21.2245286993877
Arab World,ARB,2021,12.1955592396535
United Arab Emirates,ARE,2021,5.35670321702564
Argentina,ARG,2021,7.53338967292266
Armenia,ARM,2021,17.3778097373439
Antigua and Barbuda,ATG,2021,24.5313407115407
Australia,AUS,2021,6.44421129042264
Austria,AUT,2021,7.3682758874461
Azerbaijan,AZE,2021,18.5122025159912
Burundi,BDI,2021,14.3251417564159
Belgium,BEL,2021,9.3291448101728
Benin,BEN,2021,35.1194769385301
Burkina Faso,BFA,2021,11.6783614787847
Bulgaria,BGR,2021,10.9214667051456
Bahrain,BHR,2021,12.2792823667973
"Bahamas, The",BHS,2021,21.9460783563395
Bosnia and Herzegovina,BIH,2021,15.5795929963747
Belarus,BLR,2021,10.3398378922726
Belize,BLZ,2021,20.9313025626709
Bermuda,BMU,2021,21.7674762100158
Bolivia,BOL,2021,7.70465862184706
Brazil,BRA,2021,5.43366665102592
Barbados,BRB,2021,21.8551147690225
Brunei Darussalam,BRN,2021,7.24559757847011
Botswana,BWA,2021,11.3983918537735
Central African Republic,CAF,2021,20.6382073139557
Canada,CAN,2021,8.69388542569324
Central Europe and the Baltics,CEB,2021,7.7748193382691
Switzerland,CHE,2021,4.63532918948216
Chile,CHL,2021,11.4491283003788
China,CHN,2021,8.11967397205663
Cote d'Ivoire,CIV,2021,21.9969486166126
Cameroon,CMR,2021,22.3168382266743
"Congo, Dem. Rep.",COD,2021,10.8817793576096
"Congo, Rep.",COG,2021,31.7125632215035
Colombia,COL,2021,13.8212317973515
Comoros,COM,2021,25.311775671036
Cabo Verde,CPV,2021,21.2428463226937
Costa Rica,CRI,2021,13.3237047832935
Caribbean small states,CSS,2021,18.5441018444305
Cuba,CUB,2021,26.6247378790478
Cayman Islands,CYM,2021,19.3351739264519
Cyprus,CYP,2021,15.2263666174707
Czechia,CZE,2021,5.56362380633626
Germany,DEU,2021,7.7678324232926
Djibouti,DJI,2021,41.1079498430142
Dominica,DMA,2021,24.9423912308128
Denmark,DNK,2021,12.8666994938473
Dominican Republic,DOM,2021,16.7587934589737
East Asia & Pacific (excluding high income),EAP,2021,8.54746877392287
Early-demographic dividend,EAR,2021,10.2563527876358
East Asia & Pacific,EAS,2021,7.53384836776146
Europe & Central Asia (excluding high income),ECA,2021,9.52793966717123
Europe & Central Asia,ECS,2021,9.21478302358526
Ecuador,ECU,2021,12.4941543784171
"Egypt, Arab Rep.",EGY,2021,21.2684759245502
Euro area,EMU,2021,9.47373837963663
Spain,ESP,2021,11.1433515467752
Estonia,EST,2021,9.40954376056997
Ethiopia,ETH,2021,28.1676089683881
European Union,EUU,2021,9.32399789669088
Finland,FIN,2021,7.24297244082398
Fiji,FJI,2021,20.1795612122022
France,FRA,2021,9.66196137586234
Gabon,GAB,2021,16.9063207335254
United Kingdom,GBR,2021,9.40725073770577
Georgia,GEO,2021,12.7673119005709
Ghana,GHA,2021,17.4030499021968
"Gambia, The",GMB,2021,23.0608669245295
Greece,GRC,2021,11.5652864905407
Grenada,GRD,2021,23.9975501632344
Guatemala,GTM,2021,15.6928076388092
Guyana,GUY,2021,8.92987799186265
High income,HIC,2021,8.22272234635303
"Hong Kong SAR, China",HKG,2021,3.7448732557173
Honduras,HND,2021,19.168746919633
Heavily indebted poor countries (HIPC),HPC,2021,18.8216098179776
Croatia,HRV,2021,12.8274787632237
Hungary,HUN,2021,5.79600558107441
IBRD only,IBD,2021,8.95298534683337
IDA & IBRD total,IBT,2021,9.47223641416143
IDA total,IDA,2021,16.7583178165702
IDA blend,IDB,2021,16.2636545779674
Indonesia,IDN,2021,11.5637815053867
IDA only,IDX,2021,17.1587559053611
India,IND,2021,5.05246462548225
Ireland,IRL,2021,8.62484947562997
"Iran, Islamic Rep.",IRN,2021,30.9322239984819
Iceland,ISL,2021,11.3319088896599
Israel,ISR,2021,9.42348713145627
Italy,ITA,2021,9.74324779821526
Jamaica,JAM,2021,20.9698203764182
Jordan,JOR,2021,21.0315876504526
Japan,JPN,2021,9.50819177781891
Kazakhstan,KAZ,2021,17.3972567289582
Kenya,KEN,2021,15.9779383697722
Kyrgyz Republic,KGZ,2021,15.3622273858414
Cambodia,KHM,2021,6.12463203943485
Kiribati,KIR,2021,41.4444062808522
"Korea, Rep.",KOR,2021,6.19614160799124
Kuwait,KWT,2021,16.6311056148886
Latin America & Caribbean (excluding high income),LAC,2021,8.3659049100836
Lao PDR,LAO,2021,16.1348902140594
Lebanon,LBN,2021,16.5019102115096
Liberia,LBR,2021,26.432854011667
Latin America & Caribbean,LCN,2021,9.12035381961925
Sri Lanka,LKA,2021,13.3769085197473
Lower middle income,LMC,2021,11.1264050435749
Low & middle income,LMY,2021,9.32990166206281
Lesotho,LSO,2021,20.6696434492677
Late-demographic dividend,LTE,2021,8.69403351191579
Lithuania,LTU,2021,11.3114672095786
Luxembourg,LUX,2021,12.0925907877167
Latvia,LVA,2021,15.089789767333
"Macao SAR, China",MAC,2021,11.0508298173656
Morocco,MAR,2021,12.9963409257012
Moldova,MDA,2021,13.4034014676211
Madagascar,MDG,2021,21.5069929784188
Maldives,MDV,2021,22.8096769189981
"Middle East, North Africa, Afghanistan & Pakistan",MEA,2021,12.9379848068677
Mexico,MEX,2021,6.41740137488419
Middle income,MIC,2021,9.25833749260686
North Macedonia,MKD,2021,9.52058791032704
Mali,MLI,2021,16.7519468299586
Malta,MLT,2021,11.6738529338072
Myanmar,MMR,2021,17.7820061733504
Montenegro,MNE,2021,23.6470062888105
Mongolia,MNG,2021,13.973184149048
Mozambique,MOZ,2021,20.154961237248
Mauritania,MRT,2021,25.2283531808011
Mauritius,MUS,2021,21.6151579579228
Malawi,MWI,2021,10.4173125189968
Malaysia,MYS,2021,8.86726797037418
North America,NAC,2021,6.94294489525263
Namibia,NAM,2021,15.210139175609
Niger,NER,2021,36.1604582257525
Nigeria,NGA,2021,14.1644968604555
Nicaragua,NIC,2021,13.9119381053262
Netherlands,NLD,2021,11.9505595367936
Norway,NOR,2021,10.352980489359
Nepal,NPL,2021,20.9511122107417
New Zealand,NZL,2021,11.475669248619
OECD members,OED,2021,8.26693970772364
Oman,OMN,2021,16.612706212947
Other small states,OSS,2021,14.4227380648253
Pakistan,PAK,2021,12.8684989494526
Panama,PAN,2021,18.1829555056017
Peru,PER,2021,12.5184998826571
Philippines,PHL,2021,13.1759958322266
Papua New Guinea,PNG,2021,19.2287675377584
Poland,POL,2021,8.33282549884671
Portugal,PRT,2021,14.113685208875
Paraguay,PRY,2021,7.58801522621002
West Bank and Gaza,PSE,2021,31.7023053621989
Pacific island small states,PSS,2021,23.6791975112908
Post-demographic dividend,PST,2021,8.00625027974501
French Polynesia,PYF,2021,22.2566849077147
Qatar,QAT,2021,10.794876789514
Romania,ROU,2021,9.78427960057818
Russian Federation,RUS,2021,10.8585376848486
Rwanda,RWA,2021,19.8078434292183
South Asia,SAS,2021,5.75701623758138
Saudi Arabia,SAU,2021,15.0790158758812
Senegal,SEN,2021,21.3602755148431
Singapore,SGP,2021,3.91566396251366
El Salvador,SLV,2021,16.7741528480621
Sub-Saharan Africa (excluding high income),SSA,2021,14.064795996075
Sub-Saharan Africa,SSF,2021,14.7542637758557
Small states,SST,2021,15.9044323102567
Sao Tome and Principe,STP,2021,34.7543193908872
Suriname,SUR,2021,16.0527525964533
Slovak Republic,SVK,2021,5.8278811540673
Slovenia,SVN,2021,6.42095588080986
Sweden,SWE,2021,9.98303563220722
Eswatini,SWZ,2021,18.6152649615263
Seychelles,SYC,2021,19.5211628407499
East Asia & Pacific (IDA & IBRD countries),TEA,2021,8.54746877392287
Europe & Central Asia (IDA & IBRD countries),TEC,2021,9.69562526947847
Togo,TGO,2021,16.3337350333552
Thailand,THA,2021,6.82955384587696
Tajikistan,TJK,2021,22.7500801632965
Latin America & the Caribbean (IDA & IBRD countries),TLA,2021,8.82930700179377
Timor-Leste,TLS,2021,32.7195327729287
Tonga,TON,2021,35.74822969842
South Asia (IDA & IBRD),TSA,2021,5.75701623758138
Sub-Saharan Africa (IDA & IBRD countries),TSS,2021,14.7542637758557
Trinidad and Tobago,TTO,2021,17.7110990236331
Tunisia,TUN,2021,12.0513731767034
Turkiye,TUR,2021,6.42706260735525
Tanzania,TZA,2021,8.49486214916324
Uganda,UGA,2021,14.1830663509934
Ukraine,UKR,2021,10.5646477878813
Upper middle income,UMC,2021,8.6671511463978
Uruguay,URY,2021,14.1263440437836
United States,USA,2021,6.61168444273988
Uzbekistan,UZB,2021,12.8737345161124
St. Vincent and the Grenadines,VCT,2021,28.213062661176
Viet Nam,VNM,2021,8.32561178499203
World,WLD,2021,8.5669294634162
Samoa,WSM,2021,30.9077311642681
South Africa,ZAF,2021,7.20423265995072
Zambia,ZMB,2021,8.98696065551374
Zimbabwe,ZWE,2021,14.369808426375
Aruba,ABW,2022,32.2457402016937
Africa Eastern and Southern,AFE,2022,11.4089704628017
Africa Western and Central,AFW,2022,16.2689415686843
Angola,AGO,2022,17.8999629886485
Albania,ALB,2022,11.6633351612072
Andorra,AND,2022,20.6997363956857
Arab World,ARB,2022,12.4591039502937
United Arab Emirates,ARE,2022,5.58446625724263
Argentina,ARG,2022,5.90818914522675
Armenia,ARM,2022,15.1008675786869
Antigua and Barbuda,ATG,2022,28.2226388155921
Australia,AUS,2022,6.14945900451023
Austria,AUT,2022,7.1805424907591
Azerbaijan,AZE,2022,18.1153860359817
Burundi,BDI,2022,12.863056718752
Belgium,BEL,2022,8.48065684012637
Benin,BEN,2022,30.0004424084632
Burkina Faso,BFA,2022,11.265164215728
Bulgaria,BGR,2022,11.7025351461501
Bahrain,BHR,2022,14.1665572021434
"Bahamas, The",BHS,2022,22.5074962116983
Bosnia and Herzegovina,BIH,2022,15.1259454565601
Belize,BLZ,2022,18.4100838986607
Bermuda,BMU,2022,21.4713633824619
Bolivia,BOL,2022,5.97328027448646
Brazil,BRA,2022,4.90797968652848
Barbados,BRB,2022,21.5901287686232
Brunei Darussalam,BRN,2022,7.15947778454557
Bhutan,BTN,2022,16.5367264487644
Botswana,BWA,2022,13.2953691030889
Central African Republic,CAF,2022,16.9419623546387
Canada,CAN,2022,8.40247661513113
Central Europe and the Baltics,CEB,2022,7.78049147443663
Switzerland,CHE,2022,4.20487044755659
Chile,CHL,2022,10.7190417814633
China,CHN,2022,8.50986398807462
Cote d'Ivoire,CIV,2022,17.9852160918608
Cameroon,CMR,2022,24.5474353251023
"Congo, Dem. Rep.",COD,2022,7.89774708475255
"Congo, Rep.",COG,2022,24.5432926284533
Colombia,COL,2022,13.64324412577
Comoros,COM,2022,46.8234744914721
Cabo Verde,CPV,2022,19.2720142927348
Costa Rica,CRI,2022,12.4940561664025
Caribbean small states,CSS,2022,20.1111302098789
Cuba,CUB,2022,25.2112885827776
Cayman Islands,CYM,2022,20.4265981087821
Cyprus,CYP,2022,14.7664873941997
Czechia,CZE,2022,5.52622278480675
Germany,DEU,2022,7.40331210711703
Djibouti,DJI,2022,36.8576646777546
Dominica,DMA,2022,25.9962026258186
Denmark,DNK,2022,13.2449989449827
Dominican Republic,DOM,2022,20.0361682533527
East Asia & Pacific (excluding high income),EAP,2022,8.69869455745312
Early-demographic dividend,EAR,2022,9.92425769106228
East Asia & Pacific,EAS,2022,7.46306546764449
Europe & Central Asia (excluding high income),ECA,2022,9.44445664141906
Europe & Central Asia,ECS,2022,8.74336944213328
Ecuador,ECU,2022,12.5642283057306
"Egypt, Arab Rep.",EGY,2022,22.1214154443618
Euro area,EMU,2022,8.91001576603432
Spain,ESP,2022,10.9462591141838
Estonia,EST,2022,9.69265891711908
Ethiopia,ETH,2022,23.8028758749573
European Union,EUU,2022,8.87882022990898
Finland,FIN,2022,7.44159661901572
Fiji,FJI,2022,19.490778751998
France,FRA,2022,8.89679826129939
Gabon,GAB,2022,15.3299541775162
United Kingdom,GBR,2022,9.06213951918742
Georgia,GEO,2022,13.2050235242219
Ghana,GHA,2022,14.8463107000708
"Gambia, The",GMB,2022,18.1979695251988
Greece,GRC,2022,10.4763151704775
Grenada,GRD,2022,24.3491456486106
Guatemala,GTM,2022,15.7955245453658
Guyana,GUY,2022,12.8935636153533
High income,HIC,2022,7.89980189456052
"Hong Kong SAR, China",HKG,2022,3.48755579889078
Heavily indebted poor countries (HIPC),HPC,2022,16.067076946909
Croatia,HRV,2022,11.4485939722102
Hungary,HUN,2022,6.18075443107612
IBRD only,IBD,2022,8.84230803443633
IDA & IBRD total,IBT,2022,9.25307326628097
IDA total,IDA,2022,14.922458081999
IDA blend,IDB,2022,14.996644921413
Indonesia,IDN,2022,10.997103973879
India,IND,2022,4.68745287929006
Ireland,IRL,2022,8.06620273250132
"Iran, Islamic Rep.",IRN,2022,29.4601700206271
Iceland,ISL,2022,9.9577101108031
Israel,ISR,2022,9.36066373895247
Italy,ITA,2022,8.95561590152959
Jamaica,JAM,2022,20.57220808264
Jordan,JOR,2022,21.2018889672992
Japan,JPN,2022,8.88622489867363
Kazakhstan,KAZ,2022,19.1029713866299
Kenya,KEN,2022,16.4130221428394
Kyrgyz Republic,KGZ,2022,11.739329193306
Cambodia,KHM,2022,6.13865191733293
"Korea, Rep.",KOR,2022,6.06454085720441
Kuwait,KWT,2022,17.6971081288462
Latin America & Caribbean (excluding high income),LAC,2022,7.90584851800223
Lao PDR,LAO,2022,17.2304242371746
Lebanon,LBN,2022,14.025527168013
Liberia,LBR,2022,24.4204011896133
Latin America & Caribbean,LCN,2022,8.65024645298497
Sri Lanka,LKA,2022,13.9004389044115
Lower middle income,LMC,2022,10.6302878215882
Low & middle income,LMY,2022,9.16627498167162
Lesotho,LSO,2022,24.0244253306656
Late-demographic dividend,LTE,2022,8.68893651468123
Lithuania,LTU,2022,10.7006790833598
Luxembourg,LUX,2022,11.9396453755243
Latvia,LVA,2022,14.8967029089865
"Macao SAR, China",MAC,2022,15.3162859686901
Morocco,MAR,2022,13.3904543924044
Moldova,MDA,2022,13.4486256182455
Madagascar,MDG,2022,19.1718470962876
Maldives,MDV,2022,19.8123346341875
"Middle East, North Africa, Afghanistan & Pakistan",MEA,2022,13.0910909218331
Mexico,MEX,2022,6.23129986378098
Middle income,MIC,2022,9.12214011318151
North Macedonia,MKD,2022,9.15867216301466
Mali,MLI,2022,13.351534281382
Malta,MLT,2022,11.5126682496683
Myanmar,MMR,2022,12.248206817151
Montenegro,MNE,2022,22.2412839016987
Mongolia,MNG,2022,12.6368732849131
Mozambique,MOZ,2022,11.9681362888777
Mauritania,MRT,2022,23.8872147333572
Mauritius,MUS,2022,21.361017761501
Malawi,MWI,2022,9.57678807872112
Malaysia,MYS,2022,8.23088244062583
North America,NAC,2022,6.91586518612176
Namibia,NAM,2022,13.6490122778381
Niger,NER,2022,25.5919996824091
Nigeria,NGA,2022,11.4255288173072
Nicaragua,NIC,2022,14.6970553293751
Netherlands,NLD,2022,11.1110507631343
Norway,NOR,2022,9.72894366220406
Nepal,NPL,2022,17.9619548542567
New Zealand,NZL,2022,11.0671792942827
OECD members,OED,2022,7.9550114837063
Oman,OMN,2022,14.574723936986
Other small states,OSS,2022,13.9787528262636
Pakistan,PAK,2022,13.2091941252982
Panama,PAN,2022,16.2196710038657
Peru,PER,2022,11.9102241284885
Philippines,PHL,2022,13.9186828860783
Papua New Guinea,PNG,2022,18.0711191053163
Poland,POL,2022,8.3950103705261
Portugal,PRT,2022,13.7347163135715
Paraguay,PRY,2022,7.22151130412879
West Bank and Gaza,PSE,2022,28.4235922781769
Post-demographic dividend,PST,2022,7.68254379659509
French Polynesia,PYF,2022,23.7647524645896
Qatar,QAT,2022,12.024746637738
Romania,ROU,2022,9.99808767629047
Rwanda,RWA,2022,22.4441780080013
South Asia,SAS,2022,5.40667860257071
Saudi Arabia,SAU,2022,15.5240541237484
Senegal,SEN,2022,18.8118929208828
Singapore,SGP,2022,3.66571469910343
El Salvador,SLV,2022,17.6254139593719
Sub-Saharan Africa (excluding high income),SSA,2022,12.4371558156252
Sub-Saharan Africa,SSF,2022,12.988340086084
Small states,SST,2022,15.9073730770268
Sao Tome and Principe,STP,2022,27.4516536137683
Suriname,SUR,2022,15.1173341990387
Slovak Republic,SVK,2022,5.69273682792899
Slovenia,SVN,2022,5.68651688620376
Sweden,SWE,2022,10.0520658690554
Eswatini,SWZ,2022,19.2127706671286
Seychelles,SYC,2022,15.2579607317424
East Asia & Pacific (IDA & IBRD countries),TEA,2022,8.69869455745312
Europe & Central Asia (IDA & IBRD countries),TEC,2022,9.35331649621547
Togo,TGO,2022,15.7546942777709
Thailand,THA,2022,6.50488999044386
Tajikistan,TJK,2022,22.1301533626548
Latin America & the Caribbean (IDA & IBRD countries),TLA,2022,8.3635485025222
Timor-Leste,TLS,2022,28.1699889338011
Tonga,TON,2022,28.071617353335
South Asia (IDA & IBRD),TSA,2022,5.40667860257071
Sub-Saharan Africa (IDA & IBRD countries),TSS,2022,12.988340086084
Trinidad and Tobago,TTO,2022,20.5709524334505
Tunisia,TUN,2022,12.7608432391714
Turkiye,TUR,2022,6.31093067974344
Tanzania,TZA,2022,7.20749292124296
Uganda,UGA,2022,13.4894669922506
Ukraine,UKR,2022,10.482435741953
Upper middle income,UMC,2022,8.64513232381212
Uruguay,URY,2022,13.1851223686736
United States,USA,2022,6.63381888216102
Uzbekistan,UZB,2022,14.3081736536072
St. Vincent and the Grenadines,VCT,2022,27.2558204242199
Viet Nam,VNM,2022,8.50025282921525
World,WLD,2022,8.28884741450061
Samoa,WSM,2022,29.503582327412
South Africa,ZAF,2022,6.3766274385877
Zambia,ZMB,2022,7.76492105778001
Zimbabwe,ZWE,2022,13.3173235502424
Aruba,ABW,2023,30.7454723493872
Africa Eastern and Southern,AFE,2023,10.6450411072515
Africa Western and Central,AFW,2023,15.3243806866191
Angola,AGO,2023,14.4443926524951
Albania,ALB,2023,16.077738075903
Andorra,AND,2023,21.39859180226
Arab World,ARB,2023,11.6922951398695
United Arab Emirates,ARE,2023,4.98896751809272
Argentina,ARG,2023,10.6683998553206
Armenia,ARM,2023,9.90988450563072
Antigua and Barbuda,ATG,2023,27.0488415278688
Australia,AUS,2023,6.12272392365969
Austria,AUT,2023,8.16326342188619
Azerbaijan,AZE,2023,14.5216014154835
Burundi,BDI,2023,13.6549138261671
Belgium,BEL,2023,9.59808316401005
Benin,BEN,2023,32.7370696077588
Burkina Faso,BFA,2023,11.3694599596704
Bulgaria,BGR,2023,12.1895750473205
Bahrain,BHR,2023,13.9121235503305
"Bahamas, The",BHS,2023,22.1072116100899
Bosnia and Herzegovina,BIH,2023,16.3641440333112
Belize,BLZ,2023,18.7539444450692
Bermuda,BMU,2023,22.3359515687756
Bolivia,BOL,2023,7.15089981197722
Brazil,BRA,2023,5.36398908769221
Barbados,BRB,2023,22.1260594916239
Brunei Darussalam,BRN,2023,8.2669685596365
Bhutan,BTN,2023,17.8223187322888
Botswana,BWA,2023,16.2058105870723
Central African Republic,CAF,2023,18.5071342295585
Canada,CAN,2023,8.46189467887988
Central Europe and the Baltics,CEB,2023,8.71962569798936
Switzerland,CHE,2023,4.26183066735549
Chile,CHL,2023,11.8966755276116
China,CHN,2023,8.98411591719164
Cote d'Ivoire,CIV,2023,16.8590606859451
Cameroon,CMR,2023,21.7495498286128
"Congo, Dem. Rep.",COD,2023,4.76738036029683
"Congo, Rep.",COG,2023,21.2405849167454
Colombia,COL,2023,14.4323873930124
Comoros,COM,2023,42.0679880779038
Cabo Verde,CPV,2023,20.2119970579194
Costa Rica,CRI,2023,13.3217397162158
Caribbean small states,CSS,2023,16.6293002339201
Cayman Islands,CYM,2023,21.2473874876978
Cyprus,CYP,2023,13.7883761063365
Czechia,CZE,2023,6.34988888247925
Germany,DEU,2023,8.39736226374845
Djibouti,DJI,2023,38.5612340185621
Dominica,DMA,2023,25.1599497894216
Denmark,DNK,2023,14.3122840682596
Dominican Republic,DOM,2023,17.1912167437314
East Asia & Pacific (excluding high income),EAP,2023,9.1328692434562
Early-demographic dividend,EAR,2023,9.55769402336551
East Asia & Pacific,EAS,2023,7.8667774019017
Europe & Central Asia (excluding high income),ECA,2023,8.66537172719271
Europe & Central Asia,ECS,2023,9.63024574983398
Ecuador,ECU,2023,13.0250450479146
"Egypt, Arab Rep.",EGY,2023,21.6972770278526
Euro area,EMU,2023,10.0246878857997
Spain,ESP,2023,12.2528443279897
Estonia,EST,2023,12.5542772482861
Ethiopia,ETH,2023,13.8401468775133
European Union,EUU,2023,9.9362907445596
Finland,FIN,2023,8.60660307330664
Fiji,FJI,2023,18.9872092117188
France,FRA,2023,9.82996957617559
Gabon,GAB,2023,15.715777594256
United Kingdom,GBR,2023,9.94062516865512
Georgia,GEO,2023,12.4206920599197
Ghana,GHA,2023,13.69452189875
"Gambia, The",GMB,2023,7.30686278959141
Greece,GRC,2023,12.1575262578546
Grenada,GRD,2023,23.672939646295
Guatemala,GTM,2023,16.9561740584858
Guyana,GUY,2023,10.0749322194577
High income,HIC,2023,8.45085156677638
"Hong Kong SAR, China",HKG,2023,3.56838231382695
Honduras,HND,2023,19.4028342519915
Heavily indebted poor countries (HIPC),HPC,2023,14.8514979271602
Croatia,HRV,2023,13.9255559042201
Hungary,HUN,2023,6.49519491394277
IBRD only,IBD,2023,8.98823557172208
IDA & IBRD total,IBT,2023,9.38015863729499
IDA total,IDA,2023,14.7058446679915
IDA blend,IDB,2023,15.2397199113919
Indonesia,IDN,2023,11.814123641417
India,IND,2023,4.69913000107828
Ireland,IRL,2023,8.55002119510273
Iceland,ISL,2023,11.2249405309035
Israel,ISR,2023,9.99506959636049
Italy,ITA,2023,10.574914613224
Jamaica,JAM,2023,20.5146673938933
Jordan,JOR,2023,20.1760819152798
Japan,JPN,2023,9.6868733799793
Kazakhstan,KAZ,2023,9.70778983096429
Kenya,KEN,2023,18.8247071859348
Kyrgyz Republic,KGZ,2023,9.24560938263853
Cambodia,KHM,2023,8.5184168292817
"Korea, Rep.",KOR,2023,6.33497186956266
Kuwait,KWT,2023,17.1095766003205
Latin America & Caribbean (excluding high income),LAC,2023,8.36788763628956
Lao PDR,LAO,2023,12.6886401660591
Lebanon,LBN,2023,16.2628211646141
Liberia,LBR,2023,23.0903875580164
Latin America & Caribbean,LCN,2023,9.09598568028686
Sri Lanka,LKA,2023,15.3541604282848
Lower middle income,LMC,2023,10.7843488517045
Low & middle income,LMY,2023,9.23268008540232
Lesotho,LSO,2023,22.5085951092009
Late-demographic dividend,LTE,2023,9.00110815830466
Lithuania,LTU,2023,12.688496862156
Luxembourg,LUX,2023,13.6078364804508
Latvia,LVA,2023,18.6799464201277
"Macao SAR, China",MAC,2023,18.1924961860935
Morocco,MAR,2023,13.9777708702069
Moldova,MDA,2023,14.1001622626195
Madagascar,MDG,2023,18.0933612117187
Maldives,MDV,2023,19.7880793368526
"Middle East, North Africa, Afghanistan & Pakistan",MEA,2023,11.7463001950621
Mexico,MEX,2023,6.24392883075378
Middle income,MIC,2023,9.19594246843972
North Macedonia,MKD,2023,10.5591537526063
Mali,MLI,2023,13.5059344388347
Malta,MLT,2023,13.6074999653643
Myanmar,MMR,2023,12.0734229406505
Montenegro,MNE,2023,24.1170573873794
Mongolia,MNG,2023,11.0102584059355
Mozambique,MOZ,2023,17.4892658464209
Mauritania,MRT,2023,25.2900300589906
Mauritius,MUS,2023,22.5077635053641
Malawi,MWI,2023,8.94279490229731
Malaysia,MYS,2023,8.34559944038586
North America,NAC,2023,7.05096948658997
Namibia,NAM,2023,13.5137778390088
Niger,NER,2023,19.6214412615414
Nigeria,NGA,2023,10.6947833248612
Nicaragua,NIC,2023,15.6220965314608
Netherlands,NLD,2023,11.9865362943404
Norway,NOR,2023,10.7621771019837
New Zealand,NZL,2023,11.2682320290767
OECD members,OED,2023,8.59878386078417
Oman,OMN,2023,13.6921582029731
Other small states,OSS,2023,15.5608430319163
Pakistan,PAK,2023,16.1107282427233
Panama,PAN,2023,16.344062207153
Peru,PER,2023,12.5486557221096
Philippines,PHL,2023,13.9096015233525
Papua New Guinea,PNG,2023,16.4888046620318
Poland,POL,2023,9.26227852497136
Portugal,PRT,2023,15.2279156701104
Paraguay,PRY,2023,7.44600723058505
West Bank and Gaza,PSE,2023,30.9230514954555
Post-demographic dividend,PST,2023,8.28730210100312
French Polynesia,PYF,2023,15.5080330402502
Qatar,QAT,2023,11.204295679661
Romania,ROU,2023,10.5734842607407
South Asia,SAS,2023,5.28632194076334
Saudi Arabia,SAU,2023,13.4010931323156
Senegal,SEN,2023,18.5061079369258
Singapore,SGP,2023,4.0272730280579
El Salvador,SLV,2023,19.8963644879181
Sub-Saharan Africa (excluding high income),SSA,2023,12.0525816658184
Sub-Saharan Africa,SSF,2023,12.1761458666779
Small states,SST,2023,16.0542473082052
Sao Tome and Principe,STP,2023,31.8148500954205
Suriname,SUR,2023,15.7948639198877
Slovak Republic,SVK,2023,6.71291440093651
Slovenia,SVN,2023,6.27876819755673
Sweden,SWE,2023,10.8757630877108
Eswatini,SWZ,2023,19.5826390405392
Seychelles,SYC,2023,25.2034177580684
East Asia & Pacific (IDA & IBRD countries),TEA,2023,9.1328692434562
Europe & Central Asia (IDA & IBRD countries),TEC,2023,9.36245787620225
Togo,TGO,2023,19.2960459636213
Thailand,THA,2023,7.02762772372685
Tajikistan,TJK,2023,26.4602498560308
Latin America & the Caribbean (IDA & IBRD countries),TLA,2023,9.01632601025194
Timor-Leste,TLS,2023,28.0558750199224
Tonga,TON,2023,27.4895264473966
South Asia (IDA & IBRD),TSA,2023,5.28632194076334
Sub-Saharan Africa (IDA & IBRD countries),TSS,2023,12.1761458666779
Trinidad and Tobago,TTO,2023,13.600777673733
Tunisia,TUN,2023,13.3879850452307
Turkiye,TUR,2023,6.54790608311516
Tanzania,TZA,2023,8.82090581410317
Uganda,UGA,2023,10.6550373917887
Ukraine,UKR,2023,10.6179504986024
Upper middle income,UMC,2023,8.6833058543404
Uruguay,URY,2023,15.6960864594616
United States,USA,2023,6.78268948296484
Uzbekistan,UZB,2023,11.4447498383301
St. Vincent and the Grenadines,VCT,2023,25.9960868086502
Viet Nam,VNM,2023,8.79902680198845
World,WLD,2023,8.68451839742486
Samoa,WSM,2023,30.085694029991
South Africa,ZAF,2023,6.32333801823275
Zambia,ZMB,2023,6.8602251801721
Zimbabwe,ZWE,2023,13.8194390564742
Africa Eastern and Southern,AFE,2024,10.9169797156339
Angola,AGO,2024,15.7475332353735
Albania,ALB,2024,16.602918660023
Argentina,ARG,2024,9.08353316619338
Armenia,ARM,2024,8.3617337694463
Antigua and Barbuda,ATG,2024,27.6703894826797
Australia,AUS,2024,6.44767390132498
Austria,AUT,2024,9.53590562630284
Azerbaijan,AZE,2024,13.3812274580699
Belgium,BEL,2024,11.812910315023
Benin,BEN,2024,33.2699587927862
Burkina Faso,BFA,2024,11.1839548315761
Bulgaria,BGR,2024,13.2029398386042
Bahrain,BHR,2024,15.010526742122
"Bahamas, The",BHS,2024,19.9619064911596
Bosnia and Herzegovina,BIH,2024,17.4425744896618
Belize,BLZ,2024,18.5354990478463
Bermuda,BMU,2024,21.5132145659465
Bolivia,BOL,2024,7.51338501112364
Brazil,BRA,2024,5.71222679731262
Barbados,BRB,2024,22.6967611224283
Brunei Darussalam,BRN,2024,8.16878884475865
Central African Republic,CAF,2024,20.9175124035838
Canada,CAN,2024,9.2023002049639
Central Europe and the Baltics,CEB,2024,9.1115125754379
Switzerland,CHE,2024,4.6403565029763
Chile,CHL,2024,12.2754000854545
China,CHN,2024,8.10751053290446
Cote d'Ivoire,CIV,2024,20.4552406809332
Colombia,COL,2024,13.7468605688449
Cabo Verde,CPV,2024,32.5608876520847
Costa Rica,CRI,2024,13.2437000786422
Caribbean small states,CSS,2024,17.2372719789618
Cayman Islands,CYM,2024,21.2895249637943
Cyprus,CYP,2024,15.266196005332
Czechia,CZE,2024,6.74643451260105
Germany,DEU,2024,9.16027792841592
Denmark,DNK,2024,13.9127440867411
Dominican Republic,DOM,2024,17.2454323990587
East Asia & Pacific (excluding high income),EAP,2024,8.48090253595624
Early-demographic dividend,EAR,2024,9.34956164214264
East Asia & Pacific,EAS,2024,7.42514814379362
Europe & Central Asia (excluding high income),ECA,2024,8.432569516944
Europe & Central Asia,ECS,2024,10.3020640292417
Ecuador,ECU,2024,12.2264908609577
"Egypt, Arab Rep.",EGY,2024,20.4434848356971
Euro area,EMU,2024,10.9263523632835
Spain,ESP,2024,12.4601599531457
Estonia,EST,2024,14.2452823132285
European Union,EUU,2024,10.740391884755
Finland,FIN,2024,8.82719033930542
Fiji,FJI,2024,18.9596724821777
France,FRA,2024,10.5960747051011
United Kingdom,GBR,2024,10.3420016057362
Georgia,GEO,2024,12.4583057030011
"Gambia, The",GMB,2024,22.0074820986003
Greece,GRC,2024,13.0629048864452
Grenada,GRD,2024,24.1807071100424
Guatemala,GTM,2024,17.4117190728048
Guyana,GUY,2024,7.47830387441403
High income,HIC,2024,8.94113840277541
"Hong Kong SAR, China",HKG,2024,3.31974490176158
Honduras,HND,2024,19.4660573087506
Croatia,HRV,2024,14.3214509997313
Hungary,HUN,2024,6.94062488872526
IBRD only,IBD,2024,8.70286164878558
IDA & IBRD total,IBT,2024,9.01615018334014
IDA blend,IDB,2024,14.1015600472875
Indonesia,IDN,2024,11.8565859214946
India,IND,2024,5.06115292488684
Ireland,IRL,2024,9.40933912604292
Iceland,ISL,2024,11.5222453867738
Israel,ISR,2024,10.5547207249929
Italy,ITA,2024,11.2165564192186
Jordan,JOR,2024,20.6701222463335
Japan,JPN,2024,9.5240002477684
Kazakhstan,KAZ,2024,10.9676587249797
Kenya,KEN,2024,16.258423021928
Kyrgyz Republic,KGZ,2024,9.01226946713793
Cambodia,KHM,2024,7.45951314329506
"Korea, Rep.",KOR,2024,6.289153490062
Kuwait,KWT,2024,17.4893557712884
Latin America & Caribbean (excluding high income),LAC,2024,8.26565371955595
Lebanon,LBN,2024,18.548538743257
Latin America & Caribbean,LCN,2024,9.06328256045535
Sri Lanka,LKA,2024,15.2925487801049
Lower middle income,LMC,2024,10.6057135669074
Low & middle income,LMY,2024,8.75664899149402
Lesotho,LSO,2024,22.952180868707
Late-demographic dividend,LTE,2024,8.90543323498935
Lithuania,LTU,2024,12.6821044700357
Luxembourg,LUX,2024,14.772183096284
Latvia,LVA,2024,19.2516134283931
"Macao SAR, China",MAC,2024,18.4677042679906
Morocco,MAR,2024,11.1809766440455
Moldova,MDA,2024,15.3983909668339
Madagascar,MDG,2024,18.356499292133
Maldives,MDV,2024,21.2439264435855
Mexico,MEX,2024,6.41563105064562
Middle income,MIC,2024,8.7037849272669
North Macedonia,MKD,2024,11.7263294224592
Malta,MLT,2024,11.9403406750573
Myanmar,MMR,2024,9.73812772908674
Montenegro,MNE,2024,23.6003133483077
Mozambique,MOZ,2024,19.5889066152119
Mauritania,MRT,2024,23.8661948263684
Mauritius,MUS,2024,21.2177915969195
Malawi,MWI,2024,11.7955009669364
Malaysia,MYS,2024,8.50151619514456
North America,NAC,2024,7.29293363825867
Namibia,NAM,2024,13.2170234792541
Niger,NER,2024,37.8943639006801
Nigeria,NGA,2024,11.0163409804076
Nicaragua,NIC,2024,16.5560449745071
Netherlands,NLD,2024,13.2711521928993
Norway,NOR,2024,10.710203974585
New Zealand,NZL,2024,12.4737636662727
OECD members,OED,2024,9.05146411547713
Oman,OMN,2024,13.888546748286
Other small states,OSS,2024,15.274320877197
Pakistan,PAK,2024,14.1011260133402
Panama,PAN,2024,18.7290607879686
Peru,PER,2024,11.925870637209
Philippines,PHL,2024,15.0094964266521
Poland,POL,2024,9.72212853327802
Portugal,PRT,2024,15.2860383841722
Paraguay,PRY,2024,7.86696569654935
Post-demographic dividend,PST,2024,8.70422956247457
French Polynesia,PYF,2024,15.9396268889268
Qatar,QAT,2024,11.1829202642424
Romania,ROU,2024,10.6925497359455
South Asia,SAS,2024,5.60195911704421
Saudi Arabia,SAU,2024,12.9517318061095
Senegal,SEN,2024,18.989000141093
Singapore,SGP,2024,3.65311168634742
El Salvador,SLV,2024,20.0518599104508
Sub-Saharan Africa (excluding high income),SSA,2024,12.0888846118788
Sub-Saharan Africa,SSF,2024,12.1393098394871
Small states,SST,2024,16.0176674820166
Suriname,SUR,2024,15.5031935160711
Slovak Republic,SVK,2024,7.25583393520872
Slovenia,SVN,2024,5.34858419236662
Sweden,SWE,2024,11.1507599035824
Seychelles,SYC,2024,26.1077593682817
East Asia & Pacific (IDA & IBRD countries),TEA,2024,8.48090253595624
Europe & Central Asia (IDA & IBRD countries),TEC,2024,9.45202476424633
Togo,TGO,2024,17.6484245927718
Thailand,THA,2024,6.58830793138106
Latin America & the Caribbean (IDA & IBRD countries),TLA,2024,9.01757237272584
South Asia (IDA & IBRD),TSA,2024,5.60195911704421
Sub-Saharan Africa (IDA & IBRD countries),TSS,2024,12.1393098394871
Trinidad and Tobago,TTO,2024,16.4402501115698
Tunisia,TUN,2024,11.503005195086
Turkiye,TUR,2024,6.21498601848316
Tanzania,TZA,2024,9.1943422547416
Uganda,UGA,2024,10.735405652596
Ukraine,UKR,2024,10.4875078767575
Upper middle income,UMC,2024,8.20654243575346
Uruguay,URY,2024,14.0505307821022
United States,USA,2024,6.93248541682915
Uzbekistan,UZB,2024,12.4465276916948
World,WLD,2024,8.88847852943638
Samoa,WSM,2024,29.6321037402232
South Africa,ZAF,2024,7.1738390562282
Zambia,ZMB,2024,7.83076143578051
Zimbabwe,ZWE,2024,18.9550135572266
