"Data Source","World Development Indicators",

"Last Updated Date","2026-04-08",

"Country Name","Country Code","Indicator Name","Indicator Code","1960","1961","1962","1963","1964","1965","1966","1967","1968","1969","1970","1971","1972","1973","1974","1975","1976","1977","1978","1979","1980","1981","1982","1983","1984","1985","1986","1987","1988","1989","1990","1991","1992","1993","1994","1995","1996","1997","1998","1999","2000","2001","2002","2003","2004","2005","2006","2007","2008","2009","2010","2011","2012","2013","2014","2015","2016","2017","2018","2019","2020","2021","2022","2023","2024","2025",
"Aruba","ABW","Food imports (% of merchandise imports)","TM.VAL.FOOD.ZS.UN","","","","","","","","","","","","","","","","","","","","","","","","","","","","","","","","","","","","","","","","","25.0706785731483","23.8069590469182","21.648868835819","22.2848984519249","22.9445571152139","6.35970695159188","21.7320221737387","19.6738420144355","21.7327582390724","27.4646038578671","31.8369020580623","27.9424900500703","31.4663981938323","31.7030667729965","27.9182993144845","30.5727581700854","29.8719594976999","29.5638283888615","27.7702538684234","28.4542768404672","30.6104207883563","33.5021292242267","32.2457402016937","30.7454723493872","","",
"Africa Eastern and Southern","AFE","Food imports (% of merchandise imports)","TM.VAL.FOOD.ZS.UN","","","","","","","","","","","","","","","","","7.93518414427501","8.30222197036376","7.75383906478071","","","","","","","10.9745537325037","","","","","","","","","","10.2618262176272","9.9808864135813","9.38919070332171","9.0370608650995","8.84561918463637","9.30857212084233","9.52844332368306","9.80935627516651","11.1090868547739","9.8695549761955","8.59321301464126","8.57437453789804","9.34512677142495","9.65056366334789","10.3990389681914","10.8105839659005","10.9611106388956","11.0869655465871","10.3278888185882","10.2514151427523","10.1616383745745","12.3726875535216","12.1989630519744","11.7000945472299","10.8048574078565","12.973367339327","12.58837795341","11.4089704628017","10.6450411072515","10.9169797156339","",
"Afghanistan","AFG","Food imports (% of merchandise imports)","TM.VAL.FOOD.ZS.UN","","","7.83526679894446","13.1198638928934","17.3358407967507","17.099850581365","20.8006767904764","20.8816634027342","16.00906677632","20.5806444720536","20.5416003093413","25.4323707121459","28.4641730095204","23.8652945048808","22.8817141890948","24.423571594431","16.3241264867917","15.3513858405288","","","","","","","","","","","","","","","","","","","","","","","","","","","","","","","18.8526978297014","18.2936160921169","13.6918477995859","14.0292708513797","4.27602344633308","7.54684020369565","9.51326053298309","19.2271236461949","23.5599976538184","36.7934457407199","34.0330576607125","26.9158389109364","","","","","","",
"Africa Western and Central","AFW","Food imports (% of merchandise imports)","TM.VAL.FOOD.ZS.UN","","","18.0329623721956","16.41342911311","15.5923134085116","14.1237678276467","15.9349039520446","15.6311642722092","14.9407151181389","14.1054682875294","15.8834040006439","14.9682728954898","16.2160644099086","17.1927290163539","17.0610992367702","13.6875884894846","12.7302828623416","14.2351373231137","16.0346137926223","16.9191766159751","","17.1384305311835","","20.4453037811655","","","","","","","","","","","","","17.5351427828267","17.7007367018465","19.4905441538134","22.9356849585997","19.1009032899749","21.0549947071955","20.811945427289","18.5581309771574","","","18.5444788728113","18.1585070669505","14.7719919338503","16.2295053637161","14.0232778645209","22.8179032089348","18.9680695594539","17.2738237537539","17.1936076654781","16.6164380939312","16.1363383510829","18.9432628157367","16.7220163548222","16.2943756069863","19.7582489462856","19.253152532176","16.2689415686843","15.3243806866191","","",
"Angola","AGO","Food imports (% of merchandise imports)","TM.VAL.FOOD.ZS.UN","","","19.341475761938","","","","","","","15.1310872822905","15.6796214496573","13.39212281824","11.8308829041115","13.0863058964029","14.3738539630869","","","","","","","","","","","32.4960490980796","","","","","","","","","","","","","","","","","","","","","","16.0130411206913","13.7747753460474","13.5034728472044","15.2317774101968","18.5961209830809","20.0679144054906","17.7540189586108","16.9800788875661","13.1856290907877","13.7148613995916","17.7351790914195","20.4742098971902","19.7878114318642","22.7679187377981","18.3271316794408","17.8999629886485","14.4443926524951","15.7475332353735","",
"Albania","ALB","Food imports (% of merchandise imports)","TM.VAL.FOOD.ZS.UN","","","","","","","","","","","","","","","","","","","","","","","","","","","","","","","","","","","","","34.2713500402147","27.1806727179409","26.9408204433479","27.3598044929082","21.8344894406933","19.3800309935046","20.1725298479794","19.6256029620736","19.264186578718","16.2430261779039","19.966386211139","16.4344906715054","16.432549004634","17.0873895391181","17.9466511524468","16.6310046164083","17.3068859759508","17.7209865684087","10.3265557525508","14.497356865351","14.1497507610425","14.8580988702112","14.0435873264872","14.9471165333016","16.3673297212341","14.2646728733737","11.6633351612072","16.077738075903","16.602918660023","",
"Andorra","AND","Food imports (% of merchandise imports)","TM.VAL.FOOD.ZS.UN","","","","","","","","","","","","","","","","","","","","","","","","","","","","","","","","","","","","29.6743285169743","29.0834921549592","30.3978806021849","22.9812748983497","21.0374266731269","19.9249060942022","20.085335631578","19.3467105857586","18.8800094522871","18.1626894188418","","18.7713082461553","17.9481852329508","20.1521918311349","21.6648033154619","22.0798883047632","22.3874907984281","23.4655357638709","23.7880885640999","23.2800062709304","23.5068469290149","23.466714070114","22.8305098145173","22.1275286080598","22.6442346858441","20.0564991820747","21.2245286993877","20.6997363956857","21.39859180226","","",
"Arab World","ARB","Food imports (% of merchandise imports)","TM.VAL.FOOD.ZS.UN","","","","","","","","","","","","","","","","","","","14.0850988967444","14.6236914741845","15.8938488311619","15.8003494701303","14.1535768453641","14.9548748599706","","","","","","","","","15.3854064902118","14.9803886870022","","","","","","16.1432642222261","15.209646261855","14.2388301241706","13.9077411540998","13.5474654966131","12.7581469156261","11.8948128211003","11.3464940918669","11.9832994181287","11.3567662889134","11.8862546941458","12.2834715913948","13.2611638009296","12.1960327399784","11.4729296714402","11.9979628801626","12.2352414132102","13.3580311339777","13.427256008227","13.0053907396525","12.3286748818153","13.6337450204618","12.1955592396535","12.4591039502937","11.6922951398695","","",
"United Arab Emirates","ARE","Food imports (% of merchandise imports)","TM.VAL.FOOD.ZS.UN","","","","","","","","","","","","","","","","","","","11.0069833688991","10.8945263539558","11.1169792986763","10.6510162672479","9.56086299062648","12.2516542452435","","","","","","","","17.1555915494262","16.1180343531375","14.8763209524744","","","","","","11.2648613713545","11.0848261616965","9.75168938439653","7.7568033508315","7.38746300457042","6.41696667915418","6.64552534274367","6.39971702348984","6.01635974732151","6.05688256373793","6.1447783422932","6.00656231464003","6.51232628789495","5.89138072219693","5.04314244016449","5.52683313407757","5.78591921199886","5.91080832504944","6.99707888598958","7.30579317402429","6.18405146475468","6.82659326418843","5.35670321702564","5.58446625724263","4.98896751809272","","",
"Argentina","ARG","Food imports (% of merchandise imports)","TM.VAL.FOOD.ZS.UN","","","3.89352505199727","4.13659507747678","5.90513059717013","6.5068809086247","6.65772759473769","6.58288376847721","5.50863981439474","6.81812291536465","5.82383922615393","5.0483696753398","6.46203456245042","9.24388230143468","4.75916786069586","4.5602070410893","4.75687969547438","5.28456961824936","5.65960040903596","7.14199334069061","5.67211544734954","4.99348223248526","4.40776705762262","3.86375449049171","4.514638549706","4.71657369165189","6.89167240737623","4.56200787428644","","","","","5.97842411999106","5.44556757395568","5.19108730969174","5.46757452429963","4.92520013332918","5.32102457254496","4.93499848181451","4.91875848706901","5.0134709929318","5.72428376826837","4.6330285978847","4.20128711940575","3.30307730186729","2.83873915468007","2.58446169118103","3.70036471906305","4.54066028581729","3.77097613295672","2.62132821938635","2.39679838244135","2.4908540445875","2.28184604481127","2.42165429166184","2.64277941815046","3.62640682233261","4.17929787657057","6.86536216997546","6.48775553466309","8.76556056157932","7.53338967292266","5.90818914522675","10.6683998553206","9.08353316619338","",
"Armenia","ARM","Food imports (% of merchandise imports)","TM.VAL.FOOD.ZS.UN","","","","","","","","","","","","","","","","","","","","","","","","","","","","","","","","","","","","","","31.1017832466076","","25.7863517382367","24.9679862106753","24.2491289513127","19.8590686321662","17.2313800379495","20.4842436248627","17.6629597089781","15.3369431957483","17.3187560389427","17.9730555643855","19.0758046949727","17.6674630542826","18.7610311596886","18.7149619802881","19.5404407686109","18.8618660890936","19.7618182136921","19.0942426545538","18.0111171291288","16.2201533718823","16.4434924170623","18.1976003255694","17.3778097373439","15.1008675786869","9.90988450563072","8.3617337694463","",
"American Samoa","ASM","Food imports (% of merchandise imports)","TM.VAL.FOOD.ZS.UN","","","","","","","","","","","","","","","","","","","","","","","","","","","","","","","","","","","","","","","","","","","","","","","","","","","","","","","","","","","","","","","","","","",
"Antigua and Barbuda","ATG","Food imports (% of merchandise imports)","TM.VAL.FOOD.ZS.UN","","","","","","","","","","","","","","20.1063021985157","17.9335258910816","19.8183403375179","","31.5106295969486","33.3311510763852","","","23.8618737706556","","","","","","","","","","","","","","","","","","21.8279498991875","21.6749526294466","","","","","17.5875938834541","14.85297016408","20.0500979213008","","17.6040142401973","21.3487819216658","23.9211727881943","23.8209124843219","24.0429659272103","22.542349891693","27.0559375805499","22.9912685136601","23.0365488143635","27.3848165605152","26.6236599970254","26.4417996544095","24.5313407115407","28.2226388155921","27.0488415278688","27.6703894826797","",
"Australia","AUS","Food imports (% of merchandise imports)","TM.VAL.FOOD.ZS.UN","","","","6.42356313777626","5.92702599523743","5.71227115157313","5.65764012120217","5.70567963868086","5.55501883240323","5.68169593902625","5.59045637688376","5.59286780436645","6.13380591224198","5.70764897420087","5.71464089750214","5.04050076185738","5.32571340064367","6.57102139779839","5.86700785118628","5.4553361429617","5.20443091547287","4.56125598097074","4.57145778833745","5.70876057059668","5.55415402010504","5.26009437720321","5.33910383151579","5.46689354755344","5.2194981310277","4.80060124086042","5.02975779718474","5.21988857452739","5.04326421093316","4.98707923344647","4.99933415639271","4.95654793299687","4.85290173072787","4.91017735786183","4.73775638168852","4.80438445813991","4.5542072874505","4.94222006021166","4.86917660836693","5.13440054748237","4.80423147775813","4.74464612990827","4.77072459573134","5.03584938131912","4.80642380862477","5.59123716369561","5.30683575119913","5.14219569199562","5.05458500868273","5.68920960549791","6.19615490124291","6.56255914980785","7.10054987790893","6.48222765314289","6.52594691958162","7.16469389675818","7.59766516403535","6.44421129042264","6.14945900451023","6.12272392365969","6.44767390132498","",
"Austria","AUT","Food imports (% of merchandise imports)","TM.VAL.FOOD.ZS.UN","","","","14.4785422643311","13.874014090104","15.1625418327008","14.0959668709441","12.7665789504352","11.348829355728","10.2346126353051","9.53034457966169","9.61243334866787","9.09288073076764","9.58935602083961","8.07323659327274","8.23983890256781","7.86568967131437","7.89151929834805","7.71168568243256","6.94243706026028","6.43658723319169","6.61006019019713","6.76113001370831","6.61711228060459","6.5242125089571","6.36714660983228","6.47300112960124","6.04104213289162","5.70913191966141","5.48092177947057","5.20799553131794","5.18513928079438","5.11513975342815","5.42117253916099","5.46312187782112","5.68360665010308","6.07173481951553","6.4831740230319","6.344442702212","6.29889914617876","5.43644783661012","5.78783074161474","6.1504972202101","6.13149329486575","5.9272701810316","6.08506410598793","5.86510964669712","6.26127698040805","6.69769339630931","7.71546426441112","7.19291781563346","6.9390835766962","7.25862171894017","7.58584244318246","7.82761634474742","7.90357000064216","8.02035347598418","7.73519476606866","7.41484880182237","7.65987379093092","8.40200077922277","7.3682758874461","7.1805424907591","8.16326342188619","9.53590562630284","",
"Azerbaijan","AZE","Food imports (% of merchandise imports)","TM.VAL.FOOD.ZS.UN","","","","","","","","","","","","","","","","","","","","","","","","","","","","","","","","","","","","","39.0974399187551","22.6185429999363","16.1995458392033","19.7401969232101","18.5771024478801","16.1626226867643","14.1544898906117","11.7495189807014","11.6962720013195","10.475296023725","10.4559874724339","15.8129544537774","15.6149073986307","15.7321124634583","18.5376373015279","14.1042578321968","14.6031512459931","14.4371999846832","16.7378997005819","14.6748721726875","18.2695863599463","18.9889874269738","14.4928276416724","13.7181629144315","17.3339601285317","18.5122025159912","18.1153860359817","14.5216014154835","13.3812274580699","",
"Burundi","BDI","Food imports (% of merchandise imports)","TM.VAL.FOOD.ZS.UN","","","","","","17.5192343357658","","","","","","","","","21.5682464057185","16.1867234162423","19.0375150455831","","","","","","","","","","","","","","","","","15.0389413479343","22.1462363007091","20.9105468813773","15.8637354724772","18.3876198010089","19.6025648681522","11.1600397926447","22.9477820813955","13.0997647772338","11.1502827884135","15.6172819923032","9.00425219956459","6.49189862259681","22.1724762196771","12.4332536633679","11.2037211679344","12.5427229476862","13.6810649467138","24.6762609668747","30.1336822725214","13.9872322830882","13.0620233195074","12.6210040103332","16.5501620490981","18.9584220367267","16.7479405418771","15.5918628771654","14.67642173268","14.3251417564159","12.863056718752","13.6549138261671","","",
"Belgium","BEL","Food imports (% of merchandise imports)","TM.VAL.FOOD.ZS.UN","","","13.7796504404069","13.2232589389178","13.4459086147916","14.3192887385678","13.717131650242","14.9527623681113","13.3203410598275","12.607839032072","13.0752088506188","13.2504639278565","13.2736258715964","13.3323689500077","11.6136195139563","12.9529856980899","12.8256394253244","13.1862424354126","12.8431870483637","12.2218537867515","11.1174301152003","11.8310960772709","12.4721347871633","12.1343742881135","12.3367042822656","11.7291774453047","11.7173181925019","11.3222710118407","","","","","","","","","","","","9.9154859150306","8.43377375358496","8.6704857146296","8.57136965309403","8.75290055687006","8.16897671210559","7.66741584809613","7.35751574251615","7.69435239642134","8.14769105102525","9.25042695274892","9.7836692104795","9.60852133082126","10.0039782338066","10.2439437092861","10.3814087021135","10.9926039122108","10.7407423315517","10.3562532070541","9.71106903090542","9.69819398741148","10.8717986120178","9.3291448101728","8.48065684012637","9.59808316401005","11.812910315023","",
"Benin","BEN","Food imports (% of merchandise imports)","TM.VAL.FOOD.ZS.UN","","","26.366404282406","22.6341631291737","24.3711120820637","22.7951998702366","24.6925546187054","21.8383501801196","21.8034312497349","19.5642264893637","17.8162044039503","17.1579714575736","20.9411379732231","21.829437012311","17.8493890928249","","","","","23.4244160574426","26.2681889202403","","24.9191430881199","","","","","","","","","","","","","","","","24.8394029951415","22.9697319163218","21.8673892974778","20.3607308180196","23.8763238350293","24.2141983835193","24.5653739246321","29.9420417539947","30.6782819142083","31.1594419521255","36.1361186365244","31.0940349253234","38.6401240229343","33.920597278289","37.8897950446574","40.3325617827368","45.8483706311581","40.2019861251514","50.4878399953627","52.3113311553297","46.9193864424986","38.4400102736487","32.9310603115432","35.1194769385301","30.0004424084632","32.7370696077588","33.2699587927862","",
"Burkina Faso","BFA","Food imports (% of merchandise imports)","TM.VAL.FOOD.ZS.UN","","","20.7205921079987","24.9128905008457","27.091736994991","24.8465507980005","28.3457661689488","26.982493571381","21.5258392934106","19.3532348142038","20.4375785481473","22.0054511221418","25.7925324241755","26.02032302269","34.5254665171104","21.1695109997159","18.929105293709","20.3962896825336","28.449901901436","21.8460204537559","20.4941032434201","24.7155668594317","25.2434643709888","25.5114052027629","","","","","","","","","","","","21.2327189686854","22.3281482167292","16.5469811719503","20.6164331248184","17.7248961793587","12.572288849584","14.9826505696802","21.2879841796361","19.0754191229528","17.553261341026","18.2849854295953","","14.8371352126624","14.8656582394092","14.3615791170105","13.9964911579613","14.7481548677918","13.1227319035261","12.0160498928872","12.6808655781188","13.6105485218095","13.6826300581823","12.2199184238571","12.1553570934943","10.7388765383673","11.6356204029884","11.6783614787847","11.265164215728","11.3694599596704","11.1839548315761","",
"Bangladesh","BGD","Food imports (% of merchandise imports)","TM.VAL.FOOD.ZS.UN","","","","","","","","","","","","","","","","","","17.6059037886905","20.5862490206565","25.3097063981383","23.6263758713111","20.1877930691395","25.9714262709796","19.9649316936242","28.9884685054435","24.2527106051131","20.8689749959454","24.1907096555314","","24.1373737553816","18.9550352339494","17.3428211592337","18.2681879625536","15.9299497929049","","17.3040410423957","17.0307744820781","16.8620335114382","15.2868354548332","","16.4762017933808","17.3900891315011","14.6012765701751","19.1883894625947","15.6096305442988","13.8972198613441","16.6996245220718","22.4621296974454","18.3229853149513","18.6780564304749","17.4240481119914","19.4937925236267","14.4704238243695","16.8657778641165","","16.561579168916","15.2417870221937","18.9346180073446","13.0022763018655","","","","","","","",
"Bulgaria","BGR","Food imports (% of merchandise imports)","TM.VAL.FOOD.ZS.UN","","","","","","","","","","","","","","","","","","","","","","","","","","","","","","","","","7.71100488367743","","","","7.62389662948168","8.50636667700859","7.48307210133366","5.98298501378153","5.21847298502192","5.39498052075864","5.84375590808233","5.36553775390804","5.4012115939894","4.66531952467868","4.64853257212137","5.77074166880321","6.83820998756618","10.0022048452125","9.56564530674775","9.2852758461449","8.86203054059881","9.09294677902301","8.89801297317925","9.69808006546558","10.4756770846257","10.0390731851877","9.75666371350693","10.6120660211136","12.6028208992188","10.9214667051456","11.7025351461501","12.1895750473205","13.2029398386042","",
"Bahrain","BHR","Food imports (% of merchandise imports)","TM.VAL.FOOD.ZS.UN","","","","","","","","","","","20.3566122451813","12.0338113935531","10.9350463708881","11.2207970084463","6.27955828584156","6.43010961504669","7.32296594529873","6.68091938194514","8.05883041478292","14.9595836908676","16.685522170231","12.7508777975081","12.6665031446711","12.8109634406304","14.759658868539","15.5370563047592","17.6698584264649","16.8416778034625","","","","","","","10.7692059955473","12.2685765205152","19.1448962853797","","","","9.69864270708512","11.7418912076275","10.9356283843617","9.57128150227115","8.10573893533468","6.79605611313661","5.72440892516763","5.16493124950103","6.30212941417559","7.98399079261164","7.61497583868662","8.31394176480227","10.7856321262738","9.16647390950125","9.42227781586713","11.6708233304052","11.9218922020205","10.3368717197661","9.24667873826657","9.75028267373527","11.6643354834077","12.2792823667973","14.1665572021434","13.9121235503305","15.010526742122","",
"Bahamas, The","BHS","Food imports (% of merchandise imports)","TM.VAL.FOOD.ZS.UN","","","","","","","","","","","","","","","4.20419471733558","2.61803931453144","2.6642893075574","","","","2.04046473296024","1.51410067958757","2.86287143241133","3.44015886057295","4.39354492577715","6.04554219752858","5.96580338138234","7.27864921965627","","","","","","","","","","16.2571679351256","16.4914809059998","17.9935479509732","16.719944657142","17.5129779528291","18.6443676149589","18.1313836544652","18.3604508815009","15.6491248698938","14.9067471276541","15.4046150299869","15.7046435716457","18.3756015692339","17.5346645789526","15.8637017110413","15.8789485763144","16.1149598787117","16.0542643105988","19.3342400157298","20.2053249079843","18.6049220067859","19.227624604989","18.2897462358856","20.9109654323294","21.9460783563395","22.5074962116983","22.1072116100899","19.9619064911596","",
"Bosnia and Herzegovina","BIH","Food imports (% of merchandise imports)","TM.VAL.FOOD.ZS.UN","","","","","","","","","","","","","","","","","","","","","","","","","","","","","","","","","","","","","","","","","","","","13.9396182775385","16.4571233225434","17.3755031218581","16.8312524732236","15.8594505928307","15.8179706726838","18.992113610139","18.099759334504","17.5805323273902","18.220268004263","17.8869474063733","16.7541165872069","17.9820560387788","17.9874496570928","16.9912328153768","15.8118385517668","16.1864788481885","17.8207513092581","15.5795929963747","15.1259454565601","16.3641440333112","17.4425744896618","",
"Belarus","BLR","Food imports (% of merchandise imports)","TM.VAL.FOOD.ZS.UN","","","","","","","","","","","","","","","","","","","","","","","","","","","","","","","","","","","","","","","11.0917537472656","12.3480356672921","11.8739307441419","10.6128800887182","10.723369144169","9.9443012716097","9.12591312473254","9.35486797594333","8.53189757789063","7.28746000181242","7.34988135661458","7.82997028498549","7.87856616943338","6.77276407228192","7.56280561063823","9.23270275267635","11.4945498780543","14.1221920532091","13.8720672879908","12.270886234837","10.174099196494","10.3220966570055","11.370027886011","10.3398378922726","","","","",
"Belize","BLZ","Food imports (% of merchandise imports)","TM.VAL.FOOD.ZS.UN","","","","","","","","","","","","","","","","28.017572615066","26.5514936552087","24.5682274927181","26.8904914168184","27.5150915084601","24.7585141514934","","20.3484836564823","23.438127072111","24.3129029035951","26.862304287142","27.2211451604908","25.2745165025","","","","","21.0153302875101","17.7627465981561","18.43131309892","19.1332806074409","20.3110335748171","19.737687709447","19.2266858451244","20.2633951361356","13.9961682927728","13.73500940317","11.4280347567629","11.889393162443","11.9079252531816","16.1342568320439","12.1849377660387","13.0039635753203","12.7214715942552","13.7469577660836","13.113483868472","12.5605193115888","14.0020652506752","13.6453161601631","22.6532092775939","20.7638203621054","21.0241257153986","20.5291244404484","20.1837999752106","20.2207696125132","25.6226873878784","20.9313025626709","18.4100838986607","18.7539444450692","18.5354990478463","",
"Bermuda","BMU","Food imports (% of merchandise imports)","TM.VAL.FOOD.ZS.UN","","","","","","","","","","","","25.2375431864066","27.6534856755282","29.1379893791305","27.9523235585977","26.3662771734597","28.5475180215623","24.7376249248755","25.3468797775522","24.8570872508373","21.1225515472132","22.70030278572","20.4098120830409","20.3614501385793","19.9977876625129","19.7224241888945","","","","","","","","","","20.6867259368719","","20.5265480017431","","","","","","","","17.7564998490804","17.6843765324207","17.0360285681615","17.174715547689","17.0202592016998","13.0778868105465","16.9465053362038","20.6217083490746","19.1976665812048","20.8043703484341","20.7083774316399","21.0378343393989","20.3692858554948","20.7916852924833","19.3383337582469","23.8324688163154","21.7674762100158","21.4713633824619","22.3359515687756","21.5132145659465","",
"Bolivia","BOL","Food imports (% of merchandise imports)","TM.VAL.FOOD.ZS.UN","","","25.183839979553","26.4926443877786","23.9103701052076","19.8988566915431","18.6362370903053","20.5548953046345","17.6442976594512","17.3091000769798","20.1689779727791","21.6947795520219","21.1362796849026","","21.8179924159342","17.4713817351212","15.0747393955597","14.0093680380255","13.8445580650965","13.8306119785438","18.9228228101898","14.5457660263698","18.8584746449276","20.378698487183","16.8138643188174","18.3133885356712","13.3747404261521","18.083975823033","","","","","10.9679061524701","9.29211333160771","9.988592227264","9.5346349703278","10.2365527315221","8.53371972226124","7.86723071000052","9.57036858788623","13.4613814776005","14.8596660303638","13.2391587612067","13.2313909248833","11.4693583560868","10.1897878977306","9.27036905021136","10.2529177863735","9.17825587094961","8.86816790659723","7.66660486517864","8.02069406112546","7.27744898921482","7.19784520841046","7.50736021557653","6.91192665768246","8.45235942245198","8.25386526399591","7.65283906071634","7.52521161926762","10.7678594942168","7.70465862184706","5.97328027448646","7.15089981197722","7.51338501112364","",
"Brazil","BRA","Food imports (% of merchandise imports)","TM.VAL.FOOD.ZS.UN","","","15.8595869443941","17.0645100727179","24.1083069403758","19.8182709605454","18.8171931179456","20.0035707116468","16.3895612554279","13.9177561673266","10.9129252819961","8.89696099442917","7.64620521032524","10.9172346801696","7.58817437415144","6.15959481457787","7.85585530225391","6.75922175822022","10.1174458313833","11.8559956107463","9.60256806699567","8.77954606046629","8.45621859559949","8.25716521214095","9.30653496839704","8.96606075350597","15.2504466647692","8.11086077187955","","9.88072496492476","9.40591655255336","11.2273384847548","9.55885730896852","9.72917435659051","10.9308521220609","10.7123315227467","10.7608758919968","9.07604208045229","9.65622902657362","7.88996683261309","6.57400147363878","5.69552691718607","6.70717515812855","7.01297406489281","4.82199032163775","4.36109710869557","4.48300804691799","4.68351433879485","4.48145348145564","5.31270462966115","4.68298925337838","4.59566515712799","4.8444234992437","4.98271862328396","4.98000434939673","5.21313407540425","7.42536207040476","6.32149411569174","5.38447644097633","5.39026493215019","6.30010348205256","5.43366665102592","4.90797968652848","5.36398908769221","5.71222679731262","",
"Barbados","BRB","Food imports (% of merchandise imports)","TM.VAL.FOOD.ZS.UN","","","","","","","","27.6839984813611","26.5082116626712","25.1397023822056","24.5296252440348","25.5748049457047","27.0026378423412","27.6774870669227","26.4695228809818","25.2749435344944","24.5934737144805","22.8650526454254","22.9516638492963","19.3212553325701","17.9095931739745","17.4555972780692","17.0077322523556","14.8883029763525","14.4551471293562","14.9936349056438","15.5945898421233","19.4054174886507","","","","","21.6402522412688","19.8965574186624","20.5636168823012","18.2648752124414","17.6742723021033","17.687722933037","16.7356473743839","16.3159252390353","15.4249833490655","17.1548802248443","18.8735080171631","17.0476911876579","20.1059817916457","15.1039478724164","15.3283277358589","20.3680212243492","18.9571548097085","20.6412118473605","24.9140760936032","18.5893213693414","19.0042832017625","19.6233518281833","19.7462274651931","21.4944502392705","21.1469562728086","21.9572753832051","22.6076454123435","22.9790653581989","23.0826240051422","21.8551147690225","21.5901287686232","22.1260594916239","22.6967611224283","",
"Brunei Darussalam","BRN","Food imports (% of merchandise imports)","TM.VAL.FOOD.ZS.UN","","","35.1483688582417","31.9823139384512","25.3685368110254","23.5260744108268","21.1758163349933","26.3156565377813","19.13104270004","19.4001269545333","17.1590438897142","10.2982098887169","17.6759592017893","19.4194149740956","16.7537979157996","13.8609890962467","15.327668766762","16.6703826321817","19.2904861524657","16.5295985048647","15.180339593934","17.7660803188015","15.3571487223029","17.031214817302","21.5193452679611","20.622470177469","20.8290128470476","24.2377469716895","","","","","12.5879218450851","9.5065832069702","14.37787786241","","","13.5678308550153","16.5311194741903","","","17.8699439871197","13.4228253911884","17.5831905755701","17.9218189554512","","17.0383521634519","15.7464654413812","14.9539488929429","14.74300486041","16.9616770804441","14.1102527102483","14.0300217022257","15.0203508958319","15.4098439348132","15.7076170370739","18.5953347235233","15.0079731008954","12.1391157382379","9.95122453752763","10.7667198923956","7.24559757847011","7.15947778454557","8.2669685596365","8.16878884475865","",
"Bhutan","BTN","Food imports (% of merchandise imports)","TM.VAL.FOOD.ZS.UN","","","","","","","","","","","","","","","","","","","","","","","","","","","","","","","","","","19.4011039651637","21.4666393928091","","","","18.766361028819","17.913839151313","","","","","","14.4820848677071","20.6350709987022","21.4969735106619","16.2128817429141","14.5820583230721","11.473583472712","10.9487408218868","13.7089181899016","","","","15.2217424132459","15.7863753074163","14.9073298565588","16.5642205655472","18.8555747753539","","16.5367264487644","17.8223187322888","","",
"Botswana","BWA","Food imports (% of merchandise imports)","TM.VAL.FOOD.ZS.UN","","","","","","","","","","","","","","","","","","","","","","","","","","","","","","","","","","","","","","","","","14.0066522756851","13.9167860606947","15.4824965121453","13.8653954843486","14.3651284562948","13.8227729221236","13.7255315104568","13.1253452026116","11.9671979715984","13.0645204084876","14.5849375368519","9.75189778868866","8.8185812720602","8.15457134828099","7.77216933381986","8.74704477449503","11.0462807571227","12.537601456042","12.2000131292421","12.6666513242032","12.6618355122959","11.3983918537735","13.2953691030889","16.2058105870723","","",
"Central African Republic","CAF","Food imports (% of merchandise imports)","TM.VAL.FOOD.ZS.UN","","","13.8724557274414","15.7556620309208","13.7402742229147","13.4231460659138","14.6666949755361","13.7786031535796","14.8092717306504","15.0346120837193","16.9363475730995","18.9572354301621","","16.8481148907321","15.9934574526225","16.1197985837816","17.4215117256793","16.0743954092694","16.8936786387886","16.2889278443601","20.8552565445745","","","","","","","","","","","","","18.3039255344493","27.0836105339917","15.6161400318364","12.3370556510834","21.774776813604","23.4146668394681","22.7938981995925","29.3347493965467","26.953910571875","20.3500063860346","23.4488970904762","16.4830033994524","17.2316347803967","0.473760728207188","18.61193207568","25.9297883087381","39.3281248399223","28.0919170802993","31.2362825214539","29.6181975376585","36.0369625938114","26.3645842639784","15.1610682300226","15.9203897560875","21.0707546481169","20.560841951453","16.7253326582599","16.4251347328943","20.6382073139557","16.9419623546387","18.5071342295585","20.9175124035838","",
"Canada","CAN","Food imports (% of merchandise imports)","TM.VAL.FOOD.ZS.UN","","","11.6613263689534","12.9223946400352","11.6162721328687","9.8113481344217","9.01231295852714","8.62159355888779","7.88161873167986","7.99570638841096","8.63523518557344","7.92200271112654","7.85145198705488","8.94007371140752","8.61463048876906","8.29776401014974","8.14586029292989","8.36581271349568","8.10767329760615","7.29138635796391","7.45274242410584","7.02868630982366","7.68467220004943","7.00550450100502","6.5291639585122","5.94228424638857","6.18517241384022","6.0492983453306","5.60323392822954","5.74244866856003","6.13059511390555","6.38316118422673","6.34815890855753","6.26474149056269","6.0244044833678","5.69826088861219","5.81257780060635","5.52744777998062","5.55314183232404","5.30783594125411","5.1015834501715","5.82243956068321","6.06447150910236","6.20133856648036","5.81021994971678","5.63001167163117","5.76187314342801","6.16974780779231","6.43748442978137","7.91665323726287","7.17761420190868","7.10627436963595","7.24064476829166","7.45735443764254","7.71695725894623","8.18251389529433","8.46973134891178","8.20309596250041","7.93445182112811","8.19588860909452","9.36750692188637","8.69388542569324","8.40247661513113","8.46189467887988","9.2023002049639","",
"Central Europe and the Baltics","CEB","Food imports (% of merchandise imports)","TM.VAL.FOOD.ZS.UN","","","","","","","","","","","","","","","","","","","","","","","","","","","","","","","","","","9.67962404666932","9.18697915211886","8.50600146634106","8.49911998992471","7.5371187150011","7.26112368503973","6.52878074432503","5.8381005802571","5.99377740470658","5.6871555949154","5.55738006886055","5.67383100006542","5.89968645242975","5.63802861043681","5.97196633859517","6.41963469408639","8.04701747337406","7.30256235302823","7.29623271707313","7.64245273825122","7.88360910414755","7.70443204866342","7.88283109422584","8.22958094666442","8.01599778145171","7.64304692808131","8.00580385160694","8.66991154397563","7.7748193382691","7.78049147443663","8.71962569798936","9.1115125754379","",
"Switzerland","CHE","Food imports (% of merchandise imports)","TM.VAL.FOOD.ZS.UN","","","16.5526687804139","16.4614298298433","16.8891525342846","17.1247836028437","16.5298076631534","15.9784731078872","14.0982783067681","13.6418948315902","13.1699220496222","13.0811898244832","12.6541842486278","13.1378329617687","12.1360861477348","13.0328819357592","11.9970434554006","11.4548905812624","10.2962152776642","8.78131679115685","8.04039121818594","8.94537361242157","9.02722125199294","8.43510502779932","8.13719351921486","8.01474813278882","7.71107673636484","7.34911766400617","6.85038574260651","6.34939536178772","6.27226195023179","6.60504459264326","6.7419208612199","6.8321068913074","6.92479098796404","6.44208114966903","6.5920225834654","6.25580444719335","6.16407658244535","6.14357994282047","5.51515069156664","5.47221526684708","5.72723589721868","6.01312346377957","5.66483944060705","5.42057998801734","5.21165572455432","4.64759836985465","4.5832732726601","4.78132651384142","5.79511715756459","5.72320392405732","3.85942835687192","3.81375639363208","4.57021302677879","4.57556720902843","4.27733305715921","4.54540176537","4.5395306678285","4.48740531032308","4.60673916160729","4.63532918948216","4.20487044755659","4.26183066735549","4.6403565029763","",
"Channel Islands","CHI","Food imports (% of merchandise imports)","TM.VAL.FOOD.ZS.UN","","","","","","","","","","","","","","","","","","","","","","","","","","","","","","","","","","","","","","","","","","","","","","","","","","","","","","","","","","","","","","","","","","",
"Chile","CHL","Food imports (% of merchandise imports)","TM.VAL.FOOD.ZS.UN","","","19.3829553057889","21.4370548144457","20.7122269736427","20.0738508550484","18.5056470678468","16.7749684747394","17.208924810553","16.9714284299425","14.6386430145635","17.7346859053738","23.4169369012795","25.8189377282641","32.6610777888747","18.5341497086642","25.5737578017945","12.4230287470277","16.6651961681585","12.7008931260148","15.0277391244814","11.9731738345905","16.2140265797574","17.9763001277501","13.5440166846771","8.31029383067664","5.07966358497008","4.81185055838563","","","4.38558425386416","5.79550784259678","6.31671594546787","5.99316794046771","6.93931512599929","6.71933465753375","7.16674718354825","6.72935013902968","7.30568880157966","8.61575785673561","7.38732826859091","7.36403179649258","7.96998924298726","7.8224862534446","6.93288140330206","5.81006113683892","4.10486208791868","6.95772611451477","7.06184498545909","7.77761181838838","7.26528426155974","7.48717241546284","7.46791618309552","7.77436321100319","8.48316905344953","9.22676651591504","9.75476380498688","10.0681966585274","9.61432324289901","10.0733017058917","12.5641199920981","11.4491283003788","10.7190417814633","11.8966755276116","12.2754000854545","",
"China","CHN","Food imports (% of merchandise imports)","TM.VAL.FOOD.ZS.UN","","","","","","","","","","","","","","","","","","","","","","","","","9.02561601825926","4.09832090762071","4.39376389162299","7.33601824563825","","","","","4.89049287327548","2.86866651857743","4.392123453808","6.99286331250247","5.90004277898128","5.0448743178983","4.76664012437009","4.05905600313996","4.1415670503436","3.98143235100007","3.52833071574746","3.85895678491532","4.03754200714251","3.55944030433494","3.18720737999403","3.72213323291332","4.75813477121272","4.92007621483225","4.617159512627","4.65196556599698","5.40612375610156","5.49827654126837","5.8178747777306","6.66132360581687","6.79703829564838","6.60739484217093","6.18908395984885","7.02820185377525","8.21017119906821","8.11967397205663","8.50986398807462","8.98411591719164","8.10751053290446","",
"Cote d'Ivoire","CIV","Food imports (% of merchandise imports)","TM.VAL.FOOD.ZS.UN","","","18.8597434320862","17.6836067323058","17.7133853631988","18.3442385202153","20.6999938951518","15.8372019962605","16.6264575088474","14.8292205470872","15.9009292520116","16.070609265524","17.3415508073804","20.086812302956","17.2510135931863","14.7048159829921","13.3655226401712","14.0066841614295","13.3271405914419","15.0100897096455","","20.299866064843","19.3170284906731","20.5890792607185","","17.1564662889205","","","","","","","","","","20.8873863122636","18.5924684955342","19.2031840786059","20.7542769189297","19.1963511933091","17.1845976432421","21.0852870794468","22.5827907280846","22.4906253801467","17.1976904370795","14.6207860960417","17.2835431554942","17.4065188360687","19.6128646777742","23.1919004111559","19.2460056507178","25.1280174581878","20.0116663868356","14.5200385287569","16.8423512990381","17.5692676559409","21.520688655588","20.9293744697827","21.0509451648051","21.3625721757374","21.5850332928208","21.9969486166126","17.9852160918608","16.8590606859451","20.4552406809332","",
"Cameroon","CMR","Food imports (% of merchandise imports)","TM.VAL.FOOD.ZS.UN","","","18.5437021688288","14.2617570508036","14.8354452398283","12.4940767158079","11.9111991055719","12.1775890560868","14.5630106851539","11.905782236343","19.697690983171","13.5413973415301","12.0540109055081","12.9137265429533","14.0512431336237","10.9514614906834","9.80781451444535","12.1227635256986","9.55583080094198","9.94019687089534","8.61300234868643","","9.70683616104027","","","","15.418589301763","14.673771522635","","","18.5373967627893","","","","","17.4409265519397","13.7307558153716","15.6773976495997","15.422157444589","18.9312125573269","18.158905834378","15.4646787502966","18.056636788873","17.6074754303822","18.3156675655433","17.3475176208791","17.9558780421158","21.347230428153","23.7856698771506","26.8274047050423","17.7001357720591","25.0971214952883","19.381309913481","22.2746782982844","17.3942389697154","19.8727796656184","21.9485619573473","22.8141277684289","20.0391865522141","20.3772701810346","22.5919777016995","22.3168382266743","24.5474353251023","21.7495498286128","","",
"Congo, Dem. Rep.","COD","Food imports (% of merchandise imports)","TM.VAL.FOOD.ZS.UN","","","25.6621165029152","","","19.3854862753417","","","","","15.6791478853874","","15.7468650129512","18.2247091245636","21.4745699277326","16.9684529986001","21.1599320089107","16.9250896796848","20.6664892689164","","","","","","","20.6424167693863","20.5502872492802","","","","","","","","","","","","","","","","","","","","","","","","","","","","","14.1348794371787","15.2084212686296","13.3983576538355","8.55138709790225","7.65700170576939","9.33668985681507","10.8817793576096","7.89774708475255","4.76738036029683","","",
"Congo, Rep.","COG","Food imports (% of merchandise imports)","TM.VAL.FOOD.ZS.UN","","","19.3459249115769","20.0556350976436","19.6728423035823","15.4010673292444","14.7660061114118","14.1862357054494","14.7347105555182","","20.1098673709085","16.2664506442036","18.0766877466097","14.5386350580254","16.9740236827987","16.3924759657718","16.5108018555145","21.3178704390222","22.9546360231333","26.926291991375","19.1784078360216","","","14.2216134522994","19.0286244475476","19.1304049607338","18.5139260017031","","","","","","","20.4148744349001","26.4999083307136","20.8102393165237","","","","","","","","","","","","5.63035871212442","8.15237266409826","8.75859931011056","7.02364437706801","5.73926285158572","6.07426293188047","6.85412807403364","6.23817491371187","5.09959512353972","4.04888949846285","13.8256465553812","15.5154182694521","25.0494616970264","31.3124132378392","31.7125632215035","24.5432926284533","21.2405849167454","","",
"Colombia","COL","Food imports (% of merchandise imports)","TM.VAL.FOOD.ZS.UN","","","7.66349322764776","5.50026881149243","9.05270465190204","8.34719287500278","10.7202475814459","7.35238641927331","7.70131234207193","7.96041047503711","7.69159097885454","10.3099375871281","8.65128036905234","12.0894694341911","13.3171646430131","9.41901924138745","12.2055243459112","12.4384536040966","10.7277320906928","10.5433486356937","11.7080179578092","10.214372541564","10.723598946754","10.9093170100708","10.2269631004099","9.49490699739424","8.7026237538045","7.95193985259735","","","","6.68849644168993","9.30914348631745","7.60905948171592","8.83984687158898","9.38828939792348","12.5690755214473","11.1310721955848","11.7959985885846","12.8909816501002","11.929031818574","11.7318068893806","12.1510334447017","11.3678659568972","10.5833541565872","8.87542859634767","8.88541041482465","9.15841672173031","10.1359790686263","10.2736553949514","9.69976767071663","9.51736819026305","10.327424375296","9.99379845653627","9.51258186579441","10.2982658165921","13.0436829871481","12.6402054672071","12.5406220745966","12.4538642903129","15.1845723719222","13.8212317973515","13.64324412577","14.4323873930124","13.7468605688449","",
"Comoros","COM","Food imports (% of merchandise imports)","TM.VAL.FOOD.ZS.UN","","","38.2026100711838","","","","","","","","","","","","","","","","","","","","","","","","","","","","","","","","","48.5314135023031","42.6281598135626","46.2660724938518","44.1570222008585","19.4619034599583","43.3742587517982","38.5070228221442","40.1956985075193","38.0403450232688","43.9010196224728","34.1799864577778","28.2095975405371","19.5114076786172","48.0315793281904","39.0943183497144","38.0483720613481","40.8349994042438","41.950391176806","36.1226374704807","41.5193063348923","45.305357679206","49.2211693154898","34.9338624970661","42.053864617836","42.6978479518729","37.6425255166014","25.311775671036","46.8234744914721","42.0679880779038","","",
"Cabo Verde","CPV","Food imports (% of merchandise imports)","TM.VAL.FOOD.ZS.UN","","","","","","","","","","","","","","","","","","","41.3069130222097","45.1945450745265","46.4300603330964","","","","","","","","","","","","","","","","","34.7473818631825","34.4218573768561","31.8185143479592","31.0006644205063","33.7409483757171","29.8187239229832","30.7560616633405","30.2069856600229","30.505796380265","29.1714029575659","25.6865014933414","27.6576815135857","29.4438689422713","27.7459586227402","25.3956669143904","27.9386991242578","32.1516859089998","28.4421586004644","32.4650529556349","30.8701655531076","30.0997528072801","30.1994885008568","19.7766587982554","21.9844405841014","21.2428463226937","19.2720142927348","20.2119970579194","32.5608876520847","",
"Costa Rica","CRI","Food imports (% of merchandise imports)","TM.VAL.FOOD.ZS.UN","","","","","","9.46264178873874","10.5249125896565","11.942104890888","12.8169319741918","10.3429278702251","10.8785544063503","12.2205749756137","10.140923206349","10.393900739874","11.4816515396291","9.92147387731241","8.3253336113136","7.58312588891265","7.38707471303588","7.480523294178","8.80715373461049","8.47569402865799","8.70767331884623","10.2971570155099","9.51718105081639","8.22385348737891","7.66076872709725","7.80347015777327","","","","","","","10.4267113496744","10.1824793003999","12.887826596399","9.73781104294057","7.87009348064918","7.29953652107923","7.44873459372655","7.50612972800854","8.01269363371063","7.74872279076332","8.58587634261244","6.28246982080874","6.32469247400558","7.99820234523875","8.50827089693552","7.16346240461911","8.96749176282676","8.7556891159271","10.7356362141469","10.4516578437187","11.4415556932258","11.9558810616322","13.2576973361867","13.4055451491915","12.9166824534422","13.1806920685055","14.7500769227882","13.3237047832935","12.4940561664025","13.3217397162158","13.2437000786422","",
"Caribbean small states","CSS","Food imports (% of merchandise imports)","TM.VAL.FOOD.ZS.UN","","","","","","","","","","","","","","15.4119971429758","10.7988711176854","12.4203949933141","11.2914102054595","15.0580884849359","16.1375617347635","16.2154613349589","12.500965158919","12.4315356422515","11.9370427005978","15.5018284565727","18.1953307283555","19.4551453447947","16.4486136338979","19.3190907836481","","","","","17.1577364515447","","18.6912178329155","17.0173833914096","15.583396202884","14.2753922929331","14.5247725222639","15.0484887129984","12.7944685124771","13.3063840026765","13.4743023848819","13.1711280032652","12.9281914128384","12.4094527123306","11.3332870759587","12.375450872544","12.357766913595","14.3145182500932","15.1502541228294","13.3747980908943","13.5194831730567","13.1266232140093","14.2179245318931","15.9217843174638","16.664111551993","17.0400177112863","15.9253491125218","16.7945616281733","19.7298609296495","18.5441018444305","20.1111302098789","16.6293002339201","17.2372719789618","",
"Cuba","CUB","Food imports (% of merchandise imports)","TM.VAL.FOOD.ZS.UN","","","","","","","","","","","","","","","","","","","","","","","","","","","","","","12.024988653042","","","","","","","","","","19.3757768613991","15.7930059768195","17.5886139834212","20.3360472733546","22.0214090739225","21.5597275264043","20.0711667909604","11.9217667315008","","","","","","","","","","20.32265580761","20.976907151456","19.4811687851869","22.4491148515253","25.9521894150002","26.6247378790478","25.2112885827776","","","",
"Curacao","CUW","Food imports (% of merchandise imports)","TM.VAL.FOOD.ZS.UN","","","","","","","","","","","","","","","","","","","","","","","","","","","","","","","","","","","","","","","","","","","","","","","","","","","","","","","","","","","","","","","","","","",
"Cayman Islands","CYM","Food imports (% of merchandise imports)","TM.VAL.FOOD.ZS.UN","","","","","","","","","","","","","","","","","","","","","19.0820303559576","","","","","","","","","","","","","","","","","","","","","","","","","","","","","","","","","8.7465748692131","","8.27320984768983","","","","","20.95770978119","19.3351739264519","20.4265981087821","21.2473874876978","21.2895249637943","",
"Cyprus","CYP","Food imports (% of merchandise imports)","TM.VAL.FOOD.ZS.UN","","","","","","","","","","","16.0954623417674","15.8048643946603","17.1939257886352","23.6637207003605","19.6842929664413","26.1758811032645","24.2989706329187","17.6297689822663","17.1857033396824","15.4464796171733","14.7841095203963","16.274834636715","15.253361406208","17.2702451151958","15.1464747713162","15.1344809855815","15.9212032979124","14.019417665747","","12.8169185704884","14.3347039619861","16.5220739562482","16.2277243899946","17.4325606425606","18.1858989931509","20.3737114778022","24.4866858101798","26.9923014977191","20.3352048886723","19.4365315347714","18.646326727523","16.5170423086049","12.7554154540767","12.076133655252","11.9766009434211","12.4194300450494","12.5566419113178","12.892749062111","13.3862069365089","15.485158429144","14.8465533874895","15.7450845949367","17.4983952247918","20.0360760579335","16.6436697821037","16.044741564758","15.1586124702319","14.1248549081498","12.9092248886023","15.1596082867896","14.8859569693315","15.2263666174707","14.7664873941997","13.7883761063365","15.266196005332","",
"Czechia","CZE","Food imports (% of merchandise imports)","TM.VAL.FOOD.ZS.UN","","","","","","","","","","","","","","","","","","","","","","","","","","","","","","","","","","7.86851084005293","8.70568805371285","6.7128378654551","6.99919931000711","6.57682826912133","5.99054235405358","5.7211360353027","4.9161449491809","4.69297612156346","4.23098167132108","4.80314277182413","4.99217834867323","5.28040630658305","5.06193050660144","5.18018223064743","5.07760495786001","6.30881681226657","5.36853964281542","5.57117130018989","6.03493439737662","6.3278007017885","5.98315198737543","6.08046182667869","6.1733923617406","5.77433216616245","5.41928600352194","5.68716232766313","6.01165359189797","5.56362380633626","5.52622278480675","6.34988888247925","6.74643451260105","",
"Germany","DEU","Food imports (% of merchandise imports)","TM.VAL.FOOD.ZS.UN","","","25.589610163604","21.8792014492744","20.2129327161493","20.7512129423501","21.8186153041136","20.3703404105007","19.2312899942379","18.6501739061237","16.9411650801484","20.7897679264628","17.5630726820943","17.1910379641861","13.954250920545","14.6068563787678","13.9822993002228","16.6279169048639","15.2218505602461","13.2318237483473","12.1346341016379","12.4315530717647","12.6168570335826","12.3936698268204","12.1664132741221","12.0897150615716","12.6039417191363","11.9452250153506","11.4840430502893","10.5113442933384","10.1425853900894","9.93166470796516","10.2421021791275","9.96221636424182","10.2445518799975","9.78064290220925","9.83608260580621","9.23044921594719","8.8887556752769","8.30155793990856","6.58349525553406","7.47332176694495","7.91101856862669","7.35837307189365","6.80153488487415","7.03311536661624","6.61932926406763","6.54341279742831","7.3879610221933","8.47420942410342","7.60908789072949","7.54721644075297","7.84358003848024","8.15800024655373","8.11144033716442","8.20354782355462","8.40565874478588","8.19000478686186","7.76013449050903","7.80471254183062","8.55111464353651","7.7678324232926","7.40331210711703","8.39736226374845","9.16027792841592","",
"Djibouti","DJI","Food imports (% of merchandise imports)","TM.VAL.FOOD.ZS.UN","","","29.3321599053111","","","","","","","","","","","","","","","","","","42.7239538938075","30.9482329088378","","23.5400499609528","22.768808464068","29.5981815682944","30.362023678269","26.7483500163777","","","","","","","","","","","","","","","","","","","","","","29.3220058336758","","","","","","","","","","","","41.1079498430142","36.8576646777546","38.5612340185621","","",
"Dominica","DMA","Food imports (% of merchandise imports)","TM.VAL.FOOD.ZS.UN","","","","","","","","","","","","","","","","","","35.0736120349154","34.728505752851","32.6688602739746","27.3449762446753","31.0310164974978","","29.123389222744","","26.3611031335897","27.7877812509206","26.83912238548","","","","","","27.2470927356136","27.9710217909188","26.2178551454349","27.8011568172457","26.3097043238458","","23.4165304507352","21.0448284563317","22.5283052062643","24.2384280586676","23.6711996130257","21.8227060011551","19.4201643813625","20.8324655020786","21.0192666259951","21.8884998045828","22.0659755103949","22.4754389111363","","24.9289608267261","25.4212874178448","","","24.7405044844318","21.1527863494555","17.3944748239404","19.2473409108592","26.5058124707519","24.9423912308128","25.9962026258186","25.1599497894216","","",
"Denmark","DNK","Food imports (% of merchandise imports)","TM.VAL.FOOD.ZS.UN","","","16.4265554353646","16.1882021278022","15.7183066490519","15.4539248127158","14.7815686744274","13.5390265102537","12.1061074766914","10.4759158923796","11.2569980847992","11.4448541675861","11.5383018952432","11.4385235431879","10.367297060536","10.0132454157666","10.8306677199353","12.7601797745376","12.4878952159163","11.4017148888015","11.4596095426301","12.2893956973421","11.5616838343792","12.0725406570959","12.081504210063","11.0151384291422","11.6832647727094","12.416404406874","12.6010997324458","12.3771156259444","11.946641238844","12.3977845261466","13.1754958696978","13.5226808667367","12.5474197164181","12.0457530184558","12.324618570491","12.6297762050285","12.3208596351204","12.1764407599987","11.3642379412516","11.616272831709","11.7346734194506","12.2879708701508","11.8542586826904","11.592448009318","11.3313587611834","11.4365732977557","11.9988035235937","13.1946586237288","13.4529145686794","13.2629162649408","13.6822134098711","13.7033378993001","13.6754911161589","13.9463541334775","14.0922697257726","13.8107494536679","13.5367246822891","13.9634220902985","14.0931105462707","12.8666994938473","13.2449989449827","14.3122840682596","13.9127440867411","",
"Dominican Republic","DOM","Food imports (% of merchandise imports)","TM.VAL.FOOD.ZS.UN","","","","","","","","","","","","","14.3964965896669","19.3267002096408","17.2959701630752","13.9016148442899","20.9392098948082","17.3807308531174","16.747419349009","16.8906332647755","16.5146763706556","17.4855941467493","15.617845433747","14.6823345905577","12.9100375325676","11.882132338189","","","","","","","","","","","","","","","","12.1280344829947","16.3588286214323","18.5891024381887","16.6757376398393","14.2470628130987","14.8692189220573","11.7419877155878","12.3829075508488","14.8045465780506","13.5513936551919","14.2781836794345","13.9104607526469","13.5496128155575","14.3010984119991","15.0649991985203","14.9477888071633","14.9273488032741","14.8369211459733","14.9000307723725","19.3227348036211","16.7587934589737","20.0361682533527","17.1912167437314","17.2454323990587","",
"Algeria","DZA","Food imports (% of merchandise imports)","TM.VAL.FOOD.ZS.UN","","","","","","","25.7783651346075","","19.2985469326227","15.7147290285177","12.7373195973256","15.6301393223539","","16.0927581409494","19.8168115732229","21.7011291937518","17.7376995741887","17.1820462563699","16.6124813552471","18.5180100453614","20.9550380993182","20.7408853010556","20.6893411618764","21.2163414881976","19.2004574217716","25.4206172281161","21.9484424000057","27.3514779470487","","","","","28.5079044496879","27.3586358176649","33.0363379194779","29.4540833514883","31.2561923243426","31.8243452268566","29.8747446468185","27.4232267527177","28.1684762632487","26.1361517616116","25.0833473331531","22.4214520152419","21.9133994784244","19.3275354088753","19.205724479411","19.834328817951","21.4250111172019","16.3388368896364","16.3010014984036","22.7921075134347","19.8492922361838","19.0622423212072","20.1033684945136","19.3150145530605","19.0281661204509","20.2300414574917","","","","","","","","",
"East Asia & Pacific (excluding high income)","EAP","Food imports (% of merchandise imports)","TM.VAL.FOOD.ZS.UN","","","","","","","","","","","","","","","","","","","","","","","","","8.70629322860418","5.21514964073507","5.61569045562894","7.49107662147609","","","","","5.36095769924505","3.67685736922445","4.79559042036639","6.69595751357075","6.08820923311446","5.36170413684259","5.41842830629674","5.17812464885647","4.74879915683552","4.86399852092667","4.60287703727564","4.78615704868988","4.78945001845169","4.32162575580524","4.07421445278648","4.63824459075256","5.4188124781105","5.85596751412188","5.60398747660761","5.73846140235415","6.19274464706423","6.18488228253922","6.58973106932995","7.3018789782215","7.61340158361569","7.27166077925037","6.85831237911153","7.51348168074793","8.71690347466634","8.54746877392287","8.69869455745312","9.1328692434562","8.48090253595624","",
"Early-demographic dividend","EAR","Food imports (% of merchandise imports)","TM.VAL.FOOD.ZS.UN","","","","12.8424060280258","12.226638827612","13.7483171821622","16.3457982497005","15.1784250024719","15.6811407040654","13.8439921723445","13.5400285857239","11.2294408816585","10.7833670419081","13.8910476425082","16.2458919479403","16.7344365115361","13.6277681433697","12.2930932039966","11.7809582995705","10.8058594981241","12.2038155915625","11.449325424731","10.9821652626928","12.9987307402702","12.61441695562","11.4427338719805","10.8614010919017","11.2446063929926","","","","8.1239544616528","8.66918085332365","8.05965061611912","9.36511862665678","9.61178643045105","10.1923186517133","9.19621206370166","10.0826109503167","10.1008500011583","9.15316111489184","9.38547686594013","9.49809548639662","9.79436641299249","8.87873669734744","7.86579234232832","7.35075085034664","8.10511004164518","8.38001005961789","9.01163465057894","8.80064315657553","9.1409324743703","8.52659901207172","8.89609207035619","9.13103148002855","9.36634015981162","10.2227029757337","10.0097592336485","9.25869271446278","9.35318032966321","10.6817458859979","10.2563527876358","9.92425769106228","9.55769402336551","9.34956164214264","",
"East Asia & Pacific","EAS","Food imports (% of merchandise imports)","TM.VAL.FOOD.ZS.UN","","","","","","","","","","","","","","","","","","","","","","","","","9.48029342873195","7.54599589310964","8.17818343388175","8.6441911459188","","","","","7.2809346325544","6.36499417594723","6.95114624969248","7.46560426287729","7.16661279798884","6.58511933492872","6.78378527303895","6.43525112694863","5.65674510148256","5.92688999541792","5.8139272770126","5.68731970342254","5.41334107877693","4.90202648809878","4.54075192029678","4.89048711249546","5.33845381784492","6.03458421071761","5.73568985773082","5.84900436747349","6.00735683429509","5.99796682559679","6.32007443806537","7.04436955089434","7.38127129700886","7.04504795583576","6.70020446860187","7.17654730479097","7.98009655129791","7.53384836776146","7.46306546764449","7.8667774019017","7.42514814379362","",
"Europe & Central Asia (excluding high income)","ECA","Food imports (% of merchandise imports)","TM.VAL.FOOD.ZS.UN","","","","","","","","","","","","","","","","","","","","","","","","","","","","","","","","","","","","","9.9014409336796","8.89723357354828","7.63973586769579","8.18809364999341","6.45571829158187","6.73802436708","6.62211690225483","6.8294924663769","6.11025395863227","5.82689687386888","5.50666869279581","5.7285487248495","6.54591031649476","7.2672531103758","7.045695575267","6.90327614315724","7.10416090922858","7.71012493559406","8.54064514623765","8.72499365135522","8.98493420005435","8.69991430510411","8.29218381653905","8.75076159569236","10.0398415010628","9.52793966717123","9.44445664141906","8.66537172719271","8.432569516944","",
"Europe & Central Asia","ECS","Food imports (% of merchandise imports)","TM.VAL.FOOD.ZS.UN","","","23.0788281396046","20.7912540258665","19.1752639837452","19.3520643502285","19.2012488862049","18.0784133546647","16.6920316989639","16.0973541973215","15.5910292184429","16.2685423411774","15.5123588137714","15.5166173882876","13.4987402748945","14.4055977458115","13.2715957280917","14.3143601602243","13.7524542631188","12.399706701949","11.2885783908659","11.5649604655794","11.7486262991959","11.6658768035539","11.5574000368376","11.2547962881262","11.8487443127301","11.3375743527742","11.2427414842978","10.156079006118","10.0263293252579","10.2947697338458","10.5512529950226","10.6239434862973","10.553408996973","10.1027065097649","10.3719647372137","9.67623198881329","9.53263805689522","9.08167441482036","7.78210010651923","8.21079825035534","8.50500018649499","8.50626204757994","7.99191331634196","7.84536570282406","7.41797705777355","7.58641532760932","8.07775176061837","9.39479139458303","8.74928103229947","8.79231801595819","8.9471220783365","9.44762963772362","9.51465674729116","9.77810778496193","9.83414157776204","9.60849838338368","9.21984921683234","9.2658505764425","10.1710049343811","9.21478302358526","8.74336944213328","9.63024574983398","10.3020640292417","",
"Ecuador","ECU","Food imports (% of merchandise imports)","TM.VAL.FOOD.ZS.UN","","","13.1989556670638","9.79118415129886","12.1671949475188","10.3527070732507","13.2886741256898","11.0122761440903","9.26714241856461","8.09918949770469","7.91896933686616","6.76744438194413","9.30834855088233","9.67295586613239","8.77582924846004","8.38894351661273","8.31627533202161","7.22857880590277","7.80735112333711","","8.38754619773345","6.43370144901536","5.07906418884707","10.452226121722","11.4930810254044","8.15229786822557","4.78469996990044","6.46632507289456","","","8.65942972274489","7.67057914655233","5.09286765551748","5.10091750548661","6.37577893454147","7.58019859775836","9.94638033359717","9.3924847092635","12.0047440043539","10.7485919661053","9.00541400042505","8.05678048592405","8.68501990336474","9.22487134772442","8.95630344364771","8.03365604206717","7.0629001283134","8.43728414696139","8.96803651018888","9.46965224582905","8.34727251122971","8.60906822892924","7.77596777727752","7.3058243983015","7.72202292985615","8.76337439314478","10.5662113085014","10.1880068896461","10.0366845287616","10.5536547655104","13.207293565198","12.4941543784171","12.5642283057306","13.0250450479146","12.2264908609577","",
"Egypt, Arab Rep.","EGY","Food imports (% of merchandise imports)","TM.VAL.FOOD.ZS.UN","","","","","","28.4776254448133","28.5763407597752","41.9878252840111","33.962032295952","26.1414665362184","23.2237377821175","29.5728221662263","28.6749084812325","31.6652732312225","44.2679321524353","35.917158237049","28.3220903568415","23.1176962774789","25.8468198427929","26.1650039872185","32.3884925013385","34.201486139678","30.7738726359582","25.5387986151112","27.68475945344","27.0768851028388","30.0249839967238","27.3263469873743","","","","","","","27.5162861365904","28.3838533242064","29.4752308552429","26.2748015302147","21.2068945753265","22.8656629726748","25.2034726323746","26.0571570364759","27.8437606403488","25.0155801266211","22.5458565929967","20.0824862300595","19.0625220502884","20.4260386290611","17.8963919007814","17.8887870071632","19.1408398397826","23.7536654802803","22.4231286293974","17.5098909058737","20.8840359685848","19.4566174058816","20.3753156142534","20.284907436335","18.3309787934642","20.9318510685966","23.1079323874633","21.2684759245502","22.1214154443618","21.6972770278526","20.4434848356971","",
"Euro area","EMU","Food imports (% of merchandise imports)","TM.VAL.FOOD.ZS.UN","","","22.4443175317013","19.3166904533056","18.3528607502654","19.1272742156473","18.9460882296945","18.2041242892917","17.0810321997862","16.3708944904209","15.4668018777754","16.9031735231142","16.079171543476","16.2614787045804","13.6600181058985","14.8493765576494","13.7380534480427","15.160303994675","14.7338246106117","13.2939599787665","11.9643688020721","12.1453936189318","12.5487165828063","12.6291772717922","12.3746309633675","12.1279314001758","12.7266817354693","12.1864296643425","12.006933868221","10.9764200274205","10.5467134402677","10.9320014226353","11.1716066418393","11.4597677694914","11.5573851040941","11.0226447020028","10.8389132398362","10.0289388779079","9.78248723109876","9.36698555775489","7.78833255364912","8.2828120352311","8.68696190228069","8.634172699441","8.08137635626406","7.91873951407721","7.51220630611206","7.77334857505687","8.34047244607604","9.71262577669334","8.97807104719163","9.14425653454441","9.42970348666778","9.87013509032091","9.88738300081224","10.2037680146417","10.3879257083406","10.1085469342725","9.54722526767937","9.59150712419352","10.585388371752","9.47373837963663","8.91001576603432","10.0246878857997","10.9263523632835","",
"Eritrea","ERI","Food imports (% of merchandise imports)","TM.VAL.FOOD.ZS.UN","","","","","","","","","","","","","","","","","","","","","","","","","","","","","","","","","","","","","","","","","37.4082326909517","30.0207545664577","30.8928780908161","45.5713792180839","","","","","","","","","","","","","","","","","","","","","","",
"Spain","ESP","Food imports (% of merchandise imports)","TM.VAL.FOOD.ZS.UN","","","19.8132526904676","22.3647302541759","18.2837028790811","20.2847097511375","19.7400730035183","19.6167387074101","17.8981927446963","16.9435562120005","15.6484842344615","17.5602706297443","16.3092978020651","16.8984706197282","15.3230468628622","16.5534585801895","13.1815675363733","15.5438693038237","16.3483899766842","14.6992139245543","12.5085371721581","11.8996673147544","12.1936909888457","12.7253799561016","12.0149033122443","10.6419453747913","12.9151646949015","11.3734054801102","11.3205205976244","10.6274538829365","10.7771139220824","11.7822625348109","12.1229296417344","13.5715617691352","13.618252422577","13.6095797099779","12.3102349063725","11.7649653318191","11.4224240276073","10.4370117664112","9.14243753674419","9.98015424317981","10.2943050253261","9.9755910018221","9.53774241433879","9.22662453782948","8.41138687523044","8.75280460386947","9.28662689936103","11.3047367300631","10.4880027899456","10.5436067629097","11.0889433511236","11.1579765372045","10.9099802017249","11.4789135773146","11.9298740188351","11.7182494041178","10.7663175783528","10.7900297344407","11.9186144294273","11.1433515467752","10.9462591141838","12.2528443279897","12.4601599531457","",
"Estonia","EST","Food imports (% of merchandise imports)","TM.VAL.FOOD.ZS.UN","","","","","","","","","","","","","","","","","","","","","","","","","","","","","","","","","","","","13.8367703328053","15.2515879271628","16.1002522216785","16.5209006741172","12.8838560684608","9.83078976436227","10.5951587367236","11.5661480058289","11.2119163112586","9.74141254208502","8.67380612279623","7.4645316429699","9.09859536914482","10.1578108052571","12.9022810691629","11.3632991728371","9.91178955996035","9.09234311142852","10.2311021970189","10.1398955091061","10.4931382258064","11.0498797070887","10.961027323393","10.0299420419391","10.2204953189272","11.0393542309987","9.40954376056997","9.69265891711908","12.5542772482861","14.2452823132285","",
"Ethiopia","ETH","Food imports (% of merchandise imports)","TM.VAL.FOOD.ZS.UN","","","","","","","","","","","","","","","","","","","","","","","","","","","","","","","","","","","","13.8374895712574","","2.43361549348437","6.05456679027489","9.3764015461824","7.00618262842159","14.5465476769229","11.2325753357011","24.1568178466376","12.3023188784191","10.5910136769419","8.46838136434838","7.0128716150833","13.1682987368127","10.8609687271109","10.8818231032271","14.3759542950793","10.9430232166","12.530803211071","8.95942983607244","9.77249762984108","13.1176685714478","12.3849513836437","15.0551986612583","12.1948705346236","18.3984132423039","28.1676089683881","23.8028758749573","13.8401468775133","","",
"European Union","EUU","Food imports (% of merchandise imports)","TM.VAL.FOOD.ZS.UN","","","21.9310430144593","19.0240679596826","17.7760662700301","18.455311704677","18.555939197055","17.5760724952533","16.4664190284974","15.7547524121036","14.9702979748025","16.2712297449536","15.4973890995488","15.6857280028561","13.2173324090712","14.2639828339023","13.4068268617125","14.7917939645315","14.352112603524","12.9358217473063","11.6990754994723","11.8965655183529","12.1982383522737","12.2943802967665","12.0474998050065","11.7883305579282","12.3875381246816","11.87264269248","11.8058688211048","10.6841127315574","10.4347583204173","10.7302618311104","11.0180179976158","11.1665752895964","11.1559849099688","10.5248458979669","10.3847002945937","9.60188930087213","9.35087036355581","8.95506660427667","7.51012820033256","7.9807793476084","8.3016736576832","8.26998929448933","7.81208370606036","7.68693997853271","7.31924440218459","7.57621793566708","8.11775483824395","9.51258262500978","8.7910491422827","8.92972901684193","9.24020407308912","9.67319488277989","9.66708231871551","9.97285012984406","10.1899940515306","9.90614801733392","9.37960784668922","9.47896220077729","10.4071877435494","9.32399789669088","8.87882022990898","9.9362907445596","10.740391884755","",
"Fragile and conflict affected situations","FCS","Food imports (% of merchandise imports)","TM.VAL.FOOD.ZS.UN","","","","","","","","","","","","","15.8328523280799","17.3817041158634","19.378210348593","15.9097673176064","13.8303038593655","","","","","","","","","","","","","","","","","","","","","","","","11.7015935839564","12.2112073126088","12.5569935293408","17.1365569689105","","","","14.2884467308951","11.6959534207863","14.3357428128058","13.3616924644111","16.946524346297","15.6362917475068","15.1456209318839","13.5059790080319","","","","16.4872496987356","","","","","","","",
"Finland","FIN","Food imports (% of merchandise imports)","TM.VAL.FOOD.ZS.UN","","","","15.6092727796051","12.510292507722","10.3715823361064","11.0988038591712","11.2321111212969","10.9496565781585","9.96474856798019","9.82188396024666","7.20740603935493","8.70722462138866","9.0812894477502","7.83570054605274","8.19013485012254","7.53814817055314","8.62770251163347","8.69457451970746","7.41297885499498","7.10084357096629","6.75207060859688","7.37183969852799","6.11559622553145","6.22479177846832","5.7728297922563","6.46819394307375","5.85654263910547","5.78105543423408","5.21624121259231","4.89047591041444","5.9649670813007","6.19049996941443","6.67669947731948","6.9925592498093","5.96188920905004","6.67440627155206","6.72558967982868","6.50561817319958","6.27262486977249","5.22594733628161","5.5251693807686","5.87463816752889","5.9765167264479","5.61117372225907","5.20735309463213","4.77861542051151","4.95966364090912","5.36186590158471","7.34673682608116","7.14102982886135","6.80407474737172","7.36985775673118","7.93646941338444","7.90917618744173","8.42519284076146","8.4742900316359","8.02892706486384","7.536197065389","7.69829343610545","8.45920999484063","7.24297244082398","7.44159661901572","8.60660307330664","8.82719033930542","",
"Fiji","FJI","Food imports (% of merchandise imports)","TM.VAL.FOOD.ZS.UN","","","","","","","","25.6270199816193","22.7089636239559","22.9080096887183","22.0880928106351","22.0681958814109","21.9529073891893","22.5095593501537","21.9370927550254","20.4412111301151","21.0972043021429","22.3790578879295","22.8893237859265","18.7250765576604","16.3097987536128","16.3245533644815","17.0633451179848","18.144537173308","18.1155513214406","18.7803344183461","17.7160494344654","20.3177627185591","","16.3946923641716","14.6366963680672","17.007694771438","16.491532733745","18.0139672608473","15.6866594995269","","","","","","14.8295189550409","20.213155565211","19.9843805406976","18.2478405740988","17.6632951004578","14.7130056721653","13.9903123819765","15.4791161285229","16.2204704559196","20.5960829396842","18.4376274986627","20.8895707639033","21.054964315034","15.9097906930898","17.683612287578","18.9400831569718","18.1418306152603","18.4273025008703","16.3262332413978","15.0516886237463","22.1843301981943","20.1795612122022","19.490778751998","18.9872092117188","18.9596724821777","",
"France","FRA","Food imports (% of merchandise imports)","TM.VAL.FOOD.ZS.UN","","","23.011633155807","20.8597011754354","20.5411771383987","19.9436205909414","18.8107946812508","17.3726234413776","15.5808301905799","14.9611069827065","14.7880642992648","14.0686211682009","13.756852161299","14.053449849757","10.9104186348987","12.9117240142995","11.8338685817142","13.9364522202435","14.0479203350851","11.9620002313119","10.2843491989825","10.3143240421778","10.5936300796745","11.3403550393084","11.2850215694027","10.9912917523917","11.7318147325915","11.080926934867","10.7534488778709","10.1662426152925","9.77367947417612","10.3391829728411","10.5459139653827","11.1710361763818","11.1909751893185","10.7508224104605","10.3834217774511","10.0099276204747","9.66022950157653","9.16413839348344","7.90621616629272","8.28054426899926","8.72368714982118","8.84440888125609","8.29000072099577","7.80455115500016","7.44393034315527","7.71461679191524","7.99784928014569","9.29936695314562","8.49598781387455","8.24806755822488","8.41480525022845","9.04804501902727","9.18229320313869","9.43072623436497","9.81267656119536","9.66271995845288","9.41074345219893","9.3250111557903","10.5068805590099","9.66196137586234","8.89679826129939","9.82996957617559","10.5960747051011","",
"Faroe Islands","FRO","Food imports (% of merchandise imports)","TM.VAL.FOOD.ZS.UN","","","","","","","","","","","","","","","","","15.0238675311174","13.7938200148143","14.2392736678543","14.4050527243043","13.703064581686","14.1536271003377","13.7216297928417","10.8533292162025","9.86971434079632","10.5452735780255","12.3297080290339","10.2798425683873","14.1595822302423","16.3581729213918","20.8616065966283","25.6134392555669","28.1924457476855","27.8623059150517","27.8562960366013","","22.3256890774988","23.0742236413552","24.3348388340737","20.3320270387132","17.2748080493512","19.2399840911026","19.3198126521816","15.2265221481595","18.0426128516796","13.2294653020596","13.5819496652377","13.1577111521162","15.5418733774885","17.0673880191534","","","","","","","","","","","","","","","","",
"Micronesia, Fed. Sts.","FSM","Food imports (% of merchandise imports)","TM.VAL.FOOD.ZS.UN","","","","","","","","","","","","","","","","","","","","","","","","","","","","","","","","","","","","","","","","","","","","37.0346203329859","34.2392634171006","32.8593018501555","31.8524145039803","28.9540040558619","28.870272137374","30.4567945184852","27.4584138056126","28.331630433746","29.72583636125","27.7638916204232","","","","","","","","","","","","",
"Gabon","GAB","Food imports (% of merchandise imports)","TM.VAL.FOOD.ZS.UN","","","21.676114194449","18.3262565154724","18.1200058293172","15.9594629485013","15.2714916069975","15.6271582601887","16.9004171303349","14.3820627430639","14.2613814152967","14.0460156621273","","","","13.1492470202191","11.7095815405027","11.3072969175916","19.4186710583204","19.0020327619304","19.1403892721202","16.0242991094948","16.6826528625457","17.9811428589966","","","","","","","","","","19.3948102696316","17.327259685442","","19.1468237796913","17.6093071039785","15.3951031116904","19.1707056202881","18.2397240119533","18.3217530684605","15.8776189591102","15.039302243983","24.2394291119064","19.0950973813624","16.621342914733","18.1142034178639","17.5381102958195","17.1436958924292","15.6948379159592","18.4863389762419","9.28486229839245","9.62311938565674","6.34914629533023","8.86573303494737","11.0212744771966","14.7766431504621","16.3803209884739","14.331102320639","16.6439688465321","16.9063207335254","15.3299541775162","15.715777594256","","",
"United Kingdom","GBR","Food imports (% of merchandise imports)","TM.VAL.FOOD.ZS.UN","","","37.1080160206994","36.8071586491522","34.0008078903967","31.6548259441914","30.6128436737154","28.9496392895799","25.4833798231379","24.6017074950525","24.2437308589271","23.6457255961207","22.4112957071616","21.0107469754358","17.8977013189526","19.2852389363628","17.3120939361919","17.8714784617566","16.3421649300891","14.7118741436716","13.1817109261317","14.1028672209704","13.8236385699133","12.9561286624881","12.3172530326682","11.90480830515","12.4935289532845","11.5278507459226","10.5232908697891","9.90428177777848","10.2846587978716","11.1515255755507","11.1782892598459","10.7798352863278","10.2583943067501","10.0619713278135","10.0718786782777","9.4505246761595","9.33596699505758","8.95621237671914","7.77332529543403","8.19201633760021","8.49802346618817","8.96236348886592","8.80851033914332","8.80347829900682","8.14073354812316","8.53605036224542","8.96670273827612","9.70336645805312","9.01819443501153","9.02860936591861","8.80351927302466","9.87147070903372","9.70710357451592","9.77794092005688","9.26808448687487","9.60554351444277","9.66088187367103","9.15488692611623","10.1081871798978","9.40725073770577","9.06213951918742","9.94062516865512","10.3420016057362","",
"Georgia","GEO","Food imports (% of merchandise imports)","TM.VAL.FOOD.ZS.UN","","","","","","","","","","","","","","","","","","","","","","","","","","","","","","","","","","","","","36.1187245654637","33.4701002470786","18.6808044479978","22.5342900537141","23.3354377925569","20.3614879512097","20.4797306100354","18.1119914737775","20.9586705150015","17.4290091079792","16.3748435867449","15.6945126210382","15.3386133034105","13.2713929423076","13.0352436374362","12.1582333912838","15.4344828880074","15.7237251089165","14.8236449824608","14.605693723129","13.9804702594182","14.0286333255437","13.7896991685917","12.7313001895991","14.3893094987063","12.7673119005709","13.2050235242219","12.4206920599197","12.4583057030011","",
"Ghana","GHA","Food imports (% of merchandise imports)","TM.VAL.FOOD.ZS.UN","","","20.8273242618307","15.7315048900109","18.2966403752594","12.7849963780103","17.6738667831226","19.3417760880809","19.1206777272678","17.6785570565679","20.8537939123516","16.3757523934054","20.3229643339847","23.4418744760414","17.2919615235602","13.4244492954325","14.371437617791","9.08253708279079","11.6588384106302","9.76271612486069","10.0929301532568","8.81584589603143","11.1627671875022","14.6637073972592","7.71726080394065","","","","","","","","11.1890919100961","","","","7.90686476249858","5.8464458436442","10.2304693737779","11.7307982728475","12.7592190948003","18.1992163313309","19.5641722154173","16.1023479327627","20.7803532130101","13.8967790461099","13.4481786821341","14.3991098576178","14.7565513004193","16.336731038405","15.3319197029094","15.4000827958104","13.867723380365","16.8214830673867","20.7085709026088","15.1631137091062","14.6049033294353","18.2916723569764","20.0673120919156","17.406953900926","","17.4030499021968","14.8463107000708","13.69452189875","","",
"Gibraltar","GIB","Food imports (% of merchandise imports)","TM.VAL.FOOD.ZS.UN","","","","","","","","","","","","","","","","","","","","","","","","","","","","","","","","","","","","","","","","","","","","","","","","","","","","","","","","","","","","","","","","","","",
"Guinea","GIN","Food imports (% of merchandise imports)","TM.VAL.FOOD.ZS.UN","","","","","","","","","","","","","","","","","","","","","","","","","","","","","","","","","","","","31.0490829769518","22.4407225814328","23.6934733246437","25.4388995022932","30.567484824138","24.1715658601992","23.4879911036672","23.0791736712276","","19.3323496375987","15.8383082816304","25.6182687654943","16.9118340979961","13.2340260831581","","","","","21.654251873358","25.3527989641689","23.4474279327957","26.5754022109152","","","","","","","","","",
"Gambia, The","GMB","Food imports (% of merchandise imports)","TM.VAL.FOOD.ZS.UN","","","","","28.4064189518691","","","","","","31.6811061143644","25.868815524463","21.1032967818481","20.6838952297642","28.5625321862635","24.2086733442697","27.6767276239956","26.4808524410744","26.8672802819957","25.028574333117","25.8759789699465","","","","","","","","","","","","","","","36.365178247293","37.326611780845","37.7451012096011","43.6258864795986","36.5494358611365","34.4953031799041","40.9989776196766","37.1017349758859","37.5997189415948","40.8419087092408","37.7289187149481","31.1899749109051","30.8678394372224","33.6226822428083","39.0127342456712","45.4547281010804","32.8406257309779","33.1841807085246","37.2824309455002","41.0232109723769","37.3424837563614","43.033803801892","33.0354914197728","32.235941932741","33.1605556156461","28.8139237329338","23.0608669245295","18.1979695251988","7.30686278959141","22.0074820986003","",
"Guinea-Bissau","GNB","Food imports (% of merchandise imports)","TM.VAL.FOOD.ZS.UN","","","","","","","","","","","31.1250194881239","37.5953948199002","34.1468141556363","","","36.1042786269628","27.9596699733646","","","","","","","","","","","","","","","","","","","","","","","","","","","62.416018386306","39.1822412796123","50.6918420625702","","","","","","","","","40.5558343745731","50.4525371630079","46.1130322244442","46.0194884082423","41.7103517219214","","","","","","","",
"Equatorial Guinea","GNQ","Food imports (% of merchandise imports)","TM.VAL.FOOD.ZS.UN","","","","","","","","","","","","","","","","","","","","9.73677131691223","36.3686129664329","26.8522855756862","22.8459174725053","31.7995766557172","","","","","","","","","","","","","","","","","","","","","","","","","","","","","","","","","","","","","","","","","","",
"Greece","GRC","Food imports (% of merchandise imports)","TM.VAL.FOOD.ZS.UN","","","11.9816247713938","14.0922499287235","14.6434413055279","15.5125479117886","13.9713314209368","14.759965798085","12.5982031860775","12.4134120101934","10.9009888559278","12.0946833388525","10.8520669286048","12.4008077626581","11.2338600395444","9.74595646384881","8.41470023993739","8.49992130570798","9.09074764612286","9.89397594401796","8.75795243042078","11.2867477653954","12.6860020662755","13.2657708914333","12.6472032024762","12.9571260760858","16.5679860688955","18.8484987197639","17.8465918760618","16.1949202937617","15.3235059949061","14.018665470943","14.5839131839877","14.1600597059067","15.9290279704852","15.9751296945784","15.0359571889646","14.8577916805437","13.6763052238116","13.0855183197681","11.32104102001","11.8921723041025","12.8861889811138","11.5897159436282","11.3629391299071","11.2411184082835","10.6914002783329","10.9893879250495","10.6475395821999","12.3082386584953","12.2936756869624","13.1715068382794","12.3053321300578","13.1433140700892","12.8114308807351","14.0877970132255","14.6151922711315","13.4916513440012","12.1198834592954","12.5080368725452","13.076932019625","11.5652864905407","10.4763151704775","12.1575262578546","13.0629048864452","",
"Grenada","GRD","Food imports (% of merchandise imports)","TM.VAL.FOOD.ZS.UN","","","","","","","","","","","","","","","","","","33.4086927491377","36.4832669562727","32.6834890856415","32.9373266111737","","","","30.5997474305234","27.2949985377468","25.0689581702582","27.2202113140675","","","","","","25.4683487726604","26.6091028205813","27.4669340700923","26.1710027532409","23.3054120175872","20.3420758296432","20.1689757221308","18.3996463646717","20.1481754544276","21.6080824246348","17.8531099926374","23.6040800099175","16.4452262761804","18.6973406615474","18.2070398884635","20.8691054518232","24.0896698431016","23.4287563662535","25.3855781110418","24.5997912796677","36.6758549686598","27.2752039015319","25.3490530046935","23.6533206889119","22.3597039371177","21.1778302925644","23.3158216312585","24.5585861333435","23.9975501632344","24.3491456486106","23.672939646295","24.1807071100424","",
"Greenland","GRL","Food imports (% of merchandise imports)","TM.VAL.FOOD.ZS.UN","","","","","","","","","","","","","","","","","26.6568125642689","24.9229218019263","25.8714586961783","20.4977915681717","17.864699007929","17.3292621143954","19.3221209376805","21.6091566910618","20.019016795568","18.0900567510786","20.3020560256878","20.1873243569546","17.3538042980566","18.4454570931709","16.6368796456103","19.5292770053138","19.315780040577","16.5610879140562","15.5376271132774","14.2025784244261","15.1717464397608","15.6087415936837","17.7855679349181","17.5894958785564","15.2173763461836","15.9568644877099","17.2700191531217","19.2871231751708","20.8158263958359","17.9808556669164","18.4417080161807","19.3600267602234","18.2318721636078","22.1894458786805","19.02492844972","18.1559974506379","19.3315188386356","17.9624355407597","19.8226155431166","22.1450872149245","20.4621302353358","20.8080473808136","19.8422691078303","","","","","","","",
"Guatemala","GTM","Food imports (% of merchandise imports)","TM.VAL.FOOD.ZS.UN","","","","","","10.9657569306015","11.4892088520194","12.6938332572706","11.0053869214013","9.73063611681409","10.9790225312745","10.1129614504107","9.00499330434405","8.46281470032314","8.29814211375569","9.48880994004554","5.87435538296729","6.17745371887177","6.92704565455666","7.00876064688006","7.57084834594206","6.24133811861597","8.62884954911447","8.59356530521918","7.2833301293555","9.16867050296701","12.1086273769338","10.5848707809405","","","","","","11.0962532702199","13.29831668761","11.8607325722898","14.3099096182086","13.1884856242186","11.8802229727264","12.6821813806296","12.6695915152408","14.079602273116","12.3443296843716","12.6169927254118","12.397905126684","10.8647284472579","10.0660269897735","11.3052294524696","12.6474875810355","13.7097635120186","13.3084941708299","13.2080099927777","13.2833532715704","13.2516390465932","13.5666065238897","14.2717691496301","14.7037479209953","14.5825879494011","14.7263282022478","15.571192391491","17.6939473651915","15.6928076388092","15.7955245453658","16.9561740584858","17.4117190728048","",
"Guam","GUM","Food imports (% of merchandise imports)","TM.VAL.FOOD.ZS.UN","","","","","","","","","","","","","","","","","","","","","","","","","","","","","","","","","","","","","","","","","","","","","","","","","","","","","","","","","","","","","","","","","","",
"Guyana","GUY","Food imports (% of merchandise imports)","TM.VAL.FOOD.ZS.UN","","","","","","","","","","","15.8527791244812","17.9617642717545","15.9281751482209","17.0040224753834","15.8424227616993","13.0313027542033","14.4842261557011","15.0845015604837","16.7993140347866","17.8628030942021","","13.0907278849543","","","","","","","","","","8.30562700538356","6.88756225173545","","","","","14.1165396058014","16.8611511977518","16.7216195182474","13.9489389756501","15.9200413121233","15.7013139954706","14.0137836416989","12.7084957262905","15.1233115123809","12.6693446664865","13.9481681789521","14.3023731990334","14.3341192201831","14.7979288712203","13.8309804303901","13.7079019325529","14.5200572474798","14.6633336541654","17.2061288995276","16.2889472130344","14.913084636563","11.5344054445164","6.96708141008088","15.2342853025628","8.92987799186265","12.8935636153533","10.0749322194577","7.47830387441403","",
"High income","HIC","Food imports (% of merchandise imports)","TM.VAL.FOOD.ZS.UN","","","22.0885766350488","21.3060361135317","20.0957215611527","19.323974975113","18.8625168973063","17.9471436959853","16.9296473259794","16.2024986233362","15.7272162735536","15.8689639676232","15.2668605977614","15.2953059379114","13.3438575052778","13.7687169259252","12.6298901544644","13.0145433199996","12.4923071321229","11.5422556907942","10.5684789580138","10.6369000131324","10.6261320039644","10.7178300094376","10.3819189596459","10.0097684483808","10.5333803234315","9.93332752280047","","8.82996773876896","8.60544196110911","9.23485056430741","9.25068042140392","9.13469049100289","8.96895708521534","8.51823985993728","8.70229849524769","8.12202369352682","8.27277775226413","8.02713497580003","7.00688227600568","7.34064093668563","7.55710025641305","7.42608398823409","6.95193215593667","6.6900315523107","6.3462035888133","6.50200515250509","6.81214008876191","7.95180185744703","7.49142456737146","7.54858042282999","7.54387009687836","7.85795188343528","7.99944802682357","8.37160230017183","8.58140565482488","8.42000001743625","8.130758842604","8.2169827059831","8.99112251559206","8.22272234635303","7.89980189456052","8.45085156677638","8.94113840277541","",
"Hong Kong SAR, China","HKG","Food imports (% of merchandise imports)","TM.VAL.FOOD.ZS.UN","","","28.5349914421258","26.7531704979917","26.9556061159847","26.139535879034","25.1901378292412","25.4341064635064","22.4060389533364","21.3284134334556","19.9351233089287","20.0379111837133","19.8045132487035","19.5912568875301","20.3228309291662","20.8194171647168","17.8516688660049","17.0364737780609","15.158104219411","13.3340950997222","12.4293514490799","12.1747447876432","13.5062732250967","12.876112384405","10.8804740928452","10.7430532995859","9.98762098616266","8.49585416604686","","","","","6.50714352714331","5.75469952752918","5.71490408154679","5.38851509076292","5.49217868153355","5.4234189044897","5.38449777021238","4.94580569832678","4.28210913363814","4.33344484276788","4.1246188804416","3.60584247862094","3.20337464279801","2.93935977454494","2.81965987855293","3.02348089712892","3.59327235553936","4.32729764367037","4.08113092560461","4.16934012015227","3.99058339677959","3.92036593727993","4.4646954812131","4.51434475143844","4.96982348474464","4.7437138377871","4.66711488977334","4.73074258142538","4.31625812948186","3.7448732557173","3.48755579889078","3.56838231382695","3.31974490176158","",
"Honduras","HND","Food imports (% of merchandise imports)","TM.VAL.FOOD.ZS.UN","","","","12.0316595628099","12.0997647967298","11.9575571891539","11.7644405673898","12.1162140251632","12.6021405467436","11.4677801428164","11.6490271296636","9.68062460405902","10.8329266029631","9.72914846193092","9.97457866114422","12.8850036026414","9.97427780138712","9.15292434405063","9.17016856358431","8.34664517357706","10.0824724378074","10.1377263599597","9.93542655575549","9.83943036293447","10.9409688568084","9.13978669762793","10.5807551779809","9.6454634264294","","","","","","12.5386904369096","14.4877450130019","12.6297005227581","16.420330413501","18.5523931467538","17.7832157564458","17.9214127991224","17.6023353135068","17.4850938101154","16.808010315078","15.4452691984811","14.9831901513583","15.0680850013298","13.3965280309557","14.6700642119302","","18.4642825692247","16.4133966729062","16.4014572443272","16.7073330424109","","18.0750068243017","18.1943373707418","19.4184091713844","18.0407406081852","18.5735584582839","18.4777160416782","21.8138196110535","19.168746919633","","19.4028342519915","19.4660573087506","",
"Heavily indebted poor countries (HIPC)","HPC","Food imports (% of merchandise imports)","TM.VAL.FOOD.ZS.UN","","","","","","","","17.5529668245478","","","18.5676472267812","18.3107329925006","18.8389131478729","","19.6382274803407","16.2710911427921","14.0304042505525","13.8014786631208","14.8335435044279","14.4171575603401","","","","","","","","","","","","","","","","17.0072897187193","","14.6710726756589","16.0053980376534","16.0557616773619","15.692516723673","17.1113036610911","17.2022524569425","18.2259777530146","15.7927230972093","14.2904592887292","14.0495090584784","13.5765614604293","14.4782242833491","15.3335946446425","14.3626681377284","14.9426186519948","13.7771970666067","13.7481788291015","15.012609492812","14.1790763207442","17.3636395169862","17.4383917226894","17.3283180133334","15.9484510772476","18.2495320777628","18.8216098179776","16.067076946909","14.8514979271602","","",
"Croatia","HRV","Food imports (% of merchandise imports)","TM.VAL.FOOD.ZS.UN","","","","","","","","","","","","","","","","","","","","","","","","","","","","","","","","","12.4999029527334","8.97733968874994","11.1929110001769","11.7896442046705","11.2533151714454","10.4472929018381","9.68779293534315","8.46024716436848","8.27796912782028","8.82356707513751","8.90901764248842","8.43596208961588","8.36717766970066","8.313900392655","8.25555724053013","7.95833359237055","8.19036048194588","10.1286110146861","10.3794096133657","10.943771304078","11.7695698634915","12.3046794669215","12.9710604760723","13.1991630754547","12.9023576176109","12.9822559599019","12.3816822401309","13.2745684888342","13.5797312085611","12.8274787632237","11.4485939722102","13.9255559042201","14.3214509997313","",
"Haiti","HTI","Food imports (% of merchandise imports)","TM.VAL.FOOD.ZS.UN","","","","","","","","","","","20.8149410752313","24.1067999766897","25.5644714950158","24.9356872021693","24.0190999594981","28.7228518052392","30.8967522808711","27.8384220487698","25.6254874832358","23.5685619322252","","26.1029546232386","","","","","","","","","","","","","","","","","","","","","","","","","","","","","","","","","32.3104914597187","","37.2613985987692","","","","","","","","","",
"Hungary","HUN","Food imports (% of merchandise imports)","TM.VAL.FOOD.ZS.UN","","","","","3.84955718455586","4.33851503488662","15.2701356703029","4.54277373552168","3.29669380308494","3.92671820288387","4.96739308807571","4.22816850076353","3.78287564788032","5.34546729008722","5.92215346864547","4.48032047734037","10.0975993427196","11.0027132460363","8.65343348695291","8.0688514620607","8.3035806105676","8.90262185466503","6.76571700771304","7.20284413095746","7.20785219310975","6.85476477678511","7.14607590514921","7.18830259028393","","","","5.74324831983857","5.63768313040419","6.15880699401483","6.54895139433427","5.67358037056373","5.30201235251708","4.71376759350975","4.25305115962469","3.21705130485594","2.91328535453333","3.08819908143684","3.20881562727556","3.28502579007471","3.86804493820454","4.10857903082178","3.93463703136581","4.07068890025428","4.43376866038654","5.25904817063956","4.89565302078144","5.05255711904579","5.18966206173757","5.18565679138304","5.17144968136305","5.2740730521435","5.92075910857433","5.79716816907068","5.61692768149674","5.73825706437629","6.1667338200809","5.79600558107441","6.18075443107612","6.49519491394277","6.94062488872526","",
"IBRD only","IBD","Food imports (% of merchandise imports)","TM.VAL.FOOD.ZS.UN","","","","","","","","","","","","","","","","","","","","","","","","","10.4375814055799","7.87938823758728","7.76166677095288","8.87335978126868","","","","","6.99920181130283","5.93274320559581","7.18479595597452","7.89719483851265","8.37578276413955","7.75996237171146","7.95452166542524","7.46825239578316","6.73708699775603","6.95211318980096","6.90357527750892","7.00083360174613","6.54007794424382","5.92712132312409","5.48736693975006","6.21560587659304","6.53442778215498","7.2416414646485","6.91853029681414","7.05218125419875","7.16476909069952","7.40544420906877","7.65794864017575","8.11548556321919","8.5746576845588","8.25851651460676","7.72894733825411","8.1943544735268","9.42735987079558","8.95298534683337","8.84230803443633","8.98823557172208","8.70286164878558","",
"IDA & IBRD total","IBT","Food imports (% of merchandise imports)","TM.VAL.FOOD.ZS.UN","","","","","","","","","","","","","","","","","","","","","","","","","10.8726328735978","8.44095161450133","8.26706943522796","9.19622426685808","","","","","7.32989840286928","6.27785690084307","7.42055014264714","8.35599336965809","8.82020351102362","8.24090231248691","8.46831478241473","8.00553439138408","7.32299185364661","7.58749201144437","7.51114638702869","7.64169764535637","7.01943849624673","6.3717888314113","6.05954211403965","6.79262002734036","7.0422374876945","7.80545000780555","7.45524075277151","7.73579287870288","7.71143078807078","7.87120708548534","8.12384562678921","8.62415544790423","9.10661502034455","8.87229442743498","8.26784375753876","8.61342102804037","9.90107076181811","9.47223641416143","9.25307326628097","9.38015863729499","9.01615018334014","",
"IDA total","IDA","Food imports (% of merchandise imports)","TM.VAL.FOOD.ZS.UN","","","","","","","","","","","","","","","","","","15.405167185629","16.8548808423441","17.2139145136922","","","","","","","","","","","","","","","","","","","","","15.605523523584","16.2457451110553","16.1242867736019","16.5631063657046","14.7633252765783","13.6126058706382","14.3499111954206","14.8268904940464","14.1553184609583","15.3446503104329","14.239201432058","16.7796075815153","14.8825095306516","14.0356253871461","15.0200193613644","14.9589580436721","15.7173996730626","16.3523923730179","14.9668118938417","14.2761250449801","16.8007643695856","16.7583178165702","14.922458081999","14.7058446679915","","",
"IDA blend","IDB","Food imports (% of merchandise imports)","TM.VAL.FOOD.ZS.UN","","","15.364560221266","17.208842250681","15.4822729724617","14.8335207665263","14.0282623679364","15.7792979575891","14.1020680833892","","15.5523667770248","14.4343937834701","19.3242057394745","17.6646131443708","16.6440272847263","16.3705557535357","14.6737605444222","14.4656023759338","15.8639247645678","17.2631509784092","","14.2779637328785","","16.8169556018927","17.8401470891617","16.9138505277791","15.5744653144484","12.2390019120283","","","","","","","","","15.5461383979914","17.7666107464825","19.0913655197124","19.5673453625225","16.2713971453524","16.3616957319303","15.8849729512134","14.7183956626753","","","14.3039674266784","13.9363264028878","12.5489535327131","13.7140488485869","12.7806871048824","19.8473688766323","16.516336413383","13.741287745064","14.4090555855527","14.3168106983059","13.7571760460244","15.4812257707404","12.6931871020473","13.1588456979093","17.1408838429388","16.2636545779674","14.996644921413","15.2397199113919","14.1015600472875","",
"Indonesia","IDN","Food imports (% of merchandise imports)","TM.VAL.FOOD.ZS.UN","","","","","","","","9.25912396093395","24.9861105616296","15.5624336931214","15.3722145561628","9.42213040750967","9.94415036841945","10.3181200366041","14.9691008670067","12.5032215169039","14.5734624760581","16.3414187617476","17.6379704732133","16.0043234842635","12.6780338095987","11.0492752861062","7.16419424321577","7.7277878811683","6.50354620920944","6.90911473796093","7.17452703206772","6.99892171356163","","7.60511146328845","5.05377949306375","5.47639999643048","6.36183822713805","6.46994103956628","7.76367733094323","8.84105592907741","10.7983565166038","8.82504490822098","10.5233403024791","15.7050983119267","10.0072129258352","9.92527155089655","11.1215668273071","11.4970317546412","9.68934247690891","8.08094555754746","8.85969798094525","10.550507641297","7.25634632574598","8.91538831122844","8.45631571755487","9.43034288706684","8.25440848334444","8.7816360469734","9.55759666725371","9.96743784080884","11.6088464408771","10.9918137066306","10.2087283524839","10.6159984251183","12.6098405783724","11.5637815053867","10.997103973879","11.814123641417","11.8565859214946","",
"IDA only","IDX","Food imports (% of merchandise imports)","TM.VAL.FOOD.ZS.UN","","","","","","","","","","","","","","","","","","16.054503752526","","","","","","","","","","","","","","","","","","","","","","","15.1982975685882","16.1790565956659","16.2710509732279","17.678228934168","15.459490881213","14.3262801971007","14.3786209012852","15.4070408743891","15.2197649173796","16.3647000617448","15.0616242291891","15.1789747823479","14.027422624436","14.2160098514984","15.3851544630842","15.316961689127","16.8036493991965","16.8830502177982","16.4211626744283","15.1222083523588","","17.1587559053611","","","","",
"Isle of Man","IMN","Food imports (% of merchandise imports)","TM.VAL.FOOD.ZS.UN","","","","","","","","","","","","","","","","","","","","","","","","","","","","","","","","","","","","","","","","","","","","","","","","","","","","","","","","","","","","","","","","","","",
"India","IND","Food imports (% of merchandise imports)","TM.VAL.FOOD.ZS.UN","","","17.0800125693956","15.1979120707817","16.8630383690966","22.0081319867605","34.1490195409254","32.0856191349502","25.0445436582352","23.3030434476827","20.9241411734079","14.5837681650156","9.5959392901439","20.0724897464491","19.6876302812429","31.845541118297","27.4807902684274","16.4346900008366","13.8469096715189","8.91882130560846","8.98622238034248","8.54079616454866","","11.6588489306529","10.1799906261651","8.41407280327842","7.04137324208479","8.43977180317303","8.05408745648698","3.50915103633338","3.24038005482108","2.69971091255533","3.7775770995826","3.09337045639327","5.93343478180095","4.24430213390663","4.62897518152086","5.24590888103246","7.98136717055903","6.62512602167223","4.31269475192625","5.26064427722423","5.51730137381547","5.46957002838505","4.30907020333258","3.36678410369853","2.81575976925486","3.15167158693782","2.33606736322529","3.84322021258478","3.5188131716977","3.30798828495291","3.61415055311196","3.58128041095053","4.15851458783714","5.2439586896853","6.08873220309444","5.63841140503153","3.85218741928945","3.97304277623304","5.48565406020561","5.05246462548225","4.68745287929006","4.69913000107828","5.06115292488684","",
"Not classified","INX","Food imports (% of merchandise imports)","TM.VAL.FOOD.ZS.UN","","","","","","","","","","","","","","","","","","","","","","","","","","","","","","","","","","","","","","","","","","","","","","","","","","","","","","","","","","","","","","","","","","",
"Ireland","IRL","Food imports (% of merchandise imports)","TM.VAL.FOOD.ZS.UN","","","","19.0254433718849","17.8763957617637","19.0948002595573","18.3918834700258","17.6036267755086","16.8707301382987","14.5540630360808","14.2108165291011","12.6933793397688","13.6350184188133","13.7724894941722","12.9323468989514","13.9286363462064","12.9576719354199","13.5238384661774","12.2868786732775","12.0739562448879","12.1170013588134","13.1084681775363","12.6608134202747","12.979517085222","12.0667748626523","12.3080437732573","13.0285734764477","12.3515377874802","12.3657585403924","10.9770713373284","10.5852771063834","11.3566931508674","11.6426764925704","9.95842792980599","9.76467810996844","8.47133433020518","8.316804787215","7.83817894207549","7.19612427592967","7.23108369839452","6.28773248100908","6.80922264017095","7.27437124002623","8.26353612865164","7.94206831368347","7.91522077173803","8.33764229672429","8.41942579720387","9.56560461040843","11.0402310968363","11.3670066027612","11.3408793426777","11.8403544786411","12.6801595885067","11.6259857120718","11.1026397805474","10.5142935783561","10.1384551191777","9.86143456458797","10.0252447512953","10.7901984974779","8.62484947562997","8.06620273250132","8.55002119510273","9.40933912604292","",
"Iran, Islamic Rep.","IRN","Food imports (% of merchandise imports)","TM.VAL.FOOD.ZS.UN","","","","12.8036397410696","16.1909995441839","16.1087272584052","9.91276552881555","7.45760862118625","8.04103151898436","4.91898907178078","6.54963986607168","10.648019101746","10.5489158271942","10.4850384711897","18.3792983592265","16.26112572448","11.0969833278105","12.696421914475","","","","","","","","","","","","","","","","","","","","20.8806309077834","16.2154150588036","20.4402831797297","18.9717839921169","16.0683248244843","9.91487136895174","10.4900589194062","8.92910246805601","7.89014706949647","1.86182920657552","","","","15.2279504772143","14.1303676502876","","27.1072781979137","23.3835141856178","22.4023283543476","20.4927483499843","20.191545455076","25.5591386885995","28.0531454667852","26.7610078346309","30.9322239984819","29.4601700206271","","","",
"Iraq","IRQ","Food imports (% of merchandise imports)","TM.VAL.FOOD.ZS.UN","","","","21.4388331719483","","","","","","","","","19.6227796240387","23.9635041870118","28.6809365057435","17.5095132122902","14.9367518274985","","","","","","","","","","","","","","","","","","","","","","","","1.53398085529644","1.0756638880856","1.55571136803504","","","","","18.7623946037269","3.87608288766086","","","","","","7.1958972279023","","","","","","","","","","","",
"Iceland","ISL","Food imports (% of merchandise imports)","TM.VAL.FOOD.ZS.UN","","","13.2558903221492","11.8896975246505","12.3274395748494","12.6276186335684","11.1963429818374","12.2400311300661","13.4878416956079","14.6825256668619","14.006962548524","10.3170444069585","11.5557688421003","10.6232254135739","9.86453401542219","11.3045317243165","12.4575893094241","10.4250928950155","10.3367019276855","10.0979069481276","9.96325500874862","9.78023487235194","10.1776579709134","11.5522430245394","11.1685738735372","10.2982282248216","9.83283555217397","8.12522666732447","8.55484350102001","9.85074780635017","9.28315885477353","9.23448507518824","9.69081028323943","11.6706477061283","11.5619027997952","11.7604139989867","10.6903863547147","10.2523692964073","10.1326823991651","10.3953620010573","9.38202900596758","10.190570188368","11.578375017462","10.3795952640578","9.9391229582133","7.78946299208439","6.79535074435207","7.57680427950145","8.83666693030526","11.5274423019842","10.9706536461184","10.5325462593394","10.3445930386315","10.5345628512245","10.674322590175","11.3192271831499","10.3674899214849","9.63054046839887","9.63227527798091","11.3497909816576","13.2885654035267","11.3319088896599","9.9577101108031","11.2249405309035","11.5222453867738","",
"Israel","ISR","Food imports (% of merchandise imports)","TM.VAL.FOOD.ZS.UN","","","16.9383678231154","18.2241812863059","15.7892705603654","16.4777138825688","19.9972704424544","18.9944545120678","14.812771621245","12.9172614189775","14.0360689216145","13.6799271375938","12.7293267204493","13.3532616722888","13.4889335477897","15.533667932184","14.146754270641","13.1270508927116","10.7054048641991","11.3667565319273","10.7029939360041","12.4389317732556","11.0420687593902","10.0910436137655","10.6802689595003","9.57537972651992","9.2206726256423","7.88680886670531","8.78106122845604","9.04932892911925","7.81163037139592","7.38434708524366","7.12268944388912","6.78288134149795","6.84092393534289","6.58955183771655","6.85616849975908","7.11652422439436","7.07933444463925","6.23841765835118","5.33526305057598","5.87588013168619","5.97377434550647","6.08683982882901","4.86733820007353","5.46333913286782","5.69475812472042","5.86570898278485","6.65564624853688","7.62046329936597","7.33456393323271","7.24344911239348","7.10744517185122","7.48405216127304","7.72744981528175","8.42692831263779","8.43285851538021","8.74423157968572","8.41916293079596","8.73662822514067","10.053818979815","9.42348713145627","9.36066373895247","9.99506959636049","10.5547207249929","",
"Italy","ITA","Food imports (% of merchandise imports)","TM.VAL.FOOD.ZS.UN","","","16.9264315675252","20.8327688159008","20.9654551004243","24.4526381833471","23.5652957630876","21.4663393089179","21.3518116996348","20.0701916137005","19.0498781912528","21.7275358419595","22.6248200260338","22.549135226643","17.1028445324482","19.3781585036273","17.2313626221195","17.6057317947493","17.5027072778361","15.82268719803","13.1298779783478","12.3060241143656","13.9192594368551","14.4130194194725","13.0751372581453","14.2865260047237","15.0661062513019","14.5645367892272","13.4437890892915","12.8022353290707","11.9908770107767","12.9444228291372","12.5722988888704","13.0934051967901","12.4304936297365","11.463635492268","11.572151200374","10.8450887921898","10.5625625940499","10.0553976682436","8.49122661061818","8.74904760129232","9.05151163756952","9.36279609127937","8.98092248829217","8.59948613890285","8.12314910773922","8.42350003642154","8.67180897022359","10.4896090965129","9.10108997905205","9.17212413685137","9.63315699215554","10.4124834411488","10.8680516577574","10.8812240370958","11.0791402955181","10.6680139305836","9.92310610885055","10.175924057492","11.1248713722196","9.74324779821526","8.95561590152959","10.574914613224","11.2165564192186","",
"Jamaica","JAM","Food imports (% of merchandise imports)","TM.VAL.FOOD.ZS.UN","","","23.0427877261334","23.8509288293593","","","","","","","","","21.193327884521","22.5604572547261","23.140619838274","20.174419841081","23.1986541177509","19.9199312467817","22.564777546914","16.79203784425","20.3202741239821","18.648189778922","19.2420865661901","17.0718360109209","19.9667016123825","17.8281408021471","20.3951606197084","18.0588957549861","","","","14.3653709491593","14.7952799436157","14.0271413172762","13.9988780431968","14.3396427467259","14.6227821427104","16.7370107988849","18.2446379624931","17.4891332733279","15.5194567147272","15.3975944338927","15.2211795319071","15.1212065012927","15.1401630172989","14.660350378548","14.3870875434376","12.7038465336189","12.2310735387849","18.120468089718","17.6690467474983","16.7263633029103","16.5922446540184","17.4019809698296","17.5924313462614","17.9988321879577","18.6153200070766","16.7257266674854","16.4436782086749","17.9730088973925","21.5295833416093","20.9698203764182","20.57220808264","20.5146673938933","","",
"Jordan","JOR","Food imports (% of merchandise imports)","TM.VAL.FOOD.ZS.UN","","","","","29.429339609375","29.7482206025586","30.0037386922911","29.9325747204329","31.2042595968666","29.4157569445532","31.0405793482387","30.1949972638989","31.4710227524733","31.4576688784799","29.170260994174","22.4004170393947","25.8267069417527","18.2666250437697","21.3485051113263","20.1647721980217","18.1558734830066","17.0800081250309","18.2193262175912","17.7060624864841","19.728644147787","18.8074421319868","21.7849058152181","18.9945238957503","","16.9086527995861","25.8204120888579","26.8142731035813","21.2211243422292","20.1690071871431","21.6574032734716","20.5932881567792","","23.5349445727124","23.0990621351525","21.8135136257261","18.7404656910463","17.601922146017","16.8626332136614","17.6482866450496","17.0226907889587","13.61728423743","13.3081149105048","14.9962985235357","16.6496599488486","17.0167404854647","16.2262641619845","16.1062196225209","17.3865465659055","17.1295421487715","17.7724667290356","18.9454290328943","21.0973767983218","18.6700700543504","18.9063968497975","19.5154893784339","23.8505677549977","21.0315876504526","21.2018889672992","20.1760819152798","20.6701222463335","",
"Japan","JPN","Food imports (% of merchandise imports)","TM.VAL.FOOD.ZS.UN","","","17.3352141447202","20.7643475573489","21.6384797259099","22.6966552284957","22.5506072812597","19.4660106425987","18.075936083116","17.4860636466026","16.9185079935803","18.1839541159188","18.5447000699654","18.9167475223328","15.5821087820752","17.8845837278622","16.7504993147157","16.8251952895977","16.8287989179932","15.0861392195262","12.0444358068357","12.9566650564309","12.7197066865943","13.6913880585299","13.8604012829683","13.9215146363514","17.5835782604899","16.6265846474108","16.8842690924034","15.8690468354854","14.5460540397824","15.545234802152","17.081411529623","17.4002395564459","18.0149150033437","16.0701402168553","15.492061722163","14.6480136568811","15.8589353552231","15.1494360756702","12.7955329229744","13.0663950060951","13.254453387045","12.3066158270018","11.5830998869756","10.397420153451","9.00988229766332","8.89967332839888","8.66932564165848","10.4597598321224","9.23605680131201","9.24235600544921","8.90973337350933","8.61160768330529","8.48340286482418","10.0360297410722","10.3478193778417","10.0437146393493","9.42472232479178","9.81903513557923","10.5846916302108","9.50819177781891","8.88622489867363","9.6868733799793","9.5240002477684","",
"Kazakhstan","KAZ","Food imports (% of merchandise imports)","TM.VAL.FOOD.ZS.UN","","","","","","","","","","","","","","","","","","","","","","","","","","","","","","","","","","","","9.8219023574874","12.3663356998089","13.1017585803673","10.1549254149461","10.197291893645","0.66966191099893","8.27830378704379","8.10190835463263","7.98988859735114","7.13682171994451","7.28585486395054","6.9492924055706","6.85582069000944","7.76918735834948","8.50228881195314","9.49279059068171","10.3590939412061","9.3506629604563","9.23050361102662","10.2757203339405","10.8539466739404","11.7263379408567","11.4239342143862","10.6216549277196","9.73895066598611","18.0507671125515","17.3972567289582","19.1029713866299","9.70778983096429","10.9676587249797","",
"Kenya","KEN","Food imports (% of merchandise imports)","TM.VAL.FOOD.ZS.UN","","","","","","","","","","","","","","","","","7.87185742934398","5.83990507700207","6.86325535631816","6.3159392850949","7.73496150170383","6.12676250052044","7.70702689249391","9.44661684808839","12.2026350412057","9.69760190737123","9.27444742198956","7.19291984217652","","","9.33278411667154","9.77301009988843","16.9841536283889","13.6096670176983","19.7899682674052","10.0895954436116","12.0314260133013","16.684952387724","14.423158912009","11.8846908038528","13.9479779658172","13.3669391879521","11.268070283505","12.1889429385749","10.3917860456964","9.47550244125543","9.23069578310042","11.0141357643369","11.6387017212626","15.3964665440165","12.0527691103933","","","10.7248483645404","","11.2769622078875","12.3590906167827","18.899750728629","14.0491243531296","14.6181649110231","16.8408243526996","15.9779383697722","16.4130221428394","18.8247071859348","16.258423021928","",
"Kyrgyz Republic","KGZ","Food imports (% of merchandise imports)","TM.VAL.FOOD.ZS.UN","","","","","","","","","","","","","","","","","","","","","","","","","","","","","","","","","","","","18.3424098238808","20.880897066759","","13.8035246363325","13.6135452702511","14.4432404933725","12.2621720812044","13.0786831548179","12.7830274392983","13.4568204353356","15.0039630062941","14.3599775452249","15.3611313276466","13.0812439601514","16.8817568675166","16.8656052934285","16.6157805647953","14.5142111869168","14.0740980992085","14.7332717627272","13.9359610817103","11.9006177808286","14.0718426591173","11.1110730511763","13.3224511471005","15.5555720102508","15.3622273858414","11.739329193306","9.24560938263853","9.01226946713793","",
"Cambodia","KHM","Food imports (% of merchandise imports)","TM.VAL.FOOD.ZS.UN","","","13.4979466894236","11.0704969430454","10.8134307061337","6.25581021198311","6.29189458675916","7.981380719942","7.29996642787384","10.0605836364106","10.0744434399909","20.7992700165238","31.1995002665217","","","","","","","","","","","","","","","","","","","","","","","","","","","","9.50621770286955","9.71158691635263","8.95466897463645","7.59680222176926","7.83516537828293","7.45420950149512","6.94416306872132","6.19039605488992","6.95518993572843","8.01761411387161","7.06267828856846","6.56459034784296","6.90584685213053","6.91900162895175","8.0167784230089","7.97743223305382","7.13483934228118","7.7701125981998","7.41186393155405","7.01752753996742","8.28393956502619","6.12463203943485","6.13865191733293","8.5184168292817","7.45951314329506","",
"Kiribati","KIR","Food imports (% of merchandise imports)","TM.VAL.FOOD.ZS.UN","","","","","","","","","","","","","","37.0388383525629","44.6258948071196","39.1948770378622","36.1277825814218","34.1127071355433","33.6159259396218","40.0436278706987","39.4607504017068","","","32.1498322834991","32.5402230546758","32.6337209398919","32.4010523183184","37.1968738153134","","36.0397626494054","31.4324154981949","37.0856559007699","26.2891669820267","35.9270072950637","40.6934020176924","39.4010569169204","40.8799197402463","32.289962222385","41.3597244574072","36.7926528011523","","","","","28.7516048632856","36.4267998592715","37.6851043301658","38.3789477574705","40.5246611010019","42.2859112783684","40.7041072647877","45.1059660457718","33.7057781347631","36.2036517320381","37.9587778551448","32.9728590791669","36.5764650585655","39.3895257628298","37.4776605248094","","43.693895254424","41.4444062808522","","","","",
"St. Kitts and Nevis","KNA","Food imports (% of merchandise imports)","TM.VAL.FOOD.ZS.UN","","","","","","","","","","","","","","","","","","","","","","22.7523084097491","24.6255936798985","23.3038928528961","","","22.9143651021063","19.1846968448439","","","","","","21.9924490412046","21.1787064425607","21.065593349866","20.3134674307015","19.1581523961379","","18.5185334524198","19.0433189632215","17.3545712797855","15.6170441808629","16.5832130329201","19.4254219350114","18.4986012057093","18.6130700245659","18.6907315169214","17.7693207370044","20.9634455877095","19.7179543664981","23.6963647995571","25.5754640447711","21.8985367094588","20.9985954085079","21.2064752570508","24.8700048034141","25.3848981641499","","","","","","","","",
"Korea, Rep.","KOR","Food imports (% of merchandise imports)","TM.VAL.FOOD.ZS.UN","","","13.9134859516965","22.540976897267","18.1605983844936","15.0646058973233","13.5240950739973","10.659605665284","12.1890999619862","17.5827685446509","17.2247023209261","18.2333954415411","15.5787246485985","15.0118634051201","13.2319580467263","14.1604337772384","8.7318386650807","8.20184718337121","7.78171329832589","8.95147345612763","9.84931760372781","12.0410627475286","7.77237471173709","7.91765842730332","6.75240783389142","5.76687404611886","5.73854796934311","5.00407525806118","5.55619520011292","6.15317278043715","5.60181706971366","5.82241523967088","6.11679718283407","5.81123747846757","5.74793345900719","5.43163982045802","5.90525146843388","5.62400681849711","6.06072133470202","5.57700694613502","4.81152686043378","5.66351732411774","5.95270558107254","5.51718855877091","4.89471211682897","4.4440578207991","4.21526224607662","4.42392703054421","4.47865746897713","4.94009052050155","4.50978676760487","4.83794794555391","4.78836383575606","4.9042756820686","5.13897655357604","5.94130449705912","6.41716697251823","5.9188684678787","5.8238049423598","6.1797632808015","6.73698132324059","6.19614160799124","6.06454085720441","6.33497186956266","6.289153490062","",
"Kuwait","KWT","Food imports (% of merchandise imports)","TM.VAL.FOOD.ZS.UN","","","","","","","","","","","19.7907184578847","20.7578060176207","20.4975735149874","19.9995890583451","17.7887637239417","17.0733473189155","14.2827852879926","11.9816422665157","14.6126037238633","15.557223113768","14.8034991248448","14.6187177679135","13.6057345350301","13.9984083691256","17.4189331026992","","18.0270230199943","19.6408026782908","18.1354274666366","19.3545645853652","16.7388149835091","10.7323108015673","13.3633171666598","15.0601554310357","16.9733087933769","15.5289372542288","15.6643219607661","15.3046388194633","15.0983647051663","16.82172623484","13.8447910406646","12.5974705169025","12.0135689908453","11.8610626821351","10.989504259397","","14.4265293009804","12.9034662415455","14.6148470560885","","15.3224711592641","16.7984035196711","","14.9606134655017","15.6160360140515","15.84483374297","15.004038165898","15.0544741071025","15.0275119616334","16.4863798431681","20.0546775083583","16.6311056148886","17.6971081288462","17.1095766003205","17.4893557712884","",
"Latin America & Caribbean (excluding high income)","LAC","Food imports (% of merchandise imports)","TM.VAL.FOOD.ZS.UN","","","9.70450746406312","10.6428048715755","11.2205996066911","10.0698203632516","9.77368856063996","9.55479374300953","8.71326048743698","8.20829119372672","9.23141250920838","8.30801879345827","8.94377897388454","11.4622939353364","13.0507811919984","10.8351641201834","8.71512317601779","11.0457093315009","11.0327335122377","10.6587369417655","13.4879908179804","11.7050707763164","10.5770698710017","15.3434146326423","13.2186198773799","11.1706202456912","11.0490996195288","10.0263764363972","","13.9719150165699","12.7970543622505","10.6043174161134","9.55572012239349","9.07456052456012","9.60115986219966","8.47183710616166","9.6523375457275","8.30072798982906","8.48784509946055","7.98103423768634","7.068823063414","7.62729851843722","7.95512828929203","8.16493497041324","7.40218896238848","6.80776176053018","6.47497944813826","6.91961495607774","7.20341091548033","7.86667987457968","6.95193750773257","7.23097425388664","6.83289772874054","6.86733431989477","7.16888662490003","6.94968845425888","8.20994661745058","7.72344708640403","7.50791341011835","7.61821028955437","9.07431272388176","8.3659049100836","7.90584851800223","8.36788763628956","8.26565371955595","",
"Lao PDR","LAO","Food imports (% of merchandise imports)","TM.VAL.FOOD.ZS.UN","","","37.1273873746729","30.4510386194039","30.9441357192357","31.9962476383541","40.8865517363413","38.0953847786517","38.4932538929998","31.3546575773931","23.8513597298245","25.3522976159007","33.8487230778367","33.2268459015626","31.6670014271726","","","","","","","","","","","","","","","","","","","","","","","","","","","","","","","","","","","","11.3499646992904","7.1308600758903","6.17845265963526","4.16644644893556","4.16563279145491","5.26202693242762","13.2536136929945","12.0783900678523","12.3817697224743","15.6827343966589","19.130746903056","16.1348902140594","17.2304242371746","12.6886401660591","","",
"Lebanon","LBN","Food imports (% of merchandise imports)","TM.VAL.FOOD.ZS.UN","","","","","","","","30.3720204136593","27.1142476867743","23.9468157849939","25.0690811873613","23.536661708377","20.1040115344522","18.2341371476505","","","","22.0886186519402","","","","","","","","","","","","","","","","","","","","19.4201894031712","19.6716571800595","19.2761584878179","17.7728025545885","16.9509943945185","18.7162651607233","18.0838635818581","15.5138620095239","14.8441919299135","15.0045921057331","16.0800965795543","13.9159803123949","14.9214178739235","15.5783508924797","15.4390501936215","15.268676630941","15.8236951519334","17.2831066063169","17.5815765410609","17.1394821962351","16.7696518115414","16.8145008721869","15.8900367356293","19.7756866271019","16.5019102115096","14.025527168013","16.2628211646141","18.548538743257","",
"Liberia","LBR","Food imports (% of merchandise imports)","TM.VAL.FOOD.ZS.UN","","","","18.442012562326","","","","17.0835540139754","","","16.8827540393645","18.3683459718402","17.0681758979517","18.3512359507257","15.8059298229516","13.8713271060508","12.7753656840172","14.9492437158484","16.9938515292818","18.2258137764967","18.890400357406","22.2830124288173","22.3365448074712","26.075654673038","25.011804089287","","","","","","","","","","","","","","","","","","","","","","","","","","","","","","","","","26.5597866091246","21.8434167528347","28.2606821738141","25.8661754983841","26.432854011667","24.4204011896133","23.0903875580164","","",
"Libya","LBY","Food imports (% of merchandise imports)","TM.VAL.FOOD.ZS.UN","","","11.7274328518363","13.8675273102988","15.5379023701778","13.7942252423594","15.6441175839723","18.2323577354412","13.7866065527326","14.1789893006849","22.586664137765","22.2578733760157","16.6907686586633","17.8725843746403","17.3382389741397","17.1296181319453","14.7951524941357","18.7149219827159","16.6227620583343","16.7369988185269","19.2923901967781","18.1389783619371","15.9923517169319","17.979362709295","16.1079341780686","17.3413211425355","20.2983523558034","18.0129297915872","","","","","","","","","","","","","","","","17.0369526076915","16.7743632731703","","","16.1396687212784","16.3733435132837","11.755401525612","12.1710636780918","","","","","","32.9046515173011","31.4949217115993","26.2829514153415","21.6020225297359","","","","","","",
"St. Lucia","LCA","Food imports (% of merchandise imports)","TM.VAL.FOOD.ZS.UN","","","","","","","","","","","","","","29.0872358489794","29.2873346492649","30.3528199902048","27.3995963574253","26.0995039629528","23.986626375865","22.0512583355737","20.9870457024886","24.3748247737062","24.9750929393727","26.5310957925234","","25.3468527736125","23.4540945523083","24.3314021169878","","","","23.74983321508","23.7162950309687","24.2648754368963","24.9919132555405","26.7050679986289","25.7691931695197","25.5449061420091","26.0686894554218","23.5946516365441","22.874655734015","26.4870130742102","23.2772760985958","22.1242157142602","23.6253260966313","21.5832108555612","19.6679429211054","20.3906212876877","21.1329623269772","24.5595228234622","24.0771231963047","23.2601977432832","24.2998614271656","17.9844760700456","24.7952163047207","26.5866255384777","22.6242043630305","24.645815688544","25.3671373347093","27.0831423844868","27.6430449111677","","","","","",
"Latin America & Caribbean","LCN","Food imports (% of merchandise imports)","TM.VAL.FOOD.ZS.UN","","","10.7100292485342","11.5542805716778","12.0455616711217","10.8182498507151","10.4588284400444","10.2132802213976","9.52741172455127","9.01577804245522","9.7457477918356","9.20688900565905","10.0053658173211","12.4463185264146","14.0495304138141","11.2699887451989","9.84292016722997","11.0590391319208","11.3053869716008","10.8078570445685","13.3679498796069","11.7357155325175","10.9420833576557","15.3989088811074","13.2439165188873","11.0814207829644","10.6367422326147","9.81053769816329","","","","10.2632547392225","9.44058582589512","9.02203032360161","9.69882947254197","8.74215935075062","9.84670877667715","8.45347136150906","8.69310019571043","8.37482569527849","7.4851988741595","7.96005750394642","8.37399054679515","8.6884044007434","7.8664192313107","7.05770610559062","6.47448901338468","7.057137310798","7.62498849379461","8.26408081156553","7.48248322582314","7.6849995376484","7.36762296018716","7.5449807782611","7.51170240195399","7.45375174892439","8.63312773275762","8.23811029395809","8.00385792922026","8.16740473468807","9.77870399369274","9.12035381961925","8.65024645298497","9.09598568028686","9.06328256045535","",
"Least developed countries: UN classification","LDC","Food imports (% of merchandise imports)","TM.VAL.FOOD.ZS.UN","","","","","","","","","","","","","","","","","","","","","","","","","","","","","","","","","","","","","","","","","","16.2664451687774","16.2340059157492","18.5974435414585","","","","15.9398431623161","15.3161878002255","15.6260941044921","14.6338271902474","15.4471328566136","14.5535384597235","14.3624676513251","14.9847804747529","14.915897431525","16.9863879659919","17.2144509573291","16.6194693178947","15.5916875548568","","","","","","",
"Low income","LIC","Food imports (% of merchandise imports)","TM.VAL.FOOD.ZS.UN","","","","","","","","","","","","","","","","22.1741110334283","","","","","","","","","","","","","","","","","","","","","","","","","","","19.3332764816887","","","","","","15.5243396179282","17.2288402680115","17.8088903969035","17.0247428930352","16.5881364004292","","","19.2874544157144","20.84539222998","20.7951437788566","22.1481291184286","","","","","","","",
"Liechtenstein","LIE","Food imports (% of merchandise imports)","TM.VAL.FOOD.ZS.UN","","","","","","","","","","","","","","","","","","","","","","","","","","","","","","","","","","","","","","","","","","","","","","","","","","","","","","","","","","","","","","","","","","",
"Sri Lanka","LKA","Food imports (% of merchandise imports)","TM.VAL.FOOD.ZS.UN","","","38.7392578513242","43.2483748605673","51.8230596424302","41.4072586429957","47.862869817962","45.652129756818","46.1015992409091","37.8135070783273","46.9801026025258","46.8534289883577","47.6816211069486","","45.951762415068","50.458248022285","36.2786134598512","39.8297762822275","29.7056903922614","23.3143653607634","20.3972598285141","19.3585614666169","12.8232906694384","17.1750253651635","15.2804416963931","19.9609286744532","17.7353729305417","15.6013002878504","","","19.0541527255765","17.4515442677025","16.2262182606057","13.8519703718907","15.7835409478575","","","","","15.2648677003573","13.1481423185071","14.1613176951106","14.0582870578969","13.4462944421829","12.0988405946262","12.3987433530664","12.2952270658244","11.8890133703539","13.7290296013623","15.7432499203669","15.2488895536725","12.8920471742762","11.3958956233089","11.9665971594275","13.2042965878645","13.124069302214","11.9368573719924","12.9560404749405","","11.644341247059","15.6880756478408","13.3769085197473","13.9004389044115","15.3541604282848","15.2925487801049","",
"Lower middle income","LMC","Food imports (% of merchandise imports)","TM.VAL.FOOD.ZS.UN","","","","","","21.846772182512","27.0602068832841","27.5810063206666","22.9181699344541","20.1645909399448","19.8050878890659","17.6088657825322","16.0912951310039","20.2157782838594","21.0325476728578","25.8312221985495","21.8080008019308","16.0995296058085","15.3691242373484","13.3678204654968","13.3262001009683","13.3920255301317","","14.4440265601721","14.4811648426046","13.86621120442","12.5614401751623","12.2202874014962","","","","","","","","10.5738626061066","10.7648019297228","10.3646722734136","11.3638300359044","10.9510369147288","9.90066625111889","10.5572385767666","10.6359084219699","10.3022567292086","9.07105806936416","8.19000868508022","8.41569443534848","9.27341321351029","8.66951530488656","9.77646283672028","9.53853049753439","10.5847089964799","10.0251666175508","9.40683560008808","10.0716379585752","10.4196431380431","11.0632635247899","11.0199753138604","9.61118895444742","9.76344490484087","11.7743918805131","11.1264050435749","10.6302878215882","10.7843488517045","10.6057135669074","",
"Low & middle income","LMY","Food imports (% of merchandise imports)","TM.VAL.FOOD.ZS.UN","","","","","","","","","","","","","","","","","","","","","","","","","10.7367568186578","8.3578156798111","8.25506364509054","9.09291459274648","","","","","6.92484883520351","5.81776131347497","7.12638026455999","8.19095285903001","8.30271736503163","7.80015056898502","7.86001151176204","7.57955410404717","6.84882159173853","7.09634387915551","7.00801161331651","7.16365372626711","6.64053823087404","5.96956934436553","5.75702642608172","6.58808861421832","6.76589644171755","7.35560938582323","7.07876603365992","7.45791093214939","7.40482474455238","7.49979553191933","7.85800013282664","8.36159032906327","8.96417124472814","8.73939651110612","8.04649251271129","8.41026000608739","9.72135712775666","9.32990166206281","9.16627498167162","9.23268008540232","8.75664899149402","",
"Lesotho","LSO","Food imports (% of merchandise imports)","TM.VAL.FOOD.ZS.UN","","","","","","","","","","","","","","","","","","","","","","","","","","","","","","","","","","","","","","","","","17.6171105554725","27.0049502909412","23.0564430966299","19.3398362724309","15.6157531336272","","","26.0551875035344","25.4832223563577","28.9460887558566","19.6546929332753","23.3409378044302","20.3451248313731","17.9886685158177","20.6461688288392","19.9273142694149","21.2274740174451","19.4545128256261","19.0604977582705","19.8190806954934","22.0511768944192","20.6696434492677","24.0244253306656","22.5085951092009","22.952180868707","",
"Late-demographic dividend","LTE","Food imports (% of merchandise imports)","TM.VAL.FOOD.ZS.UN","","","","","","","","","","","","","","","","","","","","","","","","","9.93215753480472","6.35305016455936","7.02982980867903","8.44172574541546","","","","","7.68512136029162","6.43311648944398","6.60465480978378","7.85967984617194","8.2605001612648","7.47875149863465","7.55455432588754","7.26025295982315","6.88574002940121","6.94457031640651","6.66524407960654","6.42947229561478","6.15619901284469","5.75345036269389","5.45050334431663","5.76788021401542","6.43460622504227","7.0836172646392","6.83363931627569","6.808902573005","7.10116295346379","7.19015012115206","7.45234333302448","8.00881539255566","8.23887026260714","8.00378224827307","7.66250212879536","8.08436849062011","9.27404584610679","8.69403351191579","8.68893651468123","9.00110815830466","8.90543323498935","",
"Lithuania","LTU","Food imports (% of merchandise imports)","TM.VAL.FOOD.ZS.UN","","","","","","","","","","","","","","","","","","","","","","","","","","","","","","","","","11.6643723338389","","9.72586804367604","13.0978541453555","12.7904344571735","10.7500823806234","10.5842677141647","10.7730486616666","9.68715025783298","9.24079920011052","7.91696716211946","8.0427909090297","8.13822024885179","8.03115961244225","8.80183870712837","9.42716087838039","10.6342425147652","14.0868411749253","12.4511449440879","11.5342543655965","12.3311522521615","13.3627758948967","13.01504775473","12.9755862171769","12.8673033076993","12.39470541688","11.6991696886547","12.210967377324","13.5018428583972","11.3114672095786","10.7006790833598","12.688496862156","12.6821044700357","",
"Luxembourg","LUX","Food imports (% of merchandise imports)","TM.VAL.FOOD.ZS.UN","","","","","","","","","","","","","","","","","","","","","","","","","","","","","","","","","","","","","","","","10.7224342297206","9.79880158473253","9.29590619950152","10.4228264564385","11.1798611052811","10.550601776518","10.2201513075523","9.38341436084474","9.45126040613877","9.42660307040076","11.9154728458235","11.1590738250132","9.67936320210685","10.0305277979336","10.9554926448511","11.7677164458996","12.2578381223029","12.3595425545609","11.9611992295063","12.405002913907","12.1342968475334","13.7093835355221","12.0925907877167","11.9396453755243","13.6078364804508","14.772183096284","",
"Latvia","LVA","Food imports (% of merchandise imports)","TM.VAL.FOOD.ZS.UN","","","","","","","","","","","","","","","","","","","","","","","","","","","","","","","","","","","10.5386168242405","10.4732212132349","12.9489081977499","13.419879169922","12.8232390914875","12.412704845933","12.2892523427299","12.3940666232121","12.870966043995","11.686760700553","10.7444780479335","10.756290503841","10.3969759661707","10.6816567488242","13.0059960507192","17.257741077415","14.7574719698965","13.416245481486","13.5921758167086","13.8082002957783","14.5717537178616","14.2906738734147","15.7468940102125","16.2873234108023","16.3008377870611","16.9561391366234","18.40600119427","15.089789767333","14.8967029089865","18.6799464201277","19.2516134283931","",
"Macao SAR, China","MAC","Food imports (% of merchandise imports)","TM.VAL.FOOD.ZS.UN","","","","","","","","","","","","","","24.6662630511773","30.4495633585078","24.2562859630594","26.9404425248856","25.5936361132447","25.0250340772647","28.5020613738669","29.3181606294943","13.0726373890335","","14.2521633573774","13.0874862599817","12.2324696004165","11.5765519145413","9.47623436103664","","10.8251495548187","11.8563232558191","10.3241151221741","10.9095217383006","12.2727021220966","13.6580295938547","14.0234843029376","13.157372644589","12.3218483883736","12.0535594802108","11.0670962845133","11.4527191454081","13.4721685160031","13.3706265346006","13.0590752573664","12.1832251450837","12.5588908318035","11.4942053568689","11.7445617817119","12.8158617731471","17.3966603057862","17.3150335054533","16.4084654410025","14.2470952567615","14.1930978427976","15.0097484890289","16.0423650016377","16.777520349872","17.8597104716065","16.3968373621306","16.5983673930507","14.1847417704047","11.0508298173656","15.3162859686901","18.1924961860935","18.4677042679906","",
"St. Martin (French part)","MAF","Food imports (% of merchandise imports)","TM.VAL.FOOD.ZS.UN","","","","","","","","","","","","","","","","","","","","","","","","","","","","","","","","","","","","","","","","","","","","","","","","","","","","","","","","","","","","","","","","","","",
"Morocco","MAR","Food imports (% of merchandise imports)","TM.VAL.FOOD.ZS.UN","","","29.3747686781335","25.5174641031824","30.8308408918542","36.4717821268663","32.3769642254137","31.4941696646615","26.669387230192","18.570232255418","20.6646398809891","24.8318089235286","21.5682787332903","27.7896271237655","28.190403655057","29.6083604222591","19.9537813645401","16.9824818639447","19.8070451081548","19.18708842601","19.7939208267467","23.4253406804048","16.298756603584","17.6394509560646","20.5448141259693","17.5048334690155","15.8941293601568","13.4513624993469","","","","","","17.1195622425955","14.4843802523902","19.5284778829837","18.8878013074943","16.6158486303408","14.1917342535347","13.2672177994142","13.7418105275081","14.3721024488698","14.0075464904375","11.0154535757827","10.9116550391033","10.5507885178635","9.30728519342545","12.2131215093525","11.7968842976021","11.2358391472331","11.4679756885026","12.6362660609577","12.4603705117426","10.7813884917017","12.2148627181969","11.0162882215194","12.3120817561093","11.2874889238467","10.8302051328602","10.9298479348448","14.6013907488208","12.9963409257012","13.3904543924044","13.9777708702069","11.1809766440455","",
"Monaco","MCO","Food imports (% of merchandise imports)","TM.VAL.FOOD.ZS.UN","","","","","","","","","","","","","","","","","","","","","","","","","","","","","","","","","","","","","","","","","","","","","","","","","","","","","","","","","","","","","","","","","","",
"Moldova","MDA","Food imports (% of merchandise imports)","TM.VAL.FOOD.ZS.UN","","","","","","","","","","","","","","","","","","","","","","","","","","","","","","","","","","","6.45932603938444","8.07747518889426","11.4629421023589","15.0014813532872","7.82219768994657","5.92490989105914","13.0769994452195","14.3328107286001","13.296028808662","13.5416392228513","11.5762855880291","11.5387067699664","11.1730968508203","12.1326983304779","12.4034923673762","15.1859848619943","14.8576528750311","12.7748672915288","13.7707807922633","13.7218883389044","12.9243437627724","14.0439459752684","14.5175995690684","13.9754361747855","12.6922468037104","13.331673798552","14.9461255315805","13.4034014676211","13.4486256182455","14.1001622626195","15.3983909668339","",
"Madagascar","MDG","Food imports (% of merchandise imports)","TM.VAL.FOOD.ZS.UN","","","13.9773914062395","13.5221327519404","13.3990037037225","19.6621644519831","14.6410426894837","11.4319590320602","11.2370008166332","13.4672224006886","12.4222829825773","15.1067829398856","13.7523617543968","18.4222381745196","21.8127910245449","14.2114266028959","14.0425467056882","14.5450984750225","16.9156580250738","15.1005437063487","8.54426874551669","14.0861710120781","16.2010497006401","20.0096864897815","12.0805476307585","12.5818709224714","","","","","11.180491599109","11.2347986470465","13.3924561791987","13.9792691927243","15.3141398585444","16.2593444449737","11.4134668233824","15.1838981890947","14.4152803164588","13.6732686332529","13.1791903041482","14.3861363803678","15.9475604565603","18.3188710729327","14.585205063439","15.3635531630811","14.5107553360237","15.3042849420161","10.5347969052683","10.6225991650987","13.5489307345398","17.8520640233839","15.9995983955046","17.1883979239584","16.0016809653478","14.1196398261312","15.4853011585631","19.9432334426958","17.1819354239755","16.510172892008","20.3096799097523","21.5069929784188","19.1718470962876","18.0933612117187","18.356499292133","",
"Maldives","MDV","Food imports (% of merchandise imports)","TM.VAL.FOOD.ZS.UN","","","","","","","","","","","","","","","","","","","","","","","","","","","","","","","","","","","","23.9534962609947","25.6005576772992","22.8005590813406","24.3687880604193","23.3765918190697","23.6159467925972","23.0130282573515","22.6295975661876","20.944773639937","18.2726204373791","15.5568155847323","15.9638744547801","16.5811104361164","15.8699169711794","22.2188081187478","22.3530849054993","20.9642438244994","21.1799243555902","22.5044452789247","21.0278620137119","22.0907655409597","20.9333677428015","20.1187383647303","17.2585559308763","19.4636336302399","21.5413892679553","22.8096769189981","19.8123346341875","19.7880793368526","21.2439264435855","",
"Middle East, North Africa, Afghanistan & Pakistan","MEA","Food imports (% of merchandise imports)","TM.VAL.FOOD.ZS.UN","","","","","","","","","","","","","","","23.1373851134254","19.7700311212584","15.8552647573574","14.4813304629504","14.100139370963","14.6472171943266","15.2735934067832","15.4433026491069","13.8438050275127","14.5745306666212","","","","","","","","14.5570470970751","14.6277283029634","14.2394755983211","","","","","","15.6236710849835","14.5604975784295","13.6175093115663","13.0436590091718","12.7183029427928","11.9036269404854","11.1721139747336","10.3940083974435","11.4378082726453","11.0699106866069","11.5106121555251","11.9688651544426","12.7449098386916","11.5475360442823","11.7742275425033","12.0643033111466","12.409196327255","13.1399081760627","13.4635249787852","13.1385228144862","12.8678449928061","14.0461501359779","12.9379848068677","13.0910909218331","11.7463001950621","","",
"Mexico","MEX","Food imports (% of merchandise imports)","TM.VAL.FOOD.ZS.UN","","","6.42873877458445","7.94827401787305","5.35733523746981","5.21688843531826","4.69579779768704","4.17434822646255","3.76626866082164","3.73254903698316","7.35723359058125","6.54332771893348","7.87425301035312","11.3380158811025","16.4725098584161","12.9674336137663","7.47310221306234","13.0804703117484","11.3556898788878","9.19641122038662","16.1259602968831","13.9578262000097","11.3747688284096","20.5568131764855","16.0331721682175","12.4438672125424","9.05619877518329","10.7840676722838","","15.9519180597802","14.6365145972461","10.929211696308","8.96679777558455","8.13316815882356","8.31640899867933","6.31994891549659","7.62382308805047","6.06867447784647","5.82735924701405","5.28115141638395","4.7291951218225","5.80757053903952","6.05048603216255","6.54918087678572","6.32029188394157","6.00785144942829","5.85643419980812","6.48451636050477","7.10627723391473","7.35357085483059","6.47214161067197","6.99245537688188","6.1656618764632","6.58780518711484","6.38927063451402","5.81440123263133","5.9989126754784","5.77334298670112","5.48103866403056","5.58088832681414","6.44164536082823","6.41740137488419","6.23129986378098","6.24392883075378","6.41563105064562","",
"Marshall Islands","MHL","Food imports (% of merchandise imports)","TM.VAL.FOOD.ZS.UN","","","","","","","","","","","","","","","","","","","","","","","","","","","","","","","","","","","","","","","","","","","","","","","","","","","","","","","","","","","","","","","","","","",
"Middle income","MIC","Food imports (% of merchandise imports)","TM.VAL.FOOD.ZS.UN","","","","","","","","","","","","","","","","","","","","","","","","","10.7033087465992","8.30468750538448","8.21721635920493","9.06607413745633","","","","","6.92038277860688","5.80919435178121","7.06665958694419","8.06165388882846","8.19383758653461","7.68954857387623","7.77760053524453","7.49946458295332","6.72700610111026","6.95597435794188","6.85756871684808","7.01886637367902","6.50780505891655","5.82866427345611","5.64945272261775","6.48735174541424","6.64881277803015","7.23042618649114","6.93607443687377","7.34097376975092","7.29149799895433","7.40190533715814","7.72980233759098","8.21891748764509","8.8169615136525","8.58598841776037","7.84478746417581","8.28130575000194","9.6623384145037","9.25833749260686","9.12214011318151","9.19594246843972","8.7037849272669","",
"North Macedonia","MKD","Food imports (% of merchandise imports)","TM.VAL.FOOD.ZS.UN","","","","","","","","","","","","","","","","","","","","","","","","","","","","","","","","","","","20.74615401919","17.4002960933702","15.9212152830967","19.4217722251067","16.32295658771","15.2963114285444","12.0608990292847","13.8016118638273","14.534723858425","14.0930535774656","13.8244724349261","12.7401424485328","11.6624856629333","11.6019368352454","10.9211574729555","13.141097465007","12.4172866513211","11.772785695814","12.9697239604077","12.6960877828469","11.3742655594061","11.6865082438504","11.2407484819291","10.7963737160341","10.0149828427261","9.64149511717801","10.4628664037981","9.52058791032704","9.15867216301466","10.5591537526063","11.7263294224592","",
"Mali","MLI","Food imports (% of merchandise imports)","TM.VAL.FOOD.ZS.UN","","","19.5347366070983","21.2715833068228","17.3993313100399","20.7322272033068","21.4773133748813","18.386115350784","22.2429633617347","15.6871780107313","28.7873341612024","29.1512763580461","22.6277202334871","","56.0838268854258","27.2189651149224","19.1194133744935","12.9375213697958","22.6934363530408","16.1414612186619","19.1128220363224","","20.7986280666497","","","","","20.961150070901","","","","","","","","","19.9361131435554","19.023530107761","23.1458875788983","19.4870609967661","14.0307573183783","14.3209096637092","17.7394509429263","17.9652369506671","13.6899106078829","16.4928664802613","17.2549055068181","14.8063693888379","12.4485027598927","","11.6292930550393","13.7300229175172","13.6844691760277","","","","16.1206377359036","16.8688060349601","14.6304765515477","13.9028278784805","15.1778274370912","16.7519468299586","13.351534281382","13.5059344388347","","",
"Malta","MLT","Food imports (% of merchandise imports)","TM.VAL.FOOD.ZS.UN","","","","","","33.6732384443895","33.4159643545171","32.4745012627234","29.2930341086444","27.4205050650149","26.0289861612302","29.727004538465","28.5712325436067","30.1360502239305","27.1655484304632","26.8438825680693","24.1655582731003","21.8789033757812","21.6739162539226","20.0939538480289","19.3618028740129","17.8393045144299","18.1991701364949","16.7985516927517","17.1368698864678","16.4210841557447","14.56312144313","13.5695671838836","","","10.2459380157796","10.5404332775236","10.2810816475372","9.90967998465829","8.98224742673439","10.1162319751028","10.8432505104676","11.991533467074","11.2075708868419","10.5924732028578","8.42495711101394","10.9063180226203","11.5213119755937","11.2778475239268","10.7261609589332","11.5964219656071","10.7914946145447","13.2502849726834","14.6778013015492","15.4604447014469","10.7164312407278","9.29695080203553","9.43975955600285","10.3252788181695","9.43503859064667","10.1631594195242","10.3463664829979","12.0439869461863","12.2188324925601","10.0704844891806","12.8286865065487","11.6738529338072","11.5126682496683","13.6074999653643","11.9403406750573","",
"Myanmar","MMR","Food imports (% of merchandise imports)","TM.VAL.FOOD.ZS.UN","","","13.4268937901212","12.3226807652836","29.384944762811","14.6971266831103","13.2309039257339","14.4921639939993","5.13816431076314","5.56928710659254","7.04252592102402","7.39944587864101","5.55843372625363","7.41370969728112","10.5463576582551","7.34821182045488","9.74411756542369","9.14689836378907","","","","","","","","","","","","","","","14.6502905320042","","","","","","","","","7.07940840402501","","","","","","","","","7.24333344316056","9.1587880602464","12.1469611613608","8.41640255485763","9.06243017458446","11.1358018336401","18.8181762474485","14.6149263900345","13.0606914145226","11.6963167294394","13.1358333004871","17.7820061733504","12.248206817151","12.0734229406505","9.73812772908674","",
"Middle East, North Africa, Afghanistan & Pakistan (excluding high income)","MNA","Food imports (% of merchandise imports)","TM.VAL.FOOD.ZS.UN","","","","","","","22.6317020194354","26.7954649686518","22.5450569745252","17.574706638701","19.443225702372","21.5785449636581","22.629184192965","22.7811463429827","27.1261977417564","23.9593911222905","18.9581682738771","17.7316492357563","","","","","","","","","","","","","","","","","","","","22.4272377326188","20.2304547868042","19.8529474933475","16.8525558376289","16.3142685567633","15.9032102914759","17.0857738063672","15.9163762776974","14.5021548322321","13.1104116371883","16.3905788082119","14.1286729727042","15.0794616499375","15.5334474196725","17.4795589576138","16.7195308048018","16.8934570276046","16.2697927438958","17.8815592523994","18.3719144087198","18.3430707892011","18.2155327531515","18.8265244040284","","","","","","",
"Montenegro","MNE","Food imports (% of merchandise imports)","TM.VAL.FOOD.ZS.UN","","","","","","","","","","","","","","","","","","","","","","","","","","","","","","","","","","","","","","","","","","","","","","","15.6845129987695","14.8705938309312","16.5542745378785","23.7392222270707","24.1932516417427","23.7644902005904","24.0665397055125","25.3126431597757","26.6381726729882","25.0400019328742","23.4776342953765","22.6612560158202","20.9967877364776","21.9327992409676","22.303946042809","23.6470062888105","22.2412839016987","24.1170573873794","23.6003133483077","",
"Mongolia","MNG","Food imports (% of merchandise imports)","TM.VAL.FOOD.ZS.UN","","","","","","","","","","","","","","","","","","","","","","","","","","","","","","","","","","","","","14.2673378768649","16.3192622616956","16.5156762845498","11.7346453576198","16.5617085994331","17.8737301554831","","14.4177423112872","15.5862767752027","12.9678962873215","12.0851386829202","11.8250551465307","","","","","","9.07888228738284","8.98834497138301","12.4699080200439","15.1106570070054","12.4622703661968","11.408061044491","10.3897910582806","12.5505872998488","13.973184149048","12.6368732849131","11.0102584059355","","",
"Northern Mariana Islands","MNP","Food imports (% of merchandise imports)","TM.VAL.FOOD.ZS.UN","","","","","","","","","","","","","","","","","","","","","","","","","","","","","","","","","","","","","","","","","","","","","","","","","","","","","","","","","","","","","","","","","","",
"Mozambique","MOZ","Food imports (% of merchandise imports)","TM.VAL.FOOD.ZS.UN","","","","","","","","","","","","","","","","","","","","","","","","","","","","","","","","","","","17.9346157734621","22.3137562913434","22.0330624338029","23.8012521639292","","","14.0066144857989","13.257737733351","11.812290985857","13.5709344121262","14.7401183259255","14.9657971055512","13.7608110564344","17.7673907682063","14.2100699496618","15.4226612630447","11.6065462664862","12.3339127610537","12.9572174469026","10.662764554212","12.5365192783501","11.9045050780957","14.9936398825321","14.7212509931123","15.0308668955999","16.2124978067881","19.6800151968513","20.154961237248","11.9681362888777","17.4892658464209","19.5889066152119","",
"Mauritania","MRT","Food imports (% of merchandise imports)","TM.VAL.FOOD.ZS.UN","","","5.98132650341152","4.97437009793034","8.26778773557792","8.69814587065531","14.2844665650868","17.1442931037367","25.6981092851983","","23.4131524045353","24.0116946574352","22.6282169636846","","","","","","","","","","","","","","","","","","","","","","","","","","","","18.6830138117669","18.3690372046714","21.848775576065","24.4396361169481","10.777222912091","10.2254337451507","25.0293289231572","25.475562506026","28.2297722250547","29.0703615169221","19.3979099718354","14.4736807111687","15.2317695389575","11.016878540662","12.0475547587361","14.3122076742669","18.1557549556279","13.8180668404553","18.2390093894863","18.0097268890649","29.734432593819","25.2283531808011","23.8872147333572","25.2900300589906","23.8661948263684","",
"Mauritius","MUS","Food imports (% of merchandise imports)","TM.VAL.FOOD.ZS.UN","","","","","","","","","","","36.3642899693382","33.9935163839789","30.271770626297","27.4533795034831","33.5467336150323","26.7104415603582","24.2274329182766","23.7319192272371","26.4541053861057","","","","","","","","","","10.2247378904287","12.4841757093779","12.3948573663611","12.3438494043823","13.0991094528165","13.8671628011188","14.1657703352259","16.6167288326183","16.209738440656","14.8920176338733","15.7302639370063","13.7672758202426","14.2315185392831","15.7446910311172","18.9417095986471","17.4472789801163","17.504483666999","16.6629153656852","16.4540320429031","18.8086523680508","20.8591071336707","21.5518564574863","20.982011702925","21.2489368100002","21.4831129854135","22.0491189098212","21.1983843110669","21.9617382459632","24.1650303538415","23.986572421994","21.0041126642229","20.7602286684558","24.747136305123","21.6151579579228","21.361017761501","22.5077635053641","21.2177915969195","",
"Malawi","MWI","Food imports (% of merchandise imports)","TM.VAL.FOOD.ZS.UN","","","","","","","19.4235286396009","16.9124015364983","13.6010353030727","12.2939406993011","18.1136668836279","12.3042137753842","12.0452094099443","14.3273272796096","12.2515202733626","9.40526150323816","10.3899785629149","8.11765123963903","5.10484752018856","6.36570898429483","7.51166955159788","10.9502581785325","7.59466184588216","8.19339300500368","7.56199510835205","7.64489350697389","6.60316072529818","7.6322621148547","","","8.6778996143093","8.1591553872637","","","16.6945795905778","13.9258896423704","","","","12.1638232042342","9.8375491741077","11.6347370367122","23.51568823685","17.3600759785098","17.3704343643148","18.2345070254401","15.1498017678089","11.1055697698524","13.0746295522472","12.6659887767309","14.4030045142398","13.0340094164028","6.39868143746984","11.4277332274215","11.3195931781185","13.2612739232014","17.5610907730597","12.5411806593085","10.3285910360541","10.9853986815387","14.7088690292549","10.4173125189968","9.57678807872112","8.94279490229731","11.7955009669364","",
"Malaysia","MYS","Food imports (% of merchandise imports)","TM.VAL.FOOD.ZS.UN","","","","","29.921762393606","27.1897098690867","25.7552492799216","26.6351997321636","25.0189688851423","23.7964519633124","21.5309879062641","20.1872858465493","20.7633905167351","20.7972921318947","17.9924057736339","18.2032035272429","16.6677135634125","16.7168888376523","16.4375375120908","13.5515594002653","11.8680527508039","12.87098450313","11.6647375596666","11.2293944328069","11.4503332215512","11.7640539977578","12.1793580239384","11.1835109436029","10.6405861481077","8.96346268401383","6.91103659774559","6.35449559809291","6.5152729382548","5.99622131122854","5.23117674887806","4.77840529698096","5.25024399827156","5.3746148743586","5.68331616965234","5.42770752031591","4.33738340914225","5.25227871755226","5.73363820357425","5.04585100225291","5.50910476236322","5.16903955711743","5.21699338515735","5.88761321232614","7.04345988890733","8.02775274407169","7.7731144881094","8.80925967164154","8.42050951347772","7.59021803966676","7.922959787103","8.74914278355844","8.69098019831858","7.99408780017611","7.44824533588816","7.74470784056747","8.90112247147793","8.86726797037418","8.23088244062583","8.34559944038586","8.50151619514456","",
"North America","NAC","Food imports (% of merchandise imports)","TM.VAL.FOOD.ZS.UN","","","21.6898894396234","21.7733909244965","20.6126575683235","18.0756615692601","17.2174764840208","16.7033447695243","15.4973720770189","14.1305022414412","14.9508303953643","13.5057764942687","12.772021554456","13.0083961362965","10.787297244893","10.4429478671747","9.86791832805752","9.68855539889786","9.38992363941075","8.88895004439707","8.10402148162473","7.60822544746945","7.8414784302427","7.71846833679472","7.07555653470573","6.86569440679342","6.99601335604349","6.41292710068802","","5.71618815623117","5.85809077183312","5.98804069969902","5.81917333551896","5.47343996022157","5.19024745625066","4.92902993336927","5.06350272979673","5.07508690728539","4.98721090575581","4.70387758342716","4.10946749048773","4.49231256537843","4.82618335324249","4.90719539056912","4.59722657935959","4.43040774746819","4.43538011724533","4.63629121376117","4.72083051466181","5.82541365654539","5.29875680844623","5.36599571540915","5.37199125634863","5.61842962864327","5.87160861187257","6.20495261253013","6.4924931171074","6.4244017607727","6.27154568513144","6.50038501379517","7.18623997832115","6.94294489525263","6.91586518612176","7.05096948658997","7.29293363825867","",
"Namibia","NAM","Food imports (% of merchandise imports)","TM.VAL.FOOD.ZS.UN","","","","","","","","","","","","","","","","","","","","","","","","","","","","","","","","","","","","","","","","","16.8997438305921","13.1218026878938","12.5660788845836","15.0080581041003","18.6010205781968","17.9089360146307","16.2140800337014","15.3955827708461","13.9837910075411","14.8227832503479","14.9078683195733","14.0894648898531","13.0163978101322","13.0651956508833","11.4346268908266","12.3219158161416","12.7579450406711","13.5149881475784","11.2812687041413","15.4181626003536","16.3144541090351","15.210139175609","13.6490122778381","13.5137778390088","13.2170234792541","",
"New Caledonia","NCL","Food imports (% of merchandise imports)","TM.VAL.FOOD.ZS.UN","","","22.7083481578552","","","","","","","","","","","","","18.7448481914956","21.0377257289497","20.9570412120349","22.7637653811126","20.9348271675183","18.8513617061695","20.4138007501508","21.82445020389","22.7465276693338","","","","","","","","","","","","","","","","15.7772720628923","15.0874057405551","15.3575768086268","15.2411251522648","12.2058782910631","13.6249974133711","13.1506258600845","12.0050542627807","10.6134653975564","11.6547360812585","12.0604925490172","11.0329063102206","11.6473746829067","13.1223817032993","13.5178202260651","13.4275502052482","15.7648686901402","","","","","","","","","","",
"Niger","NER","Food imports (% of merchandise imports)","TM.VAL.FOOD.ZS.UN","","","24.252569518729","20.0526353095885","15.0004863281556","13.3696303264323","14.1767876140533","16.2127471778603","13.631872419271","13.4447432040584","14.1798002279083","13.0011117548473","15.9058088766592","20.0000892079496","22.2837951642989","21.605119939596","9.93484489316264","12.0818329324792","17.134752573721","11.8101761805152","","23.5220153990074","","","","","","","","","","","","","","32.3583320361926","43.448960242521","38.4047155064475","38.6163918883766","34.5183911760324","38.5463277247556","45.4352336985795","37.8729406068288","33.3370097231316","30.9858485614994","34.2053156102748","27.8487487516202","23.6291306529067","24.8803579492327","15.5486910629941","15.117014562534","15.8333478655778","31.7171706689323","32.8575055020839","24.7926172231321","20.9864009654407","32.4375188073072","34.7431599441747","29.856671176357","27.6878239427059","30.851228920892","36.1604582257525","25.5919996824091","19.6214412615414","37.8943639006801","",
"Nigeria","NGA","Food imports (% of merchandise imports)","TM.VAL.FOOD.ZS.UN","","","14.129950542571","12.1392642079843","9.23744265677605","9.14200082769154","11.017468240778","10.470268957365","8.1025681287955","8.78448452234804","8.24463632817727","8.62537383183015","10.1405219734187","10.8162252021318","9.53322963625157","9.38006531184191","10.1080358596214","12.8697524630324","14.129781793651","16.8472100615056","","15.5443307366166","","21.5548760978154","21.2878147491077","17.9569212894035","15.7696387036938","10.8598439846965","","","","","","","","","17.5144194576951","18.386889632813","19.5973417547207","27.0232196446158","19.9176960380601","21.7047274781102","19.5776400876136","15.4964791149288","","","17.9553387523989","20.0580120299638","9.77879049256357","11.8280770468373","10.2515671536613","30.5695044434974","22.70974247371","17.829389789971","17.0271647267489","16.9489167794717","12.8506008688749","16.315758249379","10.9317924691619","9.91577486664113","14.6260809363327","14.1644968604555","11.4255288173072","10.6947833248612","11.0163409804076","",
"Nicaragua","NIC","Food imports (% of merchandise imports)","TM.VAL.FOOD.ZS.UN","","","","","","12.6236200337085","10.6482881907828","9.5954177251319","11.1596589714307","9.33592908156873","9.81080301584","10.537701337667","11.6904012945754","12.6703613724262","7.96322744143235","8.51170680822387","8.82620513654544","7.74339643234788","10.0051074064671","13.8211975523903","15.4343116200739","17.3422539302754","12.2469943080988","12.7394970101144","13.621662984983","9.50314217684989","12.0687500304715","","","","","","","21.5865898589673","19.5183708882378","17.9461676186102","18.6778400317507","14.4492469813282","17.6406323141063","18.6049103163574","15.8637991162577","15.9594907836738","14.9689289544499","14.5943783092136","13.3513639654822","13.2177959961852","11.6292826863341","15.9550045171119","13.869842101433","17.6375771359202","16.3523183673636","17.2503667450973","15.1301293025436","17.2659041252227","16.6756583379931","17.0407468049698","14.0797895000439","14.0179599199643","14.3596052375067","14.810286151066","16.5847535951356","13.9119381053262","14.6970553293751","15.6220965314608","16.5560449745071","",
"Netherlands","NLD","Food imports (% of merchandise imports)","TM.VAL.FOOD.ZS.UN","","","29.7344070968865","16.6184894597073","16.4123041144483","16.1826163282511","15.8286373465558","16.2090987979342","16.1204704999509","16.026080961162","15.1491921131037","14.9859482601102","15.8193738329543","16.8281283033787","15.5667969610848","16.2577753407232","15.605599236136","16.1342432337877","16.0626205967726","15.3378520234775","15.021988715721","15.5126907785936","15.808617304943","15.5713021457792","15.5249458847813","14.8973455948156","14.9264905598604","14.9422524411994","15.7222733065068","13.2881903748769","12.6166518610603","13.1873947911331","13.9781742122971","14.5706396746986","15.1016918620807","13.9287251644164","13.5886508373063","11.0146513039264","11.4003082795773","11.196889185465","8.59691842302504","8.76916297314212","9.75914632511179","10.2746199525629","9.41141197375442","8.86250952235484","8.4582601507948","9.13224241093244","9.89642261486614","10.9251135354246","9.95712766285597","11.7224695539548","11.7584779744008","12.2716342832412","12.2911294312099","13.228126565332","13.4135388267631","13.1068656968537","12.2346611891896","12.1967779621356","13.4759648550416","11.9505595367936","11.1110507631343","11.9865362943404","13.2711521928993","",
"Norway","NOR","Food imports (% of merchandise imports)","TM.VAL.FOOD.ZS.UN","","","12.1354952988322","12.5474372049764","12.0841257380666","10.7752536724844","10.8553033101997","9.46570066003993","9.93915688378053","9.01451515281955","7.69412031967065","7.18615885008377","7.86340831559726","7.83962578096917","8.07714373226725","6.77626578026334","7.11590479841295","6.75519061595144","8.05618201877062","7.8622615144771","7.52225773192746","7.21809170338469","6.38503849609588","6.89704596014809","6.61948485965345","6.15191162025306","","","6.11344566189046","6.20877764928091","5.89142284811919","6.26845780404949","6.75809130742246","6.71356124033363","6.93772557070359","6.83296981011638","6.97383612216916","6.57760526523423","6.62057048612181","7.11991237279293","6.46543280907543","7.10546240770286","7.50398517028493","7.56351454804612","7.20540345681431","6.81569822458405","6.62144362335623","6.72724410923635","7.20713021695942","8.37971803146316","7.9163374906518","8.31905156017554","9.03285628799883","9.27222507828574","9.36880824533304","9.508125309419","10.0470640556023","9.13046415924503","9.21545451153842","9.23748481439821","10.5333957560104","10.352980489359","9.72894366220406","10.7621771019837","10.710203974585","",
"Nepal","NPL","Food imports (% of merchandise imports)","TM.VAL.FOOD.ZS.UN","","","","","","","","","","","","","","","9.8224933135308","2.9343240579113","6.08487544723677","3.82069447193656","7.87179311072844","4.07019817855145","4.33327793784495","9.54635183083245","10.6781762298725","16.0662651906759","14.6265117591591","13.9830590677044","13.928103257115","8.47361618145859","","","","","","","10.7367484719526","","","","8.391868433092","15.7454381736415","11.8582407816918","","","17.2735815746922","","","","","","14.6869308244014","13.6500965652447","14.1795192731593","16.8472680973275","18.4274463961637","17.9357254489643","17.9135898934754","18.2328816967713","17.6428567864629","15.1995572665085","16.8564389348534","22.7886464131429","20.9511122107417","17.9619548542567","","","",
"Nauru","NRU","Food imports (% of merchandise imports)","TM.VAL.FOOD.ZS.UN","","","","","","","","","","","","","","","","","","","","","","","","","","","","","","","","","","","","","","","","","","","","","","","","","","","","","","","","","","","","","","","","","","",
"New Zealand","NZL","Food imports (% of merchandise imports)","TM.VAL.FOOD.ZS.UN","","","","","8.88649354661235","7.65666182636211","6.61502666891505","7.02283220188366","7.42914791817646","6.52227876375834","6.90259775517961","7.05511736928152","7.19239038017855","7.29492314307692","7.06569166955037","7.25757287769609","6.23249203559266","6.72637652343038","7.02168627087831","6.19828821170251","5.97683511044239","5.78858167446509","6.72230634919251","6.29355254623162","6.49188322667084","6.21886868959624","6.46698270521747","6.72179160380937","7.70987607310527","7.44439519268392","6.77651004706933","7.82005006852862","7.26186523522237","7.74549467533267","7.51124643252268","7.44919887987459","7.60935139371214","7.77401372480264","9.20103004215946","7.78436649828484","7.72539363500583","8.35043726681559","8.55424398531967","8.15797307027291","7.59012384281528","7.6532725496079","8.09644035294417","8.57888175013431","9.35585893641528","10.6785335151412","10.6098870848979","10.5379127413242","10.64842973973","10.6409212747116","10.7736810383188","11.3631197214515","11.4413385056481","11.5262393633489","11.3255665553283","11.5258173901989","13.4141194210952","11.475669248619","11.0671792942827","11.2682320290767","12.4737636662727","",
"OECD members","OED","Food imports (% of merchandise imports)","TM.VAL.FOOD.ZS.UN","","","20.925484433438","20.2010697379096","18.7361425717081","18.0168171727958","17.62004680377","16.5046309596212","15.3788301315194","14.8677986060992","14.919493495602","14.998796509332","14.3860582688165","14.6220857166581","12.910462792957","13.2188633856082","11.971034690114","12.6241630233401","12.1444425278581","11.110618127963","10.4477576139968","10.4892413289539","10.3643741821079","10.7666976762938","10.297164198923","9.81277885596652","10.223565051777","9.79063325039176","","9.20225510560632","8.90461266066802","9.00047116081388","9.15764732547155","9.07786643378865","9.06228828274295","8.5275449124228","8.57618184385251","8.03522907821767","7.97456732056395","7.68703611978822","6.55202802580082","6.98815786628824","7.30007609325597","7.28844428237576","6.86371877068427","6.62589764970124","6.3022734361613","6.54191396225822","6.87000411130721","7.98991823440551","7.37386878191032","7.49637961387816","7.52494918777535","7.87254976463633","7.97668134248117","8.3323211812842","8.54906436848741","8.36316647088358","8.04102908491334","8.18503045665124","8.99459679299117","8.26693970772364","7.9550114837063","8.59878386078417","9.05146411547713","",
"Oman","OMN","Food imports (% of merchandise imports)","TM.VAL.FOOD.ZS.UN","","","","","","","","","","","","","","","","13.2855117991226","14.3625365269938","15.3668534440017","17.435771755982","17.4332296792579","15.2090094335858","13.4974469871144","12.6655561603591","14.6892162027269","15.0342802297251","13.4570306980866","16.285850602192","21.2910124535566","19.5143629080594","19.5947904374907","18.1159185160647","18.4009196457605","19.078221314411","18.3161925518862","20.0667583875992","19.7797257624624","17.5681009680824","16.1243925803552","16.4300363212207","22.5178560148405","20.5241723301161","22.2482039704609","20.9354459859728","5.77066504993347","13.3346157772279","11.8131200547494","10.576673231666","9.7425347107255","10.8811140808055","10.9426565438419","12.1069374918903","11.0805819428178","10.3614905662381","9.20212102113705","12.3258536454132","12.2478227897499","15.6415620938827","13.6246277212129","14.8275810162406","17.2504325824347","15.7534992149336","16.612706212947","14.574723936986","13.6921582029731","13.888546748286","",
"Other small states","OSS","Food imports (% of merchandise imports)","TM.VAL.FOOD.ZS.UN","","","","","","","","","","","","","","","","","","","","","","","","","","","","","","","","","","","","15.3012252513176","16.4417962459794","17.1502182870735","16.4876694872043","14.5565415981375","12.9542430285928","14.018414325512","14.1472972012454","13.7798196728701","13.1329309555371","12.0682573054143","12.0199439887702","13.0846480023541","13.9097530314131","16.0452996035043","14.7231557242874","13.8408996027002","14.235090801255","15.2671313563482","14.603900348533","14.9028897746481","15.0619716368516","14.6395119521937","13.7930631879311","13.8968357379008","15.2177145037202","14.4227380648253","13.9787528262636","15.5608430319163","15.274320877197","",
"Pakistan","PAK","Food imports (% of merchandise imports)","TM.VAL.FOOD.ZS.UN","","","14.3419556394781","21.9603851995921","20.4083850672608","20.1622659687086","15.7490104999301","21.5492599787595","19.0093186321648","8.35544036507234","20.9090071407348","19.029161516921","30.1673318872022","24.858375387411","23.1846762675889","23.5963346908793","20.8957115263898","16.9974219951489","19.3193203267109","19.9059789462728","13.02617333861","14.0511045901653","13.5746000959575","14.0266163905235","17.0808503887559","18.8895715651981","17.8497345892955","13.806181173495","","","17.3537852098308","12.1574561622004","15.0793967098079","14.218146154322","","17.5042386549881","14.815686903251","18.5749550397068","20.2850851149856","16.3668955492299","13.7672819411255","12.2088797119404","11.882371649833","11.2870697186668","10.0014614862786","10.400913428462","10.2590316972389","8.86354163457115","11.8504695909924","11.3416776021635","13.0449649955641","11.9497095308939","11.0599623222425","10.2037449075269","11.7285287779163","12.0975233412564","12.5083505742758","11.8099304337959","10.0377089627561","10.7361855324182","14.993804992521","12.8684989494526","13.2091941252982","16.1107282427233","14.1011260133402","",
"Panama","PAN","Food imports (% of merchandise imports)","TM.VAL.FOOD.ZS.UN","","","13.7450195471755","11.7924969947815","13.9561036667605","11.5111230485834","11.131382981442","10.0106095865047","9.97063262420597","9.63155956611975","9.9866866902174","12.3335235771732","10.4676584615419","11.2127399484716","10.0738810612858","8.81615890665966","9.36731644569805","9.93605470025178","9.32808534725326","9.80227240916953","10.063966055708","9.03611190003335","9.25063194544233","10.7576446412475","10.4777547917364","12.0519842223504","12.7663341504868","11.2370868951731","","","","","","","","10.7105176613708","11.1219759247748","10.4117858135167","11.5148632741208","11.5318679828138","11.5980190670963","12.1892088801906","13.423919647282","14.1443489538056","13.2881607728003","12.4715076031178","6.91428341119807","6.92805235112223","7.78142187339905","7.94098164858267","7.99939709758696","6.28974190344877","6.62634326930217","7.71069214877158","8.55261103554341","9.29172648736143","10.4829882254559","10.1579092905861","10.0868321387973","10.8611873578228","14.3961486206862","18.1829555056017","16.2196710038657","16.344062207153","18.7290607879686","",
"Peru","PER","Food imports (% of merchandise imports)","TM.VAL.FOOD.ZS.UN","","","16.4381528764021","16.0917859216741","17.385537072076","17.294693100138","16.4692013164092","16.7824035719931","21.7864676726856","21.7232303879291","20.1389466838078","17.2715389123894","18.1715192582461","13.3666632750456","15.0530559509838","15.7543405171296","13.9680253657858","14.9497134470414","17.4554720365775","20.2457115629017","19.7675211538087","","17.7744314325114","25.1651148671928","23.5360646053578","19.4508533680152","22.7124674586564","19.4661652439196","","","","","21.8667601744066","19.6446337115087","17.6263293858495","13.5489703758908","16.61466090058","14.2334667324386","16.3047773906339","14.6749875224625","11.6506244027622","13.3302302047244","13.4803247566399","12.58642329997","12.7111257677059","11.4479769534954","10.2159881099678","10.435357918899","9.98442517912254","10.999319955924","8.90421786139494","10.1769373377044","8.55158697155133","8.24313721929152","10.518867447721","10.0182225298199","11.6179320798341","12.1234600846274","11.3941783907753","11.3878231824395","13.9754051681465","12.5184998826571","11.9102241284885","12.5486557221096","11.925870637209","",
"Philippines","PHL","Food imports (% of merchandise imports)","TM.VAL.FOOD.ZS.UN","","","15.834687431158","14.4096435880673","16.7262507114659","20.3542130974809","15.8421919185988","16.1450322815668","13.248665382171","12.7912290359123","11.2200175837745","13.6396345402011","15.2590966965683","13.8704908876259","11.1089256198786","10.4928998282708","9.88016530580472","9.52951656107781","7.97792863137421","7.37941860047727","7.81392390358332","8.50155350350287","8.35546598390342","8.86318451385279","8.5386471791245","10.7120100806349","10.2670607477518","8.53995461821167","","","","8.53757312193099","8.4388391163982","7.78415657722263","8.10110292474373","8.34870147709685","8.13143557503427","7.60483646364685","8.80118526748438","8.26239939709591","7.02051280559495","7.64871449009602","7.04762007902919","6.4662367868793","6.74186964470987","6.93340794539667","6.74615419088332","7.3078769167619","10.7813448872193","11.5252124462395","11.0314560167","10.3058308474717","10.4345381890065","10.2391644607478","12.1719794929641","11.7161639521676","11.6171437275481","11.0747677813784","11.1920718061376","12.0340148217894","13.7943614007826","13.1759958322266","13.9186828860783","13.9096015233525","15.0094964266521","",
"Palau","PLW","Food imports (% of merchandise imports)","TM.VAL.FOOD.ZS.UN","","","","","","","","","","","","","","","","","","","","","","","","","","","","","","","","","","","","","","","","","","","","","","","","22.2351263803147","20.7276525898416","28.8662463955094","24.6695884351773","23.4041204973934","22.7276770095177","20.3028136931991","20.7367004846546","25.106933994329","23.4457295347585","23.2641710195488","22.9564406589098","","","","","","","",
"Papua New Guinea","PNG","Food imports (% of merchandise imports)","TM.VAL.FOOD.ZS.UN","","","","","","","","","","","","18.8675988235664","20.1589567883089","23.2138945992936","27.161949288789","21.7600495004806","23.0214679853464","","","","","19.605482683898","19.6621168017644","18.3848034131982","19.6894600792133","18.667663030494","19.4609981535061","17.5692262130978","","","","","","","","","","","18.9229170893931","","18.3028214541916","15.3489554898364","16.447024485721","16.4862653912193","16.6714375354429","","","","","","","11.5589880541257","11.0310396097044","","","","","","","16.4267891720192","19.7688664506847","19.2287675377584","18.0711191053163","16.4888046620318","","",
"Poland","POL","Food imports (% of merchandise imports)","TM.VAL.FOOD.ZS.UN","","","","","","","","","","","","","","","","","","","","","","","","","11.6708351319298","","","11.6886545277366","","","","","11.4362876977727","11.2132246613579","10.5884017714342","9.55882551884648","10.123842229841","8.35538611784024","7.68840253733209","6.70737847926111","6.04011844898946","6.30616545238728","6.01583021755916","5.40480578525819","5.6929698327892","6.11542031179314","5.8949500550508","6.28306938715785","6.72723244180707","8.06521744980196","7.64595914960825","7.80261695171986","8.30836954345752","8.63250287511135","8.38583996613371","8.53574010984576","8.95042974372454","8.77339399800607","8.31583833661229","8.86397227652355","9.45617888499962","8.33282549884671","8.3950103705261","9.26227852497136","9.72212853327802","",
"Pre-demographic dividend","PRE","Food imports (% of merchandise imports)","TM.VAL.FOOD.ZS.UN","","","","","","","","","","","","","16.9568000197798","18.5528945453738","20.3746565411987","15.4538708364155","13.0245915184793","","","","","","","","","","","","","","","","","","","","","","","","13.409028633626","13.5493765855712","13.5308062454997","","","","","16.4656560657158","11.2074925266635","14.6977536699217","13.6497237888169","","","14.9428518338645","13.5103085002686","14.7615831432793","16.1716595660126","18.2304977877019","16.494333011194","15.4603445764748","","","","","","",
"Puerto Rico (US)","PRI","Food imports (% of merchandise imports)","TM.VAL.FOOD.ZS.UN","","","","","","","","","","","","","","","","","","","","","","","","","","","","","","","","","","","","","","","","","","","","","","","","","","","","","","","","","","","","","","","","","","",
"Korea, Dem. People's Rep.","PRK","Food imports (% of merchandise imports)","TM.VAL.FOOD.ZS.UN","","","","","","","","","","","","","","","","","","","","","","","","","","","","","","","","","","","","","","","","","","","","","","","","","","","","","","","","","","","","","","","","","","",
"Portugal","PRT","Food imports (% of merchandise imports)","TM.VAL.FOOD.ZS.UN","","","14.4944920553386","15.8517771786","15.9990451454801","16.4816685764697","17.3216921484307","18.9554566346693","15.7008772454599","14.918694775684","13.6586536531962","15.4333171797959","17.2143243563437","16.5921322850544","19.4615873551892","23.0820666044563","19.9769008748859","17.8900279209746","16.5378953213045","16.9922632137982","13.6652942990859","15.7455702699123","14.0275188164573","14.3707864770524","17.0575245444695","14.8198498370063","13.4268232898425","13.2317679026282","12.6673137418038","12.0894117791762","11.5083277539162","12.8102274284172","12.1883300324249","13.6425210640344","14.2538316918722","13.5946935696895","13.3476554631732","12.5434528065316","12.5356833408531","12.3406372755903","11.2258246559916","12.1272298442879","12.5026603396904","12.65194524792","10.2212110583547","11.3807508862546","11.3551465554654","12.0973302726648","12.3142634226307","14.4645685906722","13.5941247625872","14.6153454690907","15.0810687925219","15.4916346089179","14.6389115331298","15.030801198977","15.3043700385373","14.8265913685902","14.143331391887","13.6401103452861","15.3556322729077","14.113685208875","13.7347163135715","15.2279156701104","15.2860383841722","",
"Paraguay","PRY","Food imports (% of merchandise imports)","TM.VAL.FOOD.ZS.UN","","","21.3506010300001","23.029057660715","19.071297362675","13.6320163833594","12.9450418554715","15.0515715372004","17.4543442761336","22.1714473318408","19.1273885451904","17.5684999208005","16.7753175844514","12.7921834959685","14.933307597849","14.6958730671513","15.06460016956","11.9089795526074","13.1008866245766","13.3708554505799","11.4327451460602","12.6189347179251","9.86059703134776","9.29402765434424","7.42117663576097","9.81478602169966","9.83187700867196","9.31623750518596","","9.4066304462496","8.02157535242014","11.1180163913364","13.1108240401111","11.4416813729218","14.4986219058476","18.5341592437179","20.6946161188804","19.7429666053499","21.7049769479105","17.0096463751689","16.6695032106498","14.3593187290474","12.3659026488088","10.1156546580406","9.84370019602071","8.6580952189663","6.68779979403165","7.04807697108836","6.58714917887296","8.22199622249305","7.45966670131239","7.37537037423869","7.94998669319035","7.96619351252069","8.19049714704695","8.69664038377171","9.22038426517273","8.75106988845847","8.51893923193412","7.97541185429955","8.85925154215953","7.58801522621002","7.22151130412879","7.44600723058505","7.86696569654935","",
"West Bank and Gaza","PSE","Food imports (% of merchandise imports)","TM.VAL.FOOD.ZS.UN","","","","","","","","","","","","","","","","","","","","","","","","","","","","","","","","","","","","","","","","","23.3262867002378","25.8141044268448","27.7022680006968","27.2855497070436","25.5330941050332","21.8755724017185","22.5154487551846","24.3146271558542","23.1925925542345","22.9319053827061","24.1028042850256","22.060709088787","23.8612251411115","24.9613018313035","24.3932405501627","27.2910518405574","28.323573226601","27.8724636780793","29.1758224974415","30.2394427536807","33.6900932770787","31.7023053621989","28.4235922781769","30.9230514954555","","",
"Pacific island small states","PSS","Food imports (% of merchandise imports)","TM.VAL.FOOD.ZS.UN","","","","","","","","","","","24.369024771814","23.9370080706849","23.9885507677881","25.4398565237882","25.9206672646397","23.5690520248408","24.5029353224889","24.4792152080738","24.7508066642544","21.1681123964606","20.028793161584","19.0442285395905","19.9341705368295","20.4292972754201","21.3503849105509","20.5400021587783","19.7528282138482","21.2904689732394","","","","","","","","","","","","","","","22.6173930816377","21.0713621719282","20.4442339674557","19.3566952270742","18.4607064537728","19.2890092784158","20.3926283811619","24.6547607505042","22.2095758223853","23.3830629706658","22.938831605112","19.8610558479176","20.6427590271995","21.4293834153435","21.1175499160859","21.8469329127508","19.9922484961308","","","23.6791975112908","","","","",
"Post-demographic dividend","PST","Food imports (% of merchandise imports)","TM.VAL.FOOD.ZS.UN","","","22.3574426831456","21.4398710962786","20.2470985262024","19.5171323415535","19.0675662748037","18.0689490354379","16.7771571241745","16.107757094595","15.7924564580106","15.9901098381013","15.2395367870492","15.2434566317783","13.0790046380247","13.7109771366898","12.5664793569562","13.0936186327247","12.538590435253","11.4929001642405","10.3967506875206","10.4929136669775","10.5407951422248","10.5351637848767","10.1314339666412","9.85320625952256","10.3869171744606","9.72400690581236","","8.82866278321533","8.58662084714994","8.92319371245828","8.96591710056837","8.89870854551349","8.87193765337528","8.34660652444675","8.31134181367329","7.88935081172771","7.87642217475312","7.60156462227285","6.46793262605609","6.88272102986656","7.17291992889348","7.13390587491708","6.69476651489398","6.44447692615828","6.11958122126495","6.30437151740626","6.59182898494392","7.74059803307196","7.16039102415385","7.25439447575159","7.2912897839426","7.61529529950555","7.76511615031204","8.16040952169883","8.38719086686112","8.18890398740242","7.86504671514542","7.98730424152495","8.72707332193146","8.00625027974501","7.68254379659509","8.28730210100312","8.70422956247457","",
"French Polynesia","PYF","Food imports (% of merchandise imports)","TM.VAL.FOOD.ZS.UN","","","26.6683159620797","","","","","","","","","","","21.344347363362","19.9379629652296","21.5414996393516","20.7860155743024","19.4042776211372","18.647428365281","20.8674517354759","18.6188349425526","19.0840483191629","19.3422094471605","18.8742213561269","","","","","","","","","","","","","21.6191081914598","21.7879737710854","19.6258881383474","20.7702735085807","20.0397503428279","20.2702716433175","17.797347531791","17.4247648936404","20.7316506773899","18.9532108542968","19.7091308681821","20.8458369715359","20.1247056837024","23.5401179199101","23.5375375107207","24.929578245015","25.2810275506876","24.0702863756274","25.2939047656993","25.1475425691571","25.4414759309532","24.4734309358574","19.0152182874317","20.1455089242007","24.651681614439","22.2566849077147","23.7647524645896","15.5080330402502","15.9396268889268","",
"Qatar","QAT","Food imports (% of merchandise imports)","TM.VAL.FOOD.ZS.UN","","","","","","","","","","","","","20.337716952613","18.7393131392886","24.4053595869335","13.5143502654232","9.94197106061031","8.15554822412","11.1321515376045","11.7193695232216","14.9566170579064","13.8800595687009","10.658176243964","15.0946867822919","21.7873238638955","18.2381255020466","","","","","","16.9735506905242","14.433257104167","14.6525849911397","15.0998214281564","9.36811756811422","10.8618613081173","","10.3209468099081","15.3098007297516","11.7485363976984","11.3015902812356","11.9345998268466","9.74971796833618","7.46825916203434","6.57893097403124","5.21266187520111","4.79196725832172","6.0492026659591","","8.495068094908","","9.84458695567643","9.28140647415725","9.89788179112349","9.7544928571576","9.90460701845219","11.1837874762017","10.6236797484241","10.8205553078848","11.9200931361304","10.794876789514","12.024746637738","11.204295679661","11.1829202642424","",
"Romania","ROU","Food imports (% of merchandise imports)","TM.VAL.FOOD.ZS.UN","","","","","","","","","","","","","","","","","","","","","","","","","","","","","","4.2011183962541","11.8589930410131","13.2163556793949","15.4100585119419","14.4193513054811","9.05582064052098","8.45982507634371","7.27363397276951","5.97966725218409","8.36683093389845","7.43706772323294","6.96621358011473","7.58535972081615","6.37872199321185","7.04261382118807","6.3157748658598","5.98497935697282","5.70070753380557","6.11971769977434","7.02696820794853","9.1879515338532","7.74078336837376","7.42462190671987","8.10183521379841","8.23179862122752","7.97063295343871","8.85206611657846","9.25198901405914","9.27170252030188","8.83206879758597","9.28350321865789","10.5563747240249","9.78427960057818","9.99808767629047","10.5734842607407","10.6925497359455","",
"Russian Federation","RUS","Food imports (% of merchandise imports)","TM.VAL.FOOD.ZS.UN","","","","","","","","","","","","","","","","","","","","","","","","","","","","","","","","","","","","","17.9981084282432","18.9557160400232","23.2056753319683","18.7293683336387","20.2261282518212","20.4751855713073","20.8706982360594","19.321205947825","16.534108765837","16.0926746111667","14.360887634702","12.6162060721272","12.0503669811434","15.9782298901051","14.1433479512548","12.3334454349775","12.3486035613666","13.2593542619623","13.465624045355","13.8814942038947","11.8631828663402","11.0570474239392","11.8709786748031","11.6970854587471","12.0737520665648","10.8585376848486","","","","",
"Rwanda","RWA","Food imports (% of merchandise imports)","TM.VAL.FOOD.ZS.UN","","","","","","","","","","","","","","","","","","","","","","","","","","","","","","","","","","","","","18.8807628771421","18.585316540861","25.3028562117595","20.6521973478926","","20.6929878969759","16.3405754011571","11.6928751118411","15.8401230381633","13.9770325807874","13.0936851275685","16.5724556461598","11.7416545661871","13.1738541349679","14.9248838545231","15.7386978176908","15.6591611739594","17.4738421607533","17.0853162359295","15.4230566063129","17.0874256219315","22.5994817143072","20.6205088467776","16.9363320273748","16.6558975601936","19.8078434292183","22.4441780080013","","","",
"South Asia","SAS","Food imports (% of merchandise imports)","TM.VAL.FOOD.ZS.UN","","","18.0728752339899","16.4837489901229","18.4656103619757","22.8973905150243","34.7776642490246","32.707509773795","26.0098018674752","23.9682050171323","22.1185498869315","16.0630136795096","11.3417919751899","20.0724897464491","20.7161505039752","32.2270215154716","27.5385937382311","17.3189572939788","15.0248000252661","10.931780562219","10.7202020918503","10.0594141220251","","12.7048632359462","12.1658392049475","10.4100054014732","8.83819756420858","10.168158230338","8.05408745648698","5.49768526013152","5.35015914668961","4.66631002337351","5.63426265973868","4.76105920238724","6.49178995877853","5.58309757474585","5.9100842535099","6.43681911335498","8.77191760796082","7.25918275297457","5.96375041178196","6.81903708564109","6.77793821595677","7.27204155042165","5.72945547858866","4.7829410545732","4.57772560238176","5.383459261836","4.36263788303422","5.92501062893176","5.49488810995705","5.40803775317492","5.19759833186356","5.41879586678788","4.85799840843654","6.84276000205807","7.41040662629787","7.39365468109654","4.96788723174088","4.62055158959057","6.32059702519356","5.75701623758138","5.40667860257071","5.28632194076334","5.60195911704421","",
"Saudi Arabia","SAU","Food imports (% of merchandise imports)","TM.VAL.FOOD.ZS.UN","","","","","","","","","31.3287493173731","27.7807590757825","","","","","19.8554240548797","15.6372752937486","11.8153078265286","10.5640669839203","11.3265354676967","12.7068397589581","14.1174925573243","14.4309454339259","12.9293303435526","12.1740705090364","15.5791781871632","14.9407330183652","16.4628801502119","16.054414511523","","","","12.8442339805717","10.4545931838517","10.6638157094359","11.5607669123668","16.1416457862141","17.0786709112689","","15.5044456910684","17.0913421933115","18.4040318167496","15.7445439087645","16.5958245011709","16.8082492160461","15.9874618983428","14.9530741368571","13.6343635944633","13.2842189171072","14.4694407652557","15.0400137001039","15.9456252927675","15.3273661347058","14.054771122829","14.5375069021815","14.2814703964167","13.7273691996273","15.7765700802761","15.973466290432","15.4023068350858","13.9210365638305","16.2416866644918","15.0790158758812","15.5240541237484","13.4010931323156","12.9517318061095","",
"Sudan","SDN","Food imports (% of merchandise imports)","TM.VAL.FOOD.ZS.UN","","","","20.2405450765217","24.2627559918943","24.367375904428","22.6622947820166","23.205844906965","21.3592478665016","13.9969773046482","21.2717789040841","21.0164343563708","23.3123004284564","24.2907868247204","23.9087167720568","18.6703883263342","13.8969639879892","12.7374926584558","19.0089737197005","18.7311811214522","25.868382558773","19.263228054487","21.1502605202364","","17.2654678130329","16.8901031187523","","","","","","","","","","24.384836658683","17.3376101940261","15.6362543038743","15.1495729728363","18.4698174664983","22.7338799158054","19.3382191934243","18.6785001293573","16.3937605458329","14.3889538704034","12.5114088757889","11.9052289664777","8.14465685912551","13.0272047364254","15.2121544515094","25.8755090057164","17.9778411692108","22.2255511532903","19.522500121755","25.4217512033133","20.5010125619895","36.341987786866","21.1766579626125","29.9100868799566","","","","","","","",
"Senegal","SEN","Food imports (% of merchandise imports)","TM.VAL.FOOD.ZS.UN","","","32.3358307282206","34.2620266904216","37.59422667313","36.8919767623284","36.0273324630879","38.4223950075462","37.2080691676537","34.8021465753769","28.9410603511555","32.2458928684234","28.5295484743967","37.903070778835","34.8109084243747","24.6959926369056","","23.7510920587846","25.2969558946824","24.0010756772873","24.5645939592926","27.4630852988879","","","","","22.951186640357","21.3607273832954","","","","","","","","","24.7093358322056","26.7874972403979","29.9726797155794","28.583075269227","23.3060482364924","26.7721579084306","26.070214194478","29.5982982623442","28.2581997010509","28.1392529781177","23.3837753137178","25.0577923863196","25.9384236127982","24.1929512394574","22.4086929183221","22.9458522824339","24.1457936923786","24.2283715794474","22.7818492675942","21.6889354846993","23.3512105457828","23.9899933080167","21.0437172546777","19.6091616510218","24.0121646294358","21.3602755148431","18.8118929208828","18.5061079369258","18.989000141093","",
"Singapore","SGP","Food imports (% of merchandise imports)","TM.VAL.FOOD.ZS.UN","","","21.6875164491213","23.4894365242131","23.8084450320983","23.732224187585","22.5770148980192","22.029734159677","20.6435976750612","18.0511706117175","16.398516387496","15.527973339302","14.1878903556375","12.7348255292286","10.3508558536042","10.7614276968247","10.3882269888023","11.501004117895","10.0327186785818","9.66441233907624","8.4770929346715","7.54657251839494","7.80267822723405","7.79800130293802","10.106588596054","9.59313829952455","9.46017393537504","7.97825510948341","","6.76764162782378","6.06103015281282","6.31320106632738","6.35810600398141","5.8753220733032","5.22063580890019","4.57963169560243","4.40831584729102","4.30368437311288","4.3655339147465","3.99855532122816","3.23600287304303","3.65068682041496","3.60257678148161","3.50690966845268","3.05617258711101","2.43087588242282","2.23566450373604","2.52882699008142","2.50866656569806","2.90939912044432","3.12925203595013","3.30791946446502","3.25483601863517","3.33397644470185","3.53179002124859","3.95444602298831","4.06005348984329","3.86436639847653","3.62218440864235","3.69636248365507","4.11133222749717","3.91566396251366","3.66571469910343","4.0272730280579","3.65311168634742","",
"Solomon Islands","SLB","Food imports (% of merchandise imports)","TM.VAL.FOOD.ZS.UN","","","","","","","","","","","27.1822890707314","20.987662722488","26.5951725768399","27.4378607842522","25.7696839288267","18.89082183404","21.6637878796998","21.6665708954359","21.5362333586206","17.4943980211133","14.4863085957466","14.7717546047365","19.4537792517805","16.6962803326618","21.2378615630227","21.0384324673098","21.5854241781186","18.9008429328099","","","","","","","","","","","","","","","31.9765549761872","23.7437030687182","22.3186124050305","28.1972329880294","23.3686909083333","20.0349279262827","23.1161849326209","30.1070389726123","26.1017961325293","21.0831954757552","21.4242621377291","20.1958544984456","23.6567713699227","24.146311311113","24.1195894536334","24.5728392284993","22.1945814666512","","","","","","","",
"Sierra Leone","SLE","Food imports (% of merchandise imports)","TM.VAL.FOOD.ZS.UN","","","","21.754432140056","18.0899157062668","","","","","","","","22.3261572646242","28.5029802590313","25.592311682556","20.1920748768512","21.9757927163063","","","","","","","27.5743818422","20.7292760721117","","","","","","","","","","","","","","","","32.7205914951577","","22.529513399096","","","","","","","","","","","","10.9656716553765","20.7188415859113","28.4812386604009","32.5675100405142","32.2868033846246","","","","","","","",
"El Salvador","SLV","Food imports (% of merchandise imports)","TM.VAL.FOOD.ZS.UN","","","","16.4360396246187","14.7861845575116","15.6572220567691","16.3186760359683","14.7581097130993","17.6284241776233","15.4474477328763","13.909402782694","12.5659637506667","10.6398302417692","12.1531681291439","10.3419481553323","12.1759326244216","11.1922919412234","10.3142745478705","11.5191139543658","12.7958427673638","17.7327459734976","16.4835982181793","17.8881222737269","16.9975031060686","12.9708096919466","15.51342177846","12.5532644890629","14.4335507504869","","","","","","","15.1080326732619","14.7648132659807","16.9964638605663","16.8238001249406","16.4648127705612","18.5342181666438","12.3651905829786","12.8005961495804","13.4981753282863","13.4804351910724","13.6788311181089","13.745410676343","13.5815212459875","14.3900208981162","15.0191919832646","18.8928885991898","16.700571087869","16.8508842136658","16.1669148083045","15.3047483494023","16.3796844741874","17.2560387627479","18.3597767145263","16.957163297771","16.9573889257067","18.4662747337252","21.7780748710802","16.7741528480621","17.6254139593719","19.8963644879181","20.0518599104508","",
"San Marino","SMR","Food imports (% of merchandise imports)","TM.VAL.FOOD.ZS.UN","","","","","","","","","","","","","","","","","","","","","","","","","","","","","","","","","","","","","","","","","","","","","","","","","","","","","","","","","","","","","","","","","","",
"Somalia, Fed. Rep.","SOM","Food imports (% of merchandise imports)","TM.VAL.FOOD.ZS.UN","","","32.2379382243434","","","","32.441624491527","","","","33.6672186832715","37.7133465400128","26.2022864516588","22.7090430549496","20.3652078383806","26.0108300859212","24.9095658089798","22.7207252218","20.7249403643955","18.8306285078644","32.4895360368475","20.2691451979675","22.4442358215445","","","","","","","","","","","","","","","","","","","","","","","","","","","","","","","","","","","","","","","","","","","",
"Serbia","SRB","Food imports (% of merchandise imports)","TM.VAL.FOOD.ZS.UN","","","","","","","","","","","","","","","","","","","","","","","","","","","","","","","","","8.89618336811779","","","","14.237377444594","14.1672405581521","11.6006659026084","10.3109364698987","9.34003806061218","12.7119763448689","11.4221504331589","","8.22858405616336","7.07805423916672","6.61556260760111","5.77715621044371","","","","","","","","","","","","","","","","","","",
"Sub-Saharan Africa (excluding high income)","SSA","Food imports (% of merchandise imports)","TM.VAL.FOOD.ZS.UN","","","","","","","","","","","","","","","12.8401041216658","10.4148421713783","9.66524507762175","10.5633189790748","10.9417774294868","10.8501396087469","","","","","","","","","","","","","","","","","12.5861353340798","12.6658058693605","13.1013052506272","13.9006127987827","12.8115214894683","13.1205116967015","13.4328374546731","12.8220887223198","11.9983470039638","10.5968246253966","11.8152859722935","12.4156246647439","11.1843149346673","12.2795037456157","11.8667253094681","14.9490830785997","13.8289479820096","12.4749664776321","12.7206198664099","12.2671990923465","13.5887758995126","14.4643590048445","13.1998345600688","12.5894362106857","14.8218095814142","14.064795996075","12.4371558156252","12.0525816658184","12.0888846118788","",
"South Sudan","SSD","Food imports (% of merchandise imports)","TM.VAL.FOOD.ZS.UN","","","","","","","","","","","","","","","","","","","","","","","","","","","","","","","","","","","","","","","","","","","","","","","","","","","","","","","","","","","","","","","","","","",
"Sub-Saharan Africa","SSF","Food imports (% of merchandise imports)","TM.VAL.FOOD.ZS.UN","","","","","","","","","","","","","","","12.9137174143836","10.4892910387518","9.71876767258313","10.6129293043753","10.9900943774874","10.8793359480126","","","","","","","","","","","","","","","","","12.6114143430663","12.1305901875563","12.7235646057659","13.6696131885817","12.5022859910576","13.2232411158089","13.3714477766762","13.4655535389835","12.0713168206154","10.644025832301","11.6842670655686","12.1917395594211","11.3047216275763","12.2140843598524","11.8346611519621","14.9221902880685","13.7198597744296","12.5201951837112","12.5724208050077","12.1844891412046","13.5793517558596","14.3548385382489","13.305396579792","12.5888141642385","14.9947516337287","14.7542637758557","12.988340086084","12.1761458666779","12.1393098394871","",
"Small states","SST","Food imports (% of merchandise imports)","TM.VAL.FOOD.ZS.UN","","","","","","","","","","","","","","","","","","","","","","","","","","","","","","","","","","","","15.8262954321378","16.2586615117414","16.2959641951113","15.9506378483371","14.7673781358895","13.0455018339774","14.0818797839345","14.3384439022739","13.948493685557","13.4323420831448","12.5363401947284","12.1614073617854","13.2169109738529","13.8011943689289","16.020993000224","15.24033275283","14.2208831441761","14.4562609506768","14.8875411243493","14.7797113593433","15.4816566382482","15.7772835945932","15.6397177083538","14.6671121276959","14.8236135673987","16.7646520870281","15.9044323102567","15.9073730770268","16.0542473082052","16.0176674820166","",
"Sao Tome and Principe","STP","Food imports (% of merchandise imports)","TM.VAL.FOOD.ZS.UN","","","","","","","","","","","","","","","","","","","","","","","","","","","","","","","","","","","","","","","","17.7402204105498","30.8237678617422","36.5911181154036","41.6953121240088","38.4475173883189","38.6677414094989","38.4535753059682","30.6310770188119","28.3347479955804","27.3385925342979","35.9073598733904","29.8330426924339","32.4200333998739","30.36436710416","30.632016535758","32.3602148810204","31.0454186121133","32.2623399034712","29.7309535309856","29.2119922018986","30.9368951866648","33.5486558244754","34.7543193908872","27.4516536137683","31.8148500954205","","",
"Suriname","SUR","Food imports (% of merchandise imports)","TM.VAL.FOOD.ZS.UN","","","18.2324373833641","","","11.7472705681457","","","","","","","","15.8150969791808","11.8701721759525","","","","","","","","","","","","","","","","","","","","9.3368822645829","13.9912555837575","14.1429275243357","14.8530498463973","14.4642358453678","15.4953631983119","14.0450659467867","14.2252721841191","14.7612978417059","13.2984015538541","11.1056539426275","9.53330531530247","9.70705929224063","11.2482230088812","11.6640994585439","14.2607480773628","15.166907446326","14.3494871082617","15.2461175842507","11.3187842180955","13.6950224085421","13.4156134947016","18.8939117847017","16.7426107025264","14.0527913926207","13.1189850384518","13.3329624534678","16.0527525964533","15.1173341990387","15.7948639198877","15.5031935160711","",
"Slovak Republic","SVK","Food imports (% of merchandise imports)","TM.VAL.FOOD.ZS.UN","","","","","","","","","","","","","","","","","","","","","","","","","","","","","","","","","","","8.74970428681125","8.89927791589874","8.17678477228274","6.93669249483807","6.46514179451947","6.57807337001782","5.61579356747849","5.72114555000774","5.44341390368372","4.66448143126575","5.06087436324276","6.0510977153684","5.06348631289616","5.33530143626995","5.53195269290949","6.91580457889854","6.37846203054269","6.41525641214897","6.49895392126787","6.24306502362972","5.98571208395051","5.64801741128049","5.92027867729075","5.69860199187476","5.5542694160546","5.73453656865922","6.21782276460585","5.8278811540673","5.69273682792899","6.71291440093651","7.25583393520872","",
"Slovenia","SVN","Food imports (% of merchandise imports)","TM.VAL.FOOD.ZS.UN","","","","","","","","","","","","","","","","","","","","","","","","","","","","","","","","","9.00735912623847","8.40627760902703","","7.78596963299575","7.84348501093605","7.45569606304011","6.8186743727761","6.34392448469769","5.96133803192286","6.17186046065449","6.15486710338491","5.92666995913626","5.94153759413003","6.15183396194944","6.12464365213207","6.46643975767472","6.94423192296974","8.89383420642203","8.00619742546086","8.14914572658069","8.04708108656153","8.36323256673937","8.37037425057279","8.67331744985155","8.70970053691692","8.15806693202461","7.71495133858127","7.2392592537272","7.62338901827488","6.42095588080986","5.68651688620376","6.27876819755673","5.34858419236662","",
"Sweden","SWE","Food imports (% of merchandise imports)","TM.VAL.FOOD.ZS.UN","","","12.9272768593549","13.0834545906428","13.1361210008931","11.9936815338569","12.7978796797373","12.1917664277123","11.7267523572642","10.6514526636997","10.8116906718993","10.5826081935945","10.3776866505487","9.99019568073321","8.14555003413827","7.94625421160084","8.45827725582005","8.84127848051046","9.21864768275659","7.66755408602899","7.10227496941328","7.07626683631564","6.95267702003614","6.97949233874351","7.14396755104596","6.58278872724411","7.35603903889946","6.62917023191699","6.57205126033892","5.99899221684142","6.12998463122167","6.98170534674029","7.42316317690396","7.6493658243679","7.82531426455401","6.67826065277864","7.19520604613869","7.22617664797949","6.80115512251338","7.1844697843621","5.92291785856526","7.04768861725124","7.71812897412303","7.78986717154282","7.58092286542762","7.37507902920936","7.41730646406004","7.42355118748583","7.85856900103067","9.8747545726475","8.77215605228531","8.56269355839139","9.15446891922041","10.4185308779086","10.6361181903385","10.8420949001331","11.3729538572876","10.7018295995473","10.3896407998445","10.6600457582621","11.2805373338696","9.98303563220722","10.0520658690554","10.8757630877108","11.1507599035824","",
"Eswatini","SWZ","Food imports (% of merchandise imports)","TM.VAL.FOOD.ZS.UN","","","","","","","","","","","","","","","","","","","","","","","","","","","","","","","","","","","","","","","","","18.7318764923188","17.3054625958741","17.6452868261358","16.409532818847","16.4411566731346","16.8067693795332","15.5525480144067","20.5578826978798","19.5679571658369","19.1387435609903","19.7356696799836","17.0604322410119","19.076746192652","15.4226832685797","17.1945070438892","17.7341004044949","18.6971707597736","18.4818861547469","18.8200188962016","18.2907190727126","20.394357926063","18.6152649615263","19.2127706671286","19.5826390405392","","",
"Sint Maarten (Dutch part)","SXM","Food imports (% of merchandise imports)","TM.VAL.FOOD.ZS.UN","","","","","","","","","","","","","","","","","","","","","","","","","","","","","","","","","","","","","","","","","","","","","","","","","","","","","","","","","","","","","","","","","","",
"Seychelles","SYC","Food imports (% of merchandise imports)","TM.VAL.FOOD.ZS.UN","","","","","","","","","","","","28.8281124958258","24.1910750031415","28.1372780014933","33.1380596361923","29.4500127214244","24.5983731238844","24.2783962766919","24.3287411493781","18.792015272903","20.8579919302969","20.7248177873603","21.4049864753367","19.0341374914468","20.775593646079","17.8916311476823","19.621846268878","21.8037182157913","","","","","21.8808932722901","19.964463722222","21.255631503223","21.2380860686334","19.6667832003412","25.855480267989","23.9708678853542","22.18693367979","10.1388444830577","22.5660811812637","30.4136765768773","30.2065266112976","27.3049355631085","23.814743203958","26.6387975304285","23.6798033594862","20.6595343141682","13.2672857645928","17.109289882954","15.5200890619526","25.6014295887603","27.4798832234222","26.0078767270249","24.4808561256381","18.0934978510831","9.64480737821043","20.3544780116514","19.0199565108019","13.1810402535175","19.5211628407499","15.2579607317424","25.2034177580684","26.1077593682817","",
"Syrian Arab Republic","SYR","Food imports (% of merchandise imports)","TM.VAL.FOOD.ZS.UN","","","","","","","","","","","","","","","28.1413272607369","21.3772714447375","17.1788477957216","11.8492050248834","18.0198612934977","13.622927972958","14.0985749620066","15.6267449476162","14.4648514832858","19.8048106968698","18.8218436437095","18.9602258808754","17.1602664664097","16.3939812028152","","","","","","","","","","","","","19.3297234892833","12.3515658825649","16.2981987316112","18.9484429551537","16.7154923222995","17.778940866532","13.2252836214438","12.6096671197829","14.0205475670692","22.861481891369","21.0381561064069","","","","","","","","","","","","","","","",
"Turks and Caicos Islands","TCA","Food imports (% of merchandise imports)","TM.VAL.FOOD.ZS.UN","","","","","","","","","","","","","","","","","","","","","","","","","","","","","","","","","","","","","","","","20.0040894188371","4.76683596915343","7.43163583880242","6.43781356053872","5.08525511967736","4.03766272252087","14.0279536184192","13.3136447854373","13.0900125867354","13.877106688143","20.8883724660644","","25.8073712551702","25.3431682152729","","","","","","","","","","","","","",
"Chad","TCD","Food imports (% of merchandise imports)","TM.VAL.FOOD.ZS.UN","","","16.367769878283","16.2409451644914","14.8534056641397","13.2481910202587","12.9206709903988","15.5540066278588","13.2858126229124","20.8726589963097","20.6250574160525","19.5873940364572","24.2417266170167","27.8911707676736","23.3001027435021","14.515227053303","","","","","","","","","","","","","","","","","","","","24.2729146423595","","","","","","","","","","","","","","","","","","","","","","","","","","","","","","",
"East Asia & Pacific (IDA & IBRD countries)","TEA","Food imports (% of merchandise imports)","TM.VAL.FOOD.ZS.UN","","","","","","","","","","","","","","","","","","","","","","","","","8.70629322860418","5.21514964073507","5.61569045562894","7.49107662147609","","","","","5.36095769924505","3.67685736922445","4.79559042036639","6.69595751357075","6.08820923311446","5.36170413684259","5.41842830629674","5.17812464885646","4.74879915683552","4.86399852092667","4.60287703727563","4.78615704868988","4.78945001845169","4.32162575580524","4.07421445278648","4.63931660131066","5.41974666625791","5.8573714770739","5.60514017873426","5.73952836722334","6.19374346625773","6.18573447258678","6.59058526585789","7.30295414106138","7.6143576228229","7.27262618524523","6.85928416085897","7.51348168074793","8.71690347466634","8.54746877392287","8.69869455745312","9.1328692434562","8.48090253595624","",
"Europe & Central Asia (IDA & IBRD countries)","TEC","Food imports (% of merchandise imports)","TM.VAL.FOOD.ZS.UN","","","","","","","","","","","","","","","","","","","","","","","","","","","","","","","","","","","","","11.5416746411903","10.8401687515147","11.1601305478351","10.0337616096644","9.39880827723687","9.73461578547171","9.62887121827197","9.28903552441006","8.33259421009797","8.1579404170671","7.56664332396264","7.43114492120821","7.89436895611856","9.6918715363592","8.97369483404871","8.52723302979747","8.78776945277562","9.34527623861615","9.66406686130201","9.96908375268166","9.77609437961082","9.41871372058755","9.26334535701025","9.62654893562922","10.561150489382","9.69562526947847","9.35331649621547","9.36245787620225","9.45202476424633","",
"Togo","TGO","Food imports (% of merchandise imports)","TM.VAL.FOOD.ZS.UN","","","28.7576773345756","25.2541883479576","22.243363986064","17.7052400562359","23.1169375468584","23.2415063739752","19.3431583060948","22.3467522834907","23.1121868847942","19.6801618832477","19.1476683884048","19.971050157939","16.4120080037459","14.191990672246","15.7086873275759","18.4749494509908","10.0550131648597","13.5906447516585","16.5386964159464","25.7342072659789","","30.8568348121567","","","22.7170430541697","21.3760959817904","25.9754720465025","","","23.0571183095141","","","24.8032575609934","18.3878022005834","20.0527707759045","17.9839692591529","12.8118635761067","17.2719400539665","18.3773280450188","22.7769359094111","22.1250762560044","17.1155288446436","18.1388978474055","15.5315633580549","","14.6371119232388","10.1452328462736","12.8785118934024","13.2994494063976","13.2979116735176","14.6596916444401","12.387778635188","13.9121248234354","15.0602143849859","14.5383366978512","19.3969301241103","17.4032547222881","17.818209441345","17.4340946357038","16.3337350333552","15.7546942777709","19.2960459636213","17.6484245927718","",
"Thailand","THA","Food imports (% of merchandise imports)","TM.VAL.FOOD.ZS.UN","","","7.94688778841393","7.59758583412238","7.68015267545227","6.97368649018466","12.087012657947","6.23561092748066","6.75854178831108","7.08889105317735","5.39252828527172","5.97999627553419","6.09661938378429","4.48739093169985","4.11968307313715","4.34000667539813","4.53101563958628","4.6300581856537","4.34223015869422","4.14251287701565","5.23106288923418","4.41373727739248","4.72154720130326","4.11283953908561","4.94949030914612","5.17489103403261","6.85536133659387","5.20706290142024","5.76067485184371","5.49121316273461","5.01023921802328","5.40389686970116","5.51735136830149","4.68134544174365","4.31947090429699","3.76136052743437","4.13172657271736","4.82305107738418","5.59400325847932","4.97529281494267","4.36823203679912","5.01674644094297","5.04115476108551","4.95349627681406","4.47855572681604","4.02002524906897","3.89321672990578","4.16695567762463","4.77401592336827","5.35210450481141","4.75017544782742","4.77731622166213","5.13352584301096","5.1529190739202","5.56237043090643","6.3253278398908","6.83357247628395","6.34209597236378","5.99558842485145","6.57184807226633","7.83778966021131","6.82955384587696","6.50488999044386","7.02762772372685","6.58830793138106","",
"Tajikistan","TJK","Food imports (% of merchandise imports)","TM.VAL.FOOD.ZS.UN","","","","","","","","","","","","","","","","","","","","","","","","","","","","","","","","","","","","","","","","","10.2117192522587","","","","","","","","","","","","","","20.7353875433963","23.0940731588366","21.3674122111744","21.9000992700884","19.1422937679975","22.5763605897164","25.5602694486982","22.7500801632965","22.1301533626548","26.4602498560308","","",
"Turkmenistan","TKM","Food imports (% of merchandise imports)","TM.VAL.FOOD.ZS.UN","","","","","","","","","","","","","","","","","","","","","","","","","","","","","","","","","","","","","","24.4032777023992","8.38870151326342","18.5989589029273","11.7431295237881","","","","","","","","","","","","","","","","","","","","","","","","","",
"Latin America & the Caribbean (IDA & IBRD countries)","TLA","Food imports (% of merchandise imports)","TM.VAL.FOOD.ZS.UN","","","10.7100292485342","11.5542805716778","12.0455616711217","10.8182498507151","10.4588284400444","10.2132802213976","9.52741172455128","9.01577804245522","9.7457477918356","9.20688900565905","10.0053658173211","12.4463185264146","14.0783466966821","11.2953381556152","9.86395529001391","11.0590391319208","11.3053869716008","10.8078570445685","13.3956796064716","11.7668498475552","10.9658804333517","15.4341255049679","13.2699978951889","11.0962495387187","10.6507279441587","9.81817331228406","","","11.9852452308516","10.2632547392225","9.44058582589512","9.02203032360161","9.69882947254198","8.74215935075062","9.84670877667715","8.43019647791976","8.66982916051539","8.21142027683553","7.3384324844719","7.80068533651884","8.18918040930344","8.49037284501025","7.65936791010997","6.87944846615291","6.36475980494738","7.01452116385745","7.58070266347392","8.20542277679198","7.4227242154144","7.62844338200925","7.30538542778874","7.48800316145286","7.45973933774577","7.38715184551247","8.43111166087689","8.02627254907818","7.80651708904215","7.9390464147012","9.51254240001162","8.82930700179377","8.3635485025222","9.01632601025194","9.01757237272584","",
"Timor-Leste","TLS","Food imports (% of merchandise imports)","TM.VAL.FOOD.ZS.UN","","","","","","","","","","","","","","","","","","","","","","","","","","","","","","","","","","","","","","","","","","","","","19.0737170401447","17.6316372878805","","","","","","","","14.3562080139879","","","","30.2229467587966","29.3736970156016","27.3557571070901","31.2860819433692","32.7195327729287","28.1699889338011","28.0558750199224","","",
"Middle East, North Africa, Afghanistan & Pakistan (IDA & IBRD)","TMN","Food imports (% of merchandise imports)","TM.VAL.FOOD.ZS.UN","","","","","","","22.6317020194354","26.7954649686518","22.5450569745252","17.574706638701","19.443225702372","21.5785449636581","22.629184192965","22.7811463429827","27.1261977417564","23.9593911222905","18.9581682738771","17.7316492357562","","","","","","","","","","","","","","","","","","","","22.4272377326188","20.2304547868042","19.8529474933475","16.7313410134841","16.139529401753","15.6861794498674","16.8742784712786","15.7169708222099","14.3412708806181","12.9051988546","16.232753451841","13.9521059536616","14.8965320838407","15.3598149121618","17.3803029728733","16.5391872466944","16.7186577178688","16.1212566311362","17.6776915715759","18.1628128841579","18.1428418004788","17.948274216396","18.5482288544215","","","","","","",
"Tonga","TON","Food imports (% of merchandise imports)","TM.VAL.FOOD.ZS.UN","","","","","","","","","","","","","","","","34.4019227812921","35.803066798578","33.7336139427013","35.1124892633858","33.1777982640823","30.2599624934894","30.3652270538706","27.4881924657816","29.9797389413252","30.2725146918496","28.5274508427075","28.8662478326162","27.3991679412156","","","","","","","","","","","","","23.2257503070675","21.592458796877","19.7604417085277","19.7682072179416","21.9699959448871","20.4886579611428","22.0511456619065","21.9647046511142","28.5588315227985","33.719725852243","29.1353488407685","29.80801687463","29.0183606915355","29.7525516790879","27.1820062867531","","","28.4627297036102","24.6859580235667","23.6294922930743","29.2230477545574","35.74822969842","28.071617353335","27.4895264473966","","",
"South Asia (IDA & IBRD)","TSA","Food imports (% of merchandise imports)","TM.VAL.FOOD.ZS.UN","","","18.0728752339899","16.4837489901229","18.4656103619757","22.8973905150243","34.7776642490246","32.707509773795","26.0098018674752","23.9682050171323","22.1185498869315","16.0630136795096","11.3417919751899","20.0724897464491","20.7161505039752","32.2270215154716","27.5385937382311","17.3189572939788","15.0248000252661","10.931780562219","10.7202020918503","10.0594141220251","","12.7048632359462","12.1658392049475","10.4100054014732","8.83819756420858","10.168158230338","8.05408745648698","5.49768526013152","5.35015914668961","4.66631002337351","5.63426265973868","4.76105920238724","6.49178995877853","5.58309757474585","5.9100842535099","6.43681911335498","8.77191760796082","7.25918275297457","5.96375041178196","6.81903708564109","6.77793821595677","7.27204155042165","5.72945547858866","4.7829410545732","4.57772560238176","5.383459261836","4.36263788303422","5.92501062893176","5.49488810995705","5.40803775317492","5.19759833186356","5.41879586678788","4.85799840843654","6.84276000205807","7.41040662629787","7.39365468109654","4.96788723174088","4.62055158959057","6.32059702519356","5.75701623758138","5.40667860257071","5.28632194076334","5.60195911704421","",
"Sub-Saharan Africa (IDA & IBRD countries)","TSS","Food imports (% of merchandise imports)","TM.VAL.FOOD.ZS.UN","","","","","","","","","","","","","","","12.9137174143836","10.4892910387518","9.71876767258313","10.6129293043753","10.9900943774874","10.8793359480126","","","","","","","","","","","","","","","","","12.6114143430663","12.1305901875563","12.7235646057659","13.6696131885817","12.5022859910576","13.2232411158089","13.3714477766762","13.4655535389835","12.0713168206154","10.644025832301","11.6842670655686","12.1917395594211","11.3047216275763","12.2140843598524","11.8346611519621","14.9221902880685","13.7198597744296","12.5201951837112","12.5724208050077","12.1844891412046","13.5793517558596","14.3548385382489","13.305396579792","12.5888141642385","14.9947516337287","14.7542637758557","12.988340086084","12.1761458666779","12.1393098394871","",
"Trinidad and Tobago","TTO","Food imports (% of merchandise imports)","TM.VAL.FOOD.ZS.UN","","","","","","","","","11.67685937485","12.4326234138584","11.2552549265963","10.0649061739191","10.1733275636556","11.8442531818492","7.62396564041156","10.0642877719686","7.63138186513829","9.97998075344622","11.1110635445812","12.787054524451","11.0717078493583","12.8812487677027","11.8357538418568","17.3689436709581","22.1101076464891","22.8925571813265","17.5452941159783","21.719215859319","","","","15.4268298753991","17.2128794686169","14.6012994136879","19.2990386485313","15.6750276292825","13.5352231802612","10.4582157763617","11.3004752890962","11.2993881152495","8.31345695056","8.82664180779782","8.78770409610056","9.47884293346955","8.64333755902926","9.02544870727253","7.78150725208839","8.08554500230568","8.25760281137916","10.0633755808507","11.192027272759","9.13435528002369","8.67397714479942","8.36512028431486","9.56644767668871","11.4907174522386","12.0582832847022","13.9739407606226","12.6009337081363","15.4074460924251","18.7581041176132","17.7110990236331","20.5709524334505","13.600777673733","16.4402501115698","",
"Tunisia","TUN","Food imports (% of merchandise imports)","TM.VAL.FOOD.ZS.UN","","","25.0898504762515","21.2571774394449","18.6436547250594","16.2044175155589","19.7453670242565","27.2966148187436","23.69452199071","25.4278891245241","27.8608396739673","22.7986534547613","20.7130265158103","20.9339418585787","20.6930845603377","18.715668803445","13.5557420617186","13.4906190755108","13.4735592045809","14.7227401343564","13.6840965612013","14.2664219194109","11.6377318178532","15.8514767281234","15.7481855394036","14.0958530210496","14.3756763108057","11.9277032730519","","","10.6283197337028","7.99193230683415","8.30882582709448","8.31175214901461","9.82130867176509","12.5414040804603","9.6636528718994","10.8034564728673","10.3023495465159","8.29874145241983","8.24182512058847","8.32658983619424","10.209303077641","8.3989545199664","8.61546611283753","8.45575733032845","8.20484602367602","9.80534950923463","10.2066048045346","8.55539572627322","9.35129741435547","11.3213837770121","9.06700335464711","10.6275600954922","9.70314700126179","11.1782262761405","11.1407487499273","11.0509034625033","10.4735011534641","10.5084628169452","13.1628757149994","12.0513731767034","12.7608432391714","13.3879850452307","11.503005195086","",
"Turkiye","TUR","Food imports (% of merchandise imports)","TM.VAL.FOOD.ZS.UN","","","12.7747837866833","13.8169579895431","6.77456909173478","5.97685406416812","4.26360994883262","1.45301589564307","0.872249451672279","3.16723780955195","7.6313481796965","2.01446400453109","2.03324153897883","2.27033456250145","9.78318892080306","7.42924543630787","2.83382615859954","1.32487891191428","1.37514213772626","1.77091120147575","3.50438149836299","2.77030906854316","2.60785896734055","1.83780351085629","5.72668207191192","5.24082307057178","4.9369605708467","5.18794080837767","","7.96344242647596","8.32096510813665","6.05089157604798","5.95271409337351","5.62602862381084","4.95667186405414","6.99518786543737","6.47763124993798","5.45234933703433","5.03403487541503","5.00953757314176","3.92945354980633","3.59130627299828","3.71146330712161","4.02567762300612","3.16762691230328","2.81249281753769","2.49769750122496","3.03856981711862","4.21006218597173","4.33377158597111","3.99512236240813","4.4231678627251","4.40501167048219","4.90097457080928","5.7238882018084","5.80119499346178","6.01730834595265","5.89323990944807","6.0896624227992","6.83311029375475","6.7165834890423","6.42706260735525","6.31093067974344","6.54790608311516","6.21498601848316","",
"Tuvalu","TUV","Food imports (% of merchandise imports)","TM.VAL.FOOD.ZS.UN","","","","","","","","","","","","","","","","","","39.0150895958314","44.1958695417874","49.5191319864613","37.5816037271408","35.1030375739443","27.1739880958252","","","29.8713040974868","","","","","","","","","","","","33.754448424994","27.8338156303306","31.5902308734993","","24.0716980927788","24.8797169728877","","29.8184452187741","30.6955092017274","25.2247455936298","","21.5401842889413","","","","","","","","","","","","","","","","","",
"Tanzania","TZA","Food imports (% of merchandise imports)","TM.VAL.FOOD.ZS.UN","","","","","","","","","","","","","","","","","11.3820311942124","11.2277596597058","7.56356293706745","4.93123554373679","13.3315460301814","6.65653652693838","","","","","","14.7729846021206","","","","","","","","10.0403202653785","15.5719594343971","16.8348566748","19.937891690888","16.2380974034151","15.5588556999273","15.1880359151488","13.8026962658223","13.5291591939109","14.9662328717895","9.59258046940123","12.0642862545435","11.7292567694593","7.79151822390501","8.92913287798347","9.9648017351581","9.9102715270839","8.83794855959315","7.85585881807329","9.46755789603786","5.62720806105769","10.7607531611547","10.2785536416025","7.24022427153078","5.70821959493459","8.17579371598609","8.49486214916324","7.20749292124296","8.82090581410317","9.1943422547416","",
"Uganda","UGA","Food imports (% of merchandise imports)","TM.VAL.FOOD.ZS.UN","","","","","","","","","","","","","","","","","7.87623268431885","","","","","","","","","","","","","","","","","","15.8914127213221","15.7945555448167","14.4215671968689","21.151206340745","17.3574711236088","14.0154870277892","14.0580567298868","12.2267192293843","14.0222059999308","16.2100755983485","16.2770402261925","15.9345491998594","13.6065147035144","12.4919847554131","12.9713220673364","12.4424607115575","12.4094134644584","13.4632530339196","10.7911567774461","11.4544325364689","13.5656937262835","12.1359119714902","13.3347066603439","14.9376122057273","11.7987806111255","10.7224972762183","11.5039206906798","14.1830663509934","13.4894669922506","10.6550373917887","10.735405652596","",
"Ukraine","UKR","Food imports (% of merchandise imports)","TM.VAL.FOOD.ZS.UN","","","","","","","","","","","","","","","","","","","","","","","","","","","","","","","","","","","","","7.86525661863351","5.06467442573012","6.9727333256332","7.42371009963201","6.32036659137521","6.88101175311892","6.38222169580749","9.25788288072261","6.39620762389552","7.1885143340303","6.77268139416797","6.54447968937537","7.29505067988178","10.5214421433977","9.19763165002464","7.3976313922424","8.53462939059202","10.2777625101631","10.7567632962929","9.00143798378484","9.61564201866799","8.41159975644233","8.57439699746601","9.17134077552349","11.786854832677","10.5646477878813","10.482435741953","10.6179504986024","10.4875078767575","",
"Upper middle income","UMC","Food imports (% of merchandise imports)","TM.VAL.FOOD.ZS.UN","","","","","","","","","","","","","","","","","","","","","","","","","9.76549060420606","6.89768624665852","7.10209084366656","8.2687630533341","","","","","6.72253513588478","5.40667696225699","6.36839406699259","7.47543671366484","7.58408485558711","6.91420701006739","6.73512982488428","6.51899226193923","5.77119530133874","5.86813298967829","5.73191827737234","6.02378179610667","5.76881167385709","5.14706982271025","4.81758846163385","5.6283743910276","6.02851456303642","6.42404243766282","6.10645967831191","6.3143473086838","6.41571131360228","6.76599863566402","7.0247884956586","7.51236183650602","8.09846576507821","7.80337730961296","7.2779675213127","7.81444912665679","9.00183735897275","8.6671511463978","8.64513232381212","8.6833058543404","8.20654243575346","",
"Uruguay","URY","Food imports (% of merchandise imports)","TM.VAL.FOOD.ZS.UN","","","","","","","","","","","12.6797014129278","12.3744509460409","13.5383484249832","","9.25657427383001","8.07782735012984","6.43950632365876","6.24953902556074","6.63726454217029","9.99481472981415","7.86669271701452","6.74586066789757","6.01915220863388","8.38855774201567","9.15538705858428","7.00231298326135","9.03382647441343","7.88744814891413","","","","","","8.18176239223718","10.8945609983774","10.4139064302812","10.9256211479603","10.4661485853841","10.6828528082881","10.9398698806312","11.4914141305491","11.4433598013525","14.4788062981177","12.6263890767193","8.6151477718477","8.09452205600954","8.08122347321676","8.66471645032792","7.94061636829682","10.103007816264","9.51547913036494","10.8806172108702","9.37248047872714","11.2810220569785","11.0775467750411","12.8445249451415","13.2998119277325","13.3150273623055","14.583805102745","14.4783660140651","15.9769243677011","14.1263440437836","13.1851223686736","15.6960864594616","14.0505307821022","",
"United States","USA","Food imports (% of merchandise imports)","TM.VAL.FOOD.ZS.UN","","","23.5529412252051","23.417680770982","22.2839570188224","19.6109606737163","18.7417870407214","18.2047284590419","16.9121852230896","15.270191176698","16.124107249655","14.5383669197079","13.6801349173059","13.7576801708969","11.1839990047221","10.8350449084436","10.1802974719302","9.92821648135698","9.62169603055356","9.17929511957847","8.21976083743851","7.70980087623955","7.86553893007574","7.84581865189515","7.17184949901978","7.03205406638735","7.14664696671624","6.48048006886337","","5.71130962138627","5.80746640047511","5.91463736972724","5.72090127904871","5.32643627498304","5.03528231040926","4.77976969314125","4.92434364605042","4.98481660002539","4.88207534288116","4.59167749164559","3.92515759512508","4.24520882218111","4.59614092906046","4.66677652520533","4.37188328255649","4.20217607983639","4.18360678451427","4.34641191135511","4.39689596912854","5.43239852842352","4.94657479628989","5.03802461711288","5.01869120640454","5.27132629224783","5.52276587352629","5.83172132728094","6.1193049372905","6.08834023504952","5.95676257518906","6.18022472683816","6.77430095157312","6.61168444273988","6.63381888216102","6.78268948296484","6.93248541682915","",
"Uzbekistan","UZB","Food imports (% of merchandise imports)","TM.VAL.FOOD.ZS.UN","","","","","","","","","","","","","","","","","","","","","","","","","","","","","","","","","","","","","","","","","","","","","","","","","","","","","","","","","","10.7797032514125","9.43829651977165","9.26005463278496","11.224393741988","12.8737345161124","14.3081736536072","11.4447498383301","12.4465276916948","",
"St. Vincent and the Grenadines","VCT","Food imports (% of merchandise imports)","TM.VAL.FOOD.ZS.UN","","","","","","","","","","","","","","","","","37.2995773848321","","","","35.2023096949365","","","","","","","","","","","","","25.4424847720446","22.6585684349974","22.5120829318685","","25.3913974754997","25.3520482386391","22.9916244077063","26.6625174539928","23.1463744513353","24.8659769611271","21.6007028653541","22.0137337246888","21.5207948445723","20.2218299763957","21.7644007211528","23.2033295732613","23.5165770244039","22.1561763468947","24.1796779889564","24.6543010748447","25.1922749327935","26.1232580394952","27.982251061585","27.2177974970463","28.0694383839329","26.2867992398116","28.4013681722224","29.0965688674339","28.213062661176","27.2558204242199","25.9960868086502","","",
"Venezuela, RB","VEN","Food imports (% of merchandise imports)","TM.VAL.FOOD.ZS.UN","","","16.1137355091855","14.8978857488796","14.3243312373181","12.2427755901261","11.8547895170071","12.660981596184","11.9590852377297","11.3015931051964","10.4039729765608","9.66568386610342","9.44982005529189","13.2503727479835","11.9766796719088","12.2316876772386","11.5755274666705","11.9412903223879","11.7656833595306","12.2377849216237","14.4787957629893","16.862259758417","14.0448280484306","20.0752921307684","16.4461827600595","12.8837847641326","9.37362042611309","10.7690790350677","","","11.2023311843078","10.3679083396533","9.94631165321007","11.4470125752599","13.3225735906743","14.2903012388924","15.5756625071921","10.935405583505","12.1841835478373","12.7401157388712","11.6864214244932","11.4976792259446","12.5944281399709","17.2704154767581","14.8214597867624","9.92688905654486","7.52054635950129","7.11654308438549","16.2330483069731","16.1662641015519","15.4737711461158","15.8733375853063","15.6371511606493","18.4102886870736","","","","","","","","","","","","",
"British Virgin Islands","VGB","Food imports (% of merchandise imports)","TM.VAL.FOOD.ZS.UN","","","","","","","","","","","","","","","","","","","","","","","","","","","","","","","","","","","","","","","","","","","","","","","","","","","","","","","","","","","","","","","","","","",
"Virgin Islands (U.S.)","VIR","Food imports (% of merchandise imports)","TM.VAL.FOOD.ZS.UN","","","","","","","","","","","11.5579516857283","8.03672092305859","8.03985025336027","6.65448792786447","","","","31.6392863776496","11.3136222983766","","","","","","","","","","","","","","","","","","","","","","","","","","","","","","","","","","","","","","","","","","","","","","","",
"Viet Nam","VNM","Food imports (% of merchandise imports)","TM.VAL.FOOD.ZS.UN","","","","","","","","","","","","","","","","","","","","","","","","","","","","","","","","","","","","","","4.94704678116554","5.11401561376527","5.86925344085312","5.20525400523697","6.26144090094189","6.16751147853204","6.2187912988121","5.87801958279415","6.29410751798666","6.00349602680757","6.25911404379391","6.74434136699477","7.86405541423793","8.58787727006612","8.47397462426879","8.32580424109958","8.25761165876528","8.5678167339011","8.41699152531486","8.73754482079233","8.01962000384069","7.92785051617717","7.53345590140778","7.76048234226552","8.32561178499203","8.50025282921525","8.79902680198845","","",
"Vanuatu","VUT","Food imports (% of merchandise imports)","TM.VAL.FOOD.ZS.UN","","","","","","","","","","","29.0870376066691","28.7962549882643","24.3934614200425","29.9502073423022","30.2199497983873","24.9475753078995","","","","","29.5055184969162","29.6749613074073","26.5450191910027","25.8263320439721","31.1874105011029","","","","","","","","","21.4260944179552","","","","","","","21.8645297936778","","","","","","21.5427001653289","21.3246311635505","","20.2203106759438","23.1701177433376","24.9641300838347","","","","","","","","","","","","","","",
"World","WLD","Food imports (% of merchandise imports)","TM.VAL.FOOD.ZS.UN","","","20.5548545554978","19.9273252170771","19.1414000269997","18.5437968533142","18.5482009023527","17.5815738264078","16.5501129626787","15.6525745937337","15.3492401034722","15.1101289570721","14.5729773450392","15.0567577082978","13.8143691820746","14.1681365178224","12.7429817964012","12.8479425124621","12.3813887623449","11.409286793073","10.7959312648743","10.7174834770096","10.5848852472936","11.041400928506","10.4977209640703","9.53151210500982","9.87519787384497","9.69732119862025","","","8.64576975418401","8.97109031410414","8.61860452417646","8.23482270789867","8.46870284749425","8.44446406087757","8.60370809537101","8.02559453441999","8.1562331118716","7.91069659752167","6.97022298654709","7.28479326761065","7.41077694948737","7.38678558357176","6.88342828550597","6.49293627731081","6.18025962371378","6.52887046780171","6.82408144172209","7.7986139576225","7.38902968424643","7.54588985004038","7.523244280453","7.77878953371703","7.95855435189866","8.37007312542757","8.69992297118235","8.51918868421009","8.11300173933616","8.27784147893239","9.21387058302012","8.5669294634162","8.28884741450061","8.68451839742486","8.88847852943638","",
"Samoa","WSM","Food imports (% of merchandise imports)","TM.VAL.FOOD.ZS.UN","","","35.3804439461617","38.7466880119425","33.8099476247696","36.3712065167281","49.7923442701321","39.9371430513874","40.9432388242117","33.3929670662263","28.9623604524776","33.3171953466609","31.7321785264639","31.247130940489","38.3029542636714","34.5956897912367","37.1404942278313","30.0910868779162","28.6577044683525","23.9402447355609","24.8340750866872","21.1705717835238","25.1234016595608","23.5185560453462","","","","","","","","","","","","","","","","","","24.3801214633579","27.0144995717726","27.4020243465716","23.3250324956919","21.3245974831869","19.787063686107","24.8217760130705","25.5186736742683","30.086888735751","24.5356356695866","26.0814981608283","25.7461504940015","27.2908209921245","24.2726418161721","26.8523650830733","28.2215968865703","27.7720216869181","28.4323650940567","25.4713065429824","","30.9077311642681","29.503582327412","30.085694029991","29.6321037402232","",
"Kosovo","XKX","Food imports (% of merchandise imports)","TM.VAL.FOOD.ZS.UN","","","","","","","","","","","","","","","","","","","","","","","","","","","","","","","","","","","","","","","","","","","","","","","","","","","","","","","","","","","","","","","","","","",
"Yemen, Rep.","YEM","Food imports (% of merchandise imports)","TM.VAL.FOOD.ZS.UN","","","","","","","","","","","","","","","","45.4874927357924","","","","","","","","","","","","","","","","","","","","","","","","","","33.1452402706601","28.6559459021299","27.67925478201","28.4809065829111","28.1777042900333","24.8080669205914","24.97276608869","24.6972384380824","27.8316592539017","30.7352639542148","31.524145414549","32.476138823219","28.6187727613227","39.7165489445308","45.9041257732447","","","40.1803513582152","39.0913660243153","","","","","","",
"South Africa","ZAF","Food imports (% of merchandise imports)","TM.VAL.FOOD.ZS.UN","","","","","","","","","","","","","","","5.3957257677202","4.92824535291276","4.8472765872224","6.33922552803627","4.74728679120625","4.93968124773714","2.91542594444797","3.52503047254676","3.48101433124095","6.52383568719764","8.03747994085779","6.10895246519328","","","","","","","8.40312116158197","6.17220906343409","6.34422583091298","6.6828072955597","6.39838885649561","5.54856215146623","5.24007066174769","5.42150529350399","4.68584418898625","4.35460037690876","4.97409042536012","4.97803316819058","4.96272133282915","4.45358919883243","4.36740647169694","5.16879967398032","5.25924597498068","6.52906308437715","6.6273345109819","6.84792697409148","7.15985203129744","6.55170801065085","6.29231522968051","6.97820259788148","8.35925884365795","7.87838407329725","7.07452786511397","7.23422341886668","8.4019012309167","7.20423265995072","6.3766274385877","6.32333801823275","7.1738390562282","",
"Zambia","ZMB","Food imports (% of merchandise imports)","TM.VAL.FOOD.ZS.UN","","","","","","","10.3170786057449","8.40968839814127","","","10.5971463393379","13.5725145225099","10.5233320674062","8.55010762044082","10.2088628923492","7.7616628330573","8.16428722800222","7.59268451644104","8.11905045820965","8.57487419739351","","","","","","","","","","","","","","","","9.85116249791585","10.9627207508765","8.50555325520772","11.7539342877294","10.0339731917449","7.71875385705693","8.90169458861382","10.9170489712646","12.8091114362065","6.99595611051906","6.27914029941864","7.74466326880398","5.41864513915649","5.60473308012592","6.55122864762436","4.72346413311449","5.05053377640445","5.59482407006915","4.22365420871318","4.67353135038696","6.02146654938936","6.10621751889602","6.11675887008898","5.27627154479216","7.26167497859506","8.713730995012","8.98696065551374","7.76492105778001","6.8602251801721","7.83076143578051","",
"Zimbabwe","ZWE","Food imports (% of merchandise imports)","TM.VAL.FOOD.ZS.UN","","","","","","","","","","","","","","","","","","","","","","","","","8.11936921647754","4.95904460944504","3.27457652984667","","","","3.68033099090342","2.23416861955625","17.7705023463193","11.1475739370192","4.82702545947947","5.97608929601991","10.3422047633978","7.15098253129825","","8.79256732538273","7.69021677634361","5.14226579458636","13.200800830231","21.0100852476005","23.6762840047402","12.795442383618","20.8914909544788","11.3778547601645","19.4631724242983","13.2103713800052","17.9116945404625","14.6916203761833","18.3036843550772","14.5797406157871","15.361153489387","17.0111458047622","19.9439317639588","14.8943839254836","11.8875690469618","8.06018754559146","18.254024759494","14.369808426375","13.3173235502424","13.8194390564742","18.9550135572266","",
